07:28:10 [INFO] core.queue_model — new_pallet id=1
07:28:20 [INFO] core.queue_model — hu_added hu=2000000000000000000 pallet=1 origin=UNK
07:28:24 [INFO] core.queue_model — remove_hu hu=2000000000000000000 pallet=1
07:28:34 [INFO] core.queue_model — hu_added hu=TH0000297235 pallet=1 origin=THA
07:28:37 [INFO] core.queue_model — queue_worker_started dynamic_print_mode
07:28:37 [INFO] core.sap_client — sap_connected system=LUP user=LOPEZHJC
07:28:37 [INFO] core.queue_model — queue_worker_sap_connected
07:28:37 [INFO] core.queue_model — get_next_pending — skipping cancelled hu=2000000000000000000
07:28:37 [INFO] core.sap_client — setup_phase1_start
07:28:39 [INFO] core.sap_client — tx_opened code=/nZMOVEINBHU current_tx=ZMOVEINBHU
07:28:39 [INFO] core.sap_client — phase1_ready — ctxtP_HU confirmed
07:28:41 [WARNING] core.sap_client — hu_phase1_error_alv hu=TH0000297235 msg='Deficit of BA Unrestricted-use 1.00 NR : 0VO4177 MX03 Z322 0107155706'
07:28:42 [WARNING] core.queue_model — hu_skipped_f2 hu=TH0000297235 reason=Deficit of BA Unrestricted-use 1.00 NR : 0VO4177 MX03 Z322 0107155706
07:28:42 [INFO] core.queue_model — pallet_boundary single_hu pallet=1 accumulated=[1]
07:28:42 [INFO] core.queue_model — flush_single_hu_pallets pallets=[1] hu_codes=['TH0000297235']
07:28:46 [INFO] core.sap_client — tx_opened code=/nSP01 current_tx=SP01
07:28:49 [INFO] core.sap_client — sp01_scan start scroll_max=0
07:28:49 [INFO] core.sap_client — sp01_scan_done pending=0 completed=0 hu_filter=['TH0000297235']
07:28:49 [INFO] core.sap_client — sp01_attempt=0 pending=0 completed=0 expected=0
07:28:49 [WARNING] core.sap_client — sp01_no_rows_found filter=['TH0000297235'] filas=[row=4 status='Compl.' title='CN-CON-003_TH0000297311_20260408172545' | row=6 status='Compl.' title='CN-CON-003_00000000002972200143_20250319112026' | row=8 status='Compl.' title='CN-CON-003_00000000002972200143_20250319112026']
07:28:49 [INFO] core.sap_client — sp01_global_done result={'status': 'error', 'message': 'No se encontraron spools pendientes', 'marked': 0}
07:28:49 [INFO] core.queue_model — waiting_for_print_watcher...
07:28:49 [INFO] core.queue_model — print_watcher_finished confirmed=0
07:28:49 [INFO] core.queue_model — sp01_flush_result={'status': 'error', 'message': 'No se encontraron spools pendientes', 'marked': 0} print_dialogs_confirmed=0
07:28:49 [INFO] core.queue_model — queue_worker_stopped
07:28:49 [INFO] core.queue_model — queue_worker_stop_requested
07:29:49 [INFO] core.queue_model — new_pallet id=1
07:30:02 [INFO] core.queue_model — hu_added hu=290000000000000 pallet=1 origin=ITA
07:30:05 [INFO] core.queue_model — remove_hu hu=290000000000000 pallet=1
07:31:29 [INFO] core.queue_model — new_pallet id=1
07:31:36 [INFO] core.queue_model — hu_added hu=TH0000297235 pallet=1 origin=THA
07:31:40 [INFO] core.queue_model — queue_worker_started dynamic_print_mode
07:31:40 [INFO] core.sap_client — sap_connected system=LUP user=LOPEZHJC
07:31:40 [INFO] core.queue_model — queue_worker_sap_connected
07:31:40 [INFO] core.sap_client — setup_phase1_start
07:31:42 [INFO] core.sap_client — tx_opened code=/nZMOVEINBHU current_tx=ZMOVEINBHU
07:31:42 [INFO] core.sap_client — phase1_ready — ctxtP_HU confirmed
07:31:43 [WARNING] core.sap_client — hu_phase1_error_alv hu=TH0000297235 msg='Deficit of BA Unrestricted-use 1.00 NR : 0VO4177 MX03 Z322 0107155706'
07:31:44 [WARNING] core.queue_model — hu_skipped_f2 hu=TH0000297235 reason=Deficit of BA Unrestricted-use 1.00 NR : 0VO4177 MX03 Z322 0107155706
07:31:44 [INFO] core.queue_model — pallet_boundary single_hu pallet=1 accumulated=[1]
07:31:44 [INFO] core.queue_model — flush_single_hu_pallets pallets=[1] hu_codes=['TH0000297235']
07:31:49 [INFO] core.sap_client — tx_opened code=/nSP01 current_tx=SP01
07:31:51 [INFO] core.sap_client — sp01_scan start scroll_max=0
07:31:52 [INFO] core.sap_client — sp01_scan_done pending=0 completed=0 hu_filter=['TH0000297235']
07:31:52 [INFO] core.sap_client — sp01_attempt=0 pending=0 completed=0 expected=0
07:31:52 [WARNING] core.sap_client — sp01_no_rows_found filter=['TH0000297235'] filas=[row=4 status='Compl.' title='CN-CON-003_TH0000297311_20260408172545' | row=6 status='Compl.' title='CN-CON-003_00000000002972200143_20250319112026' | row=8 status='Compl.' title='CN-CON-003_00000000002972200143_20250319112026']
07:31:52 [INFO] core.sap_client — sp01_global_done result={'status': 'error', 'message': 'No se encontraron spools pendientes', 'marked': 0}
07:31:52 [INFO] core.queue_model — waiting_for_print_watcher...
07:31:52 [INFO] core.queue_model — print_watcher_finished confirmed=0
07:31:52 [INFO] core.queue_model — sp01_flush_result={'status': 'error', 'message': 'No se encontraron spools pendientes', 'marked': 0} print_dialogs_confirmed=0
07:31:52 [INFO] core.queue_model — queue_worker_stopped
07:31:52 [INFO] core.queue_model — queue_worker_stop_requested
07:37:43 [INFO] core.queue_model — hu_added hu=C1016546216 pallet=2 origin=BRA/ATL
07:37:49 [WARNING] core.queue_model — hu_duplicate_scan hu=C1016546216
07:37:51 [INFO] core.queue_model — queue_worker_started dynamic_print_mode
07:37:51 [INFO] core.sap_client — sap_connected system=LUP user=LOPEZHJC
07:37:51 [INFO] core.queue_model — queue_worker_sap_connected
07:37:51 [INFO] core.sap_client — setup_phase1_start
07:37:59 [INFO] core.sap_client — tx_opened code=/nZMOVEINBHU current_tx=ZMOVEINBHU
07:37:59 [INFO] core.sap_client — phase1_ready — ctxtP_HU confirmed
07:38:04 [INFO] core.sap_client — hu_phase1_duplicate hu=C1016546216
07:38:04 [INFO] core.sap_client — setup_phase2_start
07:38:11 [INFO] core.sap_client — tx_opened code=/nZMMTIJSEP current_tx=ZMMTIJSEP
07:38:11 [INFO] core.sap_client — phase2_ready — txtGV_HU confirmed
07:38:15 [INFO] core.sap_client — hu_phase2_ok hu=C1016546216 duration_ms=3875 phase2_wait=3.5
07:38:15 [INFO] core.queue_model — pallet_boundary single_hu pallet=2 accumulated=[2]
07:38:15 [INFO] core.queue_model — flush_single_hu_pallets pallets=[2] hu_codes=['C1016546216']
07:38:20 [INFO] core.sap_client — tx_opened code=/nSP01 current_tx=SP01
07:38:22 [INFO] core.sap_client — sp01_scan start scroll_max=0
07:38:23 [INFO] core.sap_client — sp01_scan_done pending=0 completed=0 hu_filter=['C1016546216']
07:38:23 [INFO] core.sap_client — sp01_attempt=0 pending=0 completed=0 expected=0
07:38:23 [WARNING] core.sap_client — sp01_no_rows_found filter=['C1016546216'] filas=[row=4 status='Compl.' title='CN-CON-003_TH0000297311_20260408172545' | row=6 status='Compl.' title='CN-CON-003_00000000002972200143_20250319112026' | row=8 status='Compl.' title='CN-CON-003_00000000002972200143_20250319112026']
07:38:23 [INFO] core.sap_client — sp01_global_done result={'status': 'error', 'message': 'No se encontraron spools pendientes', 'marked': 0}
07:38:23 [INFO] core.queue_model — waiting_for_print_watcher...
07:38:23 [INFO] core.queue_model — print_watcher_finished confirmed=0
07:38:23 [INFO] core.queue_model — sp01_flush_result={'status': 'error', 'message': 'No se encontraron spools pendientes', 'marked': 0} print_dialogs_confirmed=0
07:38:23 [INFO] core.queue_model — queue_worker_stopped
07:38:23 [INFO] core.queue_model — queue_worker_stop_requested
07:54:47 [INFO] core.queue_model — new_pallet id=1
07:54:52 [INFO] core.queue_model — hu_added hu=TH0000297235 pallet=1 origin=THA
07:54:58 [INFO] core.queue_model — hu_added hu=C1016546216 pallet=2 origin=BRA/ATL
07:55:00 [INFO] core.queue_model — queue_worker_started dynamic_print_mode
07:55:00 [INFO] core.sap_client — sap_connected system=LUP user=LOPEZHJC
07:55:00 [INFO] core.queue_model — queue_worker_sap_connected
07:55:00 [INFO] core.sap_client — setup_phase1_start
07:55:03 [INFO] core.sap_client — tx_opened code=/nZMOVEINBHU current_tx=ZMOVEINBHU
07:55:03 [INFO] core.sap_client — phase1_ready — ctxtP_HU confirmed
07:55:05 [WARNING] core.sap_client — hu_phase1_error_alv hu=TH0000297235 msg='Deficit of BA Unrestricted-use 1.00 NR : 0VO4177 MX03 Z322 0107155706'
07:55:06 [WARNING] core.queue_model — hu_skipped_f2 hu=TH0000297235 reason=Deficit of BA Unrestricted-use 1.00 NR : 0VO4177 MX03 Z322 0107155706
07:55:06 [INFO] core.queue_model — pallet_boundary single_hu pallet=1 accumulated=[1]
07:55:10 [WARNING] core.sap_client — hu_phase1_not_found hu=C1016546216 popup_title='Information' popup_text='The inserted HU does not exist'
07:55:10 [INFO] core.sap_client — setup_phase2_start
07:55:18 [INFO] core.sap_client — tx_opened code=/nZMMTIJSEP current_tx=ZMMTIJSEP
07:55:18 [INFO] core.sap_client — phase2_ready — txtGV_HU confirmed
07:55:22 [INFO] core.sap_client — hu_phase2_ok hu=C1016546216 duration_ms=3756 phase2_wait=3.5
07:55:22 [INFO] core.queue_model — pallet_boundary single_hu pallet=2 accumulated=[1, 2]
07:55:22 [INFO] core.queue_model — flush_single_hu_pallets pallets=[1, 2] hu_codes=['TH0000297235', 'C1016546216']
07:55:26 [INFO] core.sap_client — tx_opened code=/nSP01 current_tx=SP01
07:55:29 [INFO] core.sap_client — sp01_scan start scroll_max=0
07:55:29 [INFO] core.sap_client — sp01_scan_done pending=0 completed=0 hu_filter=['TH0000297235', 'C1016546216']
07:55:29 [INFO] core.sap_client — sp01_attempt=0 pending=0 completed=0 expected=0
07:55:29 [WARNING] core.sap_client — sp01_no_rows_found filter=['TH0000297235', 'C1016546216'] filas=[row=4 status='Compl.' title='CN-CON-003_TH0000297311_20260408172545' | row=6 status='Compl.' title='CN-CON-003_00000000002972200143_20250319112026' | row=8 status='Compl.' title='CN-CON-003_00000000002972200143_20250319112026']
07:55:29 [INFO] core.sap_client — sp01_global_done result={'status': 'error', 'message': 'No se encontraron spools pendientes', 'marked': 0}
07:55:29 [INFO] core.queue_model — waiting_for_print_watcher...
07:55:29 [INFO] core.queue_model — print_watcher_finished confirmed=0
07:55:29 [INFO] core.queue_model — sp01_flush_result={'status': 'error', 'message': 'No se encontraron spools pendientes', 'marked': 0} print_dialogs_confirmed=0
07:55:29 [INFO] core.queue_model — queue_worker_stopped
07:55:29 [INFO] core.queue_model — queue_worker_stop_requested
07:56:43 [INFO] core.queue_model — hu_added hu=2972200143 pallet=3 origin=ITA
07:56:45 [INFO] core.queue_model — queue_worker_started dynamic_print_mode
07:56:45 [INFO] core.sap_client — sap_connected system=LUP user=LOPEZHJC
07:56:45 [INFO] core.queue_model — queue_worker_sap_connected
07:56:45 [INFO] core.sap_client — setup_phase1_start
07:56:53 [INFO] core.sap_client — tx_opened code=/nZMOVEINBHU current_tx=ZMOVEINBHU
07:56:53 [INFO] core.sap_client — phase1_ready — ctxtP_HU confirmed
07:56:58 [WARNING] core.sap_client — hu_phase1_not_found hu=2972200143 popup_title='Information' popup_text='The inserted HU does not contain positions'
07:56:58 [INFO] core.sap_client — setup_phase2_start
07:57:07 [INFO] core.sap_client — tx_opened code=/nZMMTIJSEP current_tx=ZMMTIJSEP
07:57:07 [INFO] core.sap_client — phase2_ready — txtGV_HU confirmed
07:57:11 [INFO] core.sap_client — hu_phase2_ok hu=2972200143 duration_ms=4350 phase2_wait=3.5
07:57:11 [INFO] core.queue_model — pallet_boundary single_hu pallet=3 accumulated=[3]
07:57:11 [INFO] core.queue_model — flush_single_hu_pallets pallets=[3] hu_codes=['2972200143']
07:57:16 [INFO] core.sap_client — tx_opened code=/nSP01 current_tx=SP01
07:57:18 [INFO] core.sap_client — sp01_scan start scroll_max=0
07:57:18 [INFO] core.sap_client — sp01_scan_done pending=1 completed=0 hu_filter=['2972200143']
07:57:18 [INFO] core.sap_client — sp01_attempt=0 pending=1 completed=0 expected=0
07:57:19 [INFO] core.sap_client — sp01_marked scroll=0 row=4 title=CN-CON-003_00000000002972200143_20250319112026
07:57:19 [INFO] core.sap_client — sp01_mark_done total_marked=1
07:57:20 [INFO] core.print_watcher — print_watcher_started idle_timeout=12.0s expected=1
07:57:21 [INFO] core.sap_client — sp01_print_confirmed via=btn[13] marked=1
07:57:22 [INFO] core.sap_client — sp01_global_done result={'status': 'ok', 'message': 'SP01 OK — 1 spool(s) impreso(s)', 'marked': 1}
07:57:22 [INFO] core.queue_model — waiting_for_print_watcher...
07:57:23 [INFO] core.print_watcher — method1_BM_CLICK ok_hwnd=19595518
07:57:23 [INFO] core.print_watcher — confirm_success method=BM_CLICK hwnd=3607990
07:57:23 [INFO] core.print_watcher — print_dialog_confirmed count=1
07:57:23 [INFO] core.print_watcher — print_watcher_all_confirmed expected=1 confirmed=1
07:57:23 [INFO] core.print_watcher — print_watcher_stopped confirmed=1
07:57:23 [INFO] core.queue_model — print_watcher_finished confirmed=1
07:57:23 [INFO] core.queue_model — sp01_flush_result={'status': 'ok', 'message': 'SP01 OK — 1 spool(s) impreso(s)', 'marked': 1} print_dialogs_confirmed=1
07:57:23 [INFO] core.queue_model — queue_worker_stopped
07:57:23 [INFO] core.queue_model — queue_worker_stop_requested
08:03:32 [INFO] core.queue_model — new_pallet id=1
08:03:38 [INFO] core.queue_model — hu_added hu=C1016546216 pallet=1 origin=BRA/ATL
08:03:47 [INFO] core.queue_model — hu_added hu=2972200143 pallet=2 origin=ITA
08:03:50 [INFO] core.queue_model — hu_added hu=TH0000297235 pallet=3 origin=THA
08:03:52 [INFO] core.queue_model — queue_worker_started dynamic_print_mode
08:03:52 [INFO] core.sap_client — sap_connected system=LUP user=LOPEZHJC
08:03:52 [INFO] core.queue_model — queue_worker_sap_connected
08:03:52 [INFO] core.sap_client — setup_phase1_start
08:04:00 [INFO] core.sap_client — tx_opened code=/nZMOVEINBHU current_tx=ZMOVEINBHU
08:04:00 [INFO] core.sap_client — phase1_ready — ctxtP_HU confirmed
08:04:04 [WARNING] core.sap_client — hu_phase1_not_found hu=C1016546216 popup_title='Information' popup_text='The inserted HU does not exist'
08:04:04 [INFO] core.sap_client — setup_phase2_start
08:04:12 [INFO] core.sap_client — tx_opened code=/nZMMTIJSEP current_tx=ZMMTIJSEP
08:04:12 [INFO] core.sap_client — phase2_ready — txtGV_HU confirmed
08:04:16 [INFO] core.sap_client — hu_phase2_ok hu=C1016546216 duration_ms=3831 phase2_wait=3.5
08:04:16 [INFO] core.queue_model — pallet_boundary single_hu pallet=1 accumulated=[1]
08:04:16 [INFO] core.sap_client — setup_phase1_start
08:04:24 [INFO] core.sap_client — tx_opened code=/nZMOVEINBHU current_tx=ZMOVEINBHU
08:04:24 [INFO] core.sap_client — phase1_ready — ctxtP_HU confirmed
08:04:29 [INFO] core.sap_client — hu_phase1_duplicate hu=2972200143 popup_title='Information' popup_text='The inserted HU does not contain positions'
08:04:29 [WARNING] core.sap_client — phase2_wrong_screen hu=2972200143 — re-navigating
08:04:29 [INFO] core.sap_client — setup_phase2_start
08:04:37 [INFO] core.sap_client — tx_opened code=/nZMMTIJSEP current_tx=ZMMTIJSEP
08:04:37 [INFO] core.sap_client — phase2_ready — txtGV_HU confirmed
08:04:41 [INFO] core.sap_client — hu_phase2_ok hu=2972200143 duration_ms=12323 phase2_wait=3.5
08:04:41 [INFO] core.queue_model — pallet_boundary single_hu pallet=2 accumulated=[1, 2]
08:04:41 [WARNING] core.sap_client — phase1_wrong_screen hu=TH0000297235 — re-navigating
08:04:41 [INFO] core.sap_client — setup_phase1_start
08:04:43 [INFO] core.sap_client — tx_opened code=/nZMOVEINBHU current_tx=ZMOVEINBHU
08:04:43 [INFO] core.sap_client — phase1_ready — ctxtP_HU confirmed
08:04:45 [WARNING] core.sap_client — hu_phase1_error_alv hu=TH0000297235 msg='Deficit of BA Unrestricted-use 1.00 NR : 0VO4177 MX03 Z322 0107155706'
08:04:46 [WARNING] core.queue_model — hu_skipped_f2 hu=TH0000297235 reason=Deficit of BA Unrestricted-use 1.00 NR : 0VO4177 MX03 Z322 0107155706
08:04:46 [INFO] core.queue_model — pallet_boundary single_hu pallet=3 accumulated=[1, 2, 3]
08:04:46 [INFO] core.queue_model — flush_single_hu_pallets pallets=[1, 2, 3] hu_codes=['C1016546216', '2972200143', 'TH0000297235']
08:04:50 [INFO] core.sap_client — tx_opened code=/nSP01 current_tx=SP01
08:04:53 [INFO] core.sap_client — sp01_scan start scroll_max=0
08:04:53 [INFO] core.sap_client — sp01_scan_done pending=1 completed=0 hu_filter=['C1016546216', '2972200143', 'TH0000297235']
08:04:53 [INFO] core.sap_client — sp01_attempt=0 pending=1 completed=0 expected=0
08:04:53 [INFO] core.sap_client — sp01_marked scroll=0 row=4 title=CN-CON-003_00000000002972200143_20250319112026
08:04:54 [INFO] core.sap_client — sp01_mark_done total_marked=1
08:04:55 [INFO] core.print_watcher — print_watcher_started idle_timeout=12.0s expected=3
08:04:55 [INFO] core.sap_client — sp01_print_confirmed via=btn[13] marked=1
08:04:56 [INFO] core.sap_client — sp01_global_done result={'status': 'ok', 'message': 'SP01 OK — 1 spool(s) impreso(s)', 'marked': 1}
08:04:56 [INFO] core.queue_model — waiting_for_print_watcher...
08:04:57 [INFO] core.print_watcher — method1_BM_CLICK ok_hwnd=7802236
08:04:58 [INFO] core.print_watcher — confirm_success method=BM_CLICK hwnd=5310964
08:04:58 [INFO] core.print_watcher — print_dialog_confirmed count=1
08:05:10 [INFO] core.print_watcher — print_watcher_idle_timeout confirmed=1
08:05:10 [INFO] core.print_watcher — print_watcher_stopped confirmed=1
08:05:10 [INFO] core.queue_model — print_watcher_finished confirmed=1
08:05:10 [INFO] core.queue_model — sp01_flush_result={'status': 'ok', 'message': 'SP01 OK — 1 spool(s) impreso(s)', 'marked': 1} print_dialogs_confirmed=1
08:05:10 [INFO] core.queue_model — queue_worker_stopped
08:05:10 [INFO] core.queue_model — queue_worker_stop_requested
08:25:27 [INFO] core.queue_model — new_pallet id=1
08:25:36 [INFO] core.queue_model — hu_added hu=TH0000297235 pallet=1 origin=THA
08:25:37 [INFO] core.queue_model — hu_added hu=C1016546216 pallet=2 origin=BRA/ATL
08:25:44 [INFO] core.queue_model — queue_worker_started dynamic_print_mode
08:25:44 [INFO] core.sap_client — sap_connected system=LUP user=LOPEZHJC
08:25:44 [INFO] core.queue_model — queue_worker_sap_connected
08:25:44 [INFO] core.sap_client — setup_phase1_start
08:25:46 [INFO] core.sap_client — tx_opened code=/nZMOVEINBHU current_tx=ZMOVEINBHU
08:25:46 [INFO] core.sap_client — phase1_ready — ctxtP_HU confirmed
08:25:48 [WARNING] core.sap_client — hu_phase1_error_alv hu=TH0000297235 msg='Deficit of BA Unrestricted-use 1.00 NR : 0VO4177 MX03 Z322 0107155706'
08:25:49 [WARNING] core.queue_model — hu_skipped_f2 hu=TH0000297235 reason=Deficit of BA Unrestricted-use 1.00 NR : 0VO4177 MX03 Z322 0107155706
08:25:49 [INFO] core.queue_model — pallet_boundary single_hu pallet=1 accumulated=[1]
08:25:53 [WARNING] core.sap_client — hu_phase1_not_found hu=C1016546216 popup_title='Information' popup_text='The inserted HU does not exist'
08:25:53 [WARNING] core.queue_model — hu_skipped_f2 hu=C1016546216 reason=HU no existe en SAP: 'The inserted HU does not exist'
08:25:53 [INFO] core.queue_model — pallet_boundary single_hu pallet=2 accumulated=[1, 2]
08:25:53 [INFO] core.queue_model — flush_single_hu_pallets pallets=[1, 2] hu_codes=['TH0000297235', 'C1016546216']
08:25:58 [INFO] core.sap_client — tx_opened code=/nSP01 current_tx=SP01
08:26:00 [INFO] core.sap_client — sp01_scan start scroll_max=0
08:26:01 [INFO] core.sap_client — sp01_scan_done pending=0 completed=0 hu_filter=['TH0000297235', 'C1016546216']
08:26:01 [INFO] core.sap_client — sp01_attempt=0 pending=0 completed=0 expected=0
08:26:01 [WARNING] core.sap_client — sp01_no_rows_found filter=['TH0000297235', 'C1016546216'] filas=[row=4 status='   -' title='CN-CON-002-00000060989217' | row=6 status='   -' title='CN-CON-002-00000060989217' | row=8 status='   -' title='CN-CON-002-00000070543620' | row=10 status='   -' title='CN-CON-002-00000060989217' | row=12 status='   -' title='CN-CON-002-00000060989217' | row=14 status='Compl.' title='CN-PUT-009-00200143295503']
08:26:01 [INFO] core.sap_client — sp01_global_done result={'status': 'error', 'message': 'No se encontraron spools pendientes', 'marked': 0}
08:26:01 [INFO] core.queue_model — waiting_for_print_watcher...
08:26:01 [INFO] core.queue_model — print_watcher_finished confirmed=0
08:26:01 [INFO] core.queue_model — sp01_flush_result={'status': 'error', 'message': 'No se encontraron spools pendientes', 'marked': 0} print_dialogs_confirmed=0
08:26:01 [INFO] core.queue_model — queue_worker_stopped
08:26:01 [INFO] core.queue_model — queue_worker_stop_requested
08:26:15 [INFO] core.queue_model — hu_added hu=TH0000268200 pallet=3 origin=THA
08:26:16 [INFO] core.queue_model — queue_worker_started dynamic_print_mode
08:26:17 [INFO] core.sap_client — sap_connected system=LUP user=LOPEZHJC
08:26:17 [INFO] core.queue_model — queue_worker_sap_connected
08:26:17 [INFO] core.sap_client — setup_phase1_start
08:26:18 [INFO] core.sap_client — tx_opened code=/nZMOVEINBHU current_tx=ZMOVEINBHU
08:26:18 [INFO] core.sap_client — phase1_ready — ctxtP_HU confirmed
08:26:20 [INFO] core.sap_client — hu_phase1_duplicate hu=TH0000268200 popup_title='Information' popup_text='The inserted HU does not contain positions'
08:26:20 [INFO] core.sap_client — setup_phase2_start
08:26:22 [INFO] core.sap_client — tx_opened code=/nZMMTIJSEP current_tx=ZMMTIJSEP
08:26:22 [INFO] core.sap_client — phase2_ready — txtGV_HU confirmed
08:26:23 [INFO] core.sap_client — hu_phase2_ok hu=TH0000268200 duration_ms=1082 phase2_wait=0.5
08:26:23 [INFO] core.queue_model — pallet_boundary single_hu pallet=3 accumulated=[3]
08:26:23 [INFO] core.queue_model — flush_single_hu_pallets pallets=[3] hu_codes=['TH0000268200']
08:26:28 [INFO] core.sap_client — tx_opened code=/nSP01 current_tx=SP01
08:26:30 [INFO] core.sap_client — sp01_scan start scroll_max=0
08:26:31 [INFO] core.sap_client — sp01_scan_done pending=1 completed=0 hu_filter=['TH0000268200']
08:26:31 [INFO] core.sap_client — sp01_attempt=0 pending=1 completed=0 expected=0
08:26:31 [INFO] core.sap_client — sp01_marked scroll=0 row=4 title=CN-CON-003_TH0000268200_20260305002245
08:26:31 [INFO] core.sap_client — sp01_mark_done total_marked=1
08:26:32 [INFO] core.print_watcher — print_watcher_started idle_timeout=12.0s expected=1
08:26:33 [INFO] core.sap_client — sp01_print_confirmed via=btn[13] marked=1
08:26:34 [INFO] core.sap_client — sp01_global_done result={'status': 'ok', 'message': 'SP01 OK — 1 spool(s) impreso(s)', 'marked': 1}
08:26:34 [INFO] core.queue_model — waiting_for_print_watcher...
08:26:44 [INFO] core.print_watcher — print_watcher_idle_timeout confirmed=0
08:26:44 [INFO] core.print_watcher — print_watcher_stopped confirmed=0
08:26:45 [INFO] core.queue_model — print_watcher_finished confirmed=0
08:26:45 [INFO] core.queue_model — sp01_flush_result={'status': 'ok', 'message': 'SP01 OK — 1 spool(s) impreso(s)', 'marked': 1} print_dialogs_confirmed=0
08:26:45 [INFO] core.queue_model — queue_worker_stopped
08:26:45 [INFO] core.queue_model — queue_worker_stop_requested
08:56:59 [INFO] core.queue_model — new_pallet id=1
08:57:17 [INFO] core.queue_model — hu_added hu=2972200143 pallet=1 origin=ITA
08:57:23 [INFO] core.queue_model — hu_added hu=TH0000268267 pallet=2 origin=THA
08:57:26 [INFO] core.queue_model — hu_added hu=TH0000268307 pallet=2 origin=THA
08:57:31 [INFO] core.queue_model — hu_added hu=T10045844701 pallet=3 origin=CNA
08:57:34 [INFO] core.queue_model — hu_added hu=T10045851229 pallet=3 origin=CNA
08:57:43 [INFO] core.queue_model — hu_added hu=2972193801 pallet=4 origin=ITA
08:57:49 [INFO] core.queue_model — queue_worker_started dynamic_print_mode
08:57:49 [INFO] core.sap_client — sap_connected system=LUP user=LOPEZHJC
08:57:49 [INFO] core.queue_model — queue_worker_sap_connected
08:57:49 [INFO] core.sap_client — setup_phase1_start
08:57:57 [INFO] core.sap_client — tx_opened code=/nZMOVEINBHU current_tx=ZMOVEINBHU
08:57:57 [INFO] core.sap_client — phase1_ready — ctxtP_HU confirmed
08:58:02 [INFO] core.sap_client — hu_phase1_duplicate hu=2972200143 popup_title='Information' popup_text='The inserted HU does not contain positions'
08:58:02 [INFO] core.sap_client — setup_phase2_start
08:58:10 [INFO] core.sap_client — tx_opened code=/nZMMTIJSEP current_tx=ZMMTIJSEP
08:58:10 [INFO] core.sap_client — phase2_ready — txtGV_HU confirmed
08:58:15 [INFO] core.sap_client — hu_phase2_ok hu=2972200143 duration_ms=4097 phase2_wait=3.5
08:58:15 [INFO] core.queue_model — pallet_boundary single_hu pallet=1 accumulated=[1]
08:58:15 [INFO] core.sap_client — setup_phase1_start
08:58:16 [INFO] core.sap_client — tx_opened code=/nZMOVEINBHU current_tx=ZMOVEINBHU
08:58:16 [INFO] core.sap_client — phase1_ready — ctxtP_HU confirmed
08:58:18 [INFO] core.sap_client — hu_phase1_duplicate hu=TH0000268267 popup_title='Information' popup_text='The inserted HU does not contain positions'
08:58:18 [WARNING] core.sap_client — phase2_wrong_screen hu=TH0000268267 — re-navigating
08:58:18 [INFO] core.sap_client — setup_phase2_start
08:58:20 [INFO] core.sap_client — tx_opened code=/nZMMTIJSEP current_tx=ZMMTIJSEP
08:58:20 [INFO] core.sap_client — phase2_ready — txtGV_HU confirmed
08:58:21 [INFO] core.sap_client — hu_phase2_ok hu=TH0000268267 duration_ms=2721 phase2_wait=0.5
08:58:21 [WARNING] core.sap_client — phase1_wrong_screen hu=TH0000268307 — re-navigating
08:58:21 [INFO] core.sap_client — setup_phase1_start
08:58:22 [INFO] core.sap_client — tx_opened code=/nZMOVEINBHU current_tx=ZMOVEINBHU
08:58:22 [INFO] core.sap_client — phase1_ready — ctxtP_HU confirmed
08:58:24 [INFO] core.sap_client — hu_phase1_duplicate hu=TH0000268307 popup_title='Information' popup_text='The inserted HU does not contain positions'
08:58:24 [WARNING] core.sap_client — phase2_wrong_screen hu=TH0000268307 — re-navigating
08:58:24 [INFO] core.sap_client — setup_phase2_start
08:58:26 [INFO] core.sap_client — tx_opened code=/nZMMTIJSEP current_tx=ZMMTIJSEP
08:58:26 [INFO] core.sap_client — phase2_ready — txtGV_HU confirmed
08:58:27 [INFO] core.sap_client — hu_phase2_ok hu=TH0000268307 duration_ms=2690 phase2_wait=0.5
08:58:27 [INFO] core.queue_model — pallet_boundary multi_hu pallet=2 count=2 hu_codes=['TH0000268267', 'TH0000268307']
08:58:28 [INFO] core.sap_client — tx_opened code=/nSP01 current_tx=SP01
08:58:30 [INFO] core.sap_client — sp01_scan start scroll_max=0
08:58:30 [INFO] core.sap_client — sp01_scan_done pending=2 completed=0 hu_filter=['TH0000268267', 'TH0000268307']
08:58:30 [INFO] core.sap_client — sp01_attempt=0 pending=2 completed=0 expected=2
08:58:31 [INFO] core.sap_client — sp01_marked scroll=0 row=4 title=CN-CON-003_TH0000268307_20260305002248
08:58:31 [INFO] core.sap_client — sp01_marked scroll=0 row=6 title=CN-CON-003_TH0000268267_20260305002242
08:58:31 [INFO] core.sap_client — sp01_mark_done total_marked=2
08:58:32 [INFO] core.print_watcher — print_watcher_started idle_timeout=12.0s expected=2
08:58:33 [INFO] core.sap_client — sp01_print_confirmed via=btn[25] marked=2
08:58:34 [INFO] core.sap_client — sp01_pallet_done result={'status': 'ok', 'message': 'SP01 OK — 2 spool(s) impreso(s)', 'marked': 2} hu_codes=['TH0000268267', 'TH0000268307']
08:58:34 [INFO] core.queue_model — waiting_for_print_watcher...
08:58:34 [INFO] core.print_watcher — method1_BM_CLICK ok_hwnd=4199862
08:58:35 [INFO] core.print_watcher — confirm_success method=BM_CLICK hwnd=5313138
08:58:35 [INFO] core.print_watcher — print_dialog_confirmed count=1
08:58:36 [INFO] core.print_watcher — method1_BM_CLICK ok_hwnd=9899836
08:58:36 [INFO] core.print_watcher — confirm_success method=BM_CLICK hwnd=2100000
08:58:36 [INFO] core.print_watcher — print_dialog_confirmed count=2
08:58:36 [INFO] core.print_watcher — print_watcher_all_confirmed expected=2 confirmed=2
08:58:36 [INFO] core.print_watcher — print_watcher_stopped confirmed=2
08:58:36 [INFO] core.queue_model — print_watcher_finished confirmed=2
08:58:36 [INFO] core.queue_model — sp01_pallet_result={'status': 'ok', 'message': 'SP01 OK — 2 spool(s) impreso(s)', 'marked': 2} print_dialogs_confirmed=2
08:58:38 [INFO] core.queue_model — queue_worker_resumed_by_ui
08:58:38 [INFO] core.queue_model — queue_worker_resumed_processing
08:58:38 [INFO] core.sap_client — setup_phase1_start
08:58:41 [INFO] core.sap_client — tx_opened code=/nZMOVEINBHU current_tx=ZMOVEINBHU
08:58:41 [INFO] core.sap_client — phase1_ready — ctxtP_HU confirmed
08:58:43 [INFO] core.sap_client — hu_phase1_duplicate hu=T10045844701 popup_title='Information' popup_text='The inserted HU does not contain positions'
08:58:43 [INFO] core.sap_client — setup_phase2_start
08:58:45 [INFO] core.sap_client — tx_opened code=/nZMMTIJSEP current_tx=ZMMTIJSEP
08:58:45 [INFO] core.sap_client — phase2_ready — txtGV_HU confirmed
08:58:46 [INFO] core.sap_client — hu_phase2_ok hu=T10045844701 duration_ms=1361 phase2_wait=1.0
08:58:46 [INFO] core.sap_client — setup_phase1_start
08:58:49 [INFO] core.sap_client — tx_opened code=/nZMOVEINBHU current_tx=ZMOVEINBHU
08:58:49 [INFO] core.sap_client — phase1_ready — ctxtP_HU confirmed
08:58:51 [INFO] core.sap_client — hu_phase1_duplicate hu=T10045851229 popup_title='Information' popup_text='The inserted HU does not contain positions'
08:58:51 [WARNING] core.sap_client — phase2_wrong_screen hu=T10045851229 — re-navigating
08:58:51 [INFO] core.sap_client — setup_phase2_start
08:58:53 [INFO] core.sap_client — tx_opened code=/nZMMTIJSEP current_tx=ZMMTIJSEP
08:58:53 [INFO] core.sap_client — phase2_ready — txtGV_HU confirmed
08:58:54 [INFO] core.sap_client — hu_phase2_ok hu=T10045851229 duration_ms=3776 phase2_wait=1.0
08:58:54 [INFO] core.queue_model — pallet_boundary multi_hu pallet=3 count=2 hu_codes=['T10045844701', 'T10045851229']
08:58:57 [INFO] core.sap_client — tx_opened code=/nSP01 current_tx=SP01
08:58:58 [INFO] core.sap_client — sp01_scan start scroll_max=0
08:58:59 [INFO] core.sap_client — sp01_scan_done pending=2 completed=0 hu_filter=['T10045844701', 'T10045851229']
08:58:59 [INFO] core.sap_client — sp01_attempt=0 pending=2 completed=0 expected=2
08:58:59 [INFO] core.sap_client — sp01_marked scroll=0 row=4 title=CN-CON-003_T10045851229_20260305000451
08:58:59 [INFO] core.sap_client — sp01_marked scroll=0 row=6 title=CN-CON-003_T10045844701_20260305000441
08:58:59 [INFO] core.sap_client — sp01_mark_done total_marked=2
08:59:00 [INFO] core.print_watcher — print_watcher_started idle_timeout=12.0s expected=2
08:59:01 [INFO] core.sap_client — sp01_print_confirmed via=btn[25] marked=2
08:59:02 [INFO] core.sap_client — sp01_pallet_done result={'status': 'ok', 'message': 'SP01 OK — 2 spool(s) impreso(s)', 'marked': 2} hu_codes=['T10045844701', 'T10045851229']
08:59:02 [INFO] core.queue_model — waiting_for_print_watcher...
08:59:02 [INFO] core.print_watcher — method1_BM_CLICK ok_hwnd=10818610
08:59:02 [INFO] core.print_watcher — confirm_success method=BM_CLICK hwnd=6361602
08:59:02 [INFO] core.print_watcher — print_dialog_confirmed count=1
08:59:04 [INFO] core.print_watcher — method1_BM_CLICK ok_hwnd=6753014
08:59:04 [INFO] core.print_watcher — confirm_success method=BM_CLICK hwnd=4068468
08:59:04 [INFO] core.print_watcher — print_dialog_confirmed count=2
08:59:04 [INFO] core.print_watcher — print_watcher_all_confirmed expected=2 confirmed=2
08:59:04 [INFO] core.print_watcher — print_watcher_stopped confirmed=2
08:59:04 [INFO] core.queue_model — print_watcher_finished confirmed=2
08:59:04 [INFO] core.queue_model — sp01_pallet_result={'status': 'ok', 'message': 'SP01 OK — 2 spool(s) impreso(s)', 'marked': 2} print_dialogs_confirmed=2
08:59:07 [INFO] core.queue_model — queue_worker_resumed_by_ui
08:59:07 [INFO] core.queue_model — queue_worker_resumed_processing
08:59:07 [INFO] core.sap_client — setup_phase1_start
08:59:15 [INFO] core.sap_client — tx_opened code=/nZMOVEINBHU current_tx=ZMOVEINBHU
08:59:15 [INFO] core.sap_client — phase1_ready — ctxtP_HU confirmed
08:59:20 [INFO] core.sap_client — hu_phase1_duplicate hu=2972193801 popup_title='Information' popup_text='The inserted HU does not contain positions'
08:59:20 [INFO] core.sap_client — setup_phase2_start
08:59:29 [INFO] core.sap_client — tx_opened code=/nZMMTIJSEP current_tx=ZMMTIJSEP
08:59:29 [INFO] core.sap_client — phase2_ready — txtGV_HU confirmed
08:59:32 [INFO] core.sap_client — hu_phase2_ok hu=2972193801 duration_ms=3884 phase2_wait=3.5
08:59:32 [INFO] core.queue_model — pallet_boundary single_hu pallet=4 accumulated=[1, 4]
08:59:32 [INFO] core.queue_model — flush_single_hu_pallets pallets=[1, 4] hu_codes=['2972200143', '2972193801']
08:59:37 [INFO] core.sap_client — tx_opened code=/nSP01 current_tx=SP01
08:59:39 [INFO] core.sap_client — sp01_scan start scroll_max=0
08:59:40 [INFO] core.sap_client — sp01_scan_done pending=2 completed=0 hu_filter=['2972200143', '2972193801']
08:59:40 [INFO] core.sap_client — sp01_attempt=0 pending=2 completed=0 expected=0
08:59:40 [INFO] core.sap_client — sp01_marked scroll=0 row=4 title=CN-CON-003_00000000002972193801_20250319055006
08:59:40 [INFO] core.sap_client — sp01_marked scroll=0 row=14 title=CN-CON-003_00000000002972200143_20250319112026
08:59:40 [INFO] core.sap_client — sp01_mark_done total_marked=2
08:59:41 [INFO] core.print_watcher — print_watcher_started idle_timeout=12.0s expected=2
08:59:42 [INFO] core.sap_client — sp01_print_confirmed via=btn[25] marked=2
08:59:43 [INFO] core.sap_client — sp01_global_done result={'status': 'ok', 'message': 'SP01 OK — 2 spool(s) impreso(s)', 'marked': 2}
08:59:43 [INFO] core.queue_model — waiting_for_print_watcher...
08:59:43 [INFO] core.print_watcher — method1_BM_CLICK ok_hwnd=18484956
08:59:43 [INFO] core.print_watcher — confirm_success method=BM_CLICK hwnd=10096444
08:59:43 [INFO] core.print_watcher — print_dialog_confirmed count=1
08:59:45 [INFO] core.print_watcher — method1_BM_CLICK ok_hwnd=10750628
08:59:45 [INFO] core.print_watcher — confirm_success method=BM_CLICK hwnd=7275032
08:59:45 [INFO] core.print_watcher — print_dialog_confirmed count=2
08:59:45 [INFO] core.print_watcher — print_watcher_all_confirmed expected=2 confirmed=2
08:59:45 [INFO] core.print_watcher — print_watcher_stopped confirmed=2
08:59:45 [INFO] core.queue_model — print_watcher_finished confirmed=2
08:59:45 [INFO] core.queue_model — sp01_flush_result={'status': 'ok', 'message': 'SP01 OK — 2 spool(s) impreso(s)', 'marked': 2} print_dialogs_confirmed=2
08:59:45 [INFO] core.queue_model — queue_worker_stopped
08:59:45 [INFO] core.queue_model — queue_worker_stop_requested
10:06:05 [INFO] core.queue_model — hu_added hu=TH0000297235 pallet=5 origin=THA
10:06:38 [INFO] core.queue_model — queue_worker_started dynamic_print_mode
10:06:38 [INFO] core.sap_client — sap_connected system=LUP user=LOPEZHJC
10:06:38 [INFO] core.queue_model — queue_worker_sap_connected
10:06:38 [INFO] core.sap_client — setup_phase1_start
10:06:40 [INFO] core.sap_client — tx_opened code=/nZMOVEINBHU current_tx=ZMOVEINBHU
10:06:40 [INFO] core.sap_client — phase1_ready — ctxtP_HU confirmed
10:06:42 [INFO] core.sap_client — hu_phase1_ok hu=TH0000297235 msg='HU Already In The Destination Storage Location'
10:06:42 [INFO] core.sap_client — setup_phase2_start
10:06:44 [INFO] core.sap_client — tx_opened code=/nZMMTIJSEP current_tx=ZMMTIJSEP
10:06:44 [INFO] core.sap_client — phase2_ready — txtGV_HU confirmed
10:06:46 [INFO] core.sap_client — hu_phase2_ok hu=TH0000297235 duration_ms=1810 phase2_wait=0.5
10:06:46 [INFO] core.queue_model — pallet_boundary single_hu pallet=5 accumulated=[5]
10:06:46 [INFO] core.queue_model — flush_single_hu_pallets pallets=[5] hu_codes=['TH0000297235']
10:06:50 [INFO] core.sap_client — tx_opened code=/nSP01 current_tx=SP01
10:06:53 [INFO] core.sap_client — sp01_scan start scroll_max=0
10:06:53 [INFO] core.sap_client — sp01_scan_done pending=0 completed=0 hu_filter=['TH0000297235']
10:06:53 [INFO] core.sap_client — sp01_attempt=0 pending=0 completed=0 expected=0
10:06:53 [WARNING] core.sap_client — sp01_no_rows_found filter=['TH0000297235'] filas=[row=4 status='Compl.' title='CN-CON-003_00000000002972193801_20250319055006' | row=6 status='Compl.' title='CN-CON-003_T10045851229_20260305000451' | row=8 status='Compl.' title='CN-CON-003_T10045844701_20260305000441' | row=10 status='Compl.' title='CN-CON-003_TH0000268307_20260305002248' | row=12 status='Compl.' title='CN-CON-003_TH0000268267_20260305002242' | row=14 status='Compl.' title='CN-CON-003_00000000002972200143_20250319112026' | row=16 status='Compl.' title='CN-CON-003_TH0000268200_20260305002245' | row=18 status='   -' title='CN-CON-002-00000060989217' | row=20 status='   -' title='CN-CON-002-00000060989217' | row=22 status='   -' title='CN-CON-002-00000070543620']
10:06:53 [INFO] core.sap_client — sp01_global_done result={'status': 'error', 'message': 'No se encontraron spools pendientes', 'marked': 0}
10:06:53 [INFO] core.queue_model — waiting_for_print_watcher...
10:06:53 [INFO] core.queue_model — print_watcher_finished confirmed=2
10:06:53 [INFO] core.queue_model — sp01_flush_result={'status': 'error', 'message': 'No se encontraron spools pendientes', 'marked': 0} print_dialogs_confirmed=2
10:06:53 [INFO] core.queue_model — queue_worker_stopped
10:06:53 [INFO] core.queue_model — queue_worker_stop_requested
10:20:58 [INFO] core.queue_model — new_pallet id=1
10:23:01 [INFO] core.queue_model — hu_added hu=4007828484 pallet=1 origin=UNK
10:23:04 [INFO] core.queue_model — remove_hu hu=4007828484 pallet=1
10:23:07 [INFO] core.queue_model — hu_added hu=C1016546216 pallet=1 origin=BRA/ATL
10:23:12 [INFO] core.queue_model — queue_worker_started dynamic_print_mode
10:23:13 [INFO] core.sap_client — sap_connected system=LUP user=LOPEZHJC
10:23:13 [INFO] core.queue_model — queue_worker_sap_connected
10:23:13 [INFO] core.queue_model — get_next_pending — skipping cancelled hu=4007828484
10:23:13 [INFO] core.sap_client — setup_phase1_start
10:23:20 [INFO] core.sap_client — tx_opened code=/nZMOVEINBHU current_tx=ZMOVEINBHU
10:23:20 [INFO] core.sap_client — phase1_ready — ctxtP_HU confirmed
10:23:25 [WARNING] core.sap_client — hu_phase1_not_found hu=C1016546216 popup_title='Information' popup_text='The inserted HU does not exist'
10:23:25 [WARNING] core.queue_model — hu_skipped_f2 hu=C1016546216 reason=HU no existe en SAP: 'The inserted HU does not exist'
10:23:25 [INFO] core.queue_model — pallet_boundary single_hu pallet=1 accumulated=[1]
10:23:25 [INFO] core.queue_model — flush_single_hu_pallets pallets=[1] hu_codes=['C1016546216']
10:23:32 [INFO] core.sap_client — tx_opened code=/nSP01 current_tx=SP01
10:23:37 [INFO] core.sap_client — sp01_scan start scroll_max=0
10:23:37 [INFO] core.sap_client — sp01_scan_done pending=0 completed=0 hu_filter=['C1016546216']
10:23:37 [INFO] core.sap_client — sp01_attempt=0 pending=0 completed=0 expected=1
10:23:37 [WARNING] core.sap_client — sp01_waiting_spools attempt=1/40 pending=0 completed=0 expected=1 — refresh in 4.5s
10:23:37 [INFO] core.queue_model — hu_added hu=TH0000297235 pallet=2 origin=THA
10:23:43 [INFO] core.sap_client — sp01_scan start scroll_max=0
10:23:43 [INFO] core.sap_client — sp01_scan_done pending=0 completed=0 hu_filter=['C1016546216']
10:23:43 [INFO] core.sap_client — sp01_attempt=1 pending=0 completed=0 expected=1
10:23:43 [WARNING] core.sap_client — sp01_waiting_spools attempt=2/40 pending=0 completed=0 expected=1 — refresh in 4.5s
10:23:49 [INFO] core.sap_client — sp01_scan start scroll_max=0
10:23:49 [INFO] core.sap_client — sp01_scan_done pending=0 completed=0 hu_filter=['C1016546216']
10:23:49 [INFO] core.sap_client — sp01_attempt=2 pending=0 completed=0 expected=1
10:23:49 [WARNING] core.sap_client — sp01_waiting_spools attempt=3/40 pending=0 completed=0 expected=1 — refresh in 4.5s
10:23:55 [INFO] core.sap_client — sp01_scan start scroll_max=0
10:23:56 [INFO] core.sap_client — sp01_scan_done pending=0 completed=0 hu_filter=['C1016546216']
10:23:56 [INFO] core.sap_client — sp01_attempt=3 pending=0 completed=0 expected=1
10:23:56 [WARNING] core.sap_client — sp01_waiting_spools attempt=4/40 pending=0 completed=0 expected=1 — refresh in 4.5s
10:24:02 [INFO] core.sap_client — sp01_scan start scroll_max=0
10:24:02 [INFO] core.sap_client — sp01_scan_done pending=0 completed=0 hu_filter=['C1016546216']
10:24:02 [INFO] core.sap_client — sp01_attempt=4 pending=0 completed=0 expected=1
10:24:02 [WARNING] core.sap_client — sp01_waiting_spools attempt=5/40 pending=0 completed=0 expected=1 — refresh in 4.5s
10:24:08 [INFO] core.sap_client — sp01_scan start scroll_max=0
10:24:08 [INFO] core.sap_client — sp01_scan_done pending=0 completed=0 hu_filter=['C1016546216']
10:24:08 [INFO] core.sap_client — sp01_attempt=5 pending=0 completed=0 expected=1
10:24:08 [WARNING] core.sap_client — sp01_waiting_spools attempt=6/40 pending=0 completed=0 expected=1 — refresh in 4.5s
10:24:14 [INFO] core.sap_client — sp01_scan start scroll_max=0
10:24:14 [INFO] core.sap_client — sp01_scan_done pending=0 completed=0 hu_filter=['C1016546216']
10:24:14 [INFO] core.sap_client — sp01_attempt=6 pending=0 completed=0 expected=1
10:24:14 [WARNING] core.sap_client — sp01_waiting_spools attempt=7/40 pending=0 completed=0 expected=1 — refresh in 4.5s
10:24:20 [INFO] core.sap_client — sp01_scan start scroll_max=0
10:24:21 [INFO] core.sap_client — sp01_scan_done pending=0 completed=0 hu_filter=['C1016546216']
10:24:21 [INFO] core.sap_client — sp01_attempt=7 pending=0 completed=0 expected=1
10:24:21 [WARNING] core.sap_client — sp01_waiting_spools attempt=8/40 pending=0 completed=0 expected=1 — refresh in 4.5s
10:24:27 [INFO] core.sap_client — sp01_scan start scroll_max=0
10:24:27 [INFO] core.sap_client — sp01_scan_done pending=0 completed=0 hu_filter=['C1016546216']
10:24:27 [INFO] core.sap_client — sp01_attempt=8 pending=0 completed=0 expected=1
10:24:27 [WARNING] core.sap_client — sp01_waiting_spools attempt=9/40 pending=0 completed=0 expected=1 — refresh in 4.5s
10:24:33 [INFO] core.sap_client — sp01_scan start scroll_max=0
10:24:33 [INFO] core.sap_client — sp01_scan_done pending=0 completed=0 hu_filter=['C1016546216']
10:24:33 [INFO] core.sap_client — sp01_attempt=9 pending=0 completed=0 expected=1
10:24:33 [WARNING] core.sap_client — sp01_waiting_spools attempt=10/40 pending=0 completed=0 expected=1 — refresh in 4.5s
10:24:39 [INFO] core.sap_client — sp01_scan start scroll_max=0
10:24:40 [INFO] core.sap_client — sp01_scan_done pending=0 completed=0 hu_filter=['C1016546216']
10:24:40 [INFO] core.sap_client — sp01_attempt=10 pending=0 completed=0 expected=1
10:24:40 [WARNING] core.sap_client — sp01_waiting_spools attempt=11/40 pending=0 completed=0 expected=1 — refresh in 4.5s
10:24:46 [INFO] core.sap_client — sp01_scan start scroll_max=0
10:24:46 [INFO] core.sap_client — sp01_scan_done pending=0 completed=0 hu_filter=['C1016546216']
10:24:46 [INFO] core.sap_client — sp01_attempt=11 pending=0 completed=0 expected=1
10:24:46 [WARNING] core.sap_client — sp01_waiting_spools attempt=12/40 pending=0 completed=0 expected=1 — refresh in 4.5s
10:24:52 [INFO] core.sap_client — sp01_scan start scroll_max=0
10:24:52 [INFO] core.sap_client — sp01_scan_done pending=0 completed=0 hu_filter=['C1016546216']
10:24:52 [INFO] core.sap_client — sp01_attempt=12 pending=0 completed=0 expected=1
10:24:52 [WARNING] core.sap_client — sp01_waiting_spools attempt=13/40 pending=0 completed=0 expected=1 — refresh in 4.5s
10:24:58 [INFO] core.sap_client — sp01_scan start scroll_max=0
10:24:59 [INFO] core.sap_client — sp01_scan_done pending=0 completed=0 hu_filter=['C1016546216']
10:24:59 [INFO] core.sap_client — sp01_attempt=13 pending=0 completed=0 expected=1
10:24:59 [WARNING] core.sap_client — sp01_waiting_spools attempt=14/40 pending=0 completed=0 expected=1 — refresh in 4.5s
10:25:05 [INFO] core.sap_client — sp01_scan start scroll_max=0
10:25:05 [INFO] core.sap_client — sp01_scan_done pending=0 completed=0 hu_filter=['C1016546216']
10:25:05 [INFO] core.sap_client — sp01_attempt=14 pending=0 completed=0 expected=1
10:25:05 [WARNING] core.sap_client — sp01_waiting_spools attempt=15/40 pending=0 completed=0 expected=1 — refresh in 4.5s
10:25:11 [INFO] core.sap_client — sp01_scan start scroll_max=0
10:25:12 [INFO] core.sap_client — sp01_scan_done pending=0 completed=0 hu_filter=['C1016546216']
10:25:12 [INFO] core.sap_client — sp01_attempt=15 pending=0 completed=0 expected=1
10:25:12 [WARNING] core.sap_client — sp01_waiting_spools attempt=16/40 pending=0 completed=0 expected=1 — refresh in 4.5s
10:25:17 [INFO] core.sap_client — sp01_scan start scroll_max=0
10:25:18 [INFO] core.sap_client — sp01_scan_done pending=0 completed=0 hu_filter=['C1016546216']
10:25:18 [INFO] core.sap_client — sp01_attempt=16 pending=0 completed=0 expected=1
10:25:18 [WARNING] core.sap_client — sp01_waiting_spools attempt=17/40 pending=0 completed=0 expected=1 — refresh in 4.5s
10:25:24 [INFO] core.sap_client — sp01_scan start scroll_max=0
10:25:24 [INFO] core.sap_client — sp01_scan_done pending=0 completed=0 hu_filter=['C1016546216']
10:25:24 [INFO] core.sap_client — sp01_attempt=17 pending=0 completed=0 expected=1
10:25:24 [WARNING] core.sap_client — sp01_waiting_spools attempt=18/40 pending=0 completed=0 expected=1 — refresh in 4.5s
10:25:30 [INFO] core.sap_client — sp01_scan start scroll_max=0
10:25:31 [INFO] core.sap_client — sp01_scan_done pending=0 completed=0 hu_filter=['C1016546216']
10:25:31 [INFO] core.sap_client — sp01_attempt=18 pending=0 completed=0 expected=1
10:25:31 [WARNING] core.sap_client — sp01_waiting_spools attempt=19/40 pending=0 completed=0 expected=1 — refresh in 4.5s
10:25:36 [INFO] core.sap_client — sp01_scan start scroll_max=0
10:25:37 [INFO] core.sap_client — sp01_scan_done pending=0 completed=0 hu_filter=['C1016546216']
10:25:37 [INFO] core.sap_client — sp01_attempt=19 pending=0 completed=0 expected=1
10:25:37 [WARNING] core.sap_client — sp01_waiting_spools attempt=20/40 pending=0 completed=0 expected=1 — refresh in 4.5s
10:25:43 [INFO] core.sap_client — sp01_scan start scroll_max=0
10:25:43 [INFO] core.sap_client — sp01_scan_done pending=0 completed=0 hu_filter=['C1016546216']
10:25:43 [INFO] core.sap_client — sp01_attempt=20 pending=0 completed=0 expected=1
10:25:43 [WARNING] core.sap_client — sp01_waiting_spools attempt=21/40 pending=0 completed=0 expected=1 — refresh in 4.5s
10:25:49 [INFO] core.sap_client — sp01_scan start scroll_max=0
10:25:50 [INFO] core.sap_client — sp01_scan_done pending=0 completed=0 hu_filter=['C1016546216']
10:25:50 [INFO] core.sap_client — sp01_attempt=21 pending=0 completed=0 expected=1
10:25:50 [WARNING] core.sap_client — sp01_waiting_spools attempt=22/40 pending=0 completed=0 expected=1 — refresh in 4.5s
10:25:55 [INFO] core.sap_client — sp01_scan start scroll_max=0
10:25:56 [INFO] core.sap_client — sp01_scan_done pending=0 completed=0 hu_filter=['C1016546216']
10:25:56 [INFO] core.sap_client — sp01_attempt=22 pending=0 completed=0 expected=1
10:25:56 [WARNING] core.sap_client — sp01_waiting_spools attempt=23/40 pending=0 completed=0 expected=1 — refresh in 4.5s
10:26:02 [INFO] core.sap_client — sp01_scan start scroll_max=0
10:26:02 [INFO] core.sap_client — sp01_scan_done pending=0 completed=0 hu_filter=['C1016546216']
10:26:02 [INFO] core.sap_client — sp01_attempt=23 pending=0 completed=0 expected=1
10:26:02 [WARNING] core.sap_client — sp01_waiting_spools attempt=24/40 pending=0 completed=0 expected=1 — refresh in 4.5s
10:26:08 [INFO] core.sap_client — sp01_scan start scroll_max=0
10:26:09 [INFO] core.sap_client — sp01_scan_done pending=0 completed=0 hu_filter=['C1016546216']
10:26:09 [INFO] core.sap_client — sp01_attempt=24 pending=0 completed=0 expected=1
10:26:09 [WARNING] core.sap_client — sp01_waiting_spools attempt=25/40 pending=0 completed=0 expected=1 — refresh in 4.5s
10:26:14 [INFO] core.sap_client — sp01_scan start scroll_max=0
10:26:15 [INFO] core.sap_client — sp01_scan_done pending=0 completed=0 hu_filter=['C1016546216']
10:26:15 [INFO] core.sap_client — sp01_attempt=25 pending=0 completed=0 expected=1
10:26:15 [WARNING] core.sap_client — sp01_waiting_spools attempt=26/40 pending=0 completed=0 expected=1 — refresh in 4.5s
10:26:21 [INFO] core.sap_client — sp01_scan start scroll_max=0
10:26:21 [INFO] core.sap_client — sp01_scan_done pending=0 completed=0 hu_filter=['C1016546216']
10:26:21 [INFO] core.sap_client — sp01_attempt=26 pending=0 completed=0 expected=1
10:26:21 [WARNING] core.sap_client — sp01_waiting_spools attempt=27/40 pending=0 completed=0 expected=1 — refresh in 4.5s
10:26:27 [INFO] core.sap_client — sp01_scan start scroll_max=0
10:26:27 [INFO] core.sap_client — sp01_scan_done pending=0 completed=0 hu_filter=['C1016546216']
10:26:27 [INFO] core.sap_client — sp01_attempt=27 pending=0 completed=0 expected=1
10:26:27 [WARNING] core.sap_client — sp01_waiting_spools attempt=28/40 pending=0 completed=0 expected=1 — refresh in 4.5s
10:26:33 [INFO] core.sap_client — sp01_scan start scroll_max=0
10:26:34 [INFO] core.sap_client — sp01_scan_done pending=0 completed=0 hu_filter=['C1016546216']
10:26:34 [INFO] core.sap_client — sp01_attempt=28 pending=0 completed=0 expected=1
10:26:34 [WARNING] core.sap_client — sp01_waiting_spools attempt=29/40 pending=0 completed=0 expected=1 — refresh in 4.5s
10:26:40 [INFO] core.sap_client — sp01_scan start scroll_max=0
10:26:40 [INFO] core.sap_client — sp01_scan_done pending=0 completed=0 hu_filter=['C1016546216']
10:26:40 [INFO] core.sap_client — sp01_attempt=29 pending=0 completed=0 expected=1
10:26:40 [WARNING] core.sap_client — sp01_waiting_spools attempt=30/40 pending=0 completed=0 expected=1 — refresh in 4.5s
10:26:46 [INFO] core.sap_client — sp01_scan start scroll_max=0
10:26:47 [INFO] core.sap_client — sp01_scan_done pending=0 completed=0 hu_filter=['C1016546216']
10:26:47 [INFO] core.sap_client — sp01_attempt=30 pending=0 completed=0 expected=1
10:26:47 [WARNING] core.sap_client — sp01_waiting_spools attempt=31/40 pending=0 completed=0 expected=1 — refresh in 4.5s
10:26:52 [INFO] core.sap_client — sp01_scan start scroll_max=0
10:26:53 [INFO] core.sap_client — sp01_scan_done pending=0 completed=0 hu_filter=['C1016546216']
10:26:53 [INFO] core.sap_client — sp01_attempt=31 pending=0 completed=0 expected=1
10:26:53 [WARNING] core.sap_client — sp01_waiting_spools attempt=32/40 pending=0 completed=0 expected=1 — refresh in 4.5s
10:26:59 [INFO] core.sap_client — sp01_scan start scroll_max=0
10:26:59 [INFO] core.sap_client — sp01_scan_done pending=0 completed=0 hu_filter=['C1016546216']
10:26:59 [INFO] core.sap_client — sp01_attempt=32 pending=0 completed=0 expected=1
10:26:59 [WARNING] core.sap_client — sp01_waiting_spools attempt=33/40 pending=0 completed=0 expected=1 — refresh in 4.5s
10:27:05 [INFO] core.sap_client — sp01_scan start scroll_max=0
10:27:05 [INFO] core.sap_client — sp01_scan_done pending=0 completed=0 hu_filter=['C1016546216']
10:27:05 [INFO] core.sap_client — sp01_attempt=33 pending=0 completed=0 expected=1
10:27:05 [WARNING] core.sap_client — sp01_waiting_spools attempt=34/40 pending=0 completed=0 expected=1 — refresh in 4.5s
10:27:11 [INFO] core.sap_client — sp01_scan start scroll_max=0
10:27:12 [INFO] core.sap_client — sp01_scan_done pending=0 completed=0 hu_filter=['C1016546216']
10:27:12 [INFO] core.sap_client — sp01_attempt=34 pending=0 completed=0 expected=1
10:27:12 [WARNING] core.sap_client — sp01_waiting_spools attempt=35/40 pending=0 completed=0 expected=1 — refresh in 4.5s
10:27:18 [INFO] core.sap_client — sp01_scan start scroll_max=0
10:27:19 [INFO] core.sap_client — sp01_scan_done pending=0 completed=0 hu_filter=['C1016546216']
10:27:19 [INFO] core.sap_client — sp01_attempt=35 pending=0 completed=0 expected=1
10:27:19 [WARNING] core.sap_client — sp01_waiting_spools attempt=36/40 pending=0 completed=0 expected=1 — refresh in 4.5s
10:27:24 [INFO] core.sap_client — sp01_scan start scroll_max=0
10:27:25 [INFO] core.sap_client — sp01_scan_done pending=0 completed=0 hu_filter=['C1016546216']
10:27:25 [INFO] core.sap_client — sp01_attempt=36 pending=0 completed=0 expected=1
10:27:25 [WARNING] core.sap_client — sp01_waiting_spools attempt=37/40 pending=0 completed=0 expected=1 — refresh in 4.5s
10:27:31 [INFO] core.sap_client — sp01_scan start scroll_max=0
10:27:31 [INFO] core.sap_client — sp01_scan_done pending=0 completed=0 hu_filter=['C1016546216']
10:27:31 [INFO] core.sap_client — sp01_attempt=37 pending=0 completed=0 expected=1
10:27:31 [WARNING] core.sap_client — sp01_waiting_spools attempt=38/40 pending=0 completed=0 expected=1 — refresh in 4.5s
10:27:37 [INFO] core.sap_client — sp01_scan start scroll_max=0
10:27:37 [INFO] core.sap_client — sp01_scan_done pending=0 completed=0 hu_filter=['C1016546216']
10:27:37 [INFO] core.sap_client — sp01_attempt=38 pending=0 completed=0 expected=1
10:27:37 [WARNING] core.sap_client — sp01_waiting_spools attempt=39/40 pending=0 completed=0 expected=1 — refresh in 4.5s
10:27:43 [INFO] core.sap_client — sp01_scan start scroll_max=0
10:27:44 [INFO] core.sap_client — sp01_scan_done pending=0 completed=0 hu_filter=['C1016546216']
10:27:44 [INFO] core.sap_client — sp01_attempt=39 pending=0 completed=0 expected=1
10:27:44 [WARNING] core.sap_client — sp01_waiting_spools attempt=40/40 pending=0 completed=0 expected=1 — refresh in 4.5s
10:27:50 [INFO] core.sap_client — sp01_scan start scroll_max=0
10:27:50 [INFO] core.sap_client — sp01_scan_done pending=0 completed=0 hu_filter=['C1016546216']
10:27:50 [INFO] core.sap_client — sp01_attempt=40 pending=0 completed=0 expected=1
10:27:50 [WARNING] core.sap_client — sp01_max_retries_exhausted pending=0 completed=0 expected=1 — proceeding with 0 pending
10:27:50 [WARNING] core.sap_client — sp01_no_rows_found filter=['C1016546216'] filas=[row=4 status='   -' title='CN-CON-003_TH0000297235_20260410170645' | row=6 status='Compl.' title='CN-CON-003_00000000002972193801_20250319055006' | row=8 status='Compl.' title='CN-CON-003_T10045851229_20260305000451' | row=10 status='Compl.' title='CN-CON-003_T10045844701_20260305000441' | row=12 status='Compl.' title='CN-CON-003_TH0000268307_20260305002248' | row=14 status='Compl.' title='CN-CON-003_TH0000268267_20260305002242' | row=16 status='Compl.' title='CN-CON-003_00000000002972200143_20250319112026' | row=18 status='Compl.' title='CN-CON-003_TH0000268200_20260305002245' | row=20 status='   -' title='CN-CON-002-00000060989217' | row=22 status='   -' title='CN-CON-002-00000060989217']
10:27:50 [INFO] core.sap_client — sp01_global_done result={'status': 'error', 'message': 'No se encontraron spools pendientes', 'marked': 0}
10:27:50 [INFO] core.queue_model — waiting_for_print_watcher...
10:27:50 [INFO] core.queue_model — print_watcher_finished confirmed=0
10:27:50 [INFO] core.queue_model — sp01_flush_result={'status': 'error', 'message': 'No se encontraron spools pendientes', 'marked': 0} print_dialogs_confirmed=0
10:27:50 [INFO] core.queue_model — queue_worker_stopped
10:27:50 [INFO] core.queue_model — queue_worker_stop_requested
10:28:14 [INFO] core.queue_model — new_pallet id=1
10:28:23 [INFO] core.queue_model — hu_added hu=C1016546216 pallet=1 origin=BRA/ATL
10:28:26 [INFO] core.queue_model — hu_added hu=TH0000297235 pallet=2 origin=THA
10:28:29 [INFO] core.queue_model — queue_worker_started dynamic_print_mode
10:28:29 [INFO] core.sap_client — sap_connected system=LUP user=LOPEZHJC
10:28:29 [INFO] core.queue_model — queue_worker_sap_connected
10:28:29 [INFO] core.sap_client — setup_phase1_start
10:28:37 [INFO] core.sap_client — tx_opened code=/nZMOVEINBHU current_tx=ZMOVEINBHU
10:28:37 [INFO] core.sap_client — phase1_ready — ctxtP_HU confirmed
10:28:42 [INFO] core.sap_client — hu_phase1_ok hu=C1016546216 msg='Wrong HU'
10:28:42 [INFO] core.sap_client — setup_phase2_start
10:28:50 [INFO] core.sap_client — tx_opened code=/nZMMTIJSEP current_tx=ZMMTIJSEP
10:28:50 [INFO] core.sap_client — phase2_ready — txtGV_HU confirmed
10:28:54 [INFO] core.sap_client — hu_phase2_ok hu=C1016546216 duration_ms=3853 phase2_wait=3.5
10:28:54 [INFO] core.queue_model — pallet_boundary single_hu pallet=1 accumulated=[1]
10:28:54 [INFO] core.sap_client — setup_phase1_start
10:28:55 [INFO] core.sap_client — tx_opened code=/nZMOVEINBHU current_tx=ZMOVEINBHU
10:28:55 [INFO] core.sap_client — phase1_ready — ctxtP_HU confirmed
10:28:57 [INFO] core.sap_client — hu_phase1_duplicate hu=TH0000297235 popup_title='Information' popup_text='The inserted HU does not contain positions'
10:28:57 [WARNING] core.sap_client — phase2_wrong_screen hu=TH0000297235 — re-navigating
10:28:57 [INFO] core.sap_client — setup_phase2_start
10:28:59 [INFO] core.sap_client — tx_opened code=/nZMMTIJSEP current_tx=ZMMTIJSEP
10:28:59 [INFO] core.sap_client — phase2_ready — txtGV_HU confirmed
10:29:00 [INFO] core.sap_client — hu_phase2_ok hu=TH0000297235 duration_ms=2700 phase2_wait=0.5
10:29:00 [INFO] core.queue_model — pallet_boundary single_hu pallet=2 accumulated=[1, 2]
10:29:00 [INFO] core.queue_model — flush_single_hu_pallets pallets=[1, 2] hu_codes=['C1016546216', 'TH0000297235']
10:29:07 [INFO] core.sap_client — tx_opened code=/nSP01 current_tx=SP01
10:29:11 [INFO] core.sap_client — sp01_scan start scroll_max=0
10:29:12 [INFO] core.sap_client — sp01_scan_done pending=1 completed=0 hu_filter=['C1016546216', 'TH0000297235']
10:29:12 [INFO] core.sap_client — sp01_attempt=0 pending=1 completed=0 expected=2
10:29:12 [WARNING] core.sap_client — sp01_waiting_spools attempt=1/40 pending=1 completed=0 expected=2 — refresh in 4.5s
10:29:17 [INFO] core.sap_client — sp01_scan start scroll_max=0
10:29:18 [INFO] core.sap_client — sp01_scan_done pending=1 completed=0 hu_filter=['C1016546216', 'TH0000297235']
10:29:18 [INFO] core.sap_client — sp01_attempt=1 pending=1 completed=0 expected=2
10:29:18 [WARNING] core.sap_client — sp01_waiting_spools attempt=2/40 pending=1 completed=0 expected=2 — refresh in 4.5s
10:29:24 [INFO] core.sap_client — sp01_scan start scroll_max=0
10:29:24 [INFO] core.sap_client — sp01_scan_done pending=1 completed=0 hu_filter=['C1016546216', 'TH0000297235']
10:29:24 [INFO] core.sap_client — sp01_attempt=2 pending=1 completed=0 expected=2
10:29:24 [WARNING] core.sap_client — sp01_waiting_spools attempt=3/40 pending=1 completed=0 expected=2 — refresh in 4.5s
10:32:33 [INFO] core.queue_model — new_pallet id=1
10:32:38 [INFO] core.queue_model — hu_added hu=C1016546216 pallet=1 origin=BRA/ATL
10:32:41 [INFO] core.queue_model — hu_added hu=TH0000297235 pallet=2 origin=THA
10:32:44 [INFO] core.queue_model — queue_worker_started dynamic_print_mode
10:32:44 [INFO] core.sap_client — sap_connected system=LUP user=LOPEZHJC
10:32:44 [INFO] core.queue_model — queue_worker_sap_connected
10:32:44 [INFO] core.sap_client — setup_phase1_start
10:32:51 [INFO] core.sap_client — tx_opened code=/nZMOVEINBHU current_tx=ZMOVEINBHU
10:32:51 [INFO] core.sap_client — phase1_ready — ctxtP_HU confirmed
10:32:54 [WARNING] core.sap_client — hu_phase1_error_alv hu=C1016546216 msg='Wrong HU'
10:32:57 [WARNING] core.queue_model — hu_skipped_f2 hu=C1016546216 reason=Wrong HU
10:32:57 [INFO] core.queue_model — pallet_boundary single_hu pallet=1 accumulated=[1]
10:32:58 [INFO] core.sap_client — hu_phase1_duplicate hu=TH0000297235 popup_title='Information' popup_text='The inserted HU does not contain positions'
10:32:58 [INFO] core.sap_client — setup_phase2_start
10:33:00 [INFO] core.sap_client — tx_opened code=/nZMMTIJSEP current_tx=ZMMTIJSEP
10:33:00 [INFO] core.sap_client — phase2_ready — txtGV_HU confirmed
10:33:01 [INFO] core.sap_client — hu_phase2_ok hu=TH0000297235 duration_ms=928 phase2_wait=0.5
10:33:01 [INFO] core.queue_model — pallet_boundary single_hu pallet=2 accumulated=[1, 2]
10:33:01 [INFO] core.queue_model — flush_single_hu_pallets pallets=[1, 2] hu_codes=['TH0000297235']
10:33:08 [INFO] core.sap_client — tx_opened code=/nSP01 current_tx=SP01
10:33:12 [INFO] core.sap_client — sp01_scan start scroll_max=0
10:33:13 [INFO] core.sap_client — sp01_scan_done pending=1 completed=0 hu_filter=['TH0000297235']
10:33:13 [INFO] core.sap_client — sp01_attempt=0 pending=1 completed=0 expected=1
10:33:13 [INFO] core.sap_client — sp01_marked scroll=0 row=4 title=CN-CON-003_TH0000297235_20260410170645
10:33:13 [INFO] core.sap_client — sp01_mark_done total_marked=1
10:33:15 [INFO] core.print_watcher — print_watcher_started idle_timeout=12.0s expected=1
10:33:15 [INFO] core.sap_client — sp01_print_confirmed via=btn[13] marked=1
10:33:16 [INFO] core.sap_client — sp01_global_done result={'status': 'ok', 'message': 'SP01 OK — 1 spool(s) impreso(s)', 'marked': 1}
10:33:16 [INFO] core.queue_model — waiting_for_print_watcher...
10:33:16 [INFO] core.print_watcher — method1_BM_CLICK ok_hwnd=3215804
10:33:17 [INFO] core.print_watcher — confirm_success method=BM_CLICK hwnd=5051538
10:33:17 [INFO] core.print_watcher — print_dialog_confirmed count=1
10:33:17 [INFO] core.print_watcher — print_watcher_all_confirmed expected=1 confirmed=1
10:33:17 [INFO] core.print_watcher — print_watcher_stopped confirmed=1
10:33:17 [INFO] core.queue_model — print_watcher_finished confirmed=1
10:33:17 [INFO] core.queue_model — sp01_flush_result={'status': 'ok', 'message': 'SP01 OK — 1 spool(s) impreso(s)', 'marked': 1} print_dialogs_confirmed=1
10:33:17 [INFO] core.queue_model — queue_worker_stopped
10:33:17 [INFO] core.queue_model — queue_worker_stop_requested
10:34:53 [WARNING] core.queue_model — hu_duplicate_scan hu=C1016546216
10:34:58 [INFO] core.queue_model — reprocess_all — reiniciados 2 HUs, relenados en cola
10:35:03 [INFO] core.queue_model — queue_worker_started dynamic_print_mode
10:35:03 [INFO] core.sap_client — sap_connected system=LUP user=LOPEZHJC
10:35:03 [INFO] core.queue_model — queue_worker_sap_connected
10:35:03 [INFO] core.sap_client — setup_phase1_start
10:35:10 [INFO] core.sap_client — tx_opened code=/nZMOVEINBHU current_tx=ZMOVEINBHU
10:35:10 [INFO] core.sap_client — phase1_ready — ctxtP_HU confirmed
10:35:15 [INFO] core.sap_client — hu_phase1_duplicate hu=C1016546216 popup_title='Information' popup_text='The inserted HU does not contain positions'
10:35:15 [INFO] core.sap_client — setup_phase2_start
10:35:23 [INFO] core.sap_client — tx_opened code=/nZMMTIJSEP current_tx=ZMMTIJSEP
10:35:23 [INFO] core.sap_client — phase2_ready — txtGV_HU confirmed
10:35:27 [INFO] core.sap_client — hu_phase2_ok hu=C1016546216 duration_ms=3935 phase2_wait=3.5
10:35:27 [INFO] core.queue_model — pallet_boundary single_hu pallet=1 accumulated=[1]
10:35:27 [INFO] core.sap_client — setup_phase1_start
10:35:28 [INFO] core.sap_client — tx_opened code=/nZMOVEINBHU current_tx=ZMOVEINBHU
10:35:28 [INFO] core.sap_client — phase1_ready — ctxtP_HU confirmed
10:35:30 [INFO] core.sap_client — hu_phase1_duplicate hu=TH0000297235 popup_title='Information' popup_text='The inserted HU does not contain positions'
10:35:30 [WARNING] core.sap_client — phase2_wrong_screen hu=TH0000297235 — re-navigating
10:35:30 [INFO] core.sap_client — setup_phase2_start
10:35:32 [INFO] core.sap_client — tx_opened code=/nZMMTIJSEP current_tx=ZMMTIJSEP
10:35:32 [INFO] core.sap_client — phase2_ready — txtGV_HU confirmed
10:35:32 [INFO] core.sap_client — hu_phase2_ok hu=TH0000297235 duration_ms=2688 phase2_wait=0.5
10:35:32 [INFO] core.queue_model — pallet_boundary single_hu pallet=2 accumulated=[1, 2]
10:35:32 [INFO] core.queue_model — flush_single_hu_pallets pallets=[1, 2] hu_codes=['C1016546216', 'TH0000297235']
10:35:40 [INFO] core.sap_client — tx_opened code=/nSP01 current_tx=SP01
10:35:44 [INFO] core.sap_client — sp01_scan start scroll_max=0
10:35:45 [INFO] core.sap_client — sp01_scan_done pending=2 completed=0 hu_filter=['C1016546216', 'TH0000297235']
10:35:45 [INFO] core.sap_client — sp01_attempt=0 pending=2 completed=0 expected=2
10:35:45 [INFO] core.sap_client — sp01_marked scroll=0 row=4 title=CN-CON-003_TH0000297235_20260410170645
10:35:45 [INFO] core.sap_client — sp01_marked scroll=0 row=6 title=CN-CON-003_C1016546216_20260410173439
10:35:45 [INFO] core.sap_client — sp01_mark_done total_marked=2
10:35:47 [INFO] core.print_watcher — print_watcher_started idle_timeout=12.0s expected=2
10:35:47 [INFO] core.sap_client — sp01_print_confirmed via=btn[25] marked=2
10:35:48 [INFO] core.sap_client — sp01_global_done result={'status': 'ok', 'message': 'SP01 OK — 2 spool(s) impreso(s)', 'marked': 2}
10:35:48 [INFO] core.queue_model — waiting_for_print_watcher...
10:35:48 [INFO] core.print_watcher — method1_BM_CLICK ok_hwnd=1316244
10:35:48 [INFO] core.print_watcher — confirm_success method=BM_CLICK hwnd=3670324
10:35:48 [INFO] core.print_watcher — print_dialog_confirmed count=1
10:35:50 [INFO] core.print_watcher — method1_BM_CLICK ok_hwnd=16845826
10:35:50 [INFO] core.print_watcher — confirm_success method=BM_CLICK hwnd=3735860
10:35:50 [INFO] core.print_watcher — print_dialog_confirmed count=2
10:35:50 [INFO] core.print_watcher — print_watcher_all_confirmed expected=2 confirmed=2
10:35:50 [INFO] core.print_watcher — print_watcher_stopped confirmed=2
10:35:50 [INFO] core.queue_model — print_watcher_finished confirmed=2
10:35:50 [INFO] core.queue_model — sp01_flush_result={'status': 'ok', 'message': 'SP01 OK — 2 spool(s) impreso(s)', 'marked': 2} print_dialogs_confirmed=2
10:35:50 [INFO] core.queue_model — queue_worker_stopped
10:35:50 [INFO] core.queue_model — queue_worker_stop_requested
11:15:44 [INFO] core.queue_model — new_pallet id=3
11:15:49 [INFO] core.queue_model — release_pallet id=3 reciclado=[3]
11:22:43 [INFO] core.queue_model — new_pallet id=1
11:23:38 [INFO] core.queue_model — new_pallet id=1
11:27:17 [INFO] core.queue_model — new_pallet id=1
11:29:10 [INFO] core.queue_model — new_pallet id=1
11:29:24 [INFO] core.queue_model — new_pallet id=1
11:33:07 [INFO] core.queue_model — new_pallet id=1
11:34:48 [INFO] core.queue_model — new_pallet id=1
11:35:01 [INFO] core.queue_model — new_pallet id=1
11:37:41 [INFO] core.queue_model — new_pallet id=1
11:38:45 [INFO] core.queue_model — new_pallet id=1
11:39:49 [INFO] core.queue_model — new_pallet id=1
11:40:32 [INFO] core.queue_model — new_pallet id=1
11:41:02 [INFO] core.queue_model — new_pallet id=1
11:41:15 [INFO] core.queue_model — new_pallet id=1
11:45:04 [INFO] core.queue_model — new_pallet id=1
11:47:01 [INFO] core.queue_model — new_pallet id=1
11:50:16 [INFO] core.queue_model — new_pallet id=1
11:56:28 [INFO] core.queue_model — new_pallet id=1
11:56:47 [INFO] core.queue_model — new_pallet id=1
12:00:22 [INFO] core.queue_model — new_pallet id=1
12:00:52 [INFO] core.queue_model — new_pallet id=1
12:01:55 [INFO] core.queue_model — new_pallet id=1
12:02:06 [INFO] core.queue_model — hu_added hu=TH0000268240 pallet=1 origin=THA
12:02:08 [INFO] core.queue_model — hu_added hu=TH0000268200 pallet=1 origin=THA
12:02:16 [INFO] core.queue_model — hu_added hu=T10045844687 pallet=2 origin=CNA
12:02:19 [INFO] core.queue_model — hu_added hu=T10045844402 pallet=2 origin=CNA
12:02:50 [INFO] core.queue_model — queue_worker_started dynamic_print_mode
12:02:50 [INFO] core.sap_client — sap_connected system=LUP user=LOPEZHJC
12:02:50 [INFO] core.queue_model — queue_worker_sap_connected
12:02:50 [INFO] core.sap_client — setup_phase1_start
12:02:52 [INFO] core.sap_client — tx_opened code=/nZMOVEINBHU current_tx=ZMOVEINBHU
12:02:52 [INFO] core.sap_client — phase1_ready — ctxtP_HU confirmed
12:02:54 [INFO] core.sap_client — hu_phase1_duplicate hu=TH0000268240 popup_title='Information' popup_text='The inserted HU does not contain positions'
12:02:54 [INFO] core.sap_client — setup_phase2_start
12:02:55 [INFO] core.sap_client — tx_opened code=/nZMMTIJSEP current_tx=ZMMTIJSEP
12:02:55 [INFO] core.sap_client — phase2_ready — txtGV_HU confirmed
12:02:56 [INFO] core.sap_client — hu_phase2_ok hu=TH0000268240 duration_ms=910 phase2_wait=0.5
12:02:56 [INFO] core.sap_client — setup_phase1_start
12:02:58 [INFO] core.sap_client — tx_opened code=/nZMOVEINBHU current_tx=ZMOVEINBHU
12:02:58 [INFO] core.sap_client — phase1_ready — ctxtP_HU confirmed
12:03:00 [INFO] core.sap_client — hu_phase1_duplicate hu=TH0000268200 popup_title='Information' popup_text='The inserted HU does not contain positions'
12:03:00 [WARNING] core.sap_client — phase2_wrong_screen hu=TH0000268200 — re-navigating
12:03:00 [INFO] core.sap_client — setup_phase2_start
12:03:02 [INFO] core.sap_client — tx_opened code=/nZMMTIJSEP current_tx=ZMMTIJSEP
12:03:02 [INFO] core.sap_client — phase2_ready — txtGV_HU confirmed
12:03:03 [INFO] core.sap_client — hu_phase2_ok hu=TH0000268200 duration_ms=2789 phase2_wait=0.5
12:03:03 [INFO] core.queue_model — pallet_boundary multi_hu pallet=1 count=2 hu_codes=['TH0000268240', 'TH0000268200']
12:03:04 [INFO] core.sap_client — tx_opened code=/nSP01 current_tx=SP01
12:03:06 [INFO] core.sap_client — sp01_scan start scroll_max=0
12:03:07 [INFO] core.sap_client — sp01_scan_done pending=2 completed=0 hu_filter=['TH0000268240', 'TH0000268200']
12:03:07 [INFO] core.sap_client — sp01_attempt=0 pending=2 completed=0 expected=2
12:03:07 [INFO] core.sap_client — sp01_marked scroll=0 row=4 title=CN-CON-003_TH0000268200_20260305002245
12:03:07 [INFO] core.sap_client — sp01_marked scroll=0 row=6 title=CN-CON-003_TH0000268240_20260305002251
12:03:07 [INFO] core.sap_client — sp01_mark_done total_marked=2
12:03:09 [INFO] core.print_watcher — print_watcher_started idle_timeout=12.0s expected=2
12:03:09 [INFO] core.sap_client — sp01_print_confirmed via=btn[25] marked=2
12:03:10 [INFO] core.sap_client — sp01_pallet_done result={'status': 'ok', 'message': 'SP01 OK — 2 spool(s) impreso(s)', 'marked': 2} hu_codes=['TH0000268240', 'TH0000268200']
12:03:10 [INFO] core.queue_model — waiting_for_print_watcher...
12:03:11 [INFO] core.print_watcher — method1_BM_CLICK ok_hwnd=10097162
12:03:11 [INFO] core.print_watcher — confirm_success method=BM_CLICK hwnd=10423564
12:03:11 [INFO] core.print_watcher — print_dialog_confirmed count=1
12:03:12 [INFO] core.print_watcher — method1_BM_CLICK ok_hwnd=21762708
12:03:12 [INFO] core.print_watcher — confirm_success method=BM_CLICK hwnd=7473576
12:03:12 [INFO] core.print_watcher — print_dialog_confirmed count=2
12:03:12 [INFO] core.print_watcher — print_watcher_all_confirmed expected=2 confirmed=2
12:03:12 [INFO] core.print_watcher — print_watcher_stopped confirmed=2
12:03:13 [INFO] core.queue_model — print_watcher_finished confirmed=2
12:03:13 [INFO] core.queue_model — sp01_pallet_result={'status': 'ok', 'message': 'SP01 OK — 2 spool(s) impreso(s)', 'marked': 2} print_dialogs_confirmed=2
12:03:18 [INFO] core.queue_model — queue_worker_resumed_by_ui
12:03:18 [INFO] core.queue_model — queue_worker_resumed_processing
12:03:18 [INFO] core.sap_client — setup_phase1_start
12:03:20 [INFO] core.sap_client — tx_opened code=/nZMOVEINBHU current_tx=ZMOVEINBHU
12:03:20 [INFO] core.sap_client — phase1_ready — ctxtP_HU confirmed
12:03:22 [INFO] core.sap_client — hu_phase1_duplicate hu=T10045844687 popup_title='Information' popup_text='The inserted HU does not contain positions'
12:03:22 [INFO] core.sap_client — setup_phase2_start
12:03:24 [INFO] core.sap_client — tx_opened code=/nZMMTIJSEP current_tx=ZMMTIJSEP
12:03:24 [INFO] core.sap_client — phase2_ready — txtGV_HU confirmed
12:03:26 [INFO] core.sap_client — hu_phase2_ok hu=T10045844687 duration_ms=1424 phase2_wait=1.0
12:03:26 [INFO] core.sap_client — setup_phase1_start
12:03:28 [INFO] core.sap_client — tx_opened code=/nZMOVEINBHU current_tx=ZMOVEINBHU
12:03:28 [INFO] core.sap_client — phase1_ready — ctxtP_HU confirmed
12:03:30 [INFO] core.sap_client — hu_phase1_duplicate hu=T10045844402 popup_title='Information' popup_text='The inserted HU does not contain positions'
12:03:30 [WARNING] core.sap_client — phase2_wrong_screen hu=T10045844402 — re-navigating
12:03:30 [INFO] core.sap_client — setup_phase2_start
12:03:32 [INFO] core.sap_client — tx_opened code=/nZMMTIJSEP current_tx=ZMMTIJSEP
12:03:32 [INFO] core.sap_client — phase2_ready — txtGV_HU confirmed
12:03:34 [INFO] core.sap_client — hu_phase2_ok hu=T10045844402 duration_ms=3888 phase2_wait=1.0
12:03:34 [INFO] core.queue_model — pallet_boundary multi_hu pallet=2 count=2 hu_codes=['T10045844687', 'T10045844402']
12:03:36 [INFO] core.sap_client — tx_opened code=/nSP01 current_tx=SP01
12:03:38 [INFO] core.sap_client — sp01_scan start scroll_max=3
12:03:39 [INFO] core.sap_client — sp01_scan_done pending=2 completed=0 hu_filter=['T10045844687', 'T10045844402']
12:03:39 [INFO] core.sap_client — sp01_attempt=0 pending=2 completed=0 expected=2
12:03:39 [INFO] core.sap_client — sp01_marked scroll=0 row=4 title=CN-CON-003_T10045844402_20260305000443
12:03:40 [INFO] core.sap_client — sp01_marked scroll=0 row=6 title=CN-CON-003_T10045844687_20260305000439
12:03:40 [INFO] core.sap_client — sp01_mark_done total_marked=2
12:03:41 [INFO] core.print_watcher — print_watcher_started idle_timeout=12.0s expected=2
12:03:42 [INFO] core.sap_client — sp01_print_confirmed via=btn[25] marked=2
12:03:43 [INFO] core.sap_client — sp01_pallet_done result={'status': 'ok', 'message': 'SP01 OK — 2 spool(s) impreso(s)', 'marked': 2} hu_codes=['T10045844687', 'T10045844402']
12:03:43 [INFO] core.queue_model — waiting_for_print_watcher...
12:03:43 [INFO] core.print_watcher — method1_BM_CLICK ok_hwnd=6033710
12:03:43 [INFO] core.print_watcher — confirm_success method=BM_CLICK hwnd=10949778
12:03:43 [INFO] core.print_watcher — print_dialog_confirmed count=1
12:03:45 [INFO] core.print_watcher — method1_BM_CLICK ok_hwnd=9375206
12:03:45 [INFO] core.print_watcher — confirm_success method=BM_CLICK hwnd=18025706
12:03:45 [INFO] core.print_watcher — print_dialog_confirmed count=2
12:03:45 [INFO] core.print_watcher — print_watcher_all_confirmed expected=2 confirmed=2
12:03:45 [INFO] core.print_watcher — print_watcher_stopped confirmed=2
12:03:45 [INFO] core.queue_model — print_watcher_finished confirmed=2
12:03:45 [INFO] core.queue_model — sp01_pallet_result={'status': 'ok', 'message': 'SP01 OK — 2 spool(s) impreso(s)', 'marked': 2} print_dialogs_confirmed=2
12:03:45 [INFO] core.queue_model — queue_worker_stopped
12:03:45 [INFO] core.queue_model — queue_worker_stop_requested
12:07:05 [INFO] core.queue_model — new_pallet id=1
12:07:15 [INFO] core.queue_model — hu_added hu=C1016546216 pallet=1 origin=BRA/ATL
12:07:16 [INFO] core.queue_model — hu_added hu=2972642704 pallet=2 origin=ITA
12:07:19 [INFO] core.queue_model — queue_worker_started dynamic_print_mode
12:07:19 [INFO] core.sap_client — sap_connected system=LUP user=LOPEZHJC
12:07:19 [INFO] core.queue_model — queue_worker_sap_connected
12:07:19 [INFO] core.sap_client — setup_phase1_start
12:07:25 [INFO] core.sap_client — tx_opened code=/nZMOVEINBHU current_tx=ZMOVEINBHU
12:07:25 [INFO] core.sap_client — phase1_ready — ctxtP_HU confirmed
12:07:29 [INFO] core.sap_client — hu_phase1_duplicate hu=C1016546216 popup_title='Information' popup_text='The inserted HU does not contain positions'
12:07:29 [INFO] core.sap_client — setup_phase2_start
12:07:36 [INFO] core.sap_client — tx_opened code=/nZMMTIJSEP current_tx=ZMMTIJSEP
12:07:36 [INFO] core.sap_client — phase2_ready — txtGV_HU confirmed
12:07:38 [INFO] core.sap_client — hu_phase2_ok hu=C1016546216 duration_ms=2841 phase2_wait=2.5
12:07:38 [INFO] core.queue_model — pallet_boundary single_hu pallet=1 accumulated=[1]
12:07:38 [INFO] core.sap_client — setup_phase1_start
12:07:45 [INFO] core.sap_client — tx_opened code=/nZMOVEINBHU current_tx=ZMOVEINBHU
12:07:45 [INFO] core.sap_client — phase1_ready — ctxtP_HU confirmed
12:07:49 [INFO] core.sap_client — hu_phase1_duplicate hu=2972642704 popup_title='Information' popup_text='The inserted HU does not contain positions'
12:07:49 [WARNING] core.sap_client — phase2_wrong_screen hu=2972642704 — re-navigating
12:07:49 [INFO] core.sap_client — setup_phase2_start
12:07:55 [INFO] core.sap_client — tx_opened code=/nZMMTIJSEP current_tx=ZMMTIJSEP
12:07:55 [INFO] core.sap_client — phase2_ready — txtGV_HU confirmed
12:07:58 [INFO] core.sap_client — hu_phase2_ok hu=2972642704 duration_ms=9461 phase2_wait=2.5
12:07:58 [INFO] core.queue_model — pallet_boundary single_hu pallet=2 accumulated=[1, 2]
12:07:58 [INFO] core.queue_model — flush_single_hu_pallets pallets=[1, 2] hu_codes=['C1016546216', '2972642704']
12:08:05 [INFO] core.sap_client — tx_opened code=/nSP01 current_tx=SP01
12:08:08 [INFO] core.sap_client — sp01_scan start scroll_max=7
12:08:09 [INFO] core.sap_client — sp01_scan_done pending=2 completed=0 hu_filter=['C1016546216', '2972642704']
12:08:09 [INFO] core.sap_client — sp01_attempt=0 pending=2 completed=0 expected=2
12:08:09 [INFO] core.sap_client — sp01_marked scroll=0 row=4 title=CN-CON-003_00000000002972642704_20260409211823
12:08:10 [INFO] core.sap_client — sp01_marked scroll=0 row=6 title=CN-CON-003_C1016546216_20260410173439
12:08:10 [INFO] core.sap_client — sp01_mark_done total_marked=2
12:08:12 [INFO] core.print_watcher — print_watcher_started idle_timeout=12.0s expected=2
12:08:12 [INFO] core.sap_client — sp01_print_confirmed via=btn[25] marked=2
12:08:13 [INFO] core.sap_client — sp01_global_done result={'status': 'ok', 'message': 'SP01 OK — 2 spool(s) impreso(s)', 'marked': 2}
12:08:13 [INFO] core.queue_model — waiting_for_print_watcher...
12:08:14 [INFO] core.print_watcher — method1_BM_CLICK ok_hwnd=5440840
12:08:14 [INFO] core.print_watcher — confirm_success method=BM_CLICK hwnd=18091242
12:08:14 [INFO] core.print_watcher — print_dialog_confirmed count=1
12:08:15 [INFO] core.print_watcher — method1_BM_CLICK ok_hwnd=16187918
12:08:16 [INFO] core.print_watcher — confirm_success method=BM_CLICK hwnd=3085976
12:08:16 [INFO] core.print_watcher — print_dialog_confirmed count=2
12:08:16 [INFO] core.print_watcher — print_watcher_all_confirmed expected=2 confirmed=2
12:08:16 [INFO] core.print_watcher — print_watcher_stopped confirmed=2
12:08:16 [INFO] core.queue_model — print_watcher_finished confirmed=2
12:08:16 [INFO] core.queue_model — sp01_flush_result={'status': 'ok', 'message': 'SP01 OK — 2 spool(s) impreso(s)', 'marked': 2} print_dialogs_confirmed=2
12:08:16 [INFO] core.queue_model — queue_worker_stopped
12:08:16 [INFO] core.queue_model — queue_worker_stop_requested
12:10:06 [INFO] core.queue_model — new_pallet id=1
12:10:18 [INFO] core.queue_model — hu_added hu=2972626790 pallet=1 origin=ITA
12:10:21 [INFO] core.queue_model — hu_added hu=2972626912 pallet=2 origin=ITA
12:10:35 [INFO] core.queue_model — queue_worker_started dynamic_print_mode
12:10:36 [INFO] core.sap_client — sap_connected system=LUP user=LOPEZHJC
12:10:36 [INFO] core.queue_model — queue_worker_sap_connected
12:10:36 [INFO] core.sap_client — setup_phase1_start
12:10:42 [INFO] core.sap_client — tx_opened code=/nZMOVEINBHU current_tx=ZMOVEINBHU
12:10:42 [INFO] core.sap_client — phase1_ready — ctxtP_HU confirmed
12:10:49 [INFO] core.sap_client — hu_phase1_ok hu=2972626790 msg='Packaging data was saved. Material document 7578078977 was created'
12:10:49 [INFO] core.sap_client — setup_phase2_start
12:10:56 [INFO] core.sap_client — tx_opened code=/nZMMTIJSEP current_tx=ZMMTIJSEP
12:10:56 [INFO] core.sap_client — phase2_ready — txtGV_HU confirmed
12:11:00 [INFO] core.sap_client — hu_phase2_ok hu=2972626790 duration_ms=3836 phase2_wait=2.5
12:11:00 [INFO] core.queue_model — pallet_boundary single_hu pallet=1 accumulated=[1]
12:11:00 [INFO] core.sap_client — setup_phase1_start
12:11:06 [INFO] core.sap_client — tx_opened code=/nZMOVEINBHU current_tx=ZMOVEINBHU
12:11:06 [INFO] core.sap_client — phase1_ready — ctxtP_HU confirmed
12:11:15 [INFO] core.sap_client — hu_phase1_ok hu=2972626912 msg='Packaging data was saved. Material document 7578079018 was created'
12:11:15 [WARNING] core.sap_client — phase2_wrong_screen hu=2972626912 — re-navigating
12:11:15 [INFO] core.sap_client — setup_phase2_start
12:11:22 [INFO] core.sap_client — tx_opened code=/nZMMTIJSEP current_tx=ZMMTIJSEP
12:11:22 [INFO] core.sap_client — phase2_ready — txtGV_HU confirmed
12:11:25 [INFO] core.sap_client — hu_phase2_ok hu=2972626912 duration_ms=9972 phase2_wait=2.5
12:11:25 [INFO] core.queue_model — pallet_boundary single_hu pallet=2 accumulated=[1, 2]
12:11:25 [INFO] core.queue_model — flush_single_hu_pallets pallets=[1, 2] hu_codes=['2972626790', '2972626912']
12:11:32 [INFO] core.sap_client — tx_opened code=/nSP01 current_tx=SP01
12:11:36 [INFO] core.sap_client — sp01_scan start scroll_max=9
12:11:43 [INFO] core.sap_client — sp01_scan_done pending=1 completed=0 hu_filter=['2972626790', '2972626912']
12:11:43 [INFO] core.sap_client — sp01_attempt=0 pending=1 completed=0 expected=2
12:11:43 [WARNING] core.sap_client — sp01_waiting_spools attempt=1/40 pending=1 completed=0 expected=2 — refresh in 4.0s
12:11:48 [INFO] core.sap_client — sp01_scan start scroll_max=9
12:11:55 [INFO] core.sap_client — sp01_scan_done pending=1 completed=0 hu_filter=['2972626790', '2972626912']
12:11:55 [INFO] core.sap_client — sp01_attempt=1 pending=1 completed=0 expected=2
12:11:55 [WARNING] core.sap_client — sp01_waiting_spools attempt=2/40 pending=1 completed=0 expected=2 — refresh in 4.0s
12:12:00 [INFO] core.sap_client — sp01_scan start scroll_max=11
12:12:02 [INFO] core.sap_client — sp01_scan_done pending=2 completed=0 hu_filter=['2972626790', '2972626912']
12:12:02 [INFO] core.sap_client — sp01_attempt=2 pending=2 completed=0 expected=2
12:12:02 [INFO] core.sap_client — sp01_marked scroll=0 row=4 title=CN-CON-003_00000000002972626912_20260410191122
12:12:03 [INFO] core.sap_client — sp01_marked scroll=0 row=6 title=CN-CON-003_00000000002972626790_20260410191057
12:12:03 [INFO] core.sap_client — sp01_mark_done total_marked=2
12:12:05 [INFO] core.print_watcher — print_watcher_started idle_timeout=12.0s expected=2
12:12:05 [INFO] core.sap_client — sp01_print_confirmed via=btn[25] marked=2
12:12:06 [INFO] core.sap_client — sp01_global_done result={'status': 'ok', 'message': 'SP01 OK — 2 spool(s) impreso(s)', 'marked': 2}
12:12:06 [INFO] core.queue_model — waiting_for_print_watcher...
12:12:07 [INFO] core.print_watcher — method1_BM_CLICK ok_hwnd=5571912
12:12:07 [INFO] core.print_watcher — confirm_success method=BM_CLICK hwnd=16253454
12:12:07 [INFO] core.print_watcher — print_dialog_confirmed count=1
12:12:08 [INFO] core.print_watcher — method1_BM_CLICK ok_hwnd=5968208
12:12:08 [INFO] core.print_watcher — confirm_success method=BM_CLICK hwnd=17435650
12:12:08 [INFO] core.print_watcher — print_dialog_confirmed count=2
12:12:08 [INFO] core.print_watcher — print_watcher_all_confirmed expected=2 confirmed=2
12:12:08 [INFO] core.print_watcher — print_watcher_stopped confirmed=2
12:12:08 [INFO] core.queue_model — print_watcher_finished confirmed=2
12:12:08 [INFO] core.queue_model — sp01_flush_result={'status': 'ok', 'message': 'SP01 OK — 2 spool(s) impreso(s)', 'marked': 2} print_dialogs_confirmed=2
12:12:08 [INFO] core.queue_model — queue_worker_stopped
12:12:08 [INFO] core.queue_model — queue_worker_stop_requested
15:20:12 [INFO] core.queue_model — new_pallet id=1
15:21:56 [INFO] core.queue_model — hu_added hu=2972626631 pallet=1 origin=ITA
15:21:57 [INFO] core.queue_model — queue_worker_started dynamic_print_mode
15:21:57 [INFO] core.sap_client — sap_connected system=LUP user=LOPEZHJC
15:21:57 [INFO] core.queue_model — queue_worker_sap_connected
15:21:57 [INFO] core.sap_client — setup_phase1_start
15:21:58 [INFO] core.queue_model — hu_added hu=2972626682 pallet=2 origin=ITA
15:22:04 [INFO] core.sap_client — tx_opened code=/nZMOVEINBHU current_tx=ZMOVEINBHU
15:22:04 [INFO] core.sap_client — phase1_ready — ctxtP_HU confirmed
15:22:11 [INFO] core.queue_model — hu_added hu=2972627036 pallet=3 origin=ITA
15:22:11 [INFO] core.queue_model — hu_added hu=2972626630 pallet=4 origin=ITA
15:22:14 [INFO] core.sap_client — hu_phase1_ok hu=2972626631 msg='Packaging data was saved. Material document 7578178175 was created'
15:22:14 [INFO] core.sap_client — setup_phase2_start
15:22:19 [INFO] core.queue_model — hu_added hu=2972626627 pallet=5 origin=ITA
15:22:21 [INFO] core.queue_model — hu_added hu=2972626647 pallet=6 origin=ITA
15:22:21 [INFO] core.sap_client — tx_opened code=/nZMMTIJSEP current_tx=ZMMTIJSEP
15:22:21 [INFO] core.sap_client — phase2_ready — txtGV_HU confirmed
15:22:24 [INFO] core.sap_client — hu_phase2_ok hu=2972626631 duration_ms=2577 phase2_wait=1.5
15:22:24 [INFO] core.queue_model — pallet_boundary single_hu pallet=1 accumulated=[1]
15:22:24 [INFO] core.sap_client — setup_phase1_start
15:22:25 [INFO] core.queue_model — hu_added hu=2972626683 pallet=7 origin=ITA
15:22:30 [INFO] core.sap_client — tx_opened code=/nZMOVEINBHU current_tx=ZMOVEINBHU
15:22:30 [INFO] core.sap_client — phase1_ready — ctxtP_HU confirmed
15:22:43 [INFO] core.queue_model — hu_added hu=2972648830 pallet=8 origin=ITA
15:22:45 [INFO] core.sap_client — hu_phase1_ok hu=2972626682 msg='Packaging data was saved. Material document 7578178203 was created'
15:22:45 [WARNING] core.sap_client — phase2_wrong_screen hu=2972626682 — re-navigating
15:22:45 [INFO] core.sap_client — setup_phase2_start
15:22:46 [INFO] core.queue_model — hu_added hu=2972651349 pallet=9 origin=ITA
15:22:52 [INFO] core.sap_client — tx_opened code=/nZMMTIJSEP current_tx=ZMMTIJSEP
15:22:52 [INFO] core.sap_client — phase2_ready — txtGV_HU confirmed
15:22:53 [INFO] core.queue_model — hu_added hu=2972626638 pallet=10 origin=ITA
15:22:53 [INFO] core.queue_model — hu_added hu=2972626636 pallet=11 origin=ITA
15:22:55 [INFO] core.sap_client — hu_phase2_ok hu=2972626682 duration_ms=9145 phase2_wait=1.5
15:22:55 [INFO] core.queue_model — pallet_boundary single_hu pallet=2 accumulated=[1, 2]
15:22:55 [WARNING] core.sap_client — phase1_wrong_screen hu=2972627036 — re-navigating
15:22:55 [INFO] core.sap_client — setup_phase1_start
15:22:55 [INFO] core.queue_model — hu_added hu=2972626637 pallet=12 origin=ITA
15:23:01 [INFO] core.sap_client — tx_opened code=/nZMOVEINBHU current_tx=ZMOVEINBHU
15:23:01 [INFO] core.sap_client — phase1_ready — ctxtP_HU confirmed
15:23:10 [INFO] core.queue_model — hu_added hu=2972626649 pallet=13 origin=ITA
15:23:10 [INFO] core.sap_client — hu_phase1_ok hu=2972627036 msg='Packaging data was saved. Material document 7578178222 was created'
15:23:10 [WARNING] core.sap_client — phase2_wrong_screen hu=2972627036 — re-navigating
15:23:10 [INFO] core.sap_client — setup_phase2_start
15:23:14 [INFO] core.queue_model — hu_added hu=2972626635 pallet=14 origin=ITA
15:23:16 [INFO] core.sap_client — tx_opened code=/nZMMTIJSEP current_tx=ZMMTIJSEP
15:23:16 [INFO] core.sap_client — phase2_ready — txtGV_HU confirmed
15:23:17 [INFO] core.queue_model — hu_added hu=2972651309 pallet=15 origin=ITA
15:23:19 [INFO] core.sap_client — hu_phase2_ok hu=2972627036 duration_ms=8864 phase2_wait=1.5
15:23:19 [INFO] core.queue_model — pallet_boundary single_hu pallet=3 accumulated=[1, 2, 3]
15:23:19 [WARNING] core.sap_client — phase1_wrong_screen hu=2972626630 — re-navigating
15:23:19 [INFO] core.sap_client — setup_phase1_start
15:23:25 [INFO] core.sap_client — tx_opened code=/nZMOVEINBHU current_tx=ZMOVEINBHU
15:23:25 [INFO] core.sap_client — phase1_ready — ctxtP_HU confirmed
15:23:31 [WARNING] core.queue_model — hu_duplicate_scan hu=2972626637
15:23:33 [WARNING] core.queue_model — hu_duplicate_scan hu=2972626636
15:23:34 [WARNING] core.queue_model — hu_duplicate_scan hu=2972626638
15:23:34 [INFO] core.sap_client — hu_phase1_ok hu=2972626630 msg='Packaging data was saved. Material document 7578178930 was created'
15:23:34 [WARNING] core.sap_client — phase2_wrong_screen hu=2972626630 — re-navigating
15:23:34 [INFO] core.sap_client — setup_phase2_start
15:23:41 [INFO] core.sap_client — tx_opened code=/nZMMTIJSEP current_tx=ZMMTIJSEP
15:23:41 [INFO] core.sap_client — phase2_ready — txtGV_HU confirmed
15:23:43 [INFO] core.sap_client — hu_phase2_ok hu=2972626630 duration_ms=8908 phase2_wait=1.5
15:23:43 [INFO] core.queue_model — pallet_boundary single_hu pallet=4 accumulated=[1, 2, 3, 4]
15:23:43 [WARNING] core.sap_client — phase1_wrong_screen hu=2972626627 — re-navigating
15:23:43 [INFO] core.sap_client — setup_phase1_start
15:23:50 [INFO] core.sap_client — tx_opened code=/nZMOVEINBHU current_tx=ZMOVEINBHU
15:23:50 [INFO] core.sap_client — phase1_ready — ctxtP_HU confirmed
15:23:57 [INFO] core.sap_client — hu_phase1_ok hu=2972626627 msg='Packaging data was saved. Material document 7578178950 was created'
15:23:57 [WARNING] core.sap_client — phase2_wrong_screen hu=2972626627 — re-navigating
15:23:57 [INFO] core.sap_client — setup_phase2_start
15:24:04 [INFO] core.sap_client — tx_opened code=/nZMMTIJSEP current_tx=ZMMTIJSEP
15:24:04 [INFO] core.sap_client — phase2_ready — txtGV_HU confirmed
15:24:06 [INFO] core.sap_client — hu_phase2_ok hu=2972626627 duration_ms=8928 phase2_wait=1.5
15:24:06 [INFO] core.queue_model — pallet_boundary single_hu pallet=5 accumulated=[1, 2, 3, 4, 5]
15:24:06 [WARNING] core.sap_client — phase1_wrong_screen hu=2972626647 — re-navigating
15:24:06 [INFO] core.sap_client — setup_phase1_start
15:24:10 [INFO] core.queue_model — new_pallet id=16
15:24:13 [INFO] core.sap_client — tx_opened code=/nZMOVEINBHU current_tx=ZMOVEINBHU
15:24:13 [INFO] core.sap_client — phase1_ready — ctxtP_HU confirmed
15:24:17 [INFO] core.sap_client — hu_phase1_duplicate hu=2972626647 popup_title='Information' popup_text='The inserted HU does not contain positions'
15:24:17 [WARNING] core.sap_client — phase2_wrong_screen hu=2972626647 — re-navigating
15:24:17 [INFO] core.sap_client — setup_phase2_start
15:24:23 [INFO] core.sap_client — tx_opened code=/nZMMTIJSEP current_tx=ZMMTIJSEP
15:24:23 [INFO] core.sap_client — phase2_ready — txtGV_HU confirmed
15:24:25 [INFO] core.sap_client — hu_phase2_ok hu=2972626647 duration_ms=8393 phase2_wait=1.5
15:24:25 [INFO] core.queue_model — pallet_boundary single_hu pallet=6 accumulated=[1, 2, 3, 4, 5, 6]
15:24:25 [WARNING] core.sap_client — phase1_wrong_screen hu=2972626683 — re-navigating
15:24:25 [INFO] core.sap_client — setup_phase1_start
15:24:27 [INFO] core.queue_model — hu_added hu=TH0000296435 pallet=16 origin=THA
15:24:28 [INFO] core.queue_model — hu_added hu=TH0000296460 pallet=16 origin=THA
15:24:32 [INFO] core.sap_client — tx_opened code=/nZMOVEINBHU current_tx=ZMOVEINBHU
15:24:32 [INFO] core.sap_client — phase1_ready — ctxtP_HU confirmed
15:24:36 [INFO] core.queue_model — hu_added hu=TH0000296532 pallet=16 origin=THA
15:24:39 [INFO] core.sap_client — hu_phase1_ok hu=2972626683 msg='Packaging data was saved. Material document 7578179004 was created'
15:24:39 [WARNING] core.sap_client — phase2_wrong_screen hu=2972626683 — re-navigating
15:24:39 [INFO] core.sap_client — setup_phase2_start
15:24:46 [INFO] core.sap_client — tx_opened code=/nZMMTIJSEP current_tx=ZMMTIJSEP
15:24:46 [INFO] core.sap_client — phase2_ready — txtGV_HU confirmed
15:24:48 [INFO] core.sap_client — hu_phase2_ok hu=2972626683 duration_ms=8960 phase2_wait=1.5
15:24:48 [INFO] core.queue_model — pallet_boundary single_hu pallet=7 accumulated=[1, 2, 3, 4, 5, 6, 7]
15:24:48 [WARNING] core.sap_client — phase1_wrong_screen hu=2972648830 — re-navigating
15:24:48 [INFO] core.sap_client — setup_phase1_start
15:24:55 [INFO] core.sap_client — tx_opened code=/nZMOVEINBHU current_tx=ZMOVEINBHU
15:24:55 [INFO] core.sap_client — phase1_ready — ctxtP_HU confirmed
15:25:00 [INFO] core.sap_client — hu_phase1_ok hu=2972648830 msg='Packaging data was saved. Material document 7578179635 was created'
15:25:00 [WARNING] core.sap_client — phase2_wrong_screen hu=2972648830 — re-navigating
15:25:00 [INFO] core.sap_client — setup_phase2_start
15:25:07 [INFO] core.queue_model — hu_added hu=TH0000296434 pallet=16 origin=THA
15:25:07 [INFO] core.sap_client — tx_opened code=/nZMMTIJSEP current_tx=ZMMTIJSEP
15:25:07 [INFO] core.sap_client — phase2_ready — txtGV_HU confirmed
15:25:09 [INFO] core.sap_client — hu_phase2_ok hu=2972648830 duration_ms=8869 phase2_wait=1.5
15:25:09 [INFO] core.queue_model — pallet_boundary single_hu pallet=8 accumulated=[1, 2, 3, 4, 5, 6, 7, 8]
15:25:09 [WARNING] core.sap_client — phase1_wrong_screen hu=2972651349 — re-navigating
15:25:09 [INFO] core.sap_client — setup_phase1_start
15:25:13 [INFO] core.queue_model — new_pallet id=17
15:25:16 [INFO] core.sap_client — tx_opened code=/nZMOVEINBHU current_tx=ZMOVEINBHU
15:25:16 [INFO] core.sap_client — phase1_ready — ctxtP_HU confirmed
15:25:19 [INFO] core.queue_model — hu_added hu=TH0000296210 pallet=17 origin=THA
15:25:22 [INFO] core.sap_client — hu_phase1_ok hu=2972651349 msg='Packaging data was saved. Material document 7578179646 was created'
15:25:22 [WARNING] core.sap_client — phase2_wrong_screen hu=2972651349 — re-navigating
15:25:22 [INFO] core.sap_client — setup_phase2_start
15:25:23 [INFO] core.queue_model — new_pallet id=18
15:25:26 [INFO] core.queue_model — hu_added hu=TH0000296505 pallet=18 origin=THA
15:25:28 [INFO] core.queue_model — hu_added hu=TH0000296461 pallet=18 origin=THA
15:25:28 [INFO] core.sap_client — tx_opened code=/nZMMTIJSEP current_tx=ZMMTIJSEP
15:25:28 [INFO] core.sap_client — phase2_ready — txtGV_HU confirmed
15:25:31 [INFO] core.sap_client — hu_phase2_ok hu=2972651349 duration_ms=8820 phase2_wait=1.5
15:25:31 [INFO] core.queue_model — pallet_boundary single_hu pallet=9 accumulated=[1, 2, 3, 4, 5, 6, 7, 8, 9]
15:25:31 [WARNING] core.sap_client — phase1_wrong_screen hu=2972626638 — re-navigating
15:25:31 [INFO] core.sap_client — setup_phase1_start
15:25:35 [INFO] core.queue_model — new_pallet id=19
15:25:37 [INFO] core.sap_client — tx_opened code=/nZMOVEINBHU current_tx=ZMOVEINBHU
15:25:37 [INFO] core.sap_client — phase1_ready — ctxtP_HU confirmed
15:25:40 [INFO] core.queue_model — hu_added hu=TH0000296283 pallet=19 origin=THA
15:25:42 [INFO] core.sap_client — hu_phase1_ok hu=2972626638 msg='Packaging data was saved. Material document 7578179653 was created'
15:25:42 [WARNING] core.sap_client — phase2_wrong_screen hu=2972626638 — re-navigating
15:25:42 [INFO] core.sap_client — setup_phase2_start
15:25:49 [INFO] core.sap_client — tx_opened code=/nZMMTIJSEP current_tx=ZMMTIJSEP
15:25:49 [INFO] core.sap_client — phase2_ready — txtGV_HU confirmed
15:25:51 [INFO] core.sap_client — hu_phase2_ok hu=2972626638 duration_ms=8846 phase2_wait=1.5
15:25:51 [INFO] core.queue_model — pallet_boundary single_hu pallet=10 accumulated=[1, 2, 3, 4, 5, 6, 7, 8, 9, 10]
15:25:51 [WARNING] core.sap_client — phase1_wrong_screen hu=2972626636 — re-navigating
15:25:51 [INFO] core.sap_client — setup_phase1_start
15:25:53 [INFO] core.queue_model — hu_added hu=TH0000296250 pallet=19 origin=THA
15:25:57 [INFO] core.sap_client — tx_opened code=/nZMOVEINBHU current_tx=ZMOVEINBHU
15:25:57 [INFO] core.sap_client — phase1_ready — ctxtP_HU confirmed
15:26:01 [INFO] core.queue_model — hu_added hu=TH0000296205 pallet=19 origin=THA
15:26:03 [INFO] core.sap_client — hu_phase1_ok hu=2972626636 msg='Packaging data was saved. Material document 7578179662 was created'
15:26:03 [WARNING] core.sap_client — phase2_wrong_screen hu=2972626636 — re-navigating
15:26:03 [INFO] core.sap_client — setup_phase2_start
15:26:09 [INFO] core.queue_model — hu_added hu=TH0000296258 pallet=19 origin=THA
15:26:10 [INFO] core.sap_client — tx_opened code=/nZMMTIJSEP current_tx=ZMMTIJSEP
15:26:10 [INFO] core.sap_client — phase2_ready — txtGV_HU confirmed
15:26:12 [INFO] core.sap_client — hu_phase2_ok hu=2972626636 duration_ms=8790 phase2_wait=1.5
15:26:12 [INFO] core.queue_model — pallet_boundary single_hu pallet=11 accumulated=[1, 2, 3, 4, 5, 6, 7, 8, 9, 10, 11]
15:26:12 [WARNING] core.sap_client — phase1_wrong_screen hu=2972626637 — re-navigating
15:26:12 [INFO] core.sap_client — setup_phase1_start
15:26:18 [INFO] core.sap_client — tx_opened code=/nZMOVEINBHU current_tx=ZMOVEINBHU
15:26:18 [INFO] core.sap_client — phase1_ready — ctxtP_HU confirmed
15:26:23 [INFO] core.sap_client — hu_phase1_ok hu=2972626637 msg='Packaging data was saved. Material document 7578179677 was created'
15:26:23 [WARNING] core.sap_client — phase2_wrong_screen hu=2972626637 — re-navigating
15:26:23 [INFO] core.sap_client — setup_phase2_start
15:26:24 [INFO] core.queue_model — hu_added hu=TH0000296285 pallet=19 origin=THA
15:26:27 [INFO] core.queue_model — hu_added hu=TH0000296212 pallet=19 origin=THA
15:26:30 [INFO] core.sap_client — tx_opened code=/nZMMTIJSEP current_tx=ZMMTIJSEP
15:26:30 [INFO] core.sap_client — phase2_ready — txtGV_HU confirmed
15:26:32 [INFO] core.sap_client — hu_phase2_ok hu=2972626637 duration_ms=8973 phase2_wait=1.5
15:26:32 [INFO] core.queue_model — pallet_boundary single_hu pallet=12 accumulated=[1, 2, 3, 4, 5, 6, 7, 8, 9, 10, 11, 12]
15:26:32 [WARNING] core.sap_client — phase1_wrong_screen hu=2972626649 — re-navigating
15:26:32 [INFO] core.sap_client — setup_phase1_start
15:26:38 [INFO] core.queue_model — hu_added hu=TH0000296214 pallet=19 origin=THA
15:26:39 [INFO] core.sap_client — tx_opened code=/nZMOVEINBHU current_tx=ZMOVEINBHU
15:26:39 [INFO] core.sap_client — phase1_ready — ctxtP_HU confirmed
15:26:45 [INFO] core.sap_client — hu_phase1_ok hu=2972626649 msg='Packaging data was saved. Material document 7578179685 was created'
15:26:45 [WARNING] core.sap_client — phase2_wrong_screen hu=2972626649 — re-navigating
15:26:45 [INFO] core.sap_client — setup_phase2_start
15:26:48 [INFO] core.queue_model — hu_added hu=C1016431149 pallet=20 origin=BRA/ATL
15:26:51 [INFO] core.sap_client — tx_opened code=/nZMMTIJSEP current_tx=ZMMTIJSEP
15:26:51 [INFO] core.sap_client — phase2_ready — txtGV_HU confirmed
15:26:51 [INFO] core.queue_model — hu_added hu=C1016431150 pallet=20 origin=BRA/ATL
15:26:53 [INFO] core.sap_client — hu_phase2_ok hu=2972626649 duration_ms=8733 phase2_wait=1.5
15:26:53 [INFO] core.queue_model — pallet_boundary single_hu pallet=13 accumulated=[1, 2, 3, 4, 5, 6, 7, 8, 9, 10, 11, 12, 13]
15:26:53 [WARNING] core.sap_client — phase1_wrong_screen hu=2972626635 — re-navigating
15:26:53 [INFO] core.sap_client — setup_phase1_start
15:26:55 [INFO] core.queue_model — hu_added hu=C1016431180 pallet=20 origin=BRA/ATL
15:26:57 [INFO] core.queue_model — hu_added hu=C1016431155 pallet=20 origin=BRA/ATL
15:26:58 [INFO] core.queue_model — hu_added hu=C1016347463 pallet=20 origin=BRA/ATL
15:27:00 [INFO] core.sap_client — tx_opened code=/nZMOVEINBHU current_tx=ZMOVEINBHU
15:27:00 [INFO] core.sap_client — phase1_ready — ctxtP_HU confirmed
15:27:02 [INFO] core.queue_model — hu_added hu=C1016431162 pallet=20 origin=BRA/ATL
15:27:06 [INFO] core.sap_client — hu_phase1_ok hu=2972626635 msg='Packaging data was saved. Material document 7578179693 was created'
15:27:06 [WARNING] core.sap_client — phase2_wrong_screen hu=2972626635 — re-navigating
15:27:06 [INFO] core.sap_client — setup_phase2_start
15:27:12 [INFO] core.sap_client — tx_opened code=/nZMMTIJSEP current_tx=ZMMTIJSEP
15:27:12 [INFO] core.sap_client — phase2_ready — txtGV_HU confirmed
15:27:13 [INFO] core.queue_model — hu_added hu=C1016431187 pallet=20 origin=BRA/ATL
15:27:15 [INFO] core.sap_client — hu_phase2_ok hu=2972626635 duration_ms=8804 phase2_wait=1.5
15:27:15 [INFO] core.queue_model — pallet_boundary single_hu pallet=14 accumulated=[1, 2, 3, 4, 5, 6, 7, 8, 9, 10, 11, 12, 13, 14]
15:27:15 [WARNING] core.sap_client — phase1_wrong_screen hu=2972651309 — re-navigating
15:27:15 [INFO] core.sap_client — setup_phase1_start
15:27:21 [INFO] core.sap_client — tx_opened code=/nZMOVEINBHU current_tx=ZMOVEINBHU
15:27:21 [INFO] core.sap_client — phase1_ready — ctxtP_HU confirmed
15:27:26 [INFO] core.sap_client — hu_phase1_ok hu=2972651309 msg='Packaging data was saved. Material document 7578179711 was created'
15:27:26 [WARNING] core.sap_client — phase2_wrong_screen hu=2972651309 — re-navigating
15:27:26 [INFO] core.sap_client — setup_phase2_start
15:27:33 [INFO] core.sap_client — tx_opened code=/nZMMTIJSEP current_tx=ZMMTIJSEP
15:27:33 [INFO] core.sap_client — phase2_ready — txtGV_HU confirmed
15:27:35 [INFO] core.sap_client — hu_phase2_ok hu=2972651309 duration_ms=8891 phase2_wait=1.5
15:27:35 [INFO] core.queue_model — pallet_boundary single_hu pallet=15 accumulated=[1, 2, 3, 4, 5, 6, 7, 8, 9, 10, 11, 12, 13, 14, 15]
15:27:35 [WARNING] core.sap_client — phase1_wrong_screen hu=TH0000296435 — re-navigating
15:27:35 [INFO] core.sap_client — setup_phase1_start
15:27:37 [INFO] core.sap_client — tx_opened code=/nZMOVEINBHU current_tx=ZMOVEINBHU
15:27:37 [INFO] core.sap_client — phase1_ready — ctxtP_HU confirmed
15:27:39 [INFO] core.sap_client — hu_phase1_ok hu=TH0000296435 msg='Packaging data was saved. Material document 7578179728 was created'
15:27:39 [WARNING] core.sap_client — phase2_wrong_screen hu=TH0000296435 — re-navigating
15:27:39 [INFO] core.sap_client — setup_phase2_start
15:27:41 [INFO] core.sap_client — tx_opened code=/nZMMTIJSEP current_tx=ZMMTIJSEP
15:27:41 [INFO] core.sap_client — phase2_ready — txtGV_HU confirmed
15:27:42 [INFO] core.sap_client — hu_phase2_ok hu=TH0000296435 duration_ms=3177 phase2_wait=0.5
15:27:42 [WARNING] core.sap_client — phase1_wrong_screen hu=TH0000296460 — re-navigating
15:27:42 [INFO] core.sap_client — setup_phase1_start
15:27:44 [INFO] core.sap_client — tx_opened code=/nZMOVEINBHU current_tx=ZMOVEINBHU
15:27:44 [INFO] core.sap_client — phase1_ready — ctxtP_HU confirmed
15:27:46 [INFO] core.queue_model — hu_added hu=C1016347461 pallet=20 origin=BRA/ATL
15:27:47 [INFO] core.sap_client — hu_phase1_ok hu=TH0000296460 msg='Packaging data was saved. Material document 7578180539 was created'
15:27:47 [WARNING] core.sap_client — phase2_wrong_screen hu=TH0000296460 — re-navigating
15:27:47 [INFO] core.sap_client — setup_phase2_start
15:27:49 [INFO] core.sap_client — tx_opened code=/nZMMTIJSEP current_tx=ZMMTIJSEP
15:27:49 [INFO] core.sap_client — phase2_ready — txtGV_HU confirmed
15:27:50 [INFO] core.sap_client — hu_phase2_ok hu=TH0000296460 duration_ms=3191 phase2_wait=0.5
15:27:50 [WARNING] core.sap_client — phase1_wrong_screen hu=TH0000296532 — re-navigating
15:27:50 [INFO] core.sap_client — setup_phase1_start
15:27:52 [INFO] core.sap_client — tx_opened code=/nZMOVEINBHU current_tx=ZMOVEINBHU
15:27:52 [INFO] core.sap_client — phase1_ready — ctxtP_HU confirmed
15:27:55 [INFO] core.sap_client — hu_phase1_ok hu=TH0000296532 msg='Packaging data was saved. Material document 7578180551 was created'
15:27:55 [WARNING] core.sap_client — phase2_wrong_screen hu=TH0000296532 — re-navigating
15:27:55 [INFO] core.sap_client — setup_phase2_start
15:27:57 [INFO] core.sap_client — tx_opened code=/nZMMTIJSEP current_tx=ZMMTIJSEP
15:27:57 [INFO] core.sap_client — phase2_ready — txtGV_HU confirmed
15:27:58 [INFO] core.sap_client — hu_phase2_ok hu=TH0000296532 duration_ms=3211 phase2_wait=0.5
15:27:58 [WARNING] core.sap_client — phase1_wrong_screen hu=TH0000296434 — re-navigating
15:27:58 [INFO] core.sap_client — setup_phase1_start
15:28:00 [INFO] core.sap_client — tx_opened code=/nZMOVEINBHU current_tx=ZMOVEINBHU
15:28:00 [INFO] core.sap_client — phase1_ready — ctxtP_HU confirmed
15:28:03 [INFO] core.sap_client — hu_phase1_ok hu=TH0000296434 msg='Packaging data was saved. Material document 7578180557 was created'
15:28:03 [WARNING] core.sap_client — phase2_wrong_screen hu=TH0000296434 — re-navigating
15:28:03 [INFO] core.sap_client — setup_phase2_start
15:28:05 [INFO] core.sap_client — tx_opened code=/nZMMTIJSEP current_tx=ZMMTIJSEP
15:28:05 [INFO] core.sap_client — phase2_ready — txtGV_HU confirmed
15:28:06 [INFO] core.sap_client — hu_phase2_ok hu=TH0000296434 duration_ms=3156 phase2_wait=0.5
15:28:06 [INFO] core.queue_model — pallet_boundary multi_hu pallet=16 count=4 hu_codes=['TH0000296435', 'TH0000296460', 'TH0000296532', 'TH0000296434']
15:28:06 [INFO] core.queue_model — hu_added hu=C1016451898 pallet=20 origin=BRA/ATL
15:28:08 [INFO] core.sap_client — tx_opened code=/nSP01 current_tx=SP01
15:28:10 [INFO] core.sap_client — sp01_scan start scroll_max=0
15:28:10 [INFO] core.sap_client — sp01_scan_done pending=3 completed=0 hu_filter=['TH0000296435', 'TH0000296460', 'TH0000296532', 'TH0000296434']
15:28:10 [INFO] core.sap_client — sp01_attempt=0 pending=3 completed=0 expected=4
15:28:10 [WARNING] core.sap_client — sp01_waiting_spools attempt=1/40 pending=3 completed=0 expected=4 — refresh in 1.5s
15:28:13 [INFO] core.sap_client — sp01_scan start scroll_max=0
15:28:13 [INFO] core.queue_model — hu_added hu=C1016451913 pallet=20 origin=BRA/ATL
15:28:14 [INFO] core.sap_client — sp01_scan_done pending=4 completed=0 hu_filter=['TH0000296435', 'TH0000296460', 'TH0000296532', 'TH0000296434']
15:28:14 [INFO] core.sap_client — sp01_attempt=1 pending=4 completed=0 expected=4
15:28:14 [INFO] core.sap_client — sp01_marked scroll=0 row=4 title=CN-CON-003_TH0000296434_20260410222805
15:28:14 [INFO] core.sap_client — sp01_marked scroll=0 row=6 title=CN-CON-003_TH0000296532_20260410222757
15:28:14 [INFO] core.sap_client — sp01_marked scroll=0 row=8 title=CN-CON-003_TH0000296460_20260410222749
15:28:14 [INFO] core.sap_client — sp01_marked scroll=0 row=10 title=CN-CON-003_TH0000296435_20260410222741
15:28:14 [INFO] core.sap_client — sp01_mark_done total_marked=4
15:28:16 [INFO] core.print_watcher — print_watcher_started idle_timeout=12.0s expected=4
15:28:16 [INFO] core.sap_client — sp01_print_confirmed via=btn[25] marked=4
15:28:17 [INFO] core.sap_client — sp01_pallet_done result={'status': 'ok', 'message': 'SP01 OK — 4 spool(s) impreso(s)', 'marked': 4} hu_codes=['TH0000296435', 'TH0000296460', 'TH0000296532', 'TH0000296434']
15:28:17 [INFO] core.queue_model — waiting_for_print_watcher...
15:28:28 [INFO] core.print_watcher — print_watcher_idle_timeout confirmed=0
15:28:28 [INFO] core.print_watcher — print_watcher_stopped confirmed=0
15:28:28 [INFO] core.queue_model — print_watcher_finished confirmed=0
15:28:28 [INFO] core.queue_model — sp01_pallet_result={'status': 'ok', 'message': 'SP01 OK — 4 spool(s) impreso(s)', 'marked': 4} print_dialogs_confirmed=0
15:28:46 [INFO] core.queue_model — queue_worker_resumed_by_ui
15:28:46 [INFO] core.queue_model — queue_worker_resumed_processing
15:28:46 [INFO] core.sap_client — setup_phase1_start
15:28:48 [INFO] core.sap_client — tx_opened code=/nZMOVEINBHU current_tx=ZMOVEINBHU
15:28:48 [INFO] core.sap_client — phase1_ready — ctxtP_HU confirmed
15:28:51 [INFO] core.sap_client — hu_phase1_ok hu=TH0000296210 msg='Packaging data was saved. Material document 7578180616 was created'
15:28:51 [INFO] core.sap_client — setup_phase2_start
15:28:53 [INFO] core.sap_client — tx_opened code=/nZMMTIJSEP current_tx=ZMMTIJSEP
15:28:53 [INFO] core.sap_client — phase2_ready — txtGV_HU confirmed
15:28:55 [INFO] core.sap_client — hu_phase2_ok hu=TH0000296210 duration_ms=1380 phase2_wait=0.5
15:28:55 [INFO] core.queue_model — pallet_boundary single_hu pallet=17 accumulated=[1, 2, 3, 4, 5, 6, 7, 8, 9, 10, 11, 12, 13, 14, 15, 17]
15:28:55 [INFO] core.sap_client — setup_phase1_start
15:28:57 [INFO] core.sap_client — tx_opened code=/nZMOVEINBHU current_tx=ZMOVEINBHU
15:28:57 [INFO] core.sap_client — phase1_ready — ctxtP_HU confirmed
15:28:59 [INFO] core.sap_client — hu_phase1_ok hu=TH0000296505 msg='Packaging data was saved. Material document 7578180622 was created'
15:28:59 [WARNING] core.sap_client — phase2_wrong_screen hu=TH0000296505 — re-navigating
15:28:59 [INFO] core.sap_client — setup_phase2_start
15:29:01 [INFO] core.sap_client — tx_opened code=/nZMMTIJSEP current_tx=ZMMTIJSEP
15:29:01 [INFO] core.sap_client — phase2_ready — txtGV_HU confirmed
15:29:02 [INFO] core.sap_client — hu_phase2_ok hu=TH0000296505 duration_ms=3124 phase2_wait=0.5
15:29:02 [WARNING] core.sap_client — phase1_wrong_screen hu=TH0000296461 — re-navigating
15:29:02 [INFO] core.sap_client — setup_phase1_start
15:29:04 [INFO] core.sap_client — tx_opened code=/nZMOVEINBHU current_tx=ZMOVEINBHU
15:29:04 [INFO] core.sap_client — phase1_ready — ctxtP_HU confirmed
15:29:07 [INFO] core.sap_client — hu_phase1_ok hu=TH0000296461 msg='Packaging data was saved. Material document 7578180934 was created'
15:29:07 [WARNING] core.sap_client — phase2_wrong_screen hu=TH0000296461 — re-navigating
15:29:07 [INFO] core.sap_client — setup_phase2_start
15:29:09 [INFO] core.sap_client — tx_opened code=/nZMMTIJSEP current_tx=ZMMTIJSEP
15:29:09 [INFO] core.sap_client — phase2_ready — txtGV_HU confirmed
15:29:10 [INFO] core.sap_client — hu_phase2_ok hu=TH0000296461 duration_ms=3228 phase2_wait=0.5
15:29:10 [INFO] core.queue_model — pallet_boundary multi_hu pallet=18 count=2 hu_codes=['TH0000296505', 'TH0000296461']
15:29:12 [INFO] core.sap_client — tx_opened code=/nSP01 current_tx=SP01
15:29:14 [INFO] core.sap_client — sp01_scan start scroll_max=0
15:29:14 [INFO] core.sap_client — sp01_scan_done pending=1 completed=0 hu_filter=['TH0000296505', 'TH0000296461']
15:29:14 [INFO] core.sap_client — sp01_attempt=0 pending=1 completed=0 expected=2
15:29:14 [WARNING] core.sap_client — sp01_waiting_spools attempt=1/40 pending=1 completed=0 expected=2 — refresh in 1.5s
15:29:17 [INFO] core.sap_client — sp01_scan start scroll_max=2
15:29:18 [INFO] core.sap_client — sp01_scan_done pending=2 completed=0 hu_filter=['TH0000296505', 'TH0000296461']
15:29:18 [INFO] core.sap_client — sp01_attempt=1 pending=2 completed=0 expected=2
15:29:18 [INFO] core.sap_client — sp01_marked scroll=0 row=4 title=CN-CON-003_TH0000296461_20260410222909
15:29:19 [INFO] core.sap_client — sp01_marked scroll=0 row=6 title=CN-CON-003_TH0000296505_20260410222902
15:29:19 [INFO] core.sap_client — sp01_mark_done total_marked=2
15:29:21 [INFO] core.print_watcher — print_watcher_started idle_timeout=12.0s expected=2
15:29:21 [INFO] core.print_watcher — method1_BM_CLICK ok_hwnd=8850648
15:29:21 [INFO] core.print_watcher — confirm_success method=BM_CLICK hwnd=5903804
15:29:21 [INFO] core.print_watcher — print_dialog_confirmed count=1
15:29:21 [INFO] core.sap_client — sp01_print_confirmed via=btn[25] marked=2
15:29:21 [INFO] core.print_watcher — method1_BM_CLICK ok_hwnd=2691658
15:29:21 [INFO] core.print_watcher — confirm_success method=BM_CLICK hwnd=5443468
15:29:21 [INFO] core.print_watcher — print_dialog_confirmed count=2
15:29:21 [INFO] core.print_watcher — print_watcher_all_confirmed expected=2 confirmed=2
15:29:21 [INFO] core.print_watcher — print_watcher_stopped confirmed=2
15:29:22 [INFO] core.sap_client — sp01_pallet_done result={'status': 'ok', 'message': 'SP01 OK — 2 spool(s) impreso(s)', 'marked': 2} hu_codes=['TH0000296505', 'TH0000296461']
15:29:22 [INFO] core.queue_model — waiting_for_print_watcher...
15:29:22 [INFO] core.queue_model — print_watcher_finished confirmed=2
15:29:22 [INFO] core.queue_model — sp01_pallet_result={'status': 'ok', 'message': 'SP01 OK — 2 spool(s) impreso(s)', 'marked': 2} print_dialogs_confirmed=2
15:33:52 [INFO] core.queue_model — queue_worker_resumed_by_ui
15:33:52 [INFO] core.queue_model — queue_worker_resumed_processing
15:33:52 [INFO] core.sap_client — setup_phase1_start
15:33:54 [INFO] core.sap_client — tx_opened code=/nZMOVEINBHU current_tx=ZMOVEINBHU
15:33:54 [INFO] core.sap_client — phase1_ready — ctxtP_HU confirmed
15:33:56 [INFO] core.sap_client — hu_phase1_ok hu=TH0000296283 msg='Packaging data was saved. Material document 7578182368 was created'
15:33:56 [INFO] core.sap_client — setup_phase2_start
15:33:58 [INFO] core.sap_client — tx_opened code=/nZMMTIJSEP current_tx=ZMMTIJSEP
15:33:58 [INFO] core.sap_client — phase2_ready — txtGV_HU confirmed
15:33:59 [INFO] core.sap_client — hu_phase2_ok hu=TH0000296283 duration_ms=1295 phase2_wait=0.5
15:33:59 [INFO] core.sap_client — setup_phase1_start
15:34:01 [INFO] core.sap_client — tx_opened code=/nZMOVEINBHU current_tx=ZMOVEINBHU
15:34:01 [INFO] core.sap_client — phase1_ready — ctxtP_HU confirmed
15:34:04 [INFO] core.sap_client — hu_phase1_ok hu=TH0000296250 msg='Packaging data was saved. Material document 7578182376 was created'
15:34:04 [WARNING] core.sap_client — phase2_wrong_screen hu=TH0000296250 — re-navigating
15:34:04 [INFO] core.sap_client — setup_phase2_start
15:34:06 [INFO] core.sap_client — tx_opened code=/nZMMTIJSEP current_tx=ZMMTIJSEP
15:34:06 [INFO] core.sap_client — phase2_ready — txtGV_HU confirmed
15:34:07 [INFO] core.sap_client — hu_phase2_ok hu=TH0000296250 duration_ms=3261 phase2_wait=0.5
15:34:07 [WARNING] core.sap_client — phase1_wrong_screen hu=TH0000296205 — re-navigating
15:34:07 [INFO] core.sap_client — setup_phase1_start
15:34:09 [INFO] core.sap_client — tx_opened code=/nZMOVEINBHU current_tx=ZMOVEINBHU
15:34:09 [INFO] core.sap_client — phase1_ready — ctxtP_HU confirmed
15:34:12 [INFO] core.sap_client — hu_phase1_ok hu=TH0000296205 msg='Packaging data was saved. Material document 7578182385 was created'
15:34:12 [WARNING] core.sap_client — phase2_wrong_screen hu=TH0000296205 — re-navigating
15:34:12 [INFO] core.sap_client — setup_phase2_start
15:34:14 [INFO] core.sap_client — tx_opened code=/nZMMTIJSEP current_tx=ZMMTIJSEP
15:34:14 [INFO] core.sap_client — phase2_ready — txtGV_HU confirmed
15:34:15 [INFO] core.sap_client — hu_phase2_ok hu=TH0000296205 duration_ms=3417 phase2_wait=0.5
15:34:15 [WARNING] core.sap_client — phase1_wrong_screen hu=TH0000296258 — re-navigating
15:34:15 [INFO] core.sap_client — setup_phase1_start
15:34:17 [INFO] core.sap_client — tx_opened code=/nZMOVEINBHU current_tx=ZMOVEINBHU
15:34:17 [INFO] core.sap_client — phase1_ready — ctxtP_HU confirmed
15:34:20 [INFO] core.sap_client — hu_phase1_ok hu=TH0000296258 msg='Packaging data was saved. Material document 7578182402 was created'
15:34:20 [WARNING] core.sap_client — phase2_wrong_screen hu=TH0000296258 — re-navigating
15:34:20 [INFO] core.sap_client — setup_phase2_start
15:34:22 [INFO] core.sap_client — tx_opened code=/nZMMTIJSEP current_tx=ZMMTIJSEP
15:34:22 [INFO] core.sap_client — phase2_ready — txtGV_HU confirmed
15:34:23 [INFO] core.sap_client — hu_phase2_ok hu=TH0000296258 duration_ms=3311 phase2_wait=0.5
15:34:23 [WARNING] core.sap_client — phase1_wrong_screen hu=TH0000296285 — re-navigating
15:34:23 [INFO] core.sap_client — setup_phase1_start
15:34:25 [INFO] core.sap_client — tx_opened code=/nZMOVEINBHU current_tx=ZMOVEINBHU
15:34:25 [INFO] core.sap_client — phase1_ready — ctxtP_HU confirmed
15:34:28 [INFO] core.sap_client — hu_phase1_ok hu=TH0000296285 msg='Packaging data was saved. Material document 7578182405 was created'
15:34:28 [WARNING] core.sap_client — phase2_wrong_screen hu=TH0000296285 — re-navigating
15:34:28 [INFO] core.sap_client — setup_phase2_start
15:34:30 [INFO] core.sap_client — tx_opened code=/nZMMTIJSEP current_tx=ZMMTIJSEP
15:34:30 [INFO] core.sap_client — phase2_ready — txtGV_HU confirmed
15:34:31 [INFO] core.sap_client — hu_phase2_ok hu=TH0000296285 duration_ms=3359 phase2_wait=0.5
15:34:31 [WARNING] core.sap_client — phase1_wrong_screen hu=TH0000296212 — re-navigating
15:34:31 [INFO] core.sap_client — setup_phase1_start
15:34:33 [INFO] core.sap_client — tx_opened code=/nZMOVEINBHU current_tx=ZMOVEINBHU
15:34:33 [INFO] core.sap_client — phase1_ready — ctxtP_HU confirmed
15:34:36 [INFO] core.sap_client — hu_phase1_ok hu=TH0000296212 msg='Packaging data was saved. Material document 7578182409 was created'
15:34:36 [WARNING] core.sap_client — phase2_wrong_screen hu=TH0000296212 — re-navigating
15:34:36 [INFO] core.sap_client — setup_phase2_start
15:34:38 [INFO] core.sap_client — tx_opened code=/nZMMTIJSEP current_tx=ZMMTIJSEP
15:34:38 [INFO] core.sap_client — phase2_ready — txtGV_HU confirmed
15:34:39 [INFO] core.sap_client — hu_phase2_ok hu=TH0000296212 duration_ms=3411 phase2_wait=0.5
15:34:39 [WARNING] core.sap_client — phase1_wrong_screen hu=TH0000296214 — re-navigating
15:34:39 [INFO] core.sap_client — setup_phase1_start
15:34:41 [INFO] core.sap_client — tx_opened code=/nZMOVEINBHU current_tx=ZMOVEINBHU
15:34:41 [INFO] core.sap_client — phase1_ready — ctxtP_HU confirmed
15:34:44 [INFO] core.sap_client — hu_phase1_ok hu=TH0000296214 msg='Packaging data was saved. Material document 7578182414 was created'
15:34:44 [WARNING] core.sap_client — phase2_wrong_screen hu=TH0000296214 — re-navigating
15:34:44 [INFO] core.sap_client — setup_phase2_start
15:34:46 [INFO] core.sap_client — tx_opened code=/nZMMTIJSEP current_tx=ZMMTIJSEP
15:34:46 [INFO] core.sap_client — phase2_ready — txtGV_HU confirmed
15:34:47 [INFO] core.sap_client — hu_phase2_ok hu=TH0000296214 duration_ms=3338 phase2_wait=0.5
15:34:47 [INFO] core.queue_model — pallet_boundary multi_hu pallet=19 count=7 hu_codes=['TH0000296283', 'TH0000296250', 'TH0000296205', 'TH0000296258', 'TH0000296285', 'TH0000296212', 'TH0000296214']
15:34:49 [INFO] core.sap_client — tx_opened code=/nSP01 current_tx=SP01
15:34:51 [INFO] core.sap_client — sp01_scan start scroll_max=14
15:35:01 [INFO] core.sap_client — sp01_scan_done pending=6 completed=0 hu_filter=['TH0000296283', 'TH0000296250', 'TH0000296205', 'TH0000296258', 'TH0000296285', 'TH0000296212', 'TH0000296214']
15:35:01 [INFO] core.sap_client — sp01_attempt=0 pending=6 completed=0 expected=7
15:35:01 [WARNING] core.sap_client — sp01_waiting_spools attempt=1/40 pending=6 completed=0 expected=7 — refresh in 1.5s
15:35:04 [INFO] core.sap_client — sp01_scan start scroll_max=16
15:35:05 [INFO] core.sap_client — sp01_scan_done pending=7 completed=0 hu_filter=['TH0000296283', 'TH0000296250', 'TH0000296205', 'TH0000296258', 'TH0000296285', 'TH0000296212', 'TH0000296214']
15:35:05 [INFO] core.sap_client — sp01_attempt=1 pending=7 completed=0 expected=7
15:35:06 [INFO] core.sap_client — sp01_marked scroll=0 row=4 title=CN-CON-003_TH0000296214_20260410223446
15:35:06 [INFO] core.sap_client — sp01_marked scroll=0 row=6 title=CN-CON-003_TH0000296212_20260410223438
15:35:06 [INFO] core.sap_client — sp01_marked scroll=0 row=8 title=CN-CON-003_TH0000296285_20260410223430
15:35:07 [INFO] core.sap_client — sp01_marked scroll=0 row=10 title=CN-CON-003_TH0000296258_20260410223422
15:35:07 [INFO] core.sap_client — sp01_marked scroll=0 row=12 title=CN-CON-003_TH0000296205_20260410223414
15:35:08 [INFO] core.sap_client — sp01_marked scroll=0 row=14 title=CN-CON-003_TH0000296250_20260410223407
15:35:08 [INFO] core.sap_client — sp01_marked scroll=0 row=16 title=CN-CON-003_TH0000296283_20260410223358
15:35:09 [INFO] core.sap_client — sp01_mark_done total_marked=7
15:35:10 [INFO] core.print_watcher — print_watcher_started idle_timeout=12.0s expected=7
15:35:11 [INFO] core.sap_client — sp01_print_confirmed via=btn[25] marked=7
15:35:12 [INFO] core.sap_client — sp01_pallet_done result={'status': 'ok', 'message': 'SP01 OK — 7 spool(s) impreso(s)', 'marked': 7} hu_codes=['TH0000296283', 'TH0000296250', 'TH0000296205', 'TH0000296258', 'TH0000296285', 'TH0000296212', 'TH0000296214']
15:35:12 [INFO] core.queue_model — waiting_for_print_watcher...
15:35:12 [INFO] core.print_watcher — method1_BM_CLICK ok_hwnd=9898770
15:35:12 [INFO] core.print_watcher — confirm_success method=BM_CLICK hwnd=14684256
15:35:12 [INFO] core.print_watcher — print_dialog_confirmed count=1
15:35:13 [INFO] core.print_watcher — method1_BM_CLICK ok_hwnd=3544186
15:35:14 [INFO] core.print_watcher — confirm_success method=BM_CLICK hwnd=11666148
15:35:14 [INFO] core.print_watcher — print_dialog_confirmed count=2
15:35:15 [INFO] core.print_watcher — method1_BM_CLICK ok_hwnd=4592846
15:35:15 [INFO] core.print_watcher — confirm_success method=BM_CLICK hwnd=12915524
15:35:15 [INFO] core.print_watcher — print_dialog_confirmed count=3
15:35:16 [INFO] core.print_watcher — method1_BM_CLICK ok_hwnd=3675258
15:35:16 [INFO] core.print_watcher — confirm_success method=BM_CLICK hwnd=11802168
15:35:16 [INFO] core.print_watcher — print_dialog_confirmed count=4
15:35:18 [INFO] core.print_watcher — method1_BM_CLICK ok_hwnd=4723918
15:35:18 [INFO] core.print_watcher — confirm_success method=BM_CLICK hwnd=3543752
15:35:18 [INFO] core.print_watcher — print_dialog_confirmed count=5
15:35:19 [INFO] core.print_watcher — method1_BM_CLICK ok_hwnd=5772000
15:35:19 [INFO] core.print_watcher — confirm_success method=BM_CLICK hwnd=11993828
15:35:19 [INFO] core.print_watcher — print_dialog_confirmed count=6
15:35:21 [INFO] core.print_watcher — method1_BM_CLICK ok_hwnd=4983090
15:35:21 [INFO] core.print_watcher — confirm_success method=BM_CLICK hwnd=13243204
15:35:21 [INFO] core.print_watcher — print_dialog_confirmed count=7
15:35:21 [INFO] core.print_watcher — print_watcher_all_confirmed expected=7 confirmed=7
15:35:21 [INFO] core.print_watcher — print_watcher_stopped confirmed=7
15:35:21 [INFO] core.queue_model — print_watcher_finished confirmed=7
15:35:21 [INFO] core.queue_model — sp01_pallet_result={'status': 'ok', 'message': 'SP01 OK — 7 spool(s) impreso(s)', 'marked': 7} print_dialogs_confirmed=7
15:35:27 [INFO] core.queue_model — queue_worker_resumed_by_ui
15:35:27 [INFO] core.queue_model — queue_worker_resumed_processing
15:35:27 [INFO] core.sap_client — setup_phase1_start
15:35:33 [INFO] core.sap_client — tx_opened code=/nZMOVEINBHU current_tx=ZMOVEINBHU
15:35:33 [INFO] core.sap_client — phase1_ready — ctxtP_HU confirmed
15:35:38 [INFO] core.sap_client — hu_phase1_ok hu=C1016431149 msg='Packaging data was saved. Material document 7578183046 was created'
15:35:38 [INFO] core.sap_client — setup_phase2_start
15:35:44 [INFO] core.sap_client — tx_opened code=/nZMMTIJSEP current_tx=ZMMTIJSEP
15:35:44 [INFO] core.sap_client — phase2_ready — txtGV_HU confirmed
15:35:46 [INFO] core.sap_client — hu_phase2_ok hu=C1016431149 duration_ms=2403 phase2_wait=1.5
15:35:46 [INFO] core.sap_client — setup_phase1_start
15:35:53 [INFO] core.sap_client — tx_opened code=/nZMOVEINBHU current_tx=ZMOVEINBHU
15:35:53 [INFO] core.sap_client — phase1_ready — ctxtP_HU confirmed
15:35:57 [INFO] core.sap_client — hu_phase1_ok hu=C1016431150 msg='Packaging data was saved. Material document 7578183061 was created'
15:35:57 [WARNING] core.sap_client — phase2_wrong_screen hu=C1016431150 — re-navigating
15:35:57 [INFO] core.sap_client — setup_phase2_start
15:36:03 [INFO] core.sap_client — tx_opened code=/nZMMTIJSEP current_tx=ZMMTIJSEP
15:36:04 [INFO] core.sap_client — phase2_ready — txtGV_HU confirmed
15:36:06 [INFO] core.sap_client — hu_phase2_ok hu=C1016431150 duration_ms=8919 phase2_wait=1.5
15:36:06 [WARNING] core.sap_client — phase1_wrong_screen hu=C1016431180 — re-navigating
15:36:06 [INFO] core.sap_client — setup_phase1_start
15:36:12 [INFO] core.sap_client — tx_opened code=/nZMOVEINBHU current_tx=ZMOVEINBHU
15:36:12 [INFO] core.sap_client — phase1_ready — ctxtP_HU confirmed
15:36:17 [INFO] core.sap_client — hu_phase1_ok hu=C1016431180 msg='Packaging data was saved. Material document 7578183072 was created'
15:36:17 [WARNING] core.sap_client — phase2_wrong_screen hu=C1016431180 — re-navigating
15:36:17 [INFO] core.sap_client — setup_phase2_start
15:36:23 [INFO] core.sap_client — tx_opened code=/nZMMTIJSEP current_tx=ZMMTIJSEP
15:36:23 [INFO] core.sap_client — phase2_ready — txtGV_HU confirmed
15:36:26 [INFO] core.sap_client — hu_phase2_ok hu=C1016431180 duration_ms=8842 phase2_wait=1.5
15:36:26 [WARNING] core.sap_client — phase1_wrong_screen hu=C1016431155 — re-navigating
15:36:26 [INFO] core.sap_client — setup_phase1_start
15:36:32 [INFO] core.sap_client — tx_opened code=/nZMOVEINBHU current_tx=ZMOVEINBHU
15:36:32 [INFO] core.sap_client — phase1_ready — ctxtP_HU confirmed
15:36:37 [INFO] core.sap_client — hu_phase1_ok hu=C1016431155 msg='Packaging data was saved. Material document 7578183084 was created'
15:36:37 [WARNING] core.sap_client — phase2_wrong_screen hu=C1016431155 — re-navigating
15:36:37 [INFO] core.sap_client — setup_phase2_start
15:36:43 [INFO] core.sap_client — tx_opened code=/nZMMTIJSEP current_tx=ZMMTIJSEP
15:36:43 [INFO] core.sap_client — phase2_ready — txtGV_HU confirmed
15:36:46 [INFO] core.sap_client — hu_phase2_ok hu=C1016431155 duration_ms=8789 phase2_wait=1.5
15:36:46 [WARNING] core.sap_client — phase1_wrong_screen hu=C1016347463 — re-navigating
15:36:46 [INFO] core.sap_client — setup_phase1_start
15:36:52 [INFO] core.sap_client — tx_opened code=/nZMOVEINBHU current_tx=ZMOVEINBHU
15:36:52 [INFO] core.sap_client — phase1_ready — ctxtP_HU confirmed
15:36:59 [INFO] core.sap_client — hu_phase1_ok hu=C1016347463 msg='Packaging data was saved. Material document 7578183097 was created'
15:36:59 [WARNING] core.sap_client — phase2_wrong_screen hu=C1016347463 — re-navigating
15:36:59 [INFO] core.sap_client — setup_phase2_start
15:37:05 [INFO] core.sap_client — tx_opened code=/nZMMTIJSEP current_tx=ZMMTIJSEP
15:37:05 [INFO] core.sap_client — phase2_ready — txtGV_HU confirmed
15:37:07 [INFO] core.sap_client — hu_phase2_ok hu=C1016347463 duration_ms=8750 phase2_wait=1.5
15:37:07 [WARNING] core.sap_client — phase1_wrong_screen hu=C1016431162 — re-navigating
15:37:07 [INFO] core.sap_client — setup_phase1_start
15:37:14 [INFO] core.sap_client — tx_opened code=/nZMOVEINBHU current_tx=ZMOVEINBHU
15:37:14 [INFO] core.sap_client — phase1_ready — ctxtP_HU confirmed
15:37:18 [INFO] core.sap_client — hu_phase1_ok hu=C1016431162 msg='Packaging data was saved. Material document 7578183120 was created'
15:37:18 [WARNING] core.sap_client — phase2_wrong_screen hu=C1016431162 — re-navigating
15:37:18 [INFO] core.sap_client — setup_phase2_start
15:37:25 [INFO] core.sap_client — tx_opened code=/nZMMTIJSEP current_tx=ZMMTIJSEP
15:37:25 [INFO] core.sap_client — phase2_ready — txtGV_HU confirmed
15:37:27 [INFO] core.sap_client — hu_phase2_ok hu=C1016431162 duration_ms=8615 phase2_wait=1.5
15:37:27 [WARNING] core.sap_client — phase1_wrong_screen hu=C1016431187 — re-navigating
15:37:27 [INFO] core.sap_client — setup_phase1_start
15:37:33 [INFO] core.sap_client — tx_opened code=/nZMOVEINBHU current_tx=ZMOVEINBHU
15:37:33 [INFO] core.sap_client — phase1_ready — ctxtP_HU confirmed
15:37:38 [INFO] core.sap_client — hu_phase1_ok hu=C1016431187 msg='Packaging data was saved. Material document 7578183936 was created'
15:37:38 [WARNING] core.sap_client — phase2_wrong_screen hu=C1016431187 — re-navigating
15:37:38 [INFO] core.sap_client — setup_phase2_start
15:37:44 [INFO] core.sap_client — tx_opened code=/nZMMTIJSEP current_tx=ZMMTIJSEP
15:37:44 [INFO] core.sap_client — phase2_ready — txtGV_HU confirmed
15:37:46 [INFO] core.sap_client — hu_phase2_ok hu=C1016431187 duration_ms=8570 phase2_wait=1.5
15:37:46 [WARNING] core.sap_client — phase1_wrong_screen hu=C1016347461 — re-navigating
15:37:46 [INFO] core.sap_client — setup_phase1_start
15:37:53 [INFO] core.sap_client — tx_opened code=/nZMOVEINBHU current_tx=ZMOVEINBHU
15:37:53 [INFO] core.sap_client — phase1_ready — ctxtP_HU confirmed
15:37:58 [INFO] core.sap_client — hu_phase1_ok hu=C1016347461 msg='Packaging data was saved. Material document 7578183949 was created'
15:37:58 [WARNING] core.sap_client — phase2_wrong_screen hu=C1016347461 — re-navigating
15:37:58 [INFO] core.sap_client — setup_phase2_start
15:38:04 [INFO] core.sap_client — tx_opened code=/nZMMTIJSEP current_tx=ZMMTIJSEP
15:38:04 [INFO] core.sap_client — phase2_ready — txtGV_HU confirmed
15:38:07 [INFO] core.sap_client — hu_phase2_ok hu=C1016347461 duration_ms=9186 phase2_wait=1.5
15:38:07 [WARNING] core.sap_client — phase1_wrong_screen hu=C1016451898 — re-navigating
15:38:07 [INFO] core.sap_client — setup_phase1_start
15:38:13 [INFO] core.sap_client — tx_opened code=/nZMOVEINBHU current_tx=ZMOVEINBHU
15:38:13 [INFO] core.sap_client — phase1_ready — ctxtP_HU confirmed
15:38:19 [INFO] core.sap_client — hu_phase1_ok hu=C1016451898 msg='Packaging data was saved. Material document 7578183962 was created'
15:38:19 [WARNING] core.sap_client — phase2_wrong_screen hu=C1016451898 — re-navigating
15:38:19 [INFO] core.sap_client — setup_phase2_start
15:38:25 [INFO] core.sap_client — tx_opened code=/nZMMTIJSEP current_tx=ZMMTIJSEP
15:38:25 [INFO] core.sap_client — phase2_ready — txtGV_HU confirmed
15:38:27 [INFO] core.sap_client — hu_phase2_ok hu=C1016451898 duration_ms=8686 phase2_wait=1.5
15:38:27 [WARNING] core.sap_client — phase1_wrong_screen hu=C1016451913 — re-navigating
15:38:27 [INFO] core.sap_client — setup_phase1_start
15:38:34 [INFO] core.sap_client — tx_opened code=/nZMOVEINBHU current_tx=ZMOVEINBHU
15:38:34 [INFO] core.sap_client — phase1_ready — ctxtP_HU confirmed
15:38:45 [INFO] core.sap_client — hu_phase1_ok hu=C1016451913 msg='Packaging data was saved. Material document 7578183986 was created'
15:38:45 [WARNING] core.sap_client — phase2_wrong_screen hu=C1016451913 — re-navigating
15:38:45 [INFO] core.sap_client — setup_phase2_start
15:38:51 [INFO] core.sap_client — tx_opened code=/nZMMTIJSEP current_tx=ZMMTIJSEP
15:38:51 [INFO] core.sap_client — phase2_ready — txtGV_HU confirmed
15:38:54 [INFO] core.sap_client — hu_phase2_ok hu=C1016451913 duration_ms=8780 phase2_wait=1.5
15:38:54 [INFO] core.queue_model — pallet_boundary multi_hu pallet=20 count=10 hu_codes=['C1016431149', 'C1016431150', 'C1016431180', 'C1016431155', 'C1016347463', 'C1016431162', 'C1016431187', 'C1016347461', 'C1016451898', 'C1016451913']
15:39:00 [INFO] core.sap_client — tx_opened code=/nSP01 current_tx=SP01
15:39:04 [INFO] core.sap_client — sp01_scan start scroll_max=34
15:39:26 [INFO] core.sap_client — sp01_scan_done pending=9 completed=0 hu_filter=['C1016431149', 'C1016431150', 'C1016431180', 'C1016431155', 'C1016347463', 'C1016431162', 'C1016431187', 'C1016347461', 'C1016451898', 'C1016451913']
15:39:26 [INFO] core.sap_client — sp01_attempt=0 pending=9 completed=0 expected=10
15:39:26 [WARNING] core.sap_client — sp01_waiting_spools attempt=1/40 pending=9 completed=0 expected=10 — refresh in 4.5s
15:39:32 [INFO] core.sap_client — sp01_scan start scroll_max=34
15:39:54 [INFO] core.sap_client — sp01_scan_done pending=9 completed=0 hu_filter=['C1016431149', 'C1016431150', 'C1016431180', 'C1016431155', 'C1016347463', 'C1016431162', 'C1016431187', 'C1016347461', 'C1016451898', 'C1016451913']
15:39:54 [INFO] core.sap_client — sp01_attempt=1 pending=9 completed=0 expected=10
15:39:54 [WARNING] core.sap_client — sp01_waiting_spools attempt=2/40 pending=9 completed=0 expected=10 — refresh in 4.5s
15:39:59 [INFO] core.sap_client — sp01_scan start scroll_max=36
15:40:00 [INFO] core.sap_client — sp01_scan_done pending=10 completed=0 hu_filter=['C1016431149', 'C1016431150', 'C1016431180', 'C1016431155', 'C1016347463', 'C1016431162', 'C1016431187', 'C1016347461', 'C1016451898', 'C1016451913']
15:40:00 [INFO] core.sap_client — sp01_attempt=2 pending=10 completed=0 expected=10
15:40:01 [INFO] core.sap_client — sp01_marked scroll=0 row=4 title=CN-CON-003_C1016451913_20260410223852
15:40:01 [INFO] core.sap_client — sp01_marked scroll=0 row=6 title=CN-CON-003_C1016451898_20260410223825
15:40:02 [INFO] core.sap_client — sp01_marked scroll=0 row=8 title=CN-CON-003_C1016347461_20260410223804
15:40:02 [INFO] core.sap_client — sp01_marked scroll=0 row=10 title=CN-CON-003_C1016431187_20260410223745
15:40:02 [INFO] core.sap_client — sp01_marked scroll=0 row=12 title=CN-CON-003_C1016431162_20260410223725
15:40:03 [INFO] core.sap_client — sp01_marked scroll=0 row=14 title=CN-CON-003_C1016347463_20260410223705
15:40:03 [INFO] core.sap_client — sp01_marked scroll=0 row=16 title=CN-CON-003_C1016431155_20260410223644
15:40:04 [INFO] core.sap_client — sp01_marked scroll=0 row=18 title=CN-CON-003_C1016431180_20260410223624
15:40:04 [INFO] core.sap_client — sp01_marked scroll=0 row=20 title=CN-CON-003_C1016431150_20260410223604
15:40:05 [INFO] core.sap_client — sp01_marked scroll=0 row=22 title=CN-CON-003_C1016431149_20260410223544
15:40:05 [INFO] core.sap_client — sp01_mark_done total_marked=10
15:40:07 [INFO] core.print_watcher — print_watcher_started idle_timeout=12.0s expected=10
15:40:07 [INFO] core.sap_client — sp01_print_confirmed via=btn[25] marked=10
15:40:08 [INFO] core.sap_client — sp01_pallet_done result={'status': 'ok', 'message': 'SP01 OK — 10 spool(s) impreso(s)', 'marked': 10} hu_codes=['C1016431149', 'C1016431150', 'C1016431180', 'C1016431155', 'C1016347463', 'C1016431162', 'C1016431187', 'C1016347461', 'C1016451898', 'C1016451913']
15:40:08 [INFO] core.queue_model — waiting_for_print_watcher...
15:40:08 [INFO] core.print_watcher — method1_BM_CLICK ok_hwnd=8982824
15:40:09 [INFO] core.print_watcher — confirm_success method=BM_CLICK hwnd=7411028
15:40:09 [INFO] core.print_watcher — print_dialog_confirmed count=1
15:40:10 [INFO] core.print_watcher — method1_BM_CLICK ok_hwnd=7474934
15:40:10 [INFO] core.print_watcher — confirm_success method=BM_CLICK hwnd=7214122
15:40:10 [INFO] core.print_watcher — print_dialog_confirmed count=2
15:40:11 [INFO] core.print_watcher — method1_BM_CLICK ok_hwnd=4723998
15:40:11 [INFO] core.print_watcher — confirm_success method=BM_CLICK hwnd=73665580
15:40:11 [INFO] core.print_watcher — print_dialog_confirmed count=3
15:40:13 [INFO] core.print_watcher — method1_BM_CLICK ok_hwnd=7606006
15:40:13 [INFO] core.print_watcher — confirm_success method=BM_CLICK hwnd=8983622
15:40:13 [INFO] core.print_watcher — print_dialog_confirmed count=4
15:40:14 [INFO] core.print_watcher — method1_BM_CLICK ok_hwnd=10226790
15:40:14 [INFO] core.print_watcher — confirm_success method=BM_CLICK hwnd=14486794
15:40:14 [INFO] core.print_watcher — print_dialog_confirmed count=5
15:40:16 [INFO] core.print_watcher — method1_BM_CLICK ok_hwnd=10816274
15:40:16 [INFO] core.print_watcher — confirm_success method=BM_CLICK hwnd=9572648
15:40:16 [INFO] core.print_watcher — print_dialog_confirmed count=6
15:40:17 [INFO] core.print_watcher — method1_BM_CLICK ok_hwnd=10357862
15:40:17 [INFO] core.print_watcher — confirm_success method=BM_CLICK hwnd=6034884
15:40:17 [INFO] core.print_watcher — print_dialog_confirmed count=7
15:40:18 [INFO] core.print_watcher — method1_BM_CLICK ok_hwnd=16649868
15:40:19 [INFO] core.print_watcher — confirm_success method=BM_CLICK hwnd=10423398
15:40:19 [INFO] core.print_watcher — print_dialog_confirmed count=8
15:40:20 [INFO] core.print_watcher — method1_BM_CLICK ok_hwnd=8852924
15:40:20 [INFO] core.print_watcher — confirm_success method=BM_CLICK hwnd=7672132
15:40:20 [INFO] core.print_watcher — print_dialog_confirmed count=9
15:40:22 [INFO] core.print_watcher — method1_BM_CLICK ok_hwnd=16780940
15:40:22 [INFO] core.print_watcher — confirm_success method=BM_CLICK hwnd=4395720
15:40:22 [INFO] core.print_watcher — print_dialog_confirmed count=10
15:40:22 [INFO] core.print_watcher — print_watcher_all_confirmed expected=10 confirmed=10
15:40:22 [INFO] core.print_watcher — print_watcher_stopped confirmed=10
15:40:22 [INFO] core.queue_model — print_watcher_finished confirmed=10
15:40:22 [INFO] core.queue_model — sp01_pallet_result={'status': 'ok', 'message': 'SP01 OK — 10 spool(s) impreso(s)', 'marked': 10} print_dialogs_confirmed=10
15:40:22 [INFO] core.queue_model — flush_single_hu_pallets pallets=[1, 2, 3, 4, 5, 6, 7, 8, 9, 10, 11, 12, 13, 14, 15, 17] hu_codes=['2972626631', '2972626682', '2972627036', '2972626630', '2972626627', '2972626647', '2972626683', '2972648830', '2972651349', '2972626638', '2972626636', '2972626637', '2972626649', '2972626635', '2972651309', 'TH0000296210']
15:40:28 [INFO] core.sap_client — tx_opened code=/nSP01 current_tx=SP01
15:40:32 [INFO] core.sap_client — sp01_scan start scroll_max=36
15:40:52 [INFO] core.sap_client — sp01_scan_done pending=16 completed=0 hu_filter=['2972626631', '2972626682', '2972627036', '2972626630', '2972626627', '2972626647', '2972626683', '2972648830', '2972651349', '2972626638', '2972626636', '2972626637', '2972626649', '2972626635', '2972651309', 'TH0000296210']
15:40:52 [INFO] core.sap_client — sp01_attempt=0 pending=16 completed=0 expected=16
15:40:52 [INFO] core.sap_client — sp01_marked scroll=0 row=42 title=CN-CON-003_TH0000296210_20260410222854
15:40:53 [INFO] core.sap_client — sp01_marked scroll=2 row=50 title=CN-CON-003_00000000002972651309_20260410222733
15:40:53 [INFO] core.sap_client — sp01_marked scroll=4 row=50 title=CN-CON-003_00000000002972626635_20260410222713
15:40:54 [INFO] core.sap_client — sp01_marked scroll=6 row=50 title=CN-CON-003_00000000002972626649_20260410222652
15:40:54 [INFO] core.sap_client — sp01_marked scroll=8 row=50 title=CN-CON-003_00000000002972626637_20260410222631
15:40:55 [INFO] core.sap_client — sp01_marked scroll=10 row=50 title=CN-CON-003_00000000002972626636_20260410222610
15:40:55 [INFO] core.sap_client — sp01_marked scroll=12 row=50 title=CN-CON-003_00000000002972626638_20260410222549
15:40:55 [INFO] core.sap_client — sp01_marked scroll=14 row=50 title=CN-CON-003_00000000002972651349_20260410222529
15:40:56 [INFO] core.sap_client — sp01_marked scroll=16 row=50 title=CN-CON-003_00000000002972648830_20260410222507
15:40:56 [INFO] core.sap_client — sp01_marked scroll=17 row=50 title=CN-CON-003_00000000002972626683_20260410222446
15:40:57 [INFO] core.sap_client — sp01_marked scroll=19 row=50 title=CN-CON-003_00000000002972626627_20260410222404
15:40:57 [INFO] core.sap_client — sp01_marked scroll=21 row=50 title=CN-CON-003_00000000002972626647_20260410112511
15:40:58 [INFO] core.sap_client — sp01_marked scroll=24 row=50 title=CN-CON-003_00000000002972626630_20260410222342
15:40:58 [INFO] core.sap_client — sp01_marked scroll=25 row=50 title=CN-CON-003_00000000002972626682_20260410222253
15:40:59 [INFO] core.sap_client — sp01_marked scroll=27 row=50 title=CN-CON-003_00000000002972627036_20260410222317
15:40:59 [INFO] core.sap_client — sp01_marked scroll=29 row=50 title=CN-CON-003_00000000002972626631_20260410222222
15:40:59 [INFO] core.sap_client — sp01_mark_done total_marked=16
15:41:01 [INFO] core.print_watcher — print_watcher_started idle_timeout=12.0s expected=16
15:41:01 [INFO] core.sap_client — sp01_print_confirmed via=btn[25] marked=16
15:41:02 [INFO] core.sap_client — sp01_global_done result={'status': 'ok', 'message': 'SP01 OK — 16 spool(s) impreso(s)', 'marked': 16}
15:41:02 [INFO] core.queue_model — waiting_for_print_watcher...
15:41:03 [INFO] core.print_watcher — method1_BM_CLICK ok_hwnd=14750772
15:41:03 [INFO] core.print_watcher — confirm_success method=BM_CLICK hwnd=4461256
15:41:03 [INFO] core.print_watcher — print_dialog_confirmed count=1
15:41:04 [INFO] core.print_watcher — method1_BM_CLICK ok_hwnd=8130112
15:41:04 [INFO] core.print_watcher — confirm_success method=BM_CLICK hwnd=11015006
15:41:04 [INFO] core.print_watcher — print_dialog_confirmed count=2
15:41:05 [INFO] core.print_watcher — method1_BM_CLICK ok_hwnd=14881844
15:41:06 [INFO] core.print_watcher — confirm_success method=BM_CLICK hwnd=8195830
15:41:06 [INFO] core.print_watcher — print_dialog_confirmed count=3
15:41:07 [INFO] core.print_watcher — method1_BM_CLICK ok_hwnd=11340562
15:41:07 [INFO] core.print_watcher — confirm_success method=BM_CLICK hwnd=11538798
15:41:07 [INFO] core.print_watcher — print_dialog_confirmed count=4
15:41:08 [INFO] core.print_watcher — method1_BM_CLICK ok_hwnd=6951858
15:41:08 [INFO] core.print_watcher — confirm_success method=BM_CLICK hwnd=14682866
15:41:08 [INFO] core.print_watcher — print_dialog_confirmed count=5
15:41:10 [INFO] core.print_watcher — method1_BM_CLICK ok_hwnd=8656212
15:41:10 [INFO] core.print_watcher — confirm_success method=BM_CLICK hwnd=10096892
15:41:10 [INFO] core.print_watcher — print_dialog_confirmed count=6
15:41:11 [INFO] core.print_watcher — method1_BM_CLICK ok_hwnd=7082930
15:41:11 [INFO] core.print_watcher — confirm_success method=BM_CLICK hwnd=56954378
15:41:11 [INFO] core.print_watcher — print_dialog_confirmed count=7
15:41:13 [INFO] core.print_watcher — method1_BM_CLICK ok_hwnd=11340902
15:41:13 [INFO] core.print_watcher — confirm_success method=BM_CLICK hwnd=7934596
15:41:13 [INFO] core.print_watcher — print_dialog_confirmed count=8
15:41:14 [INFO] core.print_watcher — method1_BM_CLICK ok_hwnd=7214002
15:41:14 [INFO] core.print_watcher — confirm_success method=BM_CLICK hwnd=12063506
15:41:14 [INFO] core.print_watcher — print_dialog_confirmed count=9
15:41:15 [INFO] core.print_watcher — method1_BM_CLICK ok_hwnd=8918356
15:41:15 [INFO] core.print_watcher — confirm_success method=BM_CLICK hwnd=10621292
15:41:15 [INFO] core.print_watcher — print_dialog_confirmed count=10
15:41:17 [INFO] core.print_watcher — method1_BM_CLICK ok_hwnd=12522284
15:41:17 [INFO] core.print_watcher — confirm_success method=BM_CLICK hwnd=11801438
15:41:17 [INFO] core.print_watcher — print_dialog_confirmed count=11
15:41:18 [INFO] core.print_watcher — method1_BM_CLICK ok_hwnd=9049428
15:41:18 [INFO] core.print_watcher — confirm_success method=BM_CLICK hwnd=4525120
15:41:18 [INFO] core.print_watcher — print_dialog_confirmed count=12
15:41:20 [INFO] core.print_watcher — method1_BM_CLICK ok_hwnd=12653356
15:41:20 [INFO] core.print_watcher — confirm_success method=BM_CLICK hwnd=10883436
15:41:20 [INFO] core.print_watcher — print_dialog_confirmed count=13
15:41:21 [INFO] core.print_watcher — method1_BM_CLICK ok_hwnd=9180500
15:41:21 [INFO] core.print_watcher — confirm_success method=BM_CLICK hwnd=11933038
15:41:21 [INFO] core.print_watcher — print_dialog_confirmed count=14
15:41:23 [INFO] core.print_watcher — method1_BM_CLICK ok_hwnd=4787264
15:41:23 [INFO] core.print_watcher — confirm_success method=BM_CLICK hwnd=9246036
15:41:23 [INFO] core.print_watcher — print_dialog_confirmed count=15
15:41:24 [INFO] core.print_watcher — method1_BM_CLICK ok_hwnd=11996568
15:41:24 [INFO] core.print_watcher — confirm_success method=BM_CLICK hwnd=11276652
15:41:24 [INFO] core.print_watcher — print_dialog_confirmed count=16
15:41:24 [INFO] core.print_watcher — print_watcher_all_confirmed expected=16 confirmed=16
15:41:24 [INFO] core.print_watcher — print_watcher_stopped confirmed=16
15:41:24 [INFO] core.queue_model — print_watcher_finished confirmed=16
15:41:24 [INFO] core.queue_model — sp01_flush_result={'status': 'ok', 'message': 'SP01 OK — 16 spool(s) impreso(s)', 'marked': 16} print_dialogs_confirmed=16
15:41:24 [INFO] core.queue_model — queue_worker_stopped
15:41:24 [INFO] core.queue_model — queue_worker_stop_requested
16:01:09 [INFO] core.queue_model — hu_added hu=2972651715 pallet=21 origin=ITA
16:01:15 [INFO] core.queue_model — hu_added hu=2972627039 pallet=22 origin=ITA
16:01:22 [WARNING] core.queue_model — hu_duplicate_scan hu=2972626683
16:02:04 [INFO] core.queue_model — hu_added hu=C1016431078 pallet=23 origin=BRA/ATL
16:02:40 [INFO] core.queue_model — queue_worker_started dynamic_print_mode
16:02:40 [INFO] core.sap_client — sap_connected system=LUP user=LOPEZHJC
16:02:40 [INFO] core.queue_model — queue_worker_sap_connected
16:02:40 [INFO] core.sap_client — setup_phase1_start
16:02:47 [INFO] core.sap_client — tx_opened code=/nZMOVEINBHU current_tx=ZMOVEINBHU
16:02:47 [INFO] core.sap_client — phase1_ready — ctxtP_HU confirmed
16:02:53 [INFO] core.sap_client — hu_phase1_ok hu=2972651715 msg='Packaging data was saved. Material document 7578194373 was created'
16:02:53 [INFO] core.sap_client — setup_phase2_start
16:02:59 [INFO] core.sap_client — tx_opened code=/nZMMTIJSEP current_tx=ZMMTIJSEP
16:02:59 [INFO] core.sap_client — phase2_ready — txtGV_HU confirmed
16:03:02 [INFO] core.sap_client — hu_phase2_ok hu=2972651715 duration_ms=2732 phase2_wait=1.5
16:03:02 [INFO] core.queue_model — pallet_boundary single_hu pallet=21 accumulated=[21]
16:03:02 [INFO] core.sap_client — setup_phase1_start
16:03:08 [INFO] core.sap_client — tx_opened code=/nZMOVEINBHU current_tx=ZMOVEINBHU
16:03:09 [INFO] core.sap_client — phase1_ready — ctxtP_HU confirmed
16:03:15 [INFO] core.sap_client — hu_phase1_ok hu=2972627039 msg='Packaging data was saved. Material document 7578194416 was created'
16:03:15 [WARNING] core.sap_client — phase2_wrong_screen hu=2972627039 — re-navigating
16:03:15 [INFO] core.sap_client — setup_phase2_start
16:03:22 [INFO] core.sap_client — tx_opened code=/nZMMTIJSEP current_tx=ZMMTIJSEP
16:03:22 [INFO] core.sap_client — phase2_ready — txtGV_HU confirmed
16:03:24 [INFO] core.sap_client — hu_phase2_ok hu=2972627039 duration_ms=8724 phase2_wait=1.5
16:03:24 [INFO] core.queue_model — pallet_boundary single_hu pallet=22 accumulated=[21, 22]
16:03:24 [WARNING] core.sap_client — phase1_wrong_screen hu=C1016431078 — re-navigating
16:03:24 [INFO] core.sap_client — setup_phase1_start
16:03:30 [INFO] core.sap_client — tx_opened code=/nZMOVEINBHU current_tx=ZMOVEINBHU
16:03:30 [INFO] core.sap_client — phase1_ready — ctxtP_HU confirmed
16:03:35 [INFO] core.sap_client — hu_phase1_ok hu=C1016431078 msg='Packaging data was saved. Material document 7578194654 was created'
16:03:35 [WARNING] core.sap_client — phase2_wrong_screen hu=C1016431078 — re-navigating
16:03:35 [INFO] core.sap_client — setup_phase2_start
16:03:42 [INFO] core.sap_client — tx_opened code=/nZMMTIJSEP current_tx=ZMMTIJSEP
16:03:42 [INFO] core.sap_client — phase2_ready — txtGV_HU confirmed
16:03:44 [INFO] core.sap_client — hu_phase2_ok hu=C1016431078 duration_ms=8845 phase2_wait=1.5
16:03:44 [INFO] core.queue_model — pallet_boundary single_hu pallet=23 accumulated=[21, 22, 23]
16:03:44 [INFO] core.queue_model — flush_single_hu_pallets pallets=[21, 22, 23] hu_codes=['2972651715', '2972627039', 'C1016431078']
16:03:51 [INFO] core.sap_client — tx_opened code=/nSP01 current_tx=SP01
16:03:55 [INFO] core.sap_client — sp01_scan start scroll_max=42
16:03:56 [INFO] core.sap_client — sp01_scan_done pending=3 completed=0 hu_filter=['2972651715', '2972627039', 'C1016431078']
16:03:56 [INFO] core.sap_client — sp01_attempt=0 pending=3 completed=0 expected=3
16:03:57 [INFO] core.sap_client — sp01_marked scroll=0 row=4 title=CN-CON-003_C1016431078_20260410230342
16:03:57 [INFO] core.sap_client — sp01_marked scroll=0 row=6 title=CN-CON-003_00000000002972627039_20260410230322
16:03:58 [INFO] core.sap_client — sp01_marked scroll=0 row=8 title=CN-CON-003_00000000002972651715_20260410230300
16:03:58 [INFO] core.sap_client — sp01_mark_done total_marked=3
16:04:00 [INFO] core.print_watcher — print_watcher_started idle_timeout=12.0s expected=3
16:04:00 [INFO] core.sap_client — sp01_print_confirmed via=btn[25] marked=3
16:04:01 [INFO] core.sap_client — sp01_global_done result={'status': 'ok', 'message': 'SP01 OK — 3 spool(s) impreso(s)', 'marked': 3}
16:04:01 [INFO] core.queue_model — waiting_for_print_watcher...
16:04:02 [INFO] core.print_watcher — method1_BM_CLICK ok_hwnd=3544410
16:04:02 [INFO] core.print_watcher — confirm_success method=BM_CLICK hwnd=7932878
16:04:02 [INFO] core.print_watcher — print_dialog_confirmed count=1
16:04:04 [INFO] core.print_watcher — method1_BM_CLICK ok_hwnd=4260602
16:04:04 [INFO] core.print_watcher — confirm_success method=BM_CLICK hwnd=3479158
16:04:04 [INFO] core.print_watcher — print_dialog_confirmed count=2
16:04:05 [INFO] core.print_watcher — method1_BM_CLICK ok_hwnd=2493266
16:04:06 [INFO] core.print_watcher — confirm_success method=BM_CLICK hwnd=5313998
16:04:06 [INFO] core.print_watcher — print_dialog_confirmed count=3
16:04:06 [INFO] core.print_watcher — print_watcher_all_confirmed expected=3 confirmed=3
16:04:06 [INFO] core.print_watcher — print_watcher_stopped confirmed=3
16:04:06 [INFO] core.queue_model — print_watcher_finished confirmed=3
16:04:06 [INFO] core.queue_model — sp01_flush_result={'status': 'ok', 'message': 'SP01 OK — 3 spool(s) impreso(s)', 'marked': 3} print_dialogs_confirmed=3
16:04:06 [INFO] core.queue_model — queue_worker_stopped
16:04:06 [INFO] core.queue_model — queue_worker_stop_requested
16:04:57 [INFO] core.queue_model — hu_added hu=C1016431041 pallet=23 origin=BRA/ATL
16:05:07 [INFO] core.queue_model — queue_worker_started dynamic_print_mode
16:05:07 [INFO] core.sap_client — sap_connected system=LUP user=LOPEZHJC
16:05:07 [INFO] core.queue_model — queue_worker_sap_connected
16:05:07 [INFO] core.sap_client — setup_phase1_start
16:05:13 [INFO] core.sap_client — tx_opened code=/nZMOVEINBHU current_tx=ZMOVEINBHU
16:05:13 [INFO] core.sap_client — phase1_ready — ctxtP_HU confirmed
16:05:17 [INFO] core.sap_client — hu_phase1_duplicate hu=C1016431041 popup_title='Information' popup_text='The inserted HU does not contain positions'
16:05:17 [INFO] core.sap_client — setup_phase2_start
16:05:23 [INFO] core.sap_client — tx_opened code=/nZMMTIJSEP current_tx=ZMMTIJSEP
16:05:23 [INFO] core.sap_client — phase2_ready — txtGV_HU confirmed
16:05:25 [INFO] core.sap_client — hu_phase2_ok hu=C1016431041 duration_ms=2038 phase2_wait=1.5
16:05:25 [INFO] core.queue_model — pallet_boundary multi_hu pallet=23 count=2 hu_codes=['C1016431078', 'C1016431041']
16:05:31 [INFO] core.sap_client — tx_opened code=/nSP01 current_tx=SP01
16:05:35 [INFO] core.sap_client — sp01_scan start scroll_max=44
16:05:36 [INFO] core.sap_client — sp01_scan_done pending=1 completed=1 hu_filter=['C1016431078', 'C1016431041']
16:05:36 [INFO] core.sap_client — sp01_attempt=0 pending=1 completed=1 expected=2
16:05:36 [INFO] core.sap_client — sp01_marked scroll=0 row=4 title=CN-CON-003_C1016431041_20260410191008
16:05:37 [INFO] core.sap_client — sp01_mark_done total_marked=1
16:05:38 [INFO] core.print_watcher — print_watcher_started idle_timeout=12.0s expected=2
16:05:39 [INFO] core.sap_client — sp01_print_confirmed via=btn[13] marked=1
16:05:40 [INFO] core.sap_client — sp01_pallet_done result={'status': 'ok', 'message': 'SP01 OK — 1 spool(s) impreso(s)', 'marked': 1} hu_codes=['C1016431078', 'C1016431041']
16:05:40 [INFO] core.queue_model — waiting_for_print_watcher...
16:05:40 [INFO] core.print_watcher — method1_BM_CLICK ok_hwnd=6296782
16:05:40 [INFO] core.print_watcher — confirm_success method=BM_CLICK hwnd=3347458
16:05:40 [INFO] core.print_watcher — print_dialog_confirmed count=1
16:05:52 [INFO] core.print_watcher — print_watcher_idle_timeout confirmed=1
16:05:52 [INFO] core.print_watcher — print_watcher_stopped confirmed=1
16:05:52 [INFO] core.queue_model — print_watcher_finished confirmed=1
16:05:52 [INFO] core.queue_model — sp01_pallet_result={'status': 'ok', 'message': 'SP01 OK — 1 spool(s) impreso(s)', 'marked': 1} print_dialogs_confirmed=1
16:05:52 [INFO] core.queue_model — queue_worker_stopped
16:05:52 [INFO] core.queue_model — queue_worker_stop_requested
16:07:17 [WARNING] core.queue_model — hu_duplicate_scan hu=2972626683
16:07:44 [INFO] core.queue_model — new_pallet id=1
16:07:45 [INFO] core.queue_model — hu_added hu=2972626683 pallet=1 origin=ITA
16:07:45 [INFO] core.queue_model — queue_worker_started dynamic_print_mode
16:07:46 [INFO] core.sap_client — sap_connected system=LUP user=LOPEZHJC
16:07:46 [INFO] core.queue_model — queue_worker_sap_connected
16:07:46 [INFO] core.sap_client — setup_phase1_start
16:07:52 [INFO] core.sap_client — tx_opened code=/nZMOVEINBHU current_tx=ZMOVEINBHU
16:07:52 [INFO] core.sap_client — phase1_ready — ctxtP_HU confirmed
16:07:57 [INFO] core.sap_client — hu_phase1_ok hu=2972626683 msg='HU Already In The Destination Storage Location'
16:07:57 [INFO] core.sap_client — setup_phase2_start
16:08:03 [INFO] core.sap_client — tx_opened code=/nZMMTIJSEP current_tx=ZMMTIJSEP
16:08:03 [INFO] core.sap_client — phase2_ready — txtGV_HU confirmed
16:08:05 [INFO] core.sap_client — hu_phase2_ok hu=2972626683 duration_ms=1928 phase2_wait=1.5
16:08:05 [INFO] core.queue_model — pallet_boundary single_hu pallet=1 accumulated=[1]
16:08:05 [INFO] core.queue_model — flush_single_hu_pallets pallets=[1] hu_codes=['2972626683']
16:08:12 [INFO] core.sap_client — tx_opened code=/nSP01 current_tx=SP01
16:08:16 [INFO] core.sap_client — sp01_scan start scroll_max=44
16:08:33 [INFO] core.sap_client — sp01_scan_done pending=0 completed=1 hu_filter=['2972626683']
16:08:33 [INFO] core.sap_client — sp01_attempt=0 pending=0 completed=1 expected=1
16:08:33 [INFO] core.sap_client — sp01_all_already_completed completed=1 expected=1 — skipping print
16:08:33 [INFO] core.sap_client — sp01_global_done result={'status': 'already_done', 'message': 'Spools ya impresos anteriormente (1 Completed)', 'marked': 0}
16:08:33 [INFO] core.queue_model — waiting_for_print_watcher...
16:08:33 [INFO] core.queue_model — print_watcher_finished confirmed=1
16:08:33 [INFO] core.queue_model — sp01_flush_result={'status': 'already_done', 'message': 'Spools ya impresos anteriormente (1 Completed)', 'marked': 0} print_dialogs_confirmed=1
16:08:33 [INFO] core.queue_model — queue_worker_stopped
16:08:33 [INFO] core.queue_model — queue_worker_stop_requested
16:08:49 [INFO] core.queue_model — new_pallet id=1
16:08:52 [INFO] core.queue_model — hu_added hu=2972626683 pallet=1 origin=ITA
16:08:53 [INFO] core.queue_model — queue_worker_started dynamic_print_mode
16:08:53 [INFO] core.sap_client — sap_connected system=LUP user=LOPEZHJC
16:08:53 [INFO] core.queue_model — queue_worker_sap_connected
16:08:53 [INFO] core.sap_client — setup_phase1_start
16:08:59 [INFO] core.sap_client — tx_opened code=/nZMOVEINBHU current_tx=ZMOVEINBHU
16:08:59 [INFO] core.sap_client — phase1_ready — ctxtP_HU confirmed
16:09:03 [INFO] core.sap_client — hu_phase1_duplicate hu=2972626683 popup_title='Information' popup_text='The inserted HU does not contain positions'
16:09:03 [INFO] core.sap_client — setup_phase2_start
16:09:10 [INFO] core.sap_client — tx_opened code=/nZMMTIJSEP current_tx=ZMMTIJSEP
16:09:10 [INFO] core.sap_client — phase2_ready — txtGV_HU confirmed
16:09:12 [INFO] core.sap_client — hu_phase2_ok hu=2972626683 duration_ms=2003 phase2_wait=1.5
16:09:12 [INFO] core.queue_model — pallet_boundary single_hu pallet=1 accumulated=[1]
16:09:12 [INFO] core.queue_model — flush_single_hu_pallets pallets=[1] hu_codes=['2972626683']
16:09:18 [INFO] core.sap_client — tx_opened code=/nSP01 current_tx=SP01
16:09:22 [INFO] core.sap_client — sp01_scan start scroll_max=48
16:09:23 [INFO] core.sap_client — sp01_scan_done pending=1 completed=0 hu_filter=['2972626683']
16:09:23 [INFO] core.sap_client — sp01_attempt=0 pending=1 completed=0 expected=1
16:09:24 [INFO] core.sap_client — sp01_marked scroll=0 row=4 title=CN-CON-003_00000000002972626683_20260410222446
16:09:24 [INFO] core.sap_client — sp01_mark_done total_marked=1
16:09:26 [INFO] core.print_watcher — print_watcher_started idle_timeout=12.0s expected=1
16:09:26 [INFO] core.sap_client — sp01_print_confirmed via=btn[13] marked=1
16:09:27 [INFO] core.sap_client — sp01_global_done result={'status': 'ok', 'message': 'SP01 OK — 1 spool(s) impreso(s)', 'marked': 1}
16:09:27 [INFO] core.queue_model — waiting_for_print_watcher...
16:09:27 [INFO] core.print_watcher — method1_BM_CLICK ok_hwnd=4588456
16:09:28 [INFO] core.print_watcher — confirm_success method=BM_CLICK hwnd=5510148
16:09:28 [INFO] core.print_watcher — print_dialog_confirmed count=1
16:09:28 [INFO] core.print_watcher — print_watcher_all_confirmed expected=1 confirmed=1
16:09:28 [INFO] core.print_watcher — print_watcher_stopped confirmed=1
16:09:28 [INFO] core.queue_model — print_watcher_finished confirmed=1
16:09:28 [INFO] core.queue_model — sp01_flush_result={'status': 'ok', 'message': 'SP01 OK — 1 spool(s) impreso(s)', 'marked': 1} print_dialogs_confirmed=1
16:09:28 [INFO] core.queue_model — queue_worker_stopped
16:09:28 [INFO] core.queue_model — queue_worker_stop_requested
16:17:46 [INFO] core.queue_model — new_pallet id=1
16:19:12 [INFO] core.queue_model — hu_added hu=C1016451870 pallet=1 origin=BRA/ATL
16:19:13 [INFO] core.queue_model — queue_worker_started dynamic_print_mode
16:19:13 [INFO] core.sap_client — sap_connected system=LUP user=LOPEZHJC
16:19:13 [INFO] core.queue_model — queue_worker_sap_connected
16:19:13 [INFO] core.sap_client — setup_phase1_start
16:19:15 [INFO] core.queue_model — hu_added hu=C1016431194 pallet=1 origin=BRA/ATL
16:19:17 [INFO] core.queue_model — hu_added hu=C1016347462 pallet=1 origin=BRA/ATL
16:19:19 [INFO] core.sap_client — tx_opened code=/nZMOVEINBHU current_tx=ZMOVEINBHU
16:19:19 [INFO] core.sap_client — phase1_ready — ctxtP_HU confirmed
16:19:24 [INFO] core.sap_client — hu_phase1_ok hu=C1016451870 msg='Packaging data was saved. Material document 7578202257 was created'
16:19:24 [INFO] core.sap_client — setup_phase2_start
16:19:30 [INFO] core.sap_client — tx_opened code=/nZMMTIJSEP current_tx=ZMMTIJSEP
16:19:30 [INFO] core.sap_client — phase2_ready — txtGV_HU confirmed
16:19:32 [INFO] core.queue_model — hu_added hu=C1016451888 pallet=1 origin=BRA/ATL
16:19:33 [INFO] core.sap_client — hu_phase2_ok hu=C1016451870 duration_ms=2396 phase2_wait=1.5
16:19:33 [INFO] core.sap_client — setup_phase1_start
16:19:36 [INFO] core.queue_model — hu_added hu=C1016451899 pallet=1 origin=BRA/ATL
16:19:39 [INFO] core.sap_client — tx_opened code=/nZMOVEINBHU current_tx=ZMOVEINBHU
16:19:39 [INFO] core.sap_client — phase1_ready — ctxtP_HU confirmed
16:19:43 [INFO] core.sap_client — hu_phase1_ok hu=C1016431194 msg='Packaging data was saved. Material document 7578202270 was created'
16:19:43 [WARNING] core.sap_client — phase2_wrong_screen hu=C1016431194 — re-navigating
16:19:43 [INFO] core.sap_client — setup_phase2_start
16:19:49 [INFO] core.sap_client — tx_opened code=/nZMMTIJSEP current_tx=ZMMTIJSEP
16:19:49 [INFO] core.sap_client — phase2_ready — txtGV_HU confirmed
16:19:52 [INFO] core.sap_client — hu_phase2_ok hu=C1016431194 duration_ms=8621 phase2_wait=1.5
16:19:52 [WARNING] core.sap_client — phase1_wrong_screen hu=C1016347462 — re-navigating
16:19:52 [INFO] core.sap_client — setup_phase1_start
16:19:58 [INFO] core.sap_client — tx_opened code=/nZMOVEINBHU current_tx=ZMOVEINBHU
16:19:58 [INFO] core.sap_client — phase1_ready — ctxtP_HU confirmed
16:20:01 [INFO] core.queue_model — hu_added hu=C1016347458 pallet=1 origin=BRA/ATL
16:20:03 [INFO] core.sap_client — hu_phase1_ok hu=C1016347462 msg='Packaging data was saved. Material document 7578202278 was created'
16:20:03 [WARNING] core.sap_client — phase2_wrong_screen hu=C1016347462 — re-navigating
16:20:03 [INFO] core.sap_client — setup_phase2_start
16:20:09 [INFO] core.sap_client — tx_opened code=/nZMMTIJSEP current_tx=ZMMTIJSEP
16:20:09 [INFO] core.sap_client — phase2_ready — txtGV_HU confirmed
16:20:09 [INFO] core.queue_model — hu_added hu=C1016431152 pallet=1 origin=BRA/ATL
16:20:11 [INFO] core.queue_model — hu_added hu=C1016431211 pallet=1 origin=BRA/ATL
16:20:12 [INFO] core.sap_client — hu_phase2_ok hu=C1016347462 duration_ms=8571 phase2_wait=1.5
16:20:12 [WARNING] core.sap_client — phase1_wrong_screen hu=C1016451888 — re-navigating
16:20:12 [INFO] core.sap_client — setup_phase1_start
16:20:18 [INFO] core.sap_client — tx_opened code=/nZMOVEINBHU current_tx=ZMOVEINBHU
16:20:18 [INFO] core.sap_client — phase1_ready — ctxtP_HU confirmed
16:20:22 [INFO] core.sap_client — hu_phase1_ok hu=C1016451888 msg='Packaging data was saved. Material document 7578202309 was created'
16:20:22 [WARNING] core.sap_client — phase2_wrong_screen hu=C1016451888 — re-navigating
16:20:22 [INFO] core.sap_client — setup_phase2_start
16:20:29 [INFO] core.sap_client — tx_opened code=/nZMMTIJSEP current_tx=ZMMTIJSEP
16:20:29 [INFO] core.sap_client — phase2_ready — txtGV_HU confirmed
16:20:31 [INFO] core.sap_client — hu_phase2_ok hu=C1016451888 duration_ms=8503 phase2_wait=1.5
16:20:31 [WARNING] core.sap_client — phase1_wrong_screen hu=C1016451899 — re-navigating
16:20:31 [INFO] core.sap_client — setup_phase1_start
16:20:37 [INFO] core.sap_client — tx_opened code=/nZMOVEINBHU current_tx=ZMOVEINBHU
16:20:37 [INFO] core.sap_client — phase1_ready — ctxtP_HU confirmed
16:20:41 [INFO] core.sap_client — hu_phase1_ok hu=C1016451899 msg='Packaging data was saved. Material document 7578203733 was created'
16:20:41 [WARNING] core.sap_client — phase2_wrong_screen hu=C1016451899 — re-navigating
16:20:41 [INFO] core.sap_client — setup_phase2_start
16:20:48 [INFO] core.sap_client — tx_opened code=/nZMMTIJSEP current_tx=ZMMTIJSEP
16:20:48 [INFO] core.sap_client — phase2_ready — txtGV_HU confirmed
16:20:50 [INFO] core.sap_client — hu_phase2_ok hu=C1016451899 duration_ms=8463 phase2_wait=1.5
16:20:50 [WARNING] core.sap_client — phase1_wrong_screen hu=C1016347458 — re-navigating
16:20:50 [INFO] core.sap_client — setup_phase1_start
16:20:56 [INFO] core.sap_client — tx_opened code=/nZMOVEINBHU current_tx=ZMOVEINBHU
16:20:56 [INFO] core.sap_client — phase1_ready — ctxtP_HU confirmed
16:21:04 [INFO] core.sap_client — hu_phase1_ok hu=C1016347458 msg='Packaging data was saved. Material document 7578203742 was created'
16:21:04 [WARNING] core.sap_client — phase2_wrong_screen hu=C1016347458 — re-navigating
16:21:04 [INFO] core.sap_client — setup_phase2_start
16:21:06 [INFO] core.queue_model — hu_added hu=C1016451911 pallet=1 origin=BRA/ATL
16:21:10 [INFO] core.sap_client — tx_opened code=/nZMMTIJSEP current_tx=ZMMTIJSEP
16:21:10 [INFO] core.sap_client — phase2_ready — txtGV_HU confirmed
16:21:13 [INFO] core.sap_client — hu_phase2_ok hu=C1016347458 duration_ms=8741 phase2_wait=1.5
16:21:13 [WARNING] core.sap_client — phase1_wrong_screen hu=C1016431152 — re-navigating
16:21:13 [INFO] core.sap_client — setup_phase1_start
16:21:19 [INFO] core.sap_client — tx_opened code=/nZMOVEINBHU current_tx=ZMOVEINBHU
16:21:19 [INFO] core.sap_client — phase1_ready — ctxtP_HU confirmed
16:21:25 [INFO] core.sap_client — hu_phase1_ok hu=C1016431152 msg='Packaging data was saved. Material document 7578203763 was created'
16:21:25 [WARNING] core.sap_client — phase2_wrong_screen hu=C1016431152 — re-navigating
16:21:25 [INFO] core.sap_client — setup_phase2_start
16:21:31 [INFO] core.queue_model — hu_added hu=C1016347460 pallet=1 origin=BRA/ATL
16:21:31 [INFO] core.sap_client — tx_opened code=/nZMMTIJSEP current_tx=ZMMTIJSEP
16:21:31 [INFO] core.sap_client — phase2_ready — txtGV_HU confirmed
16:21:34 [INFO] core.sap_client — hu_phase2_ok hu=C1016431152 duration_ms=8695 phase2_wait=1.5
16:21:34 [WARNING] core.sap_client — phase1_wrong_screen hu=C1016431211 — re-navigating
16:21:34 [INFO] core.sap_client — setup_phase1_start
16:21:40 [INFO] core.sap_client — tx_opened code=/nZMOVEINBHU current_tx=ZMOVEINBHU
16:21:40 [INFO] core.sap_client — phase1_ready — ctxtP_HU confirmed
16:21:44 [INFO] core.sap_client — hu_phase1_ok hu=C1016431211 msg='Packaging data was saved. Material document 7578203777 was created'
16:21:44 [WARNING] core.sap_client — phase2_wrong_screen hu=C1016431211 — re-navigating
16:21:44 [INFO] core.sap_client — setup_phase2_start
16:21:45 [INFO] core.queue_model — hu_added hu=C1016431153 pallet=1 origin=BRA/ATL
16:21:48 [INFO] core.queue_model — hu_added hu=C1016451912 pallet=1 origin=BRA/ATL
16:21:50 [INFO] core.queue_model — hu_added hu=C1016431191 pallet=1 origin=BRA/ATL
16:21:51 [INFO] core.sap_client — tx_opened code=/nZMMTIJSEP current_tx=ZMMTIJSEP
16:21:51 [INFO] core.sap_client — phase2_ready — txtGV_HU confirmed
16:21:53 [INFO] core.queue_model — hu_added hu=C1016431190 pallet=1 origin=BRA/ATL
16:21:53 [INFO] core.sap_client — hu_phase2_ok hu=C1016431211 duration_ms=8528 phase2_wait=1.5
16:21:53 [WARNING] core.sap_client — phase1_wrong_screen hu=C1016451911 — re-navigating
16:21:53 [INFO] core.sap_client — setup_phase1_start
16:21:59 [INFO] core.sap_client — tx_opened code=/nZMOVEINBHU current_tx=ZMOVEINBHU
16:21:59 [INFO] core.sap_client — phase1_ready — ctxtP_HU confirmed
16:22:05 [INFO] core.sap_client — hu_phase1_ok hu=C1016451911 msg='Packaging data was saved. Material document 7578203793 was created'
16:22:05 [WARNING] core.sap_client — phase2_wrong_screen hu=C1016451911 — re-navigating
16:22:05 [INFO] core.sap_client — setup_phase2_start
16:22:11 [INFO] core.sap_client — tx_opened code=/nZMMTIJSEP current_tx=ZMMTIJSEP
16:22:11 [INFO] core.sap_client — phase2_ready — txtGV_HU confirmed
16:22:13 [INFO] core.sap_client — hu_phase2_ok hu=C1016451911 duration_ms=8548 phase2_wait=1.5
16:22:13 [WARNING] core.sap_client — phase1_wrong_screen hu=C1016347460 — re-navigating
16:22:13 [INFO] core.sap_client — setup_phase1_start
16:22:20 [INFO] core.sap_client — tx_opened code=/nZMOVEINBHU current_tx=ZMOVEINBHU
16:22:20 [INFO] core.sap_client — phase1_ready — ctxtP_HU confirmed
16:22:26 [INFO] core.sap_client — hu_phase1_ok hu=C1016347460 msg='Packaging data was saved. Material document 7578203811 was created'
16:22:26 [WARNING] core.sap_client — phase2_wrong_screen hu=C1016347460 — re-navigating
16:22:26 [INFO] core.sap_client — setup_phase2_start
16:22:32 [INFO] core.sap_client — tx_opened code=/nZMMTIJSEP current_tx=ZMMTIJSEP
16:22:32 [INFO] core.sap_client — phase2_ready — txtGV_HU confirmed
16:22:34 [INFO] core.sap_client — hu_phase2_ok hu=C1016347460 duration_ms=8507 phase2_wait=1.5
16:22:34 [WARNING] core.sap_client — phase1_wrong_screen hu=C1016431153 — re-navigating
16:22:34 [INFO] core.sap_client — setup_phase1_start
16:22:41 [INFO] core.sap_client — tx_opened code=/nZMOVEINBHU current_tx=ZMOVEINBHU
16:22:41 [INFO] core.sap_client — phase1_ready — ctxtP_HU confirmed
16:22:42 [WARNING] core.queue_model — hu_duplicate_scan hu=C1016431190
16:22:45 [WARNING] core.queue_model — hu_duplicate_scan hu=C1016431191
16:22:45 [WARNING] core.queue_model — hu_duplicate_scan hu=C1016451912
16:22:46 [WARNING] core.queue_model — hu_duplicate_scan hu=C1016431153
16:22:47 [WARNING] core.queue_model — hu_duplicate_scan hu=C1016347460
16:22:48 [INFO] core.sap_client — hu_phase1_ok hu=C1016431153 msg='Packaging data was saved. Material document 7578205257 was created'
16:22:48 [WARNING] core.sap_client — phase2_wrong_screen hu=C1016431153 — re-navigating
16:22:48 [INFO] core.sap_client — setup_phase2_start
16:22:54 [INFO] core.sap_client — tx_opened code=/nZMMTIJSEP current_tx=ZMMTIJSEP
16:22:54 [INFO] core.sap_client — phase2_ready — txtGV_HU confirmed
16:22:56 [INFO] core.sap_client — hu_phase2_ok hu=C1016431153 duration_ms=8533 phase2_wait=1.5
16:22:56 [WARNING] core.sap_client — phase1_wrong_screen hu=C1016451912 — re-navigating
16:22:56 [INFO] core.sap_client — setup_phase1_start
16:23:03 [INFO] core.sap_client — tx_opened code=/nZMOVEINBHU current_tx=ZMOVEINBHU
16:23:03 [INFO] core.sap_client — phase1_ready — ctxtP_HU confirmed
16:23:15 [INFO] core.queue_model — hu_added hu=C1016431154 pallet=1 origin=BRA/ATL
16:23:18 [INFO] core.sap_client — hu_phase1_ok hu=C1016451912 msg='Packaging data was saved. Material document 7578205290 was created'
16:23:18 [WARNING] core.sap_client — phase2_wrong_screen hu=C1016451912 — re-navigating
16:23:18 [INFO] core.sap_client — setup_phase2_start
16:23:25 [INFO] core.sap_client — tx_opened code=/nZMMTIJSEP current_tx=ZMMTIJSEP
16:23:25 [INFO] core.sap_client — phase2_ready — txtGV_HU confirmed
16:23:27 [INFO] core.queue_model — hu_added hu=C1016451900 pallet=1 origin=BRA/ATL
16:23:27 [INFO] core.sap_client — hu_phase2_ok hu=C1016451912 duration_ms=8982 phase2_wait=1.5
16:23:27 [WARNING] core.sap_client — phase1_wrong_screen hu=C1016431191 — re-navigating
16:23:27 [INFO] core.sap_client — setup_phase1_start
16:23:34 [INFO] core.sap_client — tx_opened code=/nZMOVEINBHU current_tx=ZMOVEINBHU
16:23:34 [INFO] core.sap_client — phase1_ready — ctxtP_HU confirmed
16:23:40 [INFO] core.sap_client — hu_phase1_ok hu=C1016431191 msg='Packaging data was saved. Material document 7578206360 was created'
16:23:40 [WARNING] core.sap_client — phase2_wrong_screen hu=C1016431191 — re-navigating
16:23:40 [INFO] core.sap_client — setup_phase2_start
16:23:46 [INFO] core.sap_client — tx_opened code=/nZMMTIJSEP current_tx=ZMMTIJSEP
16:23:46 [INFO] core.sap_client — phase2_ready — txtGV_HU confirmed
16:23:49 [INFO] core.sap_client — hu_phase2_ok hu=C1016431191 duration_ms=8629 phase2_wait=1.5
16:23:49 [WARNING] core.sap_client — phase1_wrong_screen hu=C1016431190 — re-navigating
16:23:49 [INFO] core.sap_client — setup_phase1_start
16:23:55 [INFO] core.sap_client — tx_opened code=/nZMOVEINBHU current_tx=ZMOVEINBHU
16:23:55 [INFO] core.sap_client — phase1_ready — ctxtP_HU confirmed
16:24:01 [INFO] core.queue_model — hu_added hu=C1016431148 pallet=1 origin=BRA/ATL
16:24:05 [INFO] core.sap_client — hu_phase1_ok hu=C1016431190 msg='Packaging data was saved. Material document 7578206681 was created'
16:24:05 [WARNING] core.sap_client — phase2_wrong_screen hu=C1016431190 — re-navigating
16:24:05 [INFO] core.sap_client — setup_phase2_start
16:24:11 [INFO] core.sap_client — tx_opened code=/nZMMTIJSEP current_tx=ZMMTIJSEP
16:24:11 [INFO] core.sap_client — phase2_ready — txtGV_HU confirmed
16:24:12 [INFO] core.queue_model — hu_added hu=C1016347459 pallet=1 origin=BRA/ATL
16:24:13 [INFO] core.sap_client — hu_phase2_ok hu=C1016431190 duration_ms=8658 phase2_wait=1.5
16:24:13 [WARNING] core.sap_client — phase1_wrong_screen hu=C1016431154 — re-navigating
16:24:13 [INFO] core.sap_client — setup_phase1_start
16:24:19 [INFO] core.sap_client — tx_opened code=/nZMOVEINBHU current_tx=ZMOVEINBHU
16:24:19 [INFO] core.sap_client — phase1_ready — ctxtP_HU confirmed
16:24:27 [INFO] core.sap_client — hu_phase1_ok hu=C1016431154 msg='Packaging data was saved. Material document 7578206695 was created'
16:24:27 [WARNING] core.sap_client — phase2_wrong_screen hu=C1016431154 — re-navigating
16:24:27 [INFO] core.sap_client — setup_phase2_start
16:24:33 [INFO] core.queue_model — hu_added hu=C1016431147 pallet=1 origin=BRA/ATL
16:24:33 [INFO] core.sap_client — tx_opened code=/nZMMTIJSEP current_tx=ZMMTIJSEP
16:24:33 [INFO] core.sap_client — phase2_ready — txtGV_HU confirmed
16:24:35 [INFO] core.sap_client — hu_phase2_ok hu=C1016431154 duration_ms=8593 phase2_wait=1.5
16:24:35 [WARNING] core.sap_client — phase1_wrong_screen hu=C1016451900 — re-navigating
16:24:35 [INFO] core.sap_client — setup_phase1_start
16:24:41 [INFO] core.sap_client — tx_opened code=/nZMOVEINBHU current_tx=ZMOVEINBHU
16:24:42 [INFO] core.sap_client — phase1_ready — ctxtP_HU confirmed
16:24:46 [INFO] core.queue_model — hu_added hu=C1016451901 pallet=1 origin=BRA/ATL
16:24:47 [INFO] core.queue_model — hu_added hu=C1016451902 pallet=1 origin=BRA/ATL
16:24:49 [INFO] core.sap_client — hu_phase1_ok hu=C1016451900 msg='Packaging data was saved. Material document 7578206708 was created'
16:24:49 [WARNING] core.sap_client — phase2_wrong_screen hu=C1016451900 — re-navigating
16:24:49 [INFO] core.sap_client — setup_phase2_start
16:24:55 [INFO] core.sap_client — tx_opened code=/nZMMTIJSEP current_tx=ZMMTIJSEP
16:24:55 [INFO] core.sap_client — phase2_ready — txtGV_HU confirmed
16:24:58 [INFO] core.sap_client — hu_phase2_ok hu=C1016451900 duration_ms=8701 phase2_wait=1.5
16:24:58 [WARNING] core.sap_client — phase1_wrong_screen hu=C1016431148 — re-navigating
16:24:58 [INFO] core.sap_client — setup_phase1_start
16:25:04 [INFO] core.sap_client — tx_opened code=/nZMOVEINBHU current_tx=ZMOVEINBHU
16:25:04 [INFO] core.sap_client — phase1_ready — ctxtP_HU confirmed
16:25:12 [INFO] core.sap_client — hu_phase1_ok hu=C1016431148 msg='Packaging data was saved. Material document 7578206723 was created'
16:25:12 [WARNING] core.sap_client — phase2_wrong_screen hu=C1016431148 — re-navigating
16:25:12 [INFO] core.sap_client — setup_phase2_start
16:25:19 [INFO] core.sap_client — tx_opened code=/nZMMTIJSEP current_tx=ZMMTIJSEP
16:25:19 [INFO] core.sap_client — phase2_ready — txtGV_HU confirmed
16:25:21 [INFO] core.sap_client — hu_phase2_ok hu=C1016431148 duration_ms=8600 phase2_wait=1.5
16:25:21 [WARNING] core.sap_client — phase1_wrong_screen hu=C1016347459 — re-navigating
16:25:21 [INFO] core.sap_client — setup_phase1_start
16:25:27 [INFO] core.sap_client — tx_opened code=/nZMOVEINBHU current_tx=ZMOVEINBHU
16:25:27 [INFO] core.sap_client — phase1_ready — ctxtP_HU confirmed
16:25:34 [INFO] core.sap_client — hu_phase1_ok hu=C1016347459 msg='Packaging data was saved. Material document 7578207860 was created'
16:25:34 [WARNING] core.sap_client — phase2_wrong_screen hu=C1016347459 — re-navigating
16:25:34 [INFO] core.sap_client — setup_phase2_start
16:25:40 [INFO] core.sap_client — tx_opened code=/nZMMTIJSEP current_tx=ZMMTIJSEP
16:25:41 [INFO] core.sap_client — phase2_ready — txtGV_HU confirmed
16:25:43 [INFO] core.sap_client — hu_phase2_ok hu=C1016347459 duration_ms=8628 phase2_wait=1.5
16:25:43 [WARNING] core.sap_client — phase1_wrong_screen hu=C1016431147 — re-navigating
16:25:43 [INFO] core.sap_client — setup_phase1_start
16:25:49 [INFO] core.sap_client — tx_opened code=/nZMOVEINBHU current_tx=ZMOVEINBHU
16:25:49 [INFO] core.sap_client — phase1_ready — ctxtP_HU confirmed
16:25:56 [INFO] core.sap_client — hu_phase1_ok hu=C1016431147 msg='Packaging data was saved. Material document 7578207871 was created'
16:25:56 [WARNING] core.sap_client — phase2_wrong_screen hu=C1016431147 — re-navigating
16:25:56 [INFO] core.sap_client — setup_phase2_start
16:26:02 [INFO] core.sap_client — tx_opened code=/nZMMTIJSEP current_tx=ZMMTIJSEP
16:26:02 [INFO] core.sap_client — phase2_ready — txtGV_HU confirmed
16:26:04 [INFO] core.sap_client — hu_phase2_ok hu=C1016431147 duration_ms=8585 phase2_wait=1.5
16:26:04 [WARNING] core.sap_client — phase1_wrong_screen hu=C1016451901 — re-navigating
16:26:04 [INFO] core.sap_client — setup_phase1_start
16:26:11 [INFO] core.sap_client — tx_opened code=/nZMOVEINBHU current_tx=ZMOVEINBHU
16:26:11 [INFO] core.sap_client — phase1_ready — ctxtP_HU confirmed
16:26:17 [INFO] core.sap_client — hu_phase1_ok hu=C1016451901 msg='Packaging data was saved. Material document 7578208850 was created'
16:26:17 [WARNING] core.sap_client — phase2_wrong_screen hu=C1016451901 — re-navigating
16:26:17 [INFO] core.sap_client — setup_phase2_start
16:26:24 [INFO] core.sap_client — tx_opened code=/nZMMTIJSEP current_tx=ZMMTIJSEP
16:26:24 [INFO] core.sap_client — phase2_ready — txtGV_HU confirmed
16:26:26 [INFO] core.sap_client — hu_phase2_ok hu=C1016451901 duration_ms=8669 phase2_wait=1.5
16:26:26 [WARNING] core.sap_client — phase1_wrong_screen hu=C1016451902 — re-navigating
16:26:26 [INFO] core.sap_client — setup_phase1_start
16:26:32 [INFO] core.sap_client — tx_opened code=/nZMOVEINBHU current_tx=ZMOVEINBHU
16:26:32 [INFO] core.sap_client — phase1_ready — ctxtP_HU confirmed
16:26:41 [INFO] core.sap_client — hu_phase1_ok hu=C1016451902 msg='Packaging data was saved. Material document 7578208867 was created'
16:26:41 [WARNING] core.sap_client — phase2_wrong_screen hu=C1016451902 — re-navigating
16:26:41 [INFO] core.sap_client — setup_phase2_start
16:26:48 [INFO] core.sap_client — tx_opened code=/nZMMTIJSEP current_tx=ZMMTIJSEP
16:26:48 [INFO] core.sap_client — phase2_ready — txtGV_HU confirmed
16:26:50 [INFO] core.sap_client — hu_phase2_ok hu=C1016451902 duration_ms=8685 phase2_wait=1.5
16:26:50 [INFO] core.queue_model — pallet_boundary multi_hu pallet=1 count=21 hu_codes=['C1016451870', 'C1016431194', 'C1016347462', 'C1016451888', 'C1016451899', 'C1016347458', 'C1016431152', 'C1016431211', 'C1016451911', 'C1016347460', 'C1016431153', 'C1016451912', 'C1016431191', 'C1016431190', 'C1016431154', 'C1016451900', 'C1016431148', 'C1016347459', 'C1016431147', 'C1016451901', 'C1016451902']
16:26:56 [INFO] core.sap_client — tx_opened code=/nSP01 current_tx=SP01
16:27:00 [INFO] core.sap_client — sp01_scan start scroll_max=88
16:27:54 [INFO] core.sap_client — sp01_scan_done pending=20 completed=0 hu_filter=['C1016451870', 'C1016431194', 'C1016347462', 'C1016451888', 'C1016451899', 'C1016347458', 'C1016431152', 'C1016431211', 'C1016451911', 'C1016347460', 'C1016431153', 'C1016451912', 'C1016431191', 'C1016431190', 'C1016431154', 'C1016451900', 'C1016431148', 'C1016347459', 'C1016431147', 'C1016451901', 'C1016451902']
16:27:54 [INFO] core.sap_client — sp01_attempt=0 pending=20 completed=0 expected=21
16:27:54 [WARNING] core.sap_client — sp01_waiting_spools attempt=1/40 pending=20 completed=0 expected=21 — refresh in 4.5s
16:28:00 [INFO] core.sap_client — sp01_scan start scroll_max=90
16:28:02 [INFO] core.sap_client — sp01_scan_done pending=21 completed=0 hu_filter=['C1016451870', 'C1016431194', 'C1016347462', 'C1016451888', 'C1016451899', 'C1016347458', 'C1016431152', 'C1016431211', 'C1016451911', 'C1016347460', 'C1016431153', 'C1016451912', 'C1016431191', 'C1016431190', 'C1016431154', 'C1016451900', 'C1016431148', 'C1016347459', 'C1016431147', 'C1016451901', 'C1016451902']
16:28:02 [INFO] core.sap_client — sp01_attempt=1 pending=21 completed=0 expected=21
16:28:02 [INFO] core.sap_client — sp01_marked scroll=0 row=4 title=CN-CON-003_C1016451902_20260410232648
16:28:03 [INFO] core.sap_client — sp01_marked scroll=0 row=6 title=CN-CON-003_C1016451901_20260410232624
16:28:03 [INFO] core.sap_client — sp01_marked scroll=0 row=8 title=CN-CON-003_C1016431147_20260410232603
16:28:03 [INFO] core.sap_client — sp01_marked scroll=0 row=10 title=CN-CON-003_C1016347459_20260410232541
16:28:04 [INFO] core.sap_client — sp01_marked scroll=0 row=12 title=CN-CON-003_C1016431148_20260410232519
16:28:04 [INFO] core.sap_client — sp01_marked scroll=0 row=14 title=CN-CON-003_C1016451900_20260410232456
16:28:05 [INFO] core.sap_client — sp01_marked scroll=0 row=16 title=CN-CON-003_C1016431154_20260410232434
16:28:05 [INFO] core.sap_client — sp01_marked scroll=0 row=20 title=CN-CON-003_C1016431190_20260410232411
16:28:06 [INFO] core.sap_client — sp01_marked scroll=0 row=22 title=CN-CON-003_C1016431191_20260410232347
16:28:06 [INFO] core.sap_client — sp01_marked scroll=0 row=24 title=CN-CON-003_C1016431153_20260410232255
16:28:07 [INFO] core.sap_client — sp01_marked scroll=0 row=26 title=CN-CON-003_C1016347460_20260410232233
16:28:07 [INFO] core.sap_client — sp01_marked scroll=0 row=28 title=CN-CON-003_C1016451911_20260410232212
16:28:07 [INFO] core.sap_client — sp01_marked scroll=0 row=30 title=CN-CON-003_C1016431211_20260410232151
16:28:08 [INFO] core.sap_client — sp01_marked scroll=0 row=32 title=CN-CON-003_C1016431152_20260410232132
16:28:08 [INFO] core.sap_client — sp01_marked scroll=0 row=34 title=CN-CON-003_C1016347458_20260410232111
16:28:09 [INFO] core.sap_client — sp01_marked scroll=0 row=36 title=CN-CON-003_C1016451899_20260410232048
16:28:09 [INFO] core.sap_client — sp01_marked scroll=0 row=38 title=CN-CON-003_C1016451888_20260410232029
16:28:10 [INFO] core.sap_client — sp01_marked scroll=0 row=40 title=CN-CON-003_C1016347462_20260410232010
16:28:10 [INFO] core.sap_client — sp01_marked scroll=0 row=42 title=CN-CON-003_C1016431194_20260410231950
16:28:11 [INFO] core.sap_client — sp01_marked scroll=0 row=44 title=CN-CON-003_C1016451870_20260410231931
16:28:11 [INFO] core.sap_client — sp01_marked scroll=1 row=18 title=CN-CON-003_C1016451912_20260410232325
16:28:11 [INFO] core.sap_client — sp01_mark_done total_marked=21
16:28:13 [INFO] core.print_watcher — print_watcher_started idle_timeout=12.0s expected=21
16:28:13 [INFO] core.sap_client — sp01_print_confirmed via=btn[25] marked=21
16:28:14 [INFO] core.sap_client — sp01_pallet_done result={'status': 'ok', 'message': 'SP01 OK — 21 spool(s) impreso(s)', 'marked': 21} hu_codes=['C1016451870', 'C1016431194', 'C1016347462', 'C1016451888', 'C1016451899', 'C1016347458', 'C1016431152', 'C1016431211', 'C1016451911', 'C1016347460', 'C1016431153', 'C1016451912', 'C1016431191', 'C1016431190', 'C1016431154', 'C1016451900', 'C1016431148', 'C1016347459', 'C1016431147', 'C1016451901', 'C1016451902']
16:28:14 [INFO] core.queue_model — waiting_for_print_watcher...
16:28:14 [INFO] core.print_watcher — method1_BM_CLICK ok_hwnd=16124030
16:28:15 [INFO] core.print_watcher — confirm_success method=BM_CLICK hwnd=7475472
16:28:15 [INFO] core.print_watcher — print_dialog_confirmed count=1
16:28:16 [INFO] core.print_watcher — method1_BM_CLICK ok_hwnd=11605332
16:28:16 [INFO] core.print_watcher — confirm_success method=BM_CLICK hwnd=9966262
16:28:16 [INFO] core.print_watcher — print_dialog_confirmed count=2
16:28:18 [INFO] core.print_watcher — method1_BM_CLICK ok_hwnd=11734284
16:28:18 [INFO] core.print_watcher — confirm_success method=BM_CLICK hwnd=8520454
16:28:18 [INFO] core.print_watcher — print_dialog_confirmed count=3
16:28:20 [INFO] core.print_watcher — method1_BM_CLICK ok_hwnd=1971622
16:28:20 [INFO] core.print_watcher — confirm_success method=BM_CLICK hwnd=17436866
16:28:20 [INFO] core.print_watcher — print_dialog_confirmed count=4
16:28:22 [INFO] core.print_watcher — method1_BM_CLICK ok_hwnd=5246250
16:28:22 [INFO] core.print_watcher — confirm_success method=BM_CLICK hwnd=11145276
16:28:22 [INFO] core.print_watcher — print_dialog_confirmed count=5
16:28:23 [INFO] core.print_watcher — method1_BM_CLICK ok_hwnd=11930892
16:28:23 [INFO] core.print_watcher — confirm_success method=BM_CLICK hwnd=8589260
16:28:23 [INFO] core.print_watcher — print_dialog_confirmed count=6
16:28:25 [INFO] core.print_watcher — method1_BM_CLICK ok_hwnd=4855518
16:28:25 [INFO] core.print_watcher — confirm_success method=BM_CLICK hwnd=7605480
16:28:25 [INFO] core.print_watcher — print_dialog_confirmed count=7
16:28:27 [INFO] core.print_watcher — method1_BM_CLICK ok_hwnd=11275198
16:28:27 [INFO] core.print_watcher — confirm_success method=BM_CLICK hwnd=5508394
16:28:27 [INFO] core.print_watcher — print_dialog_confirmed count=8
16:28:29 [INFO] core.print_watcher — method1_BM_CLICK ok_hwnd=8785868
16:28:29 [INFO] core.print_watcher — confirm_success method=BM_CLICK hwnd=9637656
16:28:29 [INFO] core.print_watcher — print_dialog_confirmed count=9
16:28:30 [INFO] core.print_watcher — method1_BM_CLICK ok_hwnd=12718212
16:28:30 [INFO] core.print_watcher — confirm_success method=BM_CLICK hwnd=9967252
16:28:30 [INFO] core.print_watcher — print_dialog_confirmed count=10
16:28:32 [INFO] core.print_watcher — method1_BM_CLICK ok_hwnd=4132330
16:28:32 [INFO] core.print_watcher — confirm_success method=BM_CLICK hwnd=7410744
16:28:32 [INFO] core.print_watcher — print_dialog_confirmed count=11
16:28:34 [INFO] core.print_watcher — method1_BM_CLICK ok_hwnd=18550026
16:28:34 [INFO] core.print_watcher — confirm_success method=BM_CLICK hwnd=20385462
16:28:34 [INFO] core.print_watcher — print_dialog_confirmed count=12
16:28:35 [INFO] core.print_watcher — method1_BM_CLICK ok_hwnd=9179084
16:28:36 [INFO] core.print_watcher — confirm_success method=BM_CLICK hwnd=11013290
16:28:36 [INFO] core.print_watcher — print_dialog_confirmed count=13
16:28:37 [INFO] core.print_watcher — method1_BM_CLICK ok_hwnd=17107070
16:28:37 [INFO] core.print_watcher — confirm_success method=BM_CLICK hwnd=16781816
16:28:37 [INFO] core.print_watcher — print_dialog_confirmed count=14
16:28:39 [INFO] core.print_watcher — method1_BM_CLICK ok_hwnd=8000164
16:28:39 [INFO] core.print_watcher — confirm_success method=BM_CLICK hwnd=3216744
16:28:39 [INFO] core.print_watcher — print_dialog_confirmed count=15
16:28:40 [INFO] core.print_watcher — method1_BM_CLICK ok_hwnd=5638446
16:28:41 [INFO] core.print_watcher — confirm_success method=BM_CLICK hwnd=7999796
16:28:41 [INFO] core.print_watcher — print_dialog_confirmed count=16
16:28:42 [INFO] core.print_watcher — method1_BM_CLICK ok_hwnd=15274764
16:28:42 [INFO] core.print_watcher — confirm_success method=BM_CLICK hwnd=9770288
16:28:42 [INFO] core.print_watcher — print_dialog_confirmed count=17
16:28:44 [INFO] core.print_watcher — method1_BM_CLICK ok_hwnd=12981588
16:28:44 [INFO] core.print_watcher — confirm_success method=BM_CLICK hwnd=11930558
16:28:44 [INFO] core.print_watcher — print_dialog_confirmed count=18
16:28:45 [INFO] core.print_watcher — method1_BM_CLICK ok_hwnd=10687410
16:28:45 [INFO] core.print_watcher — confirm_success method=BM_CLICK hwnd=13636446
16:28:45 [INFO] core.print_watcher — print_dialog_confirmed count=19
16:28:47 [INFO] core.print_watcher — method1_BM_CLICK ok_hwnd=9637836
16:28:47 [INFO] core.print_watcher — confirm_success method=BM_CLICK hwnd=10881330
16:28:47 [INFO] core.print_watcher — print_dialog_confirmed count=20
16:28:48 [INFO] core.print_watcher — method1_BM_CLICK ok_hwnd=12259980
16:28:48 [INFO] core.print_watcher — confirm_success method=BM_CLICK hwnd=9306862
16:28:48 [INFO] core.print_watcher — print_dialog_confirmed count=21
16:28:48 [INFO] core.print_watcher — print_watcher_all_confirmed expected=21 confirmed=21
16:28:48 [INFO] core.print_watcher — print_watcher_stopped confirmed=21
16:28:49 [INFO] core.queue_model — print_watcher_finished confirmed=21
16:28:49 [INFO] core.queue_model — sp01_pallet_result={'status': 'ok', 'message': 'SP01 OK — 21 spool(s) impreso(s)', 'marked': 21} print_dialogs_confirmed=21
16:28:49 [INFO] core.queue_model — queue_worker_stopped
16:28:49 [INFO] core.queue_model — queue_worker_stop_requested
16:30:23 [INFO] core.queue_model — new_pallet id=2
16:30:25 [INFO] core.queue_model — hu_added hu=C1016451909 pallet=2 origin=BRA/ATL
16:30:26 [INFO] core.queue_model — hu_added hu=C1016451903 pallet=2 origin=BRA/ATL
16:30:29 [INFO] core.queue_model — hu_added hu=C1016431203 pallet=2 origin=BRA/ATL
16:30:30 [INFO] core.queue_model — hu_added hu=C1016347467 pallet=2 origin=BRA/ATL
16:30:34 [INFO] core.queue_model — hu_added hu=C1016431209 pallet=2 origin=BRA/ATL
16:30:36 [INFO] core.queue_model — hu_added hu=C1016431207 pallet=2 origin=BRA/ATL
16:30:38 [INFO] core.queue_model — hu_added hu=C1016451910 pallet=2 origin=BRA/ATL
16:30:39 [INFO] core.queue_model — hu_added hu=C1016451904 pallet=2 origin=BRA/ATL
16:30:44 [INFO] core.queue_model — hu_added hu=C1016431206 pallet=2 origin=BRA/ATL
16:30:45 [INFO] core.queue_model — hu_added hu=C1016347469 pallet=2 origin=BRA/ATL
16:30:49 [INFO] core.queue_model — hu_added hu=C1016347468 pallet=2 origin=BRA/ATL
16:30:50 [INFO] core.queue_model — hu_added hu=C1016431208 pallet=2 origin=BRA/ATL
16:30:59 [INFO] core.queue_model — new_pallet id=3
16:31:04 [INFO] core.queue_model — hu_added hu=C1016431181 pallet=3 origin=BRA/ATL
16:31:04 [INFO] core.queue_model — hu_added hu=C1016431177 pallet=3 origin=BRA/ATL
16:31:06 [INFO] core.queue_model — hu_added hu=C1016431179 pallet=3 origin=BRA/ATL
16:31:11 [INFO] core.queue_model — hu_added hu=C1016431176 pallet=3 origin=BRA/ATL
16:31:11 [INFO] core.queue_model — hu_added hu=C1016431171 pallet=3 origin=BRA/ATL
16:31:12 [INFO] core.queue_model — hu_added hu=C1016431170 pallet=3 origin=BRA/ATL
16:31:13 [INFO] core.queue_model — hu_added hu=C1016431159 pallet=3 origin=BRA/ATL
16:31:14 [INFO] core.queue_model — hu_added hu=C1016431157 pallet=3 origin=BRA/ATL
16:31:15 [INFO] core.queue_model — hu_added hu=C1016431164 pallet=3 origin=BRA/ATL
16:31:15 [INFO] core.queue_model — hu_added hu=C1016431165 pallet=3 origin=BRA/ATL
16:31:16 [INFO] core.queue_model — hu_added hu=C1016431166 pallet=3 origin=BRA/ATL
16:31:17 [INFO] core.queue_model — hu_added hu=C1016431169 pallet=3 origin=BRA/ATL
16:31:18 [INFO] core.queue_model — hu_added hu=C1016431183 pallet=3 origin=BRA/ATL
16:31:20 [INFO] core.queue_model — hu_added hu=C1016431184 pallet=3 origin=BRA/ATL
16:31:33 [INFO] core.queue_model — hu_added hu=C1016431167 pallet=3 origin=BRA/ATL
16:31:35 [INFO] core.queue_model — hu_added hu=C1016431163 pallet=3 origin=BRA/ATL
16:31:53 [INFO] core.queue_model — hu_added hu=C1016431158 pallet=3 origin=BRA/ATL
16:31:56 [INFO] core.queue_model — hu_added hu=C1016431168 pallet=3 origin=BRA/ATL
16:32:07 [INFO] core.queue_model — hu_added hu=C1016431156 pallet=3 origin=BRA/ATL
16:32:16 [INFO] core.queue_model — hu_added hu=C1016431160 pallet=3 origin=BRA/ATL
16:32:30 [WARNING] core.queue_model — hu_duplicate_scan hu=C1016431167
16:32:31 [WARNING] core.queue_model — hu_duplicate_scan hu=C1016431183
16:32:32 [WARNING] core.queue_model — hu_duplicate_scan hu=C1016431169
16:32:33 [WARNING] core.queue_model — hu_duplicate_scan hu=C1016431166
16:32:33 [WARNING] core.queue_model — hu_duplicate_scan hu=C1016431165
16:32:34 [WARNING] core.queue_model — hu_duplicate_scan hu=C1016431164
16:32:37 [INFO] core.queue_model — hu_added hu=C1016431151 pallet=3 origin=BRA/ATL
16:32:38 [INFO] core.queue_model — hu_added hu=C1016431172 pallet=3 origin=BRA/ATL
16:32:39 [INFO] core.queue_model — hu_added hu=C1016431174 pallet=3 origin=BRA/ATL
16:32:48 [INFO] core.queue_model — hu_added hu=C1016431173 pallet=3 origin=BRA/ATL
16:32:49 [INFO] core.queue_model — hu_added hu=C1016431161 pallet=3 origin=BRA/ATL
16:32:54 [INFO] core.queue_model — new_pallet id=4
16:32:56 [INFO] core.queue_model — hu_added hu=C1016431178 pallet=4 origin=BRA/ATL
16:32:57 [INFO] core.queue_model — hu_added hu=C1016431175 pallet=4 origin=BRA/ATL
16:32:58 [INFO] core.queue_model — hu_added hu=C1016451905 pallet=4 origin=BRA/ATL
16:33:00 [INFO] core.queue_model — hu_added hu=C1016431185 pallet=4 origin=BRA/ATL
16:33:02 [INFO] core.queue_model — hu_added hu=C1016431186 pallet=4 origin=BRA/ATL
16:33:03 [INFO] core.queue_model — hu_added hu=C1016431188 pallet=4 origin=BRA/ATL
16:33:04 [INFO] core.queue_model — hu_added hu=C1016431182 pallet=4 origin=BRA/ATL
16:33:11 [INFO] core.queue_model — new_pallet id=5
16:33:20 [INFO] core.queue_model — hu_added hu=C1016431198 pallet=5 origin=BRA/ATL
16:33:22 [INFO] core.queue_model — hu_added hu=C1016431202 pallet=5 origin=BRA/ATL
16:33:22 [INFO] core.queue_model — hu_added hu=C1016431204 pallet=5 origin=BRA/ATL
16:33:23 [INFO] core.queue_model — hu_added hu=C1016431205 pallet=5 origin=BRA/ATL
16:33:24 [INFO] core.queue_model — hu_added hu=C1016347475 pallet=5 origin=BRA/ATL
16:33:25 [INFO] core.queue_model — hu_added hu=C1016347473 pallet=5 origin=BRA/ATL
16:33:26 [INFO] core.queue_model — hu_added hu=C1016347472 pallet=5 origin=BRA/ATL
16:33:26 [INFO] core.queue_model — hu_added hu=C1016347466 pallet=5 origin=BRA/ATL
16:33:27 [INFO] core.queue_model — hu_added hu=C1016347474 pallet=5 origin=BRA/ATL
16:33:27 [INFO] core.queue_model — hu_added hu=C1016347465 pallet=5 origin=BRA/ATL
16:33:28 [INFO] core.queue_model — hu_added hu=C1016431200 pallet=5 origin=BRA/ATL
16:33:29 [INFO] core.queue_model — hu_added hu=C1016431195 pallet=5 origin=BRA/ATL
16:33:30 [INFO] core.queue_model — hu_added hu=C1016431210 pallet=5 origin=BRA/ATL
16:33:31 [INFO] core.queue_model — hu_added hu=C1016347471 pallet=5 origin=BRA/ATL
16:33:32 [INFO] core.queue_model — hu_added hu=C1016431197 pallet=5 origin=BRA/ATL
16:33:32 [INFO] core.queue_model — hu_added hu=C1016431201 pallet=5 origin=BRA/ATL
16:33:33 [INFO] core.queue_model — hu_added hu=C1016431196 pallet=5 origin=BRA/ATL
16:33:34 [INFO] core.queue_model — hu_added hu=C1016431199 pallet=5 origin=BRA/ATL
16:33:34 [INFO] core.queue_model — hu_added hu=C1016347464 pallet=5 origin=BRA/ATL
16:33:38 [INFO] core.queue_model — hu_added hu=C1016431192 pallet=5 origin=BRA/ATL
16:33:42 [INFO] core.queue_model — hu_added hu=C1016431193 pallet=5 origin=BRA/ATL
16:33:48 [INFO] core.queue_model — hu_added hu=C1016347476 pallet=5 origin=BRA/ATL
16:33:49 [INFO] core.queue_model — hu_added hu=C1016347470 pallet=5 origin=BRA/ATL
16:33:50 [INFO] core.queue_model — hu_added hu=C1016347480 pallet=5 origin=BRA/ATL
16:33:51 [INFO] core.queue_model — hu_added hu=C1016347479 pallet=5 origin=BRA/ATL
16:34:23 [INFO] core.queue_model — hu_added hu=C1016347478 pallet=5 origin=BRA/ATL
16:34:39 [INFO] core.queue_model — new_pallet id=6
16:34:44 [INFO] core.queue_model — hu_added hu=C1016451883 pallet=6 origin=BRA/ATL
16:34:45 [INFO] core.queue_model — hu_added hu=C1016451881 pallet=6 origin=BRA/ATL
16:34:47 [INFO] core.queue_model — hu_added hu=C1016451882 pallet=6 origin=BRA/ATL
16:34:47 [INFO] core.queue_model — hu_added hu=C1016451884 pallet=6 origin=BRA/ATL
16:34:52 [INFO] core.queue_model — hu_added hu=C1016451886 pallet=6 origin=BRA/ATL
16:34:52 [INFO] core.queue_model — hu_added hu=C1016451887 pallet=6 origin=BRA/ATL
16:34:53 [INFO] core.queue_model — hu_added hu=C1016451885 pallet=6 origin=BRA/ATL
16:34:55 [INFO] core.queue_model — new_pallet id=7
16:34:59 [INFO] core.queue_model — hu_added hu=C1016451891 pallet=7 origin=BRA/ATL
16:35:00 [INFO] core.queue_model — hu_added hu=C1016451893 pallet=7 origin=BRA/ATL
16:35:02 [INFO] core.queue_model — hu_added hu=C1016451895 pallet=7 origin=BRA/ATL
16:35:03 [INFO] core.queue_model — hu_added hu=C1016451897 pallet=7 origin=BRA/ATL
16:35:04 [INFO] core.queue_model — hu_added hu=C1016451892 pallet=7 origin=BRA/ATL
16:35:10 [INFO] core.queue_model — hu_added hu=C1016451896 pallet=7 origin=BRA/ATL
16:35:11 [INFO] core.queue_model — hu_added hu=C1016451889 pallet=7 origin=BRA/ATL
16:36:06 [INFO] core.queue_model — queue_worker_started dynamic_print_mode
16:36:06 [INFO] core.sap_client — sap_connected system=LUP user=LOPEZHJC
16:36:06 [INFO] core.queue_model — queue_worker_sap_connected
16:36:06 [INFO] core.sap_client — setup_phase1_start
16:36:12 [INFO] core.sap_client — tx_opened code=/nZMOVEINBHU current_tx=ZMOVEINBHU
16:36:12 [INFO] core.sap_client — phase1_ready — ctxtP_HU confirmed
16:36:17 [INFO] core.sap_client — hu_phase1_ok hu=C1016451909 msg='Packaging data was saved. Material document 7578214932 was created'
16:36:17 [INFO] core.sap_client — setup_phase2_start
16:36:23 [INFO] core.sap_client — tx_opened code=/nZMMTIJSEP current_tx=ZMMTIJSEP
16:36:23 [INFO] core.sap_client — phase2_ready — txtGV_HU confirmed
16:36:25 [INFO] core.sap_client — hu_phase2_ok hu=C1016451909 duration_ms=2280 phase2_wait=1.5
16:36:25 [INFO] core.sap_client — setup_phase1_start
16:36:32 [INFO] core.sap_client — tx_opened code=/nZMOVEINBHU current_tx=ZMOVEINBHU
16:36:32 [INFO] core.sap_client — phase1_ready — ctxtP_HU confirmed
16:36:36 [INFO] core.sap_client — hu_phase1_ok hu=C1016451903 msg='Packaging data was saved. Material document 7578214946 was created'
16:36:36 [WARNING] core.sap_client — phase2_wrong_screen hu=C1016451903 — re-navigating
16:36:36 [INFO] core.sap_client — setup_phase2_start
16:36:43 [INFO] core.sap_client — tx_opened code=/nZMMTIJSEP current_tx=ZMMTIJSEP
16:36:43 [INFO] core.sap_client — phase2_ready — txtGV_HU confirmed
16:36:45 [INFO] core.sap_client — hu_phase2_ok hu=C1016451903 duration_ms=8462 phase2_wait=1.5
16:36:45 [WARNING] core.sap_client — phase1_wrong_screen hu=C1016431203 — re-navigating
16:36:45 [INFO] core.sap_client — setup_phase1_start
16:36:51 [INFO] core.sap_client — tx_opened code=/nZMOVEINBHU current_tx=ZMOVEINBHU
16:36:51 [INFO] core.sap_client — phase1_ready — ctxtP_HU confirmed
16:36:56 [INFO] core.sap_client — hu_phase1_ok hu=C1016431203 msg='Packaging data was saved. Material document 7578214959 was created'
16:36:56 [WARNING] core.sap_client — phase2_wrong_screen hu=C1016431203 — re-navigating
16:36:56 [INFO] core.sap_client — setup_phase2_start
16:37:02 [INFO] core.sap_client — tx_opened code=/nZMMTIJSEP current_tx=ZMMTIJSEP
16:37:02 [INFO] core.sap_client — phase2_ready — txtGV_HU confirmed
16:37:04 [INFO] core.sap_client — hu_phase2_ok hu=C1016431203 duration_ms=8667 phase2_wait=1.5
16:37:04 [WARNING] core.sap_client — phase1_wrong_screen hu=C1016347467 — re-navigating
16:37:04 [INFO] core.sap_client — setup_phase1_start
16:37:11 [INFO] core.sap_client — tx_opened code=/nZMOVEINBHU current_tx=ZMOVEINBHU
16:37:11 [INFO] core.sap_client — phase1_ready — ctxtP_HU confirmed
16:37:15 [INFO] core.sap_client — hu_phase1_ok hu=C1016347467 msg='Packaging data was saved. Material document 7578214973 was created'
16:37:16 [WARNING] core.sap_client — phase2_wrong_screen hu=C1016347467 — re-navigating
16:37:16 [INFO] core.sap_client — setup_phase2_start
16:37:22 [INFO] core.sap_client — tx_opened code=/nZMMTIJSEP current_tx=ZMMTIJSEP
16:37:22 [INFO] core.sap_client — phase2_ready — txtGV_HU confirmed
16:37:24 [INFO] core.sap_client — hu_phase2_ok hu=C1016347467 duration_ms=8619 phase2_wait=1.5
16:37:24 [WARNING] core.sap_client — phase1_wrong_screen hu=C1016431209 — re-navigating
16:37:24 [INFO] core.sap_client — setup_phase1_start
16:37:30 [INFO] core.sap_client — tx_opened code=/nZMOVEINBHU current_tx=ZMOVEINBHU
16:37:30 [INFO] core.sap_client — phase1_ready — ctxtP_HU confirmed
16:37:35 [INFO] core.sap_client — hu_phase1_ok hu=C1016431209 msg='Packaging data was saved. Material document 7578214987 was created'
16:37:35 [WARNING] core.sap_client — phase2_wrong_screen hu=C1016431209 — re-navigating
16:37:35 [INFO] core.sap_client — setup_phase2_start
16:37:41 [INFO] core.sap_client — tx_opened code=/nZMMTIJSEP current_tx=ZMMTIJSEP
16:37:41 [INFO] core.sap_client — phase2_ready — txtGV_HU confirmed
16:37:44 [INFO] core.sap_client — hu_phase2_ok hu=C1016431209 duration_ms=8606 phase2_wait=1.5
16:37:44 [WARNING] core.sap_client — phase1_wrong_screen hu=C1016431207 — re-navigating
16:37:44 [INFO] core.sap_client — setup_phase1_start
16:37:50 [INFO] core.sap_client — tx_opened code=/nZMOVEINBHU current_tx=ZMOVEINBHU
16:37:50 [INFO] core.sap_client — phase1_ready — ctxtP_HU confirmed
16:37:55 [INFO] core.sap_client — hu_phase1_ok hu=C1016431207 msg='Packaging data was saved. Material document 7578215868 was created'
16:37:55 [WARNING] core.sap_client — phase2_wrong_screen hu=C1016431207 — re-navigating
16:37:55 [INFO] core.sap_client — setup_phase2_start
16:38:01 [INFO] core.sap_client — tx_opened code=/nZMMTIJSEP current_tx=ZMMTIJSEP
16:38:01 [INFO] core.sap_client — phase2_ready — txtGV_HU confirmed
16:38:03 [INFO] core.sap_client — hu_phase2_ok hu=C1016431207 duration_ms=8724 phase2_wait=1.5
16:38:03 [WARNING] core.sap_client — phase1_wrong_screen hu=C1016451910 — re-navigating
16:38:03 [INFO] core.sap_client — setup_phase1_start
16:38:10 [INFO] core.sap_client — tx_opened code=/nZMOVEINBHU current_tx=ZMOVEINBHU
16:38:10 [INFO] core.sap_client — phase1_ready — ctxtP_HU confirmed
16:38:14 [INFO] core.sap_client — hu_phase1_ok hu=C1016451910 msg='Packaging data was saved. Material document 7578216772 was created'
16:38:14 [WARNING] core.sap_client — phase2_wrong_screen hu=C1016451910 — re-navigating
16:38:14 [INFO] core.sap_client — setup_phase2_start
16:38:20 [INFO] core.sap_client — tx_opened code=/nZMMTIJSEP current_tx=ZMMTIJSEP
16:38:20 [INFO] core.sap_client — phase2_ready — txtGV_HU confirmed
16:38:23 [INFO] core.sap_client — hu_phase2_ok hu=C1016451910 duration_ms=8562 phase2_wait=1.5
16:38:23 [WARNING] core.sap_client — phase1_wrong_screen hu=C1016451904 — re-navigating
16:38:23 [INFO] core.sap_client — setup_phase1_start
16:38:29 [INFO] core.sap_client — tx_opened code=/nZMOVEINBHU current_tx=ZMOVEINBHU
16:38:29 [INFO] core.sap_client — phase1_ready — ctxtP_HU confirmed
16:38:34 [INFO] core.sap_client — hu_phase1_ok hu=C1016451904 msg='Packaging data was saved. Material document 7578216791 was created'
16:38:34 [WARNING] core.sap_client — phase2_wrong_screen hu=C1016451904 — re-navigating
16:38:34 [INFO] core.sap_client — setup_phase2_start
16:38:40 [INFO] core.sap_client — tx_opened code=/nZMMTIJSEP current_tx=ZMMTIJSEP
16:38:40 [INFO] core.sap_client — phase2_ready — txtGV_HU confirmed
16:38:42 [INFO] core.sap_client — hu_phase2_ok hu=C1016451904 duration_ms=8492 phase2_wait=1.5
16:38:42 [WARNING] core.sap_client — phase1_wrong_screen hu=C1016431206 — re-navigating
16:38:42 [INFO] core.sap_client — setup_phase1_start
16:38:48 [INFO] core.sap_client — tx_opened code=/nZMOVEINBHU current_tx=ZMOVEINBHU
16:38:48 [INFO] core.sap_client — phase1_ready — ctxtP_HU confirmed
16:38:53 [INFO] core.sap_client — hu_phase1_ok hu=C1016431206 msg='Packaging data was saved. Material document 7578216812 was created'
16:38:53 [WARNING] core.sap_client — phase2_wrong_screen hu=C1016431206 — re-navigating
16:38:53 [INFO] core.sap_client — setup_phase2_start
16:38:59 [INFO] core.sap_client — tx_opened code=/nZMMTIJSEP current_tx=ZMMTIJSEP
16:38:59 [INFO] core.sap_client — phase2_ready — txtGV_HU confirmed
16:39:01 [INFO] core.sap_client — hu_phase2_ok hu=C1016431206 duration_ms=8602 phase2_wait=1.5
16:39:01 [WARNING] core.sap_client — phase1_wrong_screen hu=C1016347469 — re-navigating
16:39:01 [INFO] core.sap_client — setup_phase1_start
16:39:08 [INFO] core.sap_client — tx_opened code=/nZMOVEINBHU current_tx=ZMOVEINBHU
16:39:08 [INFO] core.sap_client — phase1_ready — ctxtP_HU confirmed
16:39:12 [INFO] core.sap_client — hu_phase1_ok hu=C1016347469 msg='Packaging data was saved. Material document 7578217500 was created'
16:39:12 [WARNING] core.sap_client — phase2_wrong_screen hu=C1016347469 — re-navigating
16:39:12 [INFO] core.sap_client — setup_phase2_start
16:39:19 [INFO] core.sap_client — tx_opened code=/nZMMTIJSEP current_tx=ZMMTIJSEP
16:39:19 [INFO] core.sap_client — phase2_ready — txtGV_HU confirmed
16:39:21 [INFO] core.sap_client — hu_phase2_ok hu=C1016347469 duration_ms=8694 phase2_wait=1.5
16:39:21 [WARNING] core.sap_client — phase1_wrong_screen hu=C1016347468 — re-navigating
16:39:21 [INFO] core.sap_client — setup_phase1_start
16:39:27 [INFO] core.sap_client — tx_opened code=/nZMOVEINBHU current_tx=ZMOVEINBHU
16:39:27 [INFO] core.sap_client — phase1_ready — ctxtP_HU confirmed
16:39:32 [INFO] core.sap_client — hu_phase1_ok hu=C1016347468 msg='Packaging data was saved. Material document 7578218202 was created'
16:39:32 [WARNING] core.sap_client — phase2_wrong_screen hu=C1016347468 — re-navigating
16:39:32 [INFO] core.sap_client — setup_phase2_start
16:39:38 [INFO] core.sap_client — tx_opened code=/nZMMTIJSEP current_tx=ZMMTIJSEP
16:39:38 [INFO] core.sap_client — phase2_ready — txtGV_HU confirmed
16:39:40 [INFO] core.sap_client — hu_phase2_ok hu=C1016347468 duration_ms=8617 phase2_wait=1.5
16:39:40 [WARNING] core.sap_client — phase1_wrong_screen hu=C1016431208 — re-navigating
16:39:40 [INFO] core.sap_client — setup_phase1_start
16:39:47 [INFO] core.sap_client — tx_opened code=/nZMOVEINBHU current_tx=ZMOVEINBHU
16:39:47 [INFO] core.sap_client — phase1_ready — ctxtP_HU confirmed
16:39:51 [INFO] core.sap_client — hu_phase1_ok hu=C1016431208 msg='Packaging data was saved. Material document 7578219155 was created'
16:39:51 [WARNING] core.sap_client — phase2_wrong_screen hu=C1016431208 — re-navigating
16:39:51 [INFO] core.sap_client — setup_phase2_start
16:39:57 [INFO] core.sap_client — tx_opened code=/nZMMTIJSEP current_tx=ZMMTIJSEP
16:39:57 [INFO] core.sap_client — phase2_ready — txtGV_HU confirmed
16:40:00 [INFO] core.sap_client — hu_phase2_ok hu=C1016431208 duration_ms=8598 phase2_wait=1.5
16:40:00 [INFO] core.queue_model — pallet_boundary multi_hu pallet=2 count=12 hu_codes=['C1016451909', 'C1016451903', 'C1016431203', 'C1016347467', 'C1016431209', 'C1016431207', 'C1016451910', 'C1016451904', 'C1016431206', 'C1016347469', 'C1016347468', 'C1016431208']
16:40:06 [INFO] core.sap_client — tx_opened code=/nSP01 current_tx=SP01
16:40:09 [INFO] core.sap_client — sp01_scan start scroll_max=114
16:40:10 [INFO] core.sap_client — sp01_scan_done pending=12 completed=0 hu_filter=['C1016451909', 'C1016451903', 'C1016431203', 'C1016347467', 'C1016431209', 'C1016431207', 'C1016451910', 'C1016451904', 'C1016431206', 'C1016347469', 'C1016347468', 'C1016431208']
16:40:10 [INFO] core.sap_client — sp01_attempt=0 pending=12 completed=0 expected=12
16:40:11 [INFO] core.sap_client — sp01_marked scroll=0 row=4 title=CN-CON-003_C1016431208_20260410233958
16:40:11 [INFO] core.sap_client — sp01_marked scroll=0 row=6 title=CN-CON-003_C1016347468_20260410233938
16:40:12 [INFO] core.sap_client — sp01_marked scroll=0 row=8 title=CN-CON-003_C1016347469_20260410233919
16:40:12 [INFO] core.sap_client — sp01_marked scroll=0 row=10 title=CN-CON-003_C1016431206_20260410233900
16:40:13 [INFO] core.sap_client — sp01_marked scroll=0 row=12 title=CN-CON-003_C1016451904_20260410233840
16:40:13 [INFO] core.sap_client — sp01_marked scroll=0 row=14 title=CN-CON-003_C1016451910_20260410233821
16:40:14 [INFO] core.sap_client — sp01_marked scroll=0 row=16 title=CN-CON-003_C1016431207_20260410233802
16:40:14 [INFO] core.sap_client — sp01_marked scroll=0 row=18 title=CN-CON-003_C1016431209_20260410233742
16:40:15 [INFO] core.sap_client — sp01_marked scroll=0 row=20 title=CN-CON-003_C1016347467_20260410233722
16:40:15 [INFO] core.sap_client — sp01_marked scroll=0 row=22 title=CN-CON-003_C1016431203_20260410233703
16:40:15 [INFO] core.sap_client — sp01_marked scroll=0 row=24 title=CN-CON-003_C1016451903_20260410233643
16:40:16 [INFO] core.sap_client — sp01_marked scroll=0 row=26 title=CN-CON-003_C1016451909_20260410233624
16:40:16 [INFO] core.sap_client — sp01_mark_done total_marked=12
16:40:18 [INFO] core.print_watcher — print_watcher_started idle_timeout=12.0s expected=12
16:40:18 [INFO] core.sap_client — sp01_print_confirmed via=btn[25] marked=12
16:40:19 [INFO] core.sap_client — sp01_pallet_done result={'status': 'ok', 'message': 'SP01 OK — 12 spool(s) impreso(s)', 'marked': 12} hu_codes=['C1016451909', 'C1016451903', 'C1016431203', 'C1016347467', 'C1016431209', 'C1016431207', 'C1016451910', 'C1016451904', 'C1016431206', 'C1016347469', 'C1016347468', 'C1016431208']
16:40:19 [INFO] core.queue_model — waiting_for_print_watcher...
16:40:19 [INFO] core.print_watcher — method1_BM_CLICK ok_hwnd=9768908
16:40:19 [INFO] core.print_watcher — confirm_success method=BM_CLICK hwnd=13569292
16:40:19 [INFO] core.print_watcher — print_dialog_confirmed count=1
16:40:21 [INFO] core.print_watcher — method1_BM_CLICK ok_hwnd=10359844
16:40:21 [INFO] core.print_watcher — confirm_success method=BM_CLICK hwnd=14816040
16:40:21 [INFO] core.print_watcher — print_dialog_confirmed count=2
16:40:22 [INFO] core.print_watcher — method1_BM_CLICK ok_hwnd=10884756
16:40:22 [INFO] core.print_watcher — confirm_success method=BM_CLICK hwnd=6296566
16:40:22 [INFO] core.print_watcher — print_dialog_confirmed count=3
16:40:23 [INFO] core.print_watcher — method1_BM_CLICK ok_hwnd=17568248
16:40:24 [INFO] core.print_watcher — confirm_success method=BM_CLICK hwnd=8786596
16:40:24 [INFO] core.print_watcher — print_dialog_confirmed count=4
16:40:25 [INFO] core.print_watcher — method1_BM_CLICK ok_hwnd=8983204
16:40:25 [INFO] core.print_watcher — confirm_success method=BM_CLICK hwnd=10753328
16:40:25 [INFO] core.print_watcher — print_dialog_confirmed count=5
16:40:26 [INFO] core.print_watcher — method1_BM_CLICK ok_hwnd=13898380
16:40:27 [INFO] core.print_watcher — confirm_success method=BM_CLICK hwnd=13571412
16:40:27 [INFO] core.print_watcher — print_dialog_confirmed count=6
16:40:28 [INFO] core.print_watcher — method1_BM_CLICK ok_hwnd=9245348
16:40:28 [INFO] core.print_watcher — confirm_success method=BM_CLICK hwnd=14356088
16:40:28 [INFO] core.print_watcher — print_dialog_confirmed count=7
16:40:29 [INFO] core.print_watcher — method1_BM_CLICK ok_hwnd=6492758
16:40:29 [INFO] core.print_watcher — confirm_success method=BM_CLICK hwnd=10227660
16:40:29 [INFO] core.print_watcher — print_dialog_confirmed count=8
16:40:31 [INFO] core.print_watcher — method1_BM_CLICK ok_hwnd=10420998
16:40:31 [INFO] core.print_watcher — confirm_success method=BM_CLICK hwnd=9639350
16:40:31 [INFO] core.print_watcher — print_dialog_confirmed count=9
16:40:32 [INFO] core.print_watcher — method1_BM_CLICK ok_hwnd=17437452
16:40:33 [INFO] core.print_watcher — confirm_success method=BM_CLICK hwnd=10617606
16:40:33 [INFO] core.print_watcher — print_dialog_confirmed count=10
16:40:34 [INFO] core.print_watcher — method1_BM_CLICK ok_hwnd=10556460
16:40:34 [INFO] core.print_watcher — confirm_success method=BM_CLICK hwnd=14159116
16:40:34 [INFO] core.print_watcher — print_dialog_confirmed count=11
16:40:35 [INFO] core.print_watcher — method1_BM_CLICK ok_hwnd=17568524
16:40:35 [INFO] core.print_watcher — confirm_success method=BM_CLICK hwnd=14619276
16:40:35 [INFO] core.print_watcher — print_dialog_confirmed count=12
16:40:35 [INFO] core.print_watcher — print_watcher_all_confirmed expected=12 confirmed=12
16:40:35 [INFO] core.print_watcher — print_watcher_stopped confirmed=12
16:40:35 [INFO] core.queue_model — print_watcher_finished confirmed=12
16:40:35 [INFO] core.queue_model — sp01_pallet_result={'status': 'ok', 'message': 'SP01 OK — 12 spool(s) impreso(s)', 'marked': 12} print_dialogs_confirmed=12
16:44:08 [INFO] core.queue_model — queue_worker_resumed_by_ui
16:44:08 [INFO] core.queue_model — queue_worker_resumed_processing
16:44:08 [INFO] core.sap_client — setup_phase1_start
16:44:14 [INFO] core.sap_client — tx_opened code=/nZMOVEINBHU current_tx=ZMOVEINBHU
16:44:14 [INFO] core.sap_client — phase1_ready — ctxtP_HU confirmed
16:44:15 [INFO] core.queue_model — new_pallet id=8
16:44:18 [INFO] core.sap_client — hu_phase1_ok hu=C1016431181 msg='Packaging data was saved. Material document 7578220808 was created'
16:44:18 [INFO] core.sap_client — setup_phase2_start
16:44:20 [INFO] core.queue_model — hu_added hu=C1016451890 pallet=8 origin=BRA/ATL
16:44:20 [INFO] core.queue_model — hu_added hu=C1016347477 pallet=8 origin=BRA/ATL
16:44:24 [INFO] core.queue_model — hu_added hu=C1016431189 pallet=8 origin=BRA/ATL
16:44:25 [INFO] core.sap_client — tx_opened code=/nZMMTIJSEP current_tx=ZMMTIJSEP
16:44:25 [INFO] core.sap_client — phase2_ready — txtGV_HU confirmed
16:44:27 [INFO] core.sap_client — hu_phase2_ok hu=C1016431181 duration_ms=2317 phase2_wait=1.5
16:44:27 [INFO] core.sap_client — setup_phase1_start
16:44:31 [INFO] core.queue_model — hu_added hu=C1016431212 pallet=8 origin=BRA/ATL
16:44:33 [INFO] core.sap_client — tx_opened code=/nZMOVEINBHU current_tx=ZMOVEINBHU
16:44:33 [INFO] core.sap_client — phase1_ready — ctxtP_HU confirmed
16:44:38 [INFO] core.sap_client — hu_phase1_ok hu=C1016431177 msg='Packaging data was saved. Material document 7578220824 was created'
16:44:38 [WARNING] core.sap_client — phase2_wrong_screen hu=C1016431177 — re-navigating
16:44:38 [INFO] core.sap_client — setup_phase2_start
16:44:44 [INFO] core.sap_client — tx_opened code=/nZMMTIJSEP current_tx=ZMMTIJSEP
16:44:44 [INFO] core.sap_client — phase2_ready — txtGV_HU confirmed
16:44:46 [INFO] core.sap_client — hu_phase2_ok hu=C1016431177 duration_ms=8556 phase2_wait=1.5
16:44:46 [WARNING] core.sap_client — phase1_wrong_screen hu=C1016431179 — re-navigating
16:44:46 [INFO] core.sap_client — setup_phase1_start
16:44:52 [INFO] core.sap_client — tx_opened code=/nZMOVEINBHU current_tx=ZMOVEINBHU
16:44:53 [INFO] core.sap_client — phase1_ready — ctxtP_HU confirmed
16:44:57 [INFO] core.sap_client — hu_phase1_ok hu=C1016431179 msg='Packaging data was saved. Material document 7578221534 was created'
16:44:57 [WARNING] core.sap_client — phase2_wrong_screen hu=C1016431179 — re-navigating
16:44:57 [INFO] core.sap_client — setup_phase2_start
16:45:04 [INFO] core.sap_client — tx_opened code=/nZMMTIJSEP current_tx=ZMMTIJSEP
16:45:04 [INFO] core.sap_client — phase2_ready — txtGV_HU confirmed
16:45:07 [INFO] core.sap_client — hu_phase2_ok hu=C1016431179 duration_ms=9765 phase2_wait=1.5
16:45:07 [WARNING] core.sap_client — phase1_wrong_screen hu=C1016431176 — re-navigating
16:45:07 [INFO] core.sap_client — setup_phase1_start
16:45:13 [INFO] core.sap_client — tx_opened code=/nZMOVEINBHU current_tx=ZMOVEINBHU
16:45:13 [INFO] core.sap_client — phase1_ready — ctxtP_HU confirmed
16:45:19 [INFO] core.sap_client — hu_phase1_ok hu=C1016431176 msg='Packaging data was saved. Material document 7578221553 was created'
16:45:19 [WARNING] core.sap_client — phase2_wrong_screen hu=C1016431176 — re-navigating
16:45:19 [INFO] core.sap_client — setup_phase2_start
16:45:25 [INFO] core.sap_client — tx_opened code=/nZMMTIJSEP current_tx=ZMMTIJSEP
16:45:25 [INFO] core.sap_client — phase2_ready — txtGV_HU confirmed
16:45:28 [INFO] core.sap_client — hu_phase2_ok hu=C1016431176 duration_ms=8771 phase2_wait=1.5
16:45:28 [WARNING] core.sap_client — phase1_wrong_screen hu=C1016431171 — re-navigating
16:45:28 [INFO] core.sap_client — setup_phase1_start
16:45:34 [INFO] core.sap_client — tx_opened code=/nZMOVEINBHU current_tx=ZMOVEINBHU
16:45:34 [INFO] core.sap_client — phase1_ready — ctxtP_HU confirmed
16:45:39 [INFO] core.sap_client — hu_phase1_ok hu=C1016431171 msg='Packaging data was saved. Material document 7578221563 was created'
16:45:39 [WARNING] core.sap_client — phase2_wrong_screen hu=C1016431171 — re-navigating
16:45:39 [INFO] core.sap_client — setup_phase2_start
16:45:45 [INFO] core.sap_client — tx_opened code=/nZMMTIJSEP current_tx=ZMMTIJSEP
16:45:45 [INFO] core.sap_client — phase2_ready — txtGV_HU confirmed
16:45:48 [INFO] core.sap_client — hu_phase2_ok hu=C1016431171 duration_ms=8665 phase2_wait=1.5
16:45:48 [WARNING] core.sap_client — phase1_wrong_screen hu=C1016431170 — re-navigating
16:45:48 [INFO] core.sap_client — setup_phase1_start
16:45:54 [INFO] core.sap_client — tx_opened code=/nZMOVEINBHU current_tx=ZMOVEINBHU
16:45:54 [INFO] core.sap_client — phase1_ready — ctxtP_HU confirmed
16:45:59 [INFO] core.sap_client — hu_phase1_ok hu=C1016431170 msg='Packaging data was saved. Material document 7578221570 was created'
16:45:59 [WARNING] core.sap_client — phase2_wrong_screen hu=C1016431170 — re-navigating
16:45:59 [INFO] core.sap_client — setup_phase2_start
16:46:05 [INFO] core.sap_client — tx_opened code=/nZMMTIJSEP current_tx=ZMMTIJSEP
16:46:05 [INFO] core.sap_client — phase2_ready — txtGV_HU confirmed
16:46:07 [INFO] core.sap_client — hu_phase2_ok hu=C1016431170 duration_ms=8603 phase2_wait=1.5
16:46:07 [WARNING] core.sap_client — phase1_wrong_screen hu=C1016431159 — re-navigating
16:46:07 [INFO] core.sap_client — setup_phase1_start
16:46:13 [INFO] core.sap_client — tx_opened code=/nZMOVEINBHU current_tx=ZMOVEINBHU
16:46:13 [INFO] core.sap_client — phase1_ready — ctxtP_HU confirmed
16:46:18 [INFO] core.sap_client — hu_phase1_ok hu=C1016431159 msg='Packaging data was saved. Material document 7578221595 was created'
16:46:18 [WARNING] core.sap_client — phase2_wrong_screen hu=C1016431159 — re-navigating
16:46:18 [INFO] core.sap_client — setup_phase2_start
16:46:24 [INFO] core.sap_client — tx_opened code=/nZMMTIJSEP current_tx=ZMMTIJSEP
16:46:24 [INFO] core.sap_client — phase2_ready — txtGV_HU confirmed
16:46:27 [INFO] core.sap_client — hu_phase2_ok hu=C1016431159 duration_ms=8545 phase2_wait=1.5
16:46:27 [WARNING] core.sap_client — phase1_wrong_screen hu=C1016431157 — re-navigating
16:46:27 [INFO] core.sap_client — setup_phase1_start
16:46:33 [INFO] core.sap_client — tx_opened code=/nZMOVEINBHU current_tx=ZMOVEINBHU
16:46:33 [INFO] core.sap_client — phase1_ready — ctxtP_HU confirmed
16:46:38 [INFO] core.sap_client — hu_phase1_ok hu=C1016431157 msg='Packaging data was saved. Material document 7578222730 was created'
16:46:38 [WARNING] core.sap_client — phase2_wrong_screen hu=C1016431157 — re-navigating
16:46:38 [INFO] core.sap_client — setup_phase2_start
16:46:44 [INFO] core.sap_client — tx_opened code=/nZMMTIJSEP current_tx=ZMMTIJSEP
16:46:44 [INFO] core.sap_client — phase2_ready — txtGV_HU confirmed
16:46:46 [INFO] core.sap_client — hu_phase2_ok hu=C1016431157 duration_ms=8697 phase2_wait=1.5
16:46:46 [WARNING] core.sap_client — phase1_wrong_screen hu=C1016431164 — re-navigating
16:46:46 [INFO] core.sap_client — setup_phase1_start
16:46:53 [INFO] core.sap_client — tx_opened code=/nZMOVEINBHU current_tx=ZMOVEINBHU
16:46:53 [INFO] core.sap_client — phase1_ready — ctxtP_HU confirmed
16:46:57 [INFO] core.sap_client — hu_phase1_ok hu=C1016431164 msg='Packaging data was saved. Material document 7578222767 was created'
16:46:57 [WARNING] core.sap_client — phase2_wrong_screen hu=C1016431164 — re-navigating
16:46:57 [INFO] core.sap_client — setup_phase2_start
16:47:03 [INFO] core.sap_client — tx_opened code=/nZMMTIJSEP current_tx=ZMMTIJSEP
16:47:03 [INFO] core.sap_client — phase2_ready — txtGV_HU confirmed
16:47:06 [INFO] core.sap_client — hu_phase2_ok hu=C1016431164 duration_ms=8541 phase2_wait=1.5
16:47:06 [WARNING] core.sap_client — phase1_wrong_screen hu=C1016431165 — re-navigating
16:47:06 [INFO] core.sap_client — setup_phase1_start
16:47:12 [INFO] core.sap_client — tx_opened code=/nZMOVEINBHU current_tx=ZMOVEINBHU
16:47:12 [INFO] core.sap_client — phase1_ready — ctxtP_HU confirmed
16:47:17 [INFO] core.sap_client — hu_phase1_ok hu=C1016431165 msg='Packaging data was saved. Material document 7578222786 was created'
16:47:17 [WARNING] core.sap_client — phase2_wrong_screen hu=C1016431165 — re-navigating
16:47:17 [INFO] core.sap_client — setup_phase2_start
16:47:23 [INFO] core.sap_client — tx_opened code=/nZMMTIJSEP current_tx=ZMMTIJSEP
16:47:23 [INFO] core.sap_client — phase2_ready — txtGV_HU confirmed
16:47:25 [INFO] core.sap_client — hu_phase2_ok hu=C1016431165 duration_ms=8715 phase2_wait=1.5
16:47:25 [WARNING] core.sap_client — phase1_wrong_screen hu=C1016431166 — re-navigating
16:47:25 [INFO] core.sap_client — setup_phase1_start
16:47:32 [INFO] core.sap_client — tx_opened code=/nZMOVEINBHU current_tx=ZMOVEINBHU
16:47:32 [INFO] core.sap_client — phase1_ready — ctxtP_HU confirmed
16:47:36 [INFO] core.sap_client — hu_phase1_ok hu=C1016431166 msg='Packaging data was saved. Material document 7578222802 was created'
16:47:36 [WARNING] core.sap_client — phase2_wrong_screen hu=C1016431166 — re-navigating
16:47:36 [INFO] core.sap_client — setup_phase2_start
16:47:42 [INFO] core.sap_client — tx_opened code=/nZMMTIJSEP current_tx=ZMMTIJSEP
16:47:42 [INFO] core.sap_client — phase2_ready — txtGV_HU confirmed
16:47:45 [INFO] core.sap_client — hu_phase2_ok hu=C1016431166 duration_ms=8603 phase2_wait=1.5
16:47:45 [WARNING] core.sap_client — phase1_wrong_screen hu=C1016431169 — re-navigating
16:47:45 [INFO] core.sap_client — setup_phase1_start
16:47:51 [INFO] core.sap_client — tx_opened code=/nZMOVEINBHU current_tx=ZMOVEINBHU
16:47:51 [INFO] core.sap_client — phase1_ready — ctxtP_HU confirmed
16:47:56 [INFO] core.sap_client — hu_phase1_ok hu=C1016431169 msg='Packaging data was saved. Material document 7578222806 was created'
16:47:56 [WARNING] core.sap_client — phase2_wrong_screen hu=C1016431169 — re-navigating
16:47:56 [INFO] core.sap_client — setup_phase2_start
16:48:02 [INFO] core.sap_client — tx_opened code=/nZMMTIJSEP current_tx=ZMMTIJSEP
16:48:02 [INFO] core.sap_client — phase2_ready — txtGV_HU confirmed
16:48:05 [INFO] core.sap_client — hu_phase2_ok hu=C1016431169 duration_ms=8652 phase2_wait=1.5
16:48:05 [WARNING] core.sap_client — phase1_wrong_screen hu=C1016431183 — re-navigating
16:48:05 [INFO] core.sap_client — setup_phase1_start
16:48:11 [INFO] core.sap_client — tx_opened code=/nZMOVEINBHU current_tx=ZMOVEINBHU
16:48:11 [INFO] core.sap_client — phase1_ready — ctxtP_HU confirmed
16:48:16 [INFO] core.sap_client — hu_phase1_ok hu=C1016431183 msg='Packaging data was saved. Material document 7578222817 was created'
16:48:16 [WARNING] core.sap_client — phase2_wrong_screen hu=C1016431183 — re-navigating
16:48:16 [INFO] core.sap_client — setup_phase2_start
16:48:22 [INFO] core.sap_client — tx_opened code=/nZMMTIJSEP current_tx=ZMMTIJSEP
16:48:22 [INFO] core.sap_client — phase2_ready — txtGV_HU confirmed
16:48:24 [INFO] core.sap_client — hu_phase2_ok hu=C1016431183 duration_ms=8649 phase2_wait=1.5
16:48:24 [WARNING] core.sap_client — phase1_wrong_screen hu=C1016431184 — re-navigating
16:48:24 [INFO] core.sap_client — setup_phase1_start
16:48:31 [INFO] core.sap_client — tx_opened code=/nZMOVEINBHU current_tx=ZMOVEINBHU
16:48:31 [INFO] core.sap_client — phase1_ready — ctxtP_HU confirmed
16:48:35 [INFO] core.sap_client — hu_phase1_ok hu=C1016431184 msg='Packaging data was saved. Material document 7578222821 was created'
16:48:35 [WARNING] core.sap_client — phase2_wrong_screen hu=C1016431184 — re-navigating
16:48:35 [INFO] core.sap_client — setup_phase2_start
16:48:42 [INFO] core.sap_client — tx_opened code=/nZMMTIJSEP current_tx=ZMMTIJSEP
16:48:42 [INFO] core.sap_client — phase2_ready — txtGV_HU confirmed
16:48:44 [INFO] core.sap_client — hu_phase2_ok hu=C1016431184 duration_ms=8482 phase2_wait=1.5
16:48:44 [WARNING] core.sap_client — phase1_wrong_screen hu=C1016431167 — re-navigating
16:48:44 [INFO] core.sap_client — setup_phase1_start
16:48:50 [INFO] core.sap_client — tx_opened code=/nZMOVEINBHU current_tx=ZMOVEINBHU
16:48:50 [INFO] core.sap_client — phase1_ready — ctxtP_HU confirmed
16:48:54 [INFO] core.sap_client — hu_phase1_ok hu=C1016431167 msg='Packaging data was saved. Material document 7578222829 was created'
16:48:54 [WARNING] core.sap_client — phase2_wrong_screen hu=C1016431167 — re-navigating
16:48:54 [INFO] core.sap_client — setup_phase2_start
16:49:00 [INFO] core.sap_client — tx_opened code=/nZMMTIJSEP current_tx=ZMMTIJSEP
16:49:00 [INFO] core.sap_client — phase2_ready — txtGV_HU confirmed
16:49:03 [INFO] core.sap_client — hu_phase2_ok hu=C1016431167 duration_ms=8422 phase2_wait=1.5
16:49:03 [WARNING] core.sap_client — phase1_wrong_screen hu=C1016431163 — re-navigating
16:49:03 [INFO] core.sap_client — setup_phase1_start
16:49:09 [INFO] core.sap_client — tx_opened code=/nZMOVEINBHU current_tx=ZMOVEINBHU
16:49:09 [INFO] core.sap_client — phase1_ready — ctxtP_HU confirmed
16:49:13 [INFO] core.sap_client — hu_phase1_ok hu=C1016431163 msg='Packaging data was saved. Material document 7578223744 was created'
16:49:13 [WARNING] core.sap_client — phase2_wrong_screen hu=C1016431163 — re-navigating
16:49:13 [INFO] core.sap_client — setup_phase2_start
16:49:19 [INFO] core.sap_client — tx_opened code=/nZMMTIJSEP current_tx=ZMMTIJSEP
16:49:19 [INFO] core.sap_client — phase2_ready — txtGV_HU confirmed
16:49:22 [INFO] core.sap_client — hu_phase2_ok hu=C1016431163 duration_ms=8473 phase2_wait=1.5
16:49:22 [WARNING] core.sap_client — phase1_wrong_screen hu=C1016431158 — re-navigating
16:49:22 [INFO] core.sap_client — setup_phase1_start
16:49:28 [INFO] core.sap_client — tx_opened code=/nZMOVEINBHU current_tx=ZMOVEINBHU
16:49:28 [INFO] core.sap_client — phase1_ready — ctxtP_HU confirmed
16:49:32 [INFO] core.sap_client — hu_phase1_ok hu=C1016431158 msg='Packaging data was saved. Material document 7578223753 was created'
16:49:32 [WARNING] core.sap_client — phase2_wrong_screen hu=C1016431158 — re-navigating
16:49:32 [INFO] core.sap_client — setup_phase2_start
16:49:38 [INFO] core.sap_client — tx_opened code=/nZMMTIJSEP current_tx=ZMMTIJSEP
16:49:38 [INFO] core.sap_client — phase2_ready — txtGV_HU confirmed
16:49:41 [INFO] core.sap_client — hu_phase2_ok hu=C1016431158 duration_ms=8483 phase2_wait=1.5
16:49:41 [WARNING] core.sap_client — phase1_wrong_screen hu=C1016431168 — re-navigating
16:49:41 [INFO] core.sap_client — setup_phase1_start
16:49:47 [INFO] core.sap_client — tx_opened code=/nZMOVEINBHU current_tx=ZMOVEINBHU
16:49:47 [INFO] core.sap_client — phase1_ready — ctxtP_HU confirmed
16:49:51 [INFO] core.sap_client — hu_phase1_ok hu=C1016431168 msg='Packaging data was saved. Material document 7578223759 was created'
16:49:51 [WARNING] core.sap_client — phase2_wrong_screen hu=C1016431168 — re-navigating
16:49:51 [INFO] core.sap_client — setup_phase2_start
16:49:58 [INFO] core.sap_client — tx_opened code=/nZMMTIJSEP current_tx=ZMMTIJSEP
16:49:58 [INFO] core.sap_client — phase2_ready — txtGV_HU confirmed
16:50:00 [INFO] core.sap_client — hu_phase2_ok hu=C1016431168 duration_ms=8657 phase2_wait=1.5
16:50:00 [WARNING] core.sap_client — phase1_wrong_screen hu=C1016431156 — re-navigating
16:50:00 [INFO] core.sap_client — setup_phase1_start
16:50:06 [INFO] core.sap_client — tx_opened code=/nZMOVEINBHU current_tx=ZMOVEINBHU
16:50:06 [INFO] core.sap_client — phase1_ready — ctxtP_HU confirmed
16:50:11 [INFO] core.sap_client — hu_phase1_ok hu=C1016431156 msg='Packaging data was saved. Material document 7578223765 was created'
16:50:11 [WARNING] core.sap_client — phase2_wrong_screen hu=C1016431156 — re-navigating
16:50:11 [INFO] core.sap_client — setup_phase2_start
16:50:17 [INFO] core.sap_client — tx_opened code=/nZMMTIJSEP current_tx=ZMMTIJSEP
16:50:17 [INFO] core.sap_client — phase2_ready — txtGV_HU confirmed
16:50:19 [INFO] core.sap_client — hu_phase2_ok hu=C1016431156 duration_ms=8517 phase2_wait=1.5
16:50:19 [WARNING] core.sap_client — phase1_wrong_screen hu=C1016431160 — re-navigating
16:50:19 [INFO] core.sap_client — setup_phase1_start
16:50:26 [INFO] core.sap_client — tx_opened code=/nZMOVEINBHU current_tx=ZMOVEINBHU
16:50:26 [INFO] core.sap_client — phase1_ready — ctxtP_HU confirmed
16:50:30 [INFO] core.sap_client — hu_phase1_ok hu=C1016431160 msg='Packaging data was saved. Material document 7578223776 was created'
16:50:30 [WARNING] core.sap_client — phase2_wrong_screen hu=C1016431160 — re-navigating
16:50:30 [INFO] core.sap_client — setup_phase2_start
16:50:36 [INFO] core.sap_client — tx_opened code=/nZMMTIJSEP current_tx=ZMMTIJSEP
16:50:36 [INFO] core.sap_client — phase2_ready — txtGV_HU confirmed
16:50:38 [INFO] core.sap_client — hu_phase2_ok hu=C1016431160 duration_ms=8439 phase2_wait=1.5
16:50:38 [WARNING] core.sap_client — phase1_wrong_screen hu=C1016431151 — re-navigating
16:50:38 [INFO] core.sap_client — setup_phase1_start
16:50:45 [INFO] core.sap_client — tx_opened code=/nZMOVEINBHU current_tx=ZMOVEINBHU
16:50:45 [INFO] core.sap_client — phase1_ready — ctxtP_HU confirmed
16:50:49 [INFO] core.sap_client — hu_phase1_ok hu=C1016431151 msg='Packaging data was saved. Material document 7578223783 was created'
16:50:49 [WARNING] core.sap_client — phase2_wrong_screen hu=C1016431151 — re-navigating
16:50:49 [INFO] core.sap_client — setup_phase2_start
16:50:55 [INFO] core.sap_client — tx_opened code=/nZMMTIJSEP current_tx=ZMMTIJSEP
16:50:55 [INFO] core.sap_client — phase2_ready — txtGV_HU confirmed
16:50:57 [INFO] core.sap_client — hu_phase2_ok hu=C1016431151 duration_ms=8449 phase2_wait=1.5
16:50:57 [WARNING] core.sap_client — phase1_wrong_screen hu=C1016431172 — re-navigating
16:50:57 [INFO] core.sap_client — setup_phase1_start
16:51:03 [INFO] core.sap_client — tx_opened code=/nZMOVEINBHU current_tx=ZMOVEINBHU
16:51:03 [INFO] core.sap_client — phase1_ready — ctxtP_HU confirmed
16:51:08 [INFO] core.sap_client — hu_phase1_ok hu=C1016431172 msg='Packaging data was saved. Material document 7578223804 was created'
16:51:08 [WARNING] core.sap_client — phase2_wrong_screen hu=C1016431172 — re-navigating
16:51:08 [INFO] core.sap_client — setup_phase2_start
16:51:14 [INFO] core.sap_client — tx_opened code=/nZMMTIJSEP current_tx=ZMMTIJSEP
16:51:14 [INFO] core.sap_client — phase2_ready — txtGV_HU confirmed
16:51:16 [INFO] core.sap_client — hu_phase2_ok hu=C1016431172 duration_ms=8442 phase2_wait=1.5
16:51:16 [WARNING] core.sap_client — phase1_wrong_screen hu=C1016431174 — re-navigating
16:51:16 [INFO] core.sap_client — setup_phase1_start
16:51:22 [INFO] core.sap_client — tx_opened code=/nZMOVEINBHU current_tx=ZMOVEINBHU
16:51:22 [INFO] core.sap_client — phase1_ready — ctxtP_HU confirmed
16:51:27 [INFO] core.sap_client — hu_phase1_ok hu=C1016431174 msg='Packaging data was saved. Material document 7578223821 was created'
16:51:27 [WARNING] core.sap_client — phase2_wrong_screen hu=C1016431174 — re-navigating
16:51:27 [INFO] core.sap_client — setup_phase2_start
16:51:33 [INFO] core.sap_client — tx_opened code=/nZMMTIJSEP current_tx=ZMMTIJSEP
16:51:33 [INFO] core.sap_client — phase2_ready — txtGV_HU confirmed
16:51:35 [INFO] core.sap_client — hu_phase2_ok hu=C1016431174 duration_ms=8471 phase2_wait=1.5
16:51:35 [WARNING] core.sap_client — phase1_wrong_screen hu=C1016431173 — re-navigating
16:51:35 [INFO] core.sap_client — setup_phase1_start
16:51:42 [INFO] core.sap_client — tx_opened code=/nZMOVEINBHU current_tx=ZMOVEINBHU
16:51:42 [INFO] core.sap_client — phase1_ready — ctxtP_HU confirmed
16:51:46 [INFO] core.sap_client — hu_phase1_ok hu=C1016431173 msg='Packaging data was saved. Material document 7578224733 was created'
16:51:46 [WARNING] core.sap_client — phase2_wrong_screen hu=C1016431173 — re-navigating
16:51:46 [INFO] core.sap_client — setup_phase2_start
16:51:52 [INFO] core.sap_client — tx_opened code=/nZMMTIJSEP current_tx=ZMMTIJSEP
16:51:52 [INFO] core.sap_client — phase2_ready — txtGV_HU confirmed
16:51:54 [INFO] core.sap_client — hu_phase2_ok hu=C1016431173 duration_ms=8421 phase2_wait=1.5
16:51:54 [WARNING] core.sap_client — phase1_wrong_screen hu=C1016431161 — re-navigating
16:51:54 [INFO] core.sap_client — setup_phase1_start
16:52:00 [INFO] core.sap_client — tx_opened code=/nZMOVEINBHU current_tx=ZMOVEINBHU
16:52:01 [INFO] core.sap_client — phase1_ready — ctxtP_HU confirmed
16:52:05 [INFO] core.sap_client — hu_phase1_ok hu=C1016431161 msg='Packaging data was saved. Material document 7578224738 was created'
16:52:05 [WARNING] core.sap_client — phase2_wrong_screen hu=C1016431161 — re-navigating
16:52:05 [INFO] core.sap_client — setup_phase2_start
16:52:11 [INFO] core.sap_client — tx_opened code=/nZMMTIJSEP current_tx=ZMMTIJSEP
16:52:11 [INFO] core.sap_client — phase2_ready — txtGV_HU confirmed
16:52:13 [INFO] core.sap_client — hu_phase2_ok hu=C1016431161 duration_ms=8566 phase2_wait=1.5
16:52:13 [INFO] core.queue_model — pallet_boundary multi_hu pallet=3 count=25 hu_codes=['C1016431181', 'C1016431177', 'C1016431179', 'C1016431176', 'C1016431171', 'C1016431170', 'C1016431159', 'C1016431157', 'C1016431164', 'C1016431165', 'C1016431166', 'C1016431169', 'C1016431183', 'C1016431184', 'C1016431167', 'C1016431163', 'C1016431158', 'C1016431168', 'C1016431156', 'C1016431160', 'C1016431151', 'C1016431172', 'C1016431174', 'C1016431173', 'C1016431161']
16:52:20 [INFO] core.sap_client — tx_opened code=/nSP01 current_tx=SP01
16:52:23 [INFO] core.sap_client — sp01_scan start scroll_max=164
16:52:25 [INFO] core.sap_client — sp01_scan_done pending=25 completed=0 hu_filter=['C1016431181', 'C1016431177', 'C1016431179', 'C1016431176', 'C1016431171', 'C1016431170', 'C1016431159', 'C1016431157', 'C1016431164', 'C1016431165', 'C1016431166', 'C1016431169', 'C1016431183', 'C1016431184', 'C1016431167', 'C1016431163', 'C1016431158', 'C1016431168', 'C1016431156', 'C1016431160', 'C1016431151', 'C1016431172', 'C1016431174', 'C1016431173', 'C1016431161']
16:52:25 [INFO] core.sap_client — sp01_attempt=0 pending=25 completed=0 expected=25
16:52:26 [INFO] core.sap_client — sp01_marked scroll=0 row=4 title=CN-CON-003_C1016431161_20260410235212
16:52:26 [INFO] core.sap_client — sp01_marked scroll=0 row=6 title=CN-CON-003_C1016431173_20260410235153
16:52:27 [INFO] core.sap_client — sp01_marked scroll=0 row=8 title=CN-CON-003_C1016431174_20260410235134
16:52:27 [INFO] core.sap_client — sp01_marked scroll=0 row=10 title=CN-CON-003_C1016431172_20260410235114
16:52:28 [INFO] core.sap_client — sp01_marked scroll=0 row=12 title=CN-CON-003_C1016431151_20260410235055
16:52:28 [INFO] core.sap_client — sp01_marked scroll=0 row=14 title=CN-CON-003_C1016431160_20260410235037
16:52:29 [INFO] core.sap_client — sp01_marked scroll=0 row=16 title=CN-CON-003_C1016431156_20260410235018
16:52:29 [INFO] core.sap_client — sp01_marked scroll=0 row=18 title=CN-CON-003_C1016431168_20260410234958
16:52:29 [INFO] core.sap_client — sp01_marked scroll=0 row=20 title=CN-CON-003_C1016431158_20260410234939
16:52:30 [INFO] core.sap_client — sp01_marked scroll=0 row=22 title=CN-CON-003_C1016431163_20260410234920
16:52:30 [INFO] core.sap_client — sp01_marked scroll=0 row=24 title=CN-CON-003_C1016431167_20260410234901
16:52:31 [INFO] core.sap_client — sp01_marked scroll=0 row=26 title=CN-CON-003_C1016431184_20260410234842
16:52:31 [INFO] core.sap_client — sp01_marked scroll=0 row=28 title=CN-CON-003_C1016431183_20260410234822
16:52:32 [INFO] core.sap_client — sp01_marked scroll=0 row=30 title=CN-CON-003_C1016431169_20260410234803
16:52:32 [INFO] core.sap_client — sp01_marked scroll=0 row=32 title=CN-CON-003_C1016431166_20260410234743
16:52:32 [INFO] core.sap_client — sp01_marked scroll=0 row=34 title=CN-CON-003_C1016431165_20260410234724
16:52:33 [INFO] core.sap_client — sp01_marked scroll=0 row=36 title=CN-CON-003_C1016431164_20260410234704
16:52:33 [INFO] core.sap_client — sp01_marked scroll=0 row=38 title=CN-CON-003_C1016431157_20260410234645
16:52:34 [INFO] core.sap_client — sp01_marked scroll=0 row=40 title=CN-CON-003_C1016431159_20260410234625
16:52:34 [INFO] core.sap_client — sp01_marked scroll=0 row=42 title=CN-CON-003_C1016431170_20260410234605
16:52:35 [INFO] core.sap_client — sp01_marked scroll=0 row=44 title=CN-CON-003_C1016431171_20260410234546
16:52:35 [INFO] core.sap_client — sp01_marked scroll=0 row=46 title=CN-CON-003_C1016431176_20260410234526
16:52:35 [INFO] core.sap_client — sp01_marked scroll=0 row=48 title=CN-CON-003_C1016431179_20260410234505
16:52:36 [INFO] core.sap_client — sp01_marked scroll=0 row=50 title=CN-CON-003_C1016431177_20260410234444
16:52:36 [INFO] core.sap_client — sp01_marked scroll=2 row=50 title=CN-CON-003_C1016431181_20260410234425
16:52:37 [INFO] core.sap_client — sp01_mark_done total_marked=25
16:52:38 [INFO] core.print_watcher — print_watcher_started idle_timeout=12.0s expected=25
16:52:39 [INFO] core.sap_client — sp01_print_confirmed via=btn[25] marked=25
16:52:40 [INFO] core.sap_client — sp01_pallet_done result={'status': 'ok', 'message': 'SP01 OK — 25 spool(s) impreso(s)', 'marked': 25} hu_codes=['C1016431181', 'C1016431177', 'C1016431179', 'C1016431176', 'C1016431171', 'C1016431170', 'C1016431159', 'C1016431157', 'C1016431164', 'C1016431165', 'C1016431166', 'C1016431169', 'C1016431183', 'C1016431184', 'C1016431167', 'C1016431163', 'C1016431158', 'C1016431168', 'C1016431156', 'C1016431160', 'C1016431151', 'C1016431172', 'C1016431174', 'C1016431173', 'C1016431161']
16:52:40 [INFO] core.queue_model — waiting_for_print_watcher...
16:52:40 [INFO] core.print_watcher — method1_BM_CLICK ok_hwnd=13503658
16:52:40 [INFO] core.print_watcher — confirm_success method=BM_CLICK hwnd=15733544
16:52:40 [INFO] core.print_watcher — print_dialog_confirmed count=1
16:52:41 [INFO] core.print_watcher — method1_BM_CLICK ok_hwnd=18223608
16:52:41 [INFO] core.print_watcher — confirm_success method=BM_CLICK hwnd=19464718
16:52:41 [INFO] core.print_watcher — print_dialog_confirmed count=2
16:52:43 [INFO] core.print_watcher — method1_BM_CLICK ok_hwnd=6034414
16:52:43 [INFO] core.print_watcher — confirm_success method=BM_CLICK hwnd=17896204
16:52:43 [INFO] core.print_watcher — print_dialog_confirmed count=3
16:52:44 [INFO] core.print_watcher — method1_BM_CLICK ok_hwnd=18354680
16:52:44 [INFO] core.print_watcher — confirm_success method=BM_CLICK hwnd=10027758
16:52:44 [INFO] core.print_watcher — print_dialog_confirmed count=4
16:52:46 [INFO] core.print_watcher — method1_BM_CLICK ok_hwnd=10949676
16:52:46 [INFO] core.print_watcher — confirm_success method=BM_CLICK hwnd=22613686
16:52:46 [INFO] core.print_watcher — print_dialog_confirmed count=5
16:52:47 [INFO] core.print_watcher — method1_BM_CLICK ok_hwnd=10948468
16:52:47 [INFO] core.print_watcher — confirm_success method=BM_CLICK hwnd=6952670
16:52:47 [INFO] core.print_watcher — print_dialog_confirmed count=6
16:52:49 [INFO] core.print_watcher — method1_BM_CLICK ok_hwnd=11933332
16:52:49 [INFO] core.print_watcher — confirm_success method=BM_CLICK hwnd=11014004
16:52:49 [INFO] core.print_watcher — print_dialog_confirmed count=7
16:52:51 [INFO] core.print_watcher — method1_BM_CLICK ok_hwnd=9507896
16:52:51 [INFO] core.print_watcher — confirm_success method=BM_CLICK hwnd=11670816
16:52:51 [INFO] core.print_watcher — print_dialog_confirmed count=8
16:52:52 [INFO] core.print_watcher — method1_BM_CLICK ok_hwnd=13042438
16:52:52 [INFO] core.print_watcher — confirm_success method=BM_CLICK hwnd=5576054
16:52:52 [INFO] core.print_watcher — print_dialog_confirmed count=9
16:52:54 [INFO] core.print_watcher — method1_BM_CLICK ok_hwnd=19073150
16:52:54 [INFO] core.print_watcher — confirm_success method=BM_CLICK hwnd=19010348
16:52:54 [INFO] core.print_watcher — print_dialog_confirmed count=10
16:52:56 [INFO] core.print_watcher — method1_BM_CLICK ok_hwnd=18025574
16:52:56 [INFO] core.print_watcher — confirm_success method=BM_CLICK hwnd=16323368
16:52:56 [INFO] core.print_watcher — print_dialog_confirmed count=11
16:52:57 [INFO] core.print_watcher — method1_BM_CLICK ok_hwnd=7672406
16:52:57 [INFO] core.print_watcher — confirm_success method=BM_CLICK hwnd=14812548
16:52:57 [INFO] core.print_watcher — print_dialog_confirmed count=12
16:52:59 [INFO] core.print_watcher — method1_BM_CLICK ok_hwnd=16454440
16:52:59 [INFO] core.print_watcher — confirm_success method=BM_CLICK hwnd=12588692
16:52:59 [INFO] core.print_watcher — print_dialog_confirmed count=13
16:53:00 [INFO] core.print_watcher — method1_BM_CLICK ok_hwnd=9309700
16:53:00 [INFO] core.print_watcher — confirm_success method=BM_CLICK hwnd=10096424
16:53:00 [INFO] core.print_watcher — print_dialog_confirmed count=14
16:53:02 [INFO] core.print_watcher — method1_BM_CLICK ok_hwnd=6621928
16:53:02 [INFO] core.print_watcher — confirm_success method=BM_CLICK hwnd=18748172
16:53:02 [INFO] core.print_watcher — print_dialog_confirmed count=15
16:53:04 [INFO] core.print_watcher — method1_BM_CLICK ok_hwnd=15012786
16:53:04 [INFO] core.print_watcher — confirm_success method=BM_CLICK hwnd=19403564
16:53:04 [INFO] core.print_watcher — print_dialog_confirmed count=16
16:53:05 [INFO] core.print_watcher — method1_BM_CLICK ok_hwnd=11866356
16:53:05 [INFO] core.print_watcher — confirm_success method=BM_CLICK hwnd=16192852
16:53:05 [INFO] core.print_watcher — print_dialog_confirmed count=17
16:53:06 [INFO] core.print_watcher — method1_BM_CLICK ok_hwnd=15471286
16:53:06 [INFO] core.print_watcher — confirm_success method=BM_CLICK hwnd=11078302
16:53:06 [INFO] core.print_watcher — print_dialog_confirmed count=18
16:53:08 [INFO] core.print_watcher — method1_BM_CLICK ok_hwnd=8131158
16:53:08 [INFO] core.print_watcher — confirm_success method=BM_CLICK hwnd=6884072
16:53:08 [INFO] core.print_watcher — print_dialog_confirmed count=19
16:53:10 [INFO] core.print_watcher — method1_BM_CLICK ok_hwnd=15467908
16:53:10 [INFO] core.print_watcher — confirm_success method=BM_CLICK hwnd=11798014
16:53:10 [INFO] core.print_watcher — print_dialog_confirmed count=20
16:53:11 [INFO] core.print_watcher — method1_BM_CLICK ok_hwnd=19141388
16:53:11 [INFO] core.print_watcher — confirm_success method=BM_CLICK hwnd=6950378
16:53:11 [INFO] core.print_watcher — print_dialog_confirmed count=21
16:53:13 [INFO] core.print_watcher — method1_BM_CLICK ok_hwnd=14551998
16:53:13 [INFO] core.print_watcher — confirm_success method=BM_CLICK hwnd=12456996
16:53:13 [INFO] core.print_watcher — print_dialog_confirmed count=22
16:53:14 [INFO] core.print_watcher — method1_BM_CLICK ok_hwnd=19337996
16:53:14 [INFO] core.print_watcher — confirm_success method=BM_CLICK hwnd=11211964
16:53:14 [INFO] core.print_watcher — print_dialog_confirmed count=23
16:53:16 [INFO] core.print_watcher — method1_BM_CLICK ok_hwnd=14029108
16:53:16 [INFO] core.print_watcher — confirm_success method=BM_CLICK hwnd=7212522
16:53:16 [INFO] core.print_watcher — print_dialog_confirmed count=24
16:53:17 [INFO] core.print_watcher — method1_BM_CLICK ok_hwnd=14748606
16:53:17 [INFO] core.print_watcher — confirm_success method=BM_CLICK hwnd=18747186
16:53:17 [INFO] core.print_watcher — print_dialog_confirmed count=25
16:53:17 [INFO] core.print_watcher — print_watcher_all_confirmed expected=25 confirmed=25
16:53:17 [INFO] core.print_watcher — print_watcher_stopped confirmed=25
16:53:17 [INFO] core.queue_model — print_watcher_finished confirmed=25
16:53:17 [INFO] core.queue_model — sp01_pallet_result={'status': 'ok', 'message': 'SP01 OK — 25 spool(s) impreso(s)', 'marked': 25} print_dialogs_confirmed=25
16:55:10 [INFO] core.queue_model — queue_worker_resumed_by_ui
16:55:10 [INFO] core.queue_model — queue_worker_resumed_processing
16:55:10 [INFO] core.sap_client — setup_phase1_start
16:55:16 [INFO] core.sap_client — tx_opened code=/nZMOVEINBHU current_tx=ZMOVEINBHU
16:55:16 [INFO] core.sap_client — phase1_ready — ctxtP_HU confirmed
16:55:21 [INFO] core.sap_client — hu_phase1_ok hu=C1016431178 msg='Packaging data was saved. Material document 7578226239 was created'
16:55:21 [INFO] core.sap_client — setup_phase2_start
16:55:27 [INFO] core.sap_client — tx_opened code=/nZMMTIJSEP current_tx=ZMMTIJSEP
16:55:27 [INFO] core.sap_client — phase2_ready — txtGV_HU confirmed
16:55:29 [INFO] core.sap_client — hu_phase2_ok hu=C1016431178 duration_ms=2288 phase2_wait=1.5
16:55:29 [INFO] core.sap_client — setup_phase1_start
16:55:35 [INFO] core.sap_client — tx_opened code=/nZMOVEINBHU current_tx=ZMOVEINBHU
16:55:35 [INFO] core.sap_client — phase1_ready — ctxtP_HU confirmed
16:55:40 [INFO] core.sap_client — hu_phase1_ok hu=C1016431175 msg='Packaging data was saved. Material document 7578226250 was created'
16:55:40 [WARNING] core.sap_client — phase2_wrong_screen hu=C1016431175 — re-navigating
16:55:40 [INFO] core.sap_client — setup_phase2_start
16:55:46 [INFO] core.sap_client — tx_opened code=/nZMMTIJSEP current_tx=ZMMTIJSEP
16:55:46 [INFO] core.sap_client — phase2_ready — txtGV_HU confirmed
16:55:48 [INFO] core.sap_client — hu_phase2_ok hu=C1016431175 duration_ms=8517 phase2_wait=1.5
16:55:48 [WARNING] core.sap_client — phase1_wrong_screen hu=C1016451905 — re-navigating
16:55:48 [INFO] core.sap_client — setup_phase1_start
16:55:55 [INFO] core.sap_client — tx_opened code=/nZMOVEINBHU current_tx=ZMOVEINBHU
16:55:55 [INFO] core.sap_client — phase1_ready — ctxtP_HU confirmed
16:55:59 [INFO] core.sap_client — hu_phase1_ok hu=C1016451905 msg='Packaging data was saved. Material document 7578226258 was created'
16:55:59 [WARNING] core.sap_client — phase2_wrong_screen hu=C1016451905 — re-navigating
16:55:59 [INFO] core.sap_client — setup_phase2_start
16:56:05 [INFO] core.sap_client — tx_opened code=/nZMMTIJSEP current_tx=ZMMTIJSEP
16:56:05 [INFO] core.sap_client — phase2_ready — txtGV_HU confirmed
16:56:08 [INFO] core.sap_client — hu_phase2_ok hu=C1016451905 duration_ms=8676 phase2_wait=1.5
16:56:08 [WARNING] core.sap_client — phase1_wrong_screen hu=C1016431185 — re-navigating
16:56:08 [INFO] core.sap_client — setup_phase1_start
16:56:14 [INFO] core.sap_client — tx_opened code=/nZMOVEINBHU current_tx=ZMOVEINBHU
16:56:14 [INFO] core.sap_client — phase1_ready — ctxtP_HU confirmed
16:56:18 [INFO] core.sap_client — hu_phase1_ok hu=C1016431185 msg='Packaging data was saved. Material document 7578226277 was created'
16:56:18 [WARNING] core.sap_client — phase2_wrong_screen hu=C1016431185 — re-navigating
16:56:18 [INFO] core.sap_client — setup_phase2_start
16:56:24 [INFO] core.sap_client — tx_opened code=/nZMMTIJSEP current_tx=ZMMTIJSEP
16:56:24 [INFO] core.sap_client — phase2_ready — txtGV_HU confirmed
16:56:27 [INFO] core.sap_client — hu_phase2_ok hu=C1016431185 duration_ms=8578 phase2_wait=1.5
16:56:27 [WARNING] core.sap_client — phase1_wrong_screen hu=C1016431186 — re-navigating
16:56:27 [INFO] core.sap_client — setup_phase1_start
16:56:33 [INFO] core.sap_client — tx_opened code=/nZMOVEINBHU current_tx=ZMOVEINBHU
16:56:33 [INFO] core.sap_client — phase1_ready — ctxtP_HU confirmed
16:56:37 [INFO] core.sap_client — hu_phase1_ok hu=C1016431186 msg='Packaging data was saved. Material document 7578226304 was created'
16:56:37 [WARNING] core.sap_client — phase2_wrong_screen hu=C1016431186 — re-navigating
16:56:37 [INFO] core.sap_client — setup_phase2_start
16:56:44 [INFO] core.sap_client — tx_opened code=/nZMMTIJSEP current_tx=ZMMTIJSEP
16:56:44 [INFO] core.sap_client — phase2_ready — txtGV_HU confirmed
16:56:46 [INFO] core.sap_client — hu_phase2_ok hu=C1016431186 duration_ms=8435 phase2_wait=1.5
16:56:46 [WARNING] core.sap_client — phase1_wrong_screen hu=C1016431188 — re-navigating
16:56:46 [INFO] core.sap_client — setup_phase1_start
16:56:52 [INFO] core.sap_client — tx_opened code=/nZMOVEINBHU current_tx=ZMOVEINBHU
16:56:52 [INFO] core.sap_client — phase1_ready — ctxtP_HU confirmed
16:56:56 [INFO] core.sap_client — hu_phase1_ok hu=C1016431188 msg='Packaging data was saved. Material document 7578226312 was created'
16:56:56 [WARNING] core.sap_client — phase2_wrong_screen hu=C1016431188 — re-navigating
16:56:56 [INFO] core.sap_client — setup_phase2_start
16:57:02 [INFO] core.sap_client — tx_opened code=/nZMMTIJSEP current_tx=ZMMTIJSEP
16:57:02 [INFO] core.sap_client — phase2_ready — txtGV_HU confirmed
16:57:05 [INFO] core.sap_client — hu_phase2_ok hu=C1016431188 duration_ms=8504 phase2_wait=1.5
16:57:05 [WARNING] core.sap_client — phase1_wrong_screen hu=C1016431182 — re-navigating
16:57:05 [INFO] core.sap_client — setup_phase1_start
16:57:11 [INFO] core.sap_client — tx_opened code=/nZMOVEINBHU current_tx=ZMOVEINBHU
16:57:11 [INFO] core.sap_client — phase1_ready — ctxtP_HU confirmed
16:57:15 [INFO] core.sap_client — hu_phase1_ok hu=C1016431182 msg='Packaging data was saved. Material document 7578226326 was created'
16:57:15 [WARNING] core.sap_client — phase2_wrong_screen hu=C1016431182 — re-navigating
16:57:15 [INFO] core.sap_client — setup_phase2_start
16:57:22 [INFO] core.sap_client — tx_opened code=/nZMMTIJSEP current_tx=ZMMTIJSEP
16:57:22 [INFO] core.sap_client — phase2_ready — txtGV_HU confirmed
16:57:24 [INFO] core.sap_client — hu_phase2_ok hu=C1016431182 duration_ms=8473 phase2_wait=1.5
16:57:24 [INFO] core.queue_model — pallet_boundary multi_hu pallet=4 count=7 hu_codes=['C1016431178', 'C1016431175', 'C1016451905', 'C1016431185', 'C1016431186', 'C1016431188', 'C1016431182']
16:57:30 [INFO] core.sap_client — tx_opened code=/nSP01 current_tx=SP01
16:57:34 [INFO] core.sap_client — sp01_scan start scroll_max=178
16:57:35 [INFO] core.sap_client — sp01_scan_done pending=7 completed=0 hu_filter=['C1016431178', 'C1016431175', 'C1016451905', 'C1016431185', 'C1016431186', 'C1016431188', 'C1016431182']
16:57:35 [INFO] core.sap_client — sp01_attempt=0 pending=7 completed=0 expected=7
16:57:35 [INFO] core.sap_client — sp01_marked scroll=0 row=4 title=CN-CON-003_C1016431182_20260410235722
16:57:35 [INFO] core.sap_client — sp01_marked scroll=0 row=6 title=CN-CON-003_C1016431188_20260410235703
16:57:36 [INFO] core.sap_client — sp01_marked scroll=0 row=8 title=CN-CON-003_C1016431186_20260410235644
16:57:36 [INFO] core.sap_client — sp01_marked scroll=0 row=10 title=CN-CON-003_C1016431185_20260410235625
16:57:37 [INFO] core.sap_client — sp01_marked scroll=0 row=12 title=CN-CON-003_C1016451905_20260410235606
16:57:37 [INFO] core.sap_client — sp01_marked scroll=0 row=14 title=CN-CON-003_C1016431175_20260410235547
16:57:38 [INFO] core.sap_client — sp01_marked scroll=0 row=16 title=CN-CON-003_C1016431178_20260410235527
16:57:38 [INFO] core.sap_client — sp01_mark_done total_marked=7
16:57:39 [INFO] core.print_watcher — print_watcher_started idle_timeout=12.0s expected=7
16:57:40 [INFO] core.sap_client — sp01_print_confirmed via=btn[25] marked=7
16:57:41 [INFO] core.sap_client — sp01_pallet_done result={'status': 'ok', 'message': 'SP01 OK — 7 spool(s) impreso(s)', 'marked': 7} hu_codes=['C1016431178', 'C1016431175', 'C1016451905', 'C1016431185', 'C1016431186', 'C1016431188', 'C1016431182']
16:57:41 [INFO] core.queue_model — waiting_for_print_watcher...
16:57:41 [INFO] core.print_watcher — method1_BM_CLICK ok_hwnd=5707174
16:57:41 [INFO] core.print_watcher — confirm_success method=BM_CLICK hwnd=17371944
16:57:41 [INFO] core.print_watcher — print_dialog_confirmed count=1
16:57:42 [INFO] core.print_watcher — method1_BM_CLICK ok_hwnd=10950110
16:57:42 [INFO] core.print_watcher — confirm_success method=BM_CLICK hwnd=12259188
16:57:42 [INFO] core.print_watcher — print_dialog_confirmed count=2
16:57:44 [INFO] core.print_watcher — method1_BM_CLICK ok_hwnd=19600140
16:57:44 [INFO] core.print_watcher — confirm_success method=BM_CLICK hwnd=12850220
16:57:44 [INFO] core.print_watcher — print_dialog_confirmed count=3
16:57:45 [INFO] core.print_watcher — method1_BM_CLICK ok_hwnd=17699624
16:57:45 [INFO] core.print_watcher — confirm_success method=BM_CLICK hwnd=7670062
16:57:45 [INFO] core.print_watcher — print_dialog_confirmed count=4
16:57:46 [INFO] core.print_watcher — method1_BM_CLICK ok_hwnd=19731212
16:57:47 [INFO] core.print_watcher — confirm_success method=BM_CLICK hwnd=19336294
16:57:47 [INFO] core.print_watcher — print_dialog_confirmed count=5
16:57:48 [INFO] core.print_watcher — method1_BM_CLICK ok_hwnd=16715776
16:57:48 [INFO] core.print_watcher — confirm_success method=BM_CLICK hwnd=11671158
16:57:48 [INFO] core.print_watcher — print_dialog_confirmed count=6
16:57:50 [INFO] core.print_watcher — method1_BM_CLICK ok_hwnd=29495126
16:57:50 [INFO] core.print_watcher — confirm_success method=BM_CLICK hwnd=13177900
16:57:50 [INFO] core.print_watcher — print_dialog_confirmed count=7
16:57:50 [INFO] core.print_watcher — print_watcher_all_confirmed expected=7 confirmed=7
16:57:50 [INFO] core.print_watcher — print_watcher_stopped confirmed=7
16:57:50 [INFO] core.queue_model — print_watcher_finished confirmed=7
16:57:50 [INFO] core.queue_model — sp01_pallet_result={'status': 'ok', 'message': 'SP01 OK — 7 spool(s) impreso(s)', 'marked': 7} print_dialogs_confirmed=7
16:59:22 [INFO] core.queue_model — queue_worker_resumed_by_ui
16:59:22 [INFO] core.queue_model — queue_worker_resumed_processing
16:59:22 [INFO] core.sap_client — setup_phase1_start
16:59:29 [INFO] core.sap_client — tx_opened code=/nZMOVEINBHU current_tx=ZMOVEINBHU
16:59:29 [INFO] core.sap_client — phase1_ready — ctxtP_HU confirmed
16:59:33 [INFO] core.sap_client — hu_phase1_ok hu=C1016431198 msg='Packaging data was saved. Material document 7578227805 was created'
16:59:33 [INFO] core.sap_client — setup_phase2_start
16:59:39 [INFO] core.sap_client — tx_opened code=/nZMMTIJSEP current_tx=ZMMTIJSEP
16:59:39 [INFO] core.sap_client — phase2_ready — txtGV_HU confirmed
16:59:41 [INFO] core.sap_client — hu_phase2_ok hu=C1016431198 duration_ms=2272 phase2_wait=1.5
16:59:41 [INFO] core.sap_client — setup_phase1_start
16:59:48 [INFO] core.sap_client — tx_opened code=/nZMOVEINBHU current_tx=ZMOVEINBHU
16:59:48 [INFO] core.sap_client — phase1_ready — ctxtP_HU confirmed
16:59:52 [INFO] core.sap_client — hu_phase1_ok hu=C1016431202 msg='Packaging data was saved. Material document 7578227813 was created'
16:59:52 [WARNING] core.sap_client — phase2_wrong_screen hu=C1016431202 — re-navigating
16:59:52 [INFO] core.sap_client — setup_phase2_start
16:59:58 [INFO] core.sap_client — tx_opened code=/nZMMTIJSEP current_tx=ZMMTIJSEP
16:59:58 [INFO] core.sap_client — phase2_ready — txtGV_HU confirmed
17:00:01 [INFO] core.sap_client — hu_phase2_ok hu=C1016431202 duration_ms=8540 phase2_wait=1.5
17:00:01 [WARNING] core.sap_client — phase1_wrong_screen hu=C1016431204 — re-navigating
17:00:01 [INFO] core.sap_client — setup_phase1_start
17:00:07 [INFO] core.sap_client — tx_opened code=/nZMOVEINBHU current_tx=ZMOVEINBHU
17:00:07 [INFO] core.sap_client — phase1_ready — ctxtP_HU confirmed
17:00:11 [INFO] core.sap_client — hu_phase1_ok hu=C1016431204 msg='Packaging data was saved. Material document 7578227824 was created'
17:00:11 [WARNING] core.sap_client — phase2_wrong_screen hu=C1016431204 — re-navigating
17:00:11 [INFO] core.sap_client — setup_phase2_start
17:00:17 [INFO] core.sap_client — tx_opened code=/nZMMTIJSEP current_tx=ZMMTIJSEP
17:00:17 [INFO] core.sap_client — phase2_ready — txtGV_HU confirmed
17:00:20 [INFO] core.sap_client — hu_phase2_ok hu=C1016431204 duration_ms=8481 phase2_wait=1.5
17:00:20 [WARNING] core.sap_client — phase1_wrong_screen hu=C1016431205 — re-navigating
17:00:20 [INFO] core.sap_client — setup_phase1_start
17:00:26 [INFO] core.sap_client — tx_opened code=/nZMOVEINBHU current_tx=ZMOVEINBHU
17:00:26 [INFO] core.sap_client — phase1_ready — ctxtP_HU confirmed
17:00:30 [INFO] core.sap_client — hu_phase1_ok hu=C1016431205 msg='Packaging data was saved. Material document 7578229132 was created'
17:00:30 [WARNING] core.sap_client — phase2_wrong_screen hu=C1016431205 — re-navigating
17:00:30 [INFO] core.sap_client — setup_phase2_start
17:00:37 [INFO] core.sap_client — tx_opened code=/nZMMTIJSEP current_tx=ZMMTIJSEP
17:00:37 [INFO] core.sap_client — phase2_ready — txtGV_HU confirmed
17:00:39 [INFO] core.sap_client — hu_phase2_ok hu=C1016431205 duration_ms=8591 phase2_wait=1.5
17:00:39 [WARNING] core.sap_client — phase1_wrong_screen hu=C1016347475 — re-navigating
17:00:39 [INFO] core.sap_client — setup_phase1_start
17:00:45 [INFO] core.sap_client — tx_opened code=/nZMOVEINBHU current_tx=ZMOVEINBHU
17:00:45 [INFO] core.sap_client — phase1_ready — ctxtP_HU confirmed
17:00:50 [INFO] core.sap_client — hu_phase1_ok hu=C1016347475 msg='Packaging data was saved. Material document 7578229144 was created'
17:00:50 [WARNING] core.sap_client — phase2_wrong_screen hu=C1016347475 — re-navigating
17:00:50 [INFO] core.sap_client — setup_phase2_start
17:00:56 [INFO] core.sap_client — tx_opened code=/nZMMTIJSEP current_tx=ZMMTIJSEP
17:00:56 [INFO] core.sap_client — phase2_ready — txtGV_HU confirmed
17:00:58 [INFO] core.sap_client — hu_phase2_ok hu=C1016347475 duration_ms=8525 phase2_wait=1.5
17:00:58 [WARNING] core.sap_client — phase1_wrong_screen hu=C1016347473 — re-navigating
17:00:58 [INFO] core.sap_client — setup_phase1_start
17:01:04 [INFO] core.sap_client — tx_opened code=/nZMOVEINBHU current_tx=ZMOVEINBHU
17:01:04 [INFO] core.sap_client — phase1_ready — ctxtP_HU confirmed
17:01:09 [INFO] core.sap_client — hu_phase1_ok hu=C1016347473 msg='Packaging data was saved. Material document 7578229163 was created'
17:01:09 [WARNING] core.sap_client — phase2_wrong_screen hu=C1016347473 — re-navigating
17:01:09 [INFO] core.sap_client — setup_phase2_start
17:01:15 [INFO] core.sap_client — tx_opened code=/nZMMTIJSEP current_tx=ZMMTIJSEP
17:01:15 [INFO] core.sap_client — phase2_ready — txtGV_HU confirmed
17:01:17 [INFO] core.sap_client — hu_phase2_ok hu=C1016347473 duration_ms=8605 phase2_wait=1.5
17:01:17 [WARNING] core.sap_client — phase1_wrong_screen hu=C1016347472 — re-navigating
17:01:17 [INFO] core.sap_client — setup_phase1_start
17:01:24 [INFO] core.sap_client — tx_opened code=/nZMOVEINBHU current_tx=ZMOVEINBHU
17:01:24 [INFO] core.sap_client — phase1_ready — ctxtP_HU confirmed
17:01:28 [INFO] core.sap_client — hu_phase1_ok hu=C1016347472 msg='Packaging data was saved. Material document 7578229184 was created'
17:01:28 [WARNING] core.sap_client — phase2_wrong_screen hu=C1016347472 — re-navigating
17:01:28 [INFO] core.sap_client — setup_phase2_start
17:01:34 [INFO] core.sap_client — tx_opened code=/nZMMTIJSEP current_tx=ZMMTIJSEP
17:01:34 [INFO] core.sap_client — phase2_ready — txtGV_HU confirmed
17:01:37 [INFO] core.sap_client — hu_phase2_ok hu=C1016347472 duration_ms=8507 phase2_wait=1.5
17:01:37 [WARNING] core.sap_client — phase1_wrong_screen hu=C1016347466 — re-navigating
17:01:37 [INFO] core.sap_client — setup_phase1_start
17:01:43 [INFO] core.sap_client — tx_opened code=/nZMOVEINBHU current_tx=ZMOVEINBHU
17:01:43 [INFO] core.sap_client — phase1_ready — ctxtP_HU confirmed
17:01:47 [INFO] core.sap_client — hu_phase1_ok hu=C1016347466 msg='Packaging data was saved. Material document 7578229201 was created'
17:01:47 [WARNING] core.sap_client — phase2_wrong_screen hu=C1016347466 — re-navigating
17:01:47 [INFO] core.sap_client — setup_phase2_start
17:01:54 [INFO] core.sap_client — tx_opened code=/nZMMTIJSEP current_tx=ZMMTIJSEP
17:01:54 [INFO] core.sap_client — phase2_ready — txtGV_HU confirmed
17:01:56 [INFO] core.sap_client — hu_phase2_ok hu=C1016347466 duration_ms=8483 phase2_wait=1.5
17:01:56 [WARNING] core.sap_client — phase1_wrong_screen hu=C1016347474 — re-navigating
17:01:56 [INFO] core.sap_client — setup_phase1_start
17:02:02 [INFO] core.sap_client — tx_opened code=/nZMOVEINBHU current_tx=ZMOVEINBHU
17:02:02 [INFO] core.sap_client — phase1_ready — ctxtP_HU confirmed
17:02:07 [INFO] core.sap_client — hu_phase1_ok hu=C1016347474 msg='Packaging data was saved. Material document 7578229213 was created'
17:02:07 [WARNING] core.sap_client — phase2_wrong_screen hu=C1016347474 — re-navigating
17:02:07 [INFO] core.sap_client — setup_phase2_start
17:02:13 [INFO] core.sap_client — tx_opened code=/nZMMTIJSEP current_tx=ZMMTIJSEP
17:02:13 [INFO] core.sap_client — phase2_ready — txtGV_HU confirmed
17:02:15 [INFO] core.sap_client — hu_phase2_ok hu=C1016347474 duration_ms=8599 phase2_wait=1.5
17:02:15 [WARNING] core.sap_client — phase1_wrong_screen hu=C1016347465 — re-navigating
17:02:15 [INFO] core.sap_client — setup_phase1_start
17:02:21 [INFO] core.sap_client — tx_opened code=/nZMOVEINBHU current_tx=ZMOVEINBHU
17:02:21 [INFO] core.sap_client — phase1_ready — ctxtP_HU confirmed
17:02:26 [INFO] core.sap_client — hu_phase1_ok hu=C1016347465 msg='Packaging data was saved. Material document 7578230136 was created'
17:02:26 [WARNING] core.sap_client — phase2_wrong_screen hu=C1016347465 — re-navigating
17:02:26 [INFO] core.sap_client — setup_phase2_start
17:02:32 [INFO] core.sap_client — tx_opened code=/nZMMTIJSEP current_tx=ZMMTIJSEP
17:02:32 [INFO] core.sap_client — phase2_ready — txtGV_HU confirmed
17:02:34 [INFO] core.sap_client — hu_phase2_ok hu=C1016347465 duration_ms=8587 phase2_wait=1.5
17:02:34 [WARNING] core.sap_client — phase1_wrong_screen hu=C1016431200 — re-navigating
17:02:34 [INFO] core.sap_client — setup_phase1_start
17:02:41 [INFO] core.sap_client — tx_opened code=/nZMOVEINBHU current_tx=ZMOVEINBHU
17:02:41 [INFO] core.sap_client — phase1_ready — ctxtP_HU confirmed
17:02:45 [INFO] core.sap_client — hu_phase1_ok hu=C1016431200 msg='Packaging data was saved. Material document 7578230145 was created'
17:02:45 [WARNING] core.sap_client — phase2_wrong_screen hu=C1016431200 — re-navigating
17:02:45 [INFO] core.sap_client — setup_phase2_start
17:02:52 [INFO] core.sap_client — tx_opened code=/nZMMTIJSEP current_tx=ZMMTIJSEP
17:02:52 [INFO] core.sap_client — phase2_ready — txtGV_HU confirmed
17:02:54 [INFO] core.sap_client — hu_phase2_ok hu=C1016431200 duration_ms=8469 phase2_wait=1.5
17:02:54 [WARNING] core.sap_client — phase1_wrong_screen hu=C1016431195 — re-navigating
17:02:54 [INFO] core.sap_client — setup_phase1_start
17:03:00 [INFO] core.sap_client — tx_opened code=/nZMOVEINBHU current_tx=ZMOVEINBHU
17:03:00 [INFO] core.sap_client — phase1_ready — ctxtP_HU confirmed
17:03:05 [INFO] core.sap_client — hu_phase1_ok hu=C1016431195 msg='Packaging data was saved. Material document 7578230157 was created'
17:03:05 [WARNING] core.sap_client — phase2_wrong_screen hu=C1016431195 — re-navigating
17:03:05 [INFO] core.sap_client — setup_phase2_start
17:03:11 [INFO] core.sap_client — tx_opened code=/nZMMTIJSEP current_tx=ZMMTIJSEP
17:03:11 [INFO] core.sap_client — phase2_ready — txtGV_HU confirmed
17:03:13 [INFO] core.sap_client — hu_phase2_ok hu=C1016431195 duration_ms=8510 phase2_wait=1.5
17:03:13 [WARNING] core.sap_client — phase1_wrong_screen hu=C1016431210 — re-navigating
17:03:13 [INFO] core.sap_client — setup_phase1_start
17:03:19 [INFO] core.sap_client — tx_opened code=/nZMOVEINBHU current_tx=ZMOVEINBHU
17:03:19 [INFO] core.sap_client — phase1_ready — ctxtP_HU confirmed
17:03:24 [INFO] core.sap_client — hu_phase1_ok hu=C1016431210 msg='Packaging data was saved. Material document 7578230177 was created'
17:03:24 [WARNING] core.sap_client — phase2_wrong_screen hu=C1016431210 — re-navigating
17:03:24 [INFO] core.sap_client — setup_phase2_start
17:03:30 [INFO] core.sap_client — tx_opened code=/nZMMTIJSEP current_tx=ZMMTIJSEP
17:03:30 [INFO] core.sap_client — phase2_ready — txtGV_HU confirmed
17:03:32 [INFO] core.sap_client — hu_phase2_ok hu=C1016431210 duration_ms=8552 phase2_wait=1.5
17:03:32 [WARNING] core.sap_client — phase1_wrong_screen hu=C1016347471 — re-navigating
17:03:32 [INFO] core.sap_client — setup_phase1_start
17:03:39 [INFO] core.sap_client — tx_opened code=/nZMOVEINBHU current_tx=ZMOVEINBHU
17:03:39 [INFO] core.sap_client — phase1_ready — ctxtP_HU confirmed
17:03:43 [INFO] core.sap_client — hu_phase1_ok hu=C1016347471 msg='Packaging data was saved. Material document 7578230193 was created'
17:03:43 [WARNING] core.sap_client — phase2_wrong_screen hu=C1016347471 — re-navigating
17:03:43 [INFO] core.sap_client — setup_phase2_start
17:03:49 [INFO] core.sap_client — tx_opened code=/nZMMTIJSEP current_tx=ZMMTIJSEP
17:03:49 [INFO] core.sap_client — phase2_ready — txtGV_HU confirmed
17:03:52 [INFO] core.sap_client — hu_phase2_ok hu=C1016347471 duration_ms=8557 phase2_wait=1.5
17:03:52 [WARNING] core.sap_client — phase1_wrong_screen hu=C1016431197 — re-navigating
17:03:52 [INFO] core.sap_client — setup_phase1_start
17:03:58 [INFO] core.sap_client — tx_opened code=/nZMOVEINBHU current_tx=ZMOVEINBHU
17:03:58 [INFO] core.sap_client — phase1_ready — ctxtP_HU confirmed
17:04:03 [INFO] core.sap_client — hu_phase1_ok hu=C1016431197 msg='Packaging data was saved. Material document 7578230209 was created'
17:04:03 [WARNING] core.sap_client — phase2_wrong_screen hu=C1016431197 — re-navigating
17:04:03 [INFO] core.sap_client — setup_phase2_start
17:04:09 [INFO] core.sap_client — tx_opened code=/nZMMTIJSEP current_tx=ZMMTIJSEP
17:04:09 [INFO] core.sap_client — phase2_ready — txtGV_HU confirmed
17:04:11 [INFO] core.sap_client — hu_phase2_ok hu=C1016431197 duration_ms=8509 phase2_wait=1.5
17:04:11 [WARNING] core.sap_client — phase1_wrong_screen hu=C1016431201 — re-navigating
17:04:11 [INFO] core.sap_client — setup_phase1_start
17:04:17 [INFO] core.sap_client — tx_opened code=/nZMOVEINBHU current_tx=ZMOVEINBHU
17:04:17 [INFO] core.sap_client — phase1_ready — ctxtP_HU confirmed
17:04:22 [INFO] core.sap_client — hu_phase1_ok hu=C1016431201 msg='Packaging data was saved. Material document 7578230219 was created'
17:04:22 [WARNING] core.sap_client — phase2_wrong_screen hu=C1016431201 — re-navigating
17:04:22 [INFO] core.sap_client — setup_phase2_start
17:04:28 [INFO] core.sap_client — tx_opened code=/nZMMTIJSEP current_tx=ZMMTIJSEP
17:04:28 [INFO] core.sap_client — phase2_ready — txtGV_HU confirmed
17:04:30 [INFO] core.sap_client — hu_phase2_ok hu=C1016431201 duration_ms=8599 phase2_wait=1.5
17:04:30 [WARNING] core.sap_client — phase1_wrong_screen hu=C1016431196 — re-navigating
17:04:30 [INFO] core.sap_client — setup_phase1_start
17:04:37 [INFO] core.sap_client — tx_opened code=/nZMOVEINBHU current_tx=ZMOVEINBHU
17:04:37 [INFO] core.sap_client — phase1_ready — ctxtP_HU confirmed
17:04:40 [WARNING] core.sap_client — hu_phase1_not_found hu=C1016431196 popup_title='Information' popup_text='The inserted HU does not exist'
17:04:40 [WARNING] core.queue_model — hu_skipped_f2 hu=C1016431196 reason=HU no existe en SAP: 'The inserted HU does not exist'
17:04:45 [INFO] core.sap_client — hu_phase1_ok hu=C1016431199 msg='Packaging data was saved. Material document 7578230227 was created'
17:04:45 [WARNING] core.sap_client — phase2_wrong_screen hu=C1016431199 — re-navigating
17:04:45 [INFO] core.sap_client — setup_phase2_start
17:04:51 [INFO] core.sap_client — tx_opened code=/nZMMTIJSEP current_tx=ZMMTIJSEP
17:04:51 [INFO] core.sap_client — phase2_ready — txtGV_HU confirmed
17:04:53 [INFO] core.sap_client — hu_phase2_ok hu=C1016431199 duration_ms=8589 phase2_wait=1.5
17:04:53 [WARNING] core.sap_client — phase1_wrong_screen hu=C1016347464 — re-navigating
17:04:53 [INFO] core.sap_client — setup_phase1_start
17:04:59 [INFO] core.sap_client — tx_opened code=/nZMOVEINBHU current_tx=ZMOVEINBHU
17:05:00 [INFO] core.sap_client — phase1_ready — ctxtP_HU confirmed
17:05:05 [INFO] core.sap_client — hu_phase1_ok hu=C1016347464 msg='Packaging data was saved. Material document 7578231134 was created'
17:05:05 [WARNING] core.sap_client — phase2_wrong_screen hu=C1016347464 — re-navigating
17:05:05 [INFO] core.sap_client — setup_phase2_start
17:05:12 [INFO] core.sap_client — tx_opened code=/nZMMTIJSEP current_tx=ZMMTIJSEP
17:05:12 [INFO] core.sap_client — phase2_ready — txtGV_HU confirmed
17:05:14 [INFO] core.sap_client — hu_phase2_ok hu=C1016347464 duration_ms=8796 phase2_wait=1.5
17:05:14 [WARNING] core.sap_client — phase1_wrong_screen hu=C1016431192 — re-navigating
17:05:14 [INFO] core.sap_client — setup_phase1_start
17:05:20 [INFO] core.sap_client — tx_opened code=/nZMOVEINBHU current_tx=ZMOVEINBHU
17:05:20 [INFO] core.sap_client — phase1_ready — ctxtP_HU confirmed
17:05:24 [WARNING] core.sap_client — hu_phase1_not_found hu=C1016431192 popup_title='Information' popup_text='The inserted HU does not exist'
17:05:24 [WARNING] core.queue_model — hu_skipped_f2 hu=C1016431192 reason=HU no existe en SAP: 'The inserted HU does not exist'
17:05:27 [WARNING] core.sap_client — hu_phase1_not_found hu=C1016431193 popup_title='Information' popup_text='The inserted HU does not exist'
17:05:27 [WARNING] core.queue_model — hu_skipped_f2 hu=C1016431193 reason=HU no existe en SAP: 'The inserted HU does not exist'
17:05:32 [INFO] core.sap_client — hu_phase1_ok hu=C1016347476 msg='Packaging data was saved. Material document 7578231156 was created'
17:05:32 [WARNING] core.sap_client — phase2_wrong_screen hu=C1016347476 — re-navigating
17:05:32 [INFO] core.sap_client — setup_phase2_start
17:05:38 [INFO] core.sap_client — tx_opened code=/nZMMTIJSEP current_tx=ZMMTIJSEP
17:05:38 [INFO] core.sap_client — phase2_ready — txtGV_HU confirmed
17:05:40 [INFO] core.sap_client — hu_phase2_ok hu=C1016347476 duration_ms=8720 phase2_wait=1.5
17:05:40 [WARNING] core.sap_client — phase1_wrong_screen hu=C1016347470 — re-navigating
17:05:40 [INFO] core.sap_client — setup_phase1_start
17:05:47 [INFO] core.sap_client — tx_opened code=/nZMOVEINBHU current_tx=ZMOVEINBHU
17:05:47 [INFO] core.sap_client — phase1_ready — ctxtP_HU confirmed
17:05:52 [INFO] core.sap_client — hu_phase1_ok hu=C1016347470 msg='Packaging data was saved. Material document 7578231177 was created'
17:05:52 [WARNING] core.sap_client — phase2_wrong_screen hu=C1016347470 — re-navigating
17:05:52 [INFO] core.sap_client — setup_phase2_start
17:05:58 [INFO] core.sap_client — tx_opened code=/nZMMTIJSEP current_tx=ZMMTIJSEP
17:05:58 [INFO] core.sap_client — phase2_ready — txtGV_HU confirmed
17:06:00 [INFO] core.sap_client — hu_phase2_ok hu=C1016347470 duration_ms=8719 phase2_wait=1.5
17:06:00 [WARNING] core.sap_client — phase1_wrong_screen hu=C1016347480 — re-navigating
17:06:00 [INFO] core.sap_client — setup_phase1_start
17:06:07 [INFO] core.sap_client — tx_opened code=/nZMOVEINBHU current_tx=ZMOVEINBHU
17:06:07 [INFO] core.sap_client — phase1_ready — ctxtP_HU confirmed
17:06:11 [INFO] core.sap_client — hu_phase1_ok hu=C1016347480 msg='Packaging data was saved. Material document 7578231192 was created'
17:06:11 [WARNING] core.sap_client — phase2_wrong_screen hu=C1016347480 — re-navigating
17:06:11 [INFO] core.sap_client — setup_phase2_start
17:06:17 [INFO] core.sap_client — tx_opened code=/nZMMTIJSEP current_tx=ZMMTIJSEP
17:06:17 [INFO] core.sap_client — phase2_ready — txtGV_HU confirmed
17:06:20 [INFO] core.sap_client — hu_phase2_ok hu=C1016347480 duration_ms=8631 phase2_wait=1.5
17:06:20 [WARNING] core.sap_client — phase1_wrong_screen hu=C1016347479 — re-navigating
17:06:20 [INFO] core.sap_client — setup_phase1_start
17:06:26 [INFO] core.sap_client — tx_opened code=/nZMOVEINBHU current_tx=ZMOVEINBHU
17:06:26 [INFO] core.sap_client — phase1_ready — ctxtP_HU confirmed
17:06:30 [INFO] core.sap_client — hu_phase1_ok hu=C1016347479 msg='Packaging data was saved. Material document 7578231210 was created'
17:06:30 [WARNING] core.sap_client — phase2_wrong_screen hu=C1016347479 — re-navigating
17:06:30 [INFO] core.sap_client — setup_phase2_start
17:06:36 [INFO] core.sap_client — tx_opened code=/nZMMTIJSEP current_tx=ZMMTIJSEP
17:06:36 [INFO] core.sap_client — phase2_ready — txtGV_HU confirmed
17:06:39 [INFO] core.sap_client — hu_phase2_ok hu=C1016347479 duration_ms=8561 phase2_wait=1.5
17:06:39 [WARNING] core.sap_client — phase1_wrong_screen hu=C1016347478 — re-navigating
17:06:39 [INFO] core.sap_client — setup_phase1_start
17:06:45 [INFO] core.sap_client — tx_opened code=/nZMOVEINBHU current_tx=ZMOVEINBHU
17:06:45 [INFO] core.sap_client — phase1_ready — ctxtP_HU confirmed
17:06:50 [INFO] core.sap_client — hu_phase1_ok hu=C1016347478 msg='Packaging data was saved. Material document 7578231215 was created'
17:06:50 [WARNING] core.sap_client — phase2_wrong_screen hu=C1016347478 — re-navigating
17:06:50 [INFO] core.sap_client — setup_phase2_start
17:06:56 [INFO] core.sap_client — tx_opened code=/nZMMTIJSEP current_tx=ZMMTIJSEP
17:06:56 [INFO] core.sap_client — phase2_ready — txtGV_HU confirmed
17:06:58 [INFO] core.sap_client — hu_phase2_ok hu=C1016347478 duration_ms=8578 phase2_wait=1.5
17:06:58 [INFO] core.queue_model — pallet_boundary multi_hu pallet=5 count=26 hu_codes=['C1016431198', 'C1016431202', 'C1016431204', 'C1016431205', 'C1016347475', 'C1016347473', 'C1016347472', 'C1016347466', 'C1016347474', 'C1016347465', 'C1016431200', 'C1016431195', 'C1016431210', 'C1016347471', 'C1016431197', 'C1016431201', 'C1016431196', 'C1016431199', 'C1016347464', 'C1016431192', 'C1016431193', 'C1016347476', 'C1016347470', 'C1016347480', 'C1016347479', 'C1016347478']
17:07:04 [INFO] core.sap_client — tx_opened code=/nSP01 current_tx=SP01
17:07:08 [INFO] core.sap_client — sp01_scan start scroll_max=224
17:07:09 [INFO] core.sap_client — sp01_scan_done pending=23 completed=0 hu_filter=['C1016431198', 'C1016431202', 'C1016431204', 'C1016431205', 'C1016347475', 'C1016347473', 'C1016347472', 'C1016347466', 'C1016347474', 'C1016347465', 'C1016431200', 'C1016431195', 'C1016431210', 'C1016347471', 'C1016431197', 'C1016431201', 'C1016431199', 'C1016347464', 'C1016347476', 'C1016347470', 'C1016347480', 'C1016347479', 'C1016347478']
17:07:09 [INFO] core.sap_client — sp01_attempt=0 pending=23 completed=0 expected=23
17:07:09 [INFO] core.sap_client — sp01_marked scroll=0 row=4 title=CN-CON-003_C1016347478_20260411000656
17:07:10 [INFO] core.sap_client — sp01_marked scroll=0 row=6 title=CN-CON-003_C1016347479_20260411000637
17:07:10 [INFO] core.sap_client — sp01_marked scroll=0 row=8 title=CN-CON-003_C1016347480_20260411000618
17:07:10 [INFO] core.sap_client — sp01_marked scroll=0 row=10 title=CN-CON-003_C1016347470_20260411000559
17:07:11 [INFO] core.sap_client — sp01_marked scroll=0 row=12 title=CN-CON-003_C1016347476_20260411000539
17:07:11 [INFO] core.sap_client — sp01_marked scroll=0 row=14 title=CN-CON-003_C1016347464_20260411000512
17:07:12 [INFO] core.sap_client — sp01_marked scroll=0 row=16 title=CN-CON-003_C1016431199_20260411000451
17:07:12 [INFO] core.sap_client — sp01_marked scroll=0 row=18 title=CN-CON-003_C1016431201_20260411000429
17:07:13 [INFO] core.sap_client — sp01_marked scroll=0 row=20 title=CN-CON-003_C1016431197_20260411000409
17:07:13 [INFO] core.sap_client — sp01_marked scroll=0 row=22 title=CN-CON-003_C1016347471_20260411000350
17:07:13 [INFO] core.sap_client — sp01_marked scroll=0 row=24 title=CN-CON-003_C1016431210_20260411000331
17:07:14 [INFO] core.sap_client — sp01_marked scroll=0 row=26 title=CN-CON-003_C1016431195_20260411000311
17:07:14 [INFO] core.sap_client — sp01_marked scroll=0 row=28 title=CN-CON-003_C1016431200_20260411000252
17:07:15 [INFO] core.sap_client — sp01_marked scroll=0 row=30 title=CN-CON-003_C1016347465_20260411000233
17:07:15 [INFO] core.sap_client — sp01_marked scroll=0 row=32 title=CN-CON-003_C1016347474_20260411000213
17:07:16 [INFO] core.sap_client — sp01_marked scroll=0 row=34 title=CN-CON-003_C1016347466_20260411000154
17:07:16 [INFO] core.sap_client — sp01_marked scroll=0 row=36 title=CN-CON-003_C1016347472_20260411000135
17:07:16 [INFO] core.sap_client — sp01_marked scroll=0 row=38 title=CN-CON-003_C1016347473_20260411000116
17:07:17 [INFO] core.sap_client — sp01_marked scroll=0 row=40 title=CN-CON-003_C1016347475_20260411000056
17:07:17 [INFO] core.sap_client — sp01_marked scroll=0 row=42 title=CN-CON-003_C1016431205_20260411000037
17:07:18 [INFO] core.sap_client — sp01_marked scroll=0 row=44 title=CN-CON-003_C1016431204_20260411000018
17:07:18 [INFO] core.sap_client — sp01_marked scroll=0 row=46 title=CN-CON-003_C1016431202_20260410235959
17:07:19 [INFO] core.sap_client — sp01_marked scroll=0 row=48 title=CN-CON-003_C1016431198_20260410235940
17:07:19 [INFO] core.sap_client — sp01_mark_done total_marked=23
17:07:21 [INFO] core.print_watcher — print_watcher_started idle_timeout=12.0s expected=23
17:07:21 [INFO] core.sap_client — sp01_print_confirmed via=btn[25] marked=23
17:07:22 [INFO] core.sap_client — sp01_pallet_done result={'status': 'ok', 'message': 'SP01 OK — 23 spool(s) impreso(s)', 'marked': 23} hu_codes=['C1016431198', 'C1016431202', 'C1016431204', 'C1016431205', 'C1016347475', 'C1016347473', 'C1016347472', 'C1016347466', 'C1016347474', 'C1016347465', 'C1016431200', 'C1016431195', 'C1016431210', 'C1016347471', 'C1016431197', 'C1016431201', 'C1016431199', 'C1016347464', 'C1016347476', 'C1016347470', 'C1016347480', 'C1016347479', 'C1016347478']
17:07:22 [INFO] core.queue_model — waiting_for_print_watcher...
17:07:23 [INFO] core.print_watcher — method1_BM_CLICK ok_hwnd=3806192
17:07:23 [INFO] core.print_watcher — confirm_success method=BM_CLICK hwnd=11473418
17:07:23 [INFO] core.print_watcher — print_dialog_confirmed count=1
17:07:24 [INFO] core.print_watcher — method1_BM_CLICK ok_hwnd=9835098
17:07:24 [INFO] core.print_watcher — confirm_success method=BM_CLICK hwnd=18353440
17:07:24 [INFO] core.print_watcher — print_dialog_confirmed count=2
17:07:26 [INFO] core.print_watcher — method1_BM_CLICK ok_hwnd=2823744
17:07:26 [INFO] core.print_watcher — confirm_success method=BM_CLICK hwnd=6358232
17:07:26 [INFO] core.print_watcher — print_dialog_confirmed count=3
17:07:27 [INFO] core.print_watcher — method1_BM_CLICK ok_hwnd=6165590
17:07:28 [INFO] core.print_watcher — confirm_success method=BM_CLICK hwnd=10359794
17:07:28 [INFO] core.print_watcher — print_dialog_confirmed count=4
17:07:32 [INFO] core.print_watcher — method1_BM_CLICK ok_hwnd=9572618
17:07:32 [INFO] core.print_watcher — confirm_success method=BM_CLICK hwnd=15733402
17:07:32 [INFO] core.print_watcher — print_dialog_confirmed count=5
17:07:36 [INFO] core.print_watcher — method1_BM_CLICK ok_hwnd=10555308
17:07:36 [INFO] core.print_watcher — confirm_success method=BM_CLICK hwnd=3020352
17:07:36 [INFO] core.print_watcher — print_dialog_confirmed count=6
17:07:39 [INFO] core.print_watcher — method1_BM_CLICK ok_hwnd=18877728
17:07:39 [INFO] core.print_watcher — confirm_success method=BM_CLICK hwnd=6751448
17:07:39 [INFO] core.print_watcher — print_dialog_confirmed count=7
17:07:41 [INFO] core.print_watcher — method1_BM_CLICK ok_hwnd=6427734
17:07:42 [INFO] core.print_watcher — confirm_success method=BM_CLICK hwnd=14553968
17:07:42 [INFO] core.print_watcher — print_dialog_confirmed count=8
17:07:44 [INFO] core.print_watcher — method1_BM_CLICK ok_hwnd=6296544
17:07:45 [INFO] core.print_watcher — confirm_success method=BM_CLICK hwnd=7670556
17:07:45 [INFO] core.print_watcher — print_dialog_confirmed count=9
17:07:47 [INFO] core.print_watcher — method1_BM_CLICK ok_hwnd=53677512
17:07:47 [INFO] core.print_watcher — confirm_success method=BM_CLICK hwnd=10884082
17:07:47 [INFO] core.print_watcher — print_dialog_confirmed count=10
17:07:50 [INFO] core.print_watcher — method1_BM_CLICK ok_hwnd=10162442
17:07:50 [INFO] core.print_watcher — confirm_success method=BM_CLICK hwnd=9834322
17:07:50 [INFO] core.print_watcher — print_dialog_confirmed count=11
17:07:53 [INFO] core.print_watcher — method1_BM_CLICK ok_hwnd=8915368
17:07:53 [INFO] core.print_watcher — confirm_success method=BM_CLICK hwnd=6493152
17:07:53 [INFO] core.print_watcher — print_dialog_confirmed count=12
17:07:56 [INFO] core.print_watcher — method1_BM_CLICK ok_hwnd=4592020
17:07:56 [INFO] core.print_watcher — confirm_success method=BM_CLICK hwnd=4002490
17:07:56 [INFO] core.print_watcher — print_dialog_confirmed count=13
17:07:58 [INFO] core.print_watcher — method1_BM_CLICK ok_hwnd=11731134
17:07:58 [INFO] core.print_watcher — confirm_success method=BM_CLICK hwnd=6821062
17:07:58 [INFO] core.print_watcher — print_dialog_confirmed count=14
17:08:01 [INFO] core.print_watcher — method1_BM_CLICK ok_hwnd=4723092
17:08:01 [INFO] core.print_watcher — confirm_success method=BM_CLICK hwnd=3872320
17:08:01 [INFO] core.print_watcher — print_dialog_confirmed count=15
17:08:04 [INFO] core.print_watcher — method1_BM_CLICK ok_hwnd=10554074
17:08:04 [INFO] core.print_watcher — confirm_success method=BM_CLICK hwnd=6422832
17:08:04 [INFO] core.print_watcher — print_dialog_confirmed count=16
17:08:06 [INFO] core.print_watcher — method1_BM_CLICK ok_hwnd=8983834
17:08:06 [INFO] core.print_watcher — confirm_success method=BM_CLICK hwnd=7406808
17:08:06 [INFO] core.print_watcher — print_dialog_confirmed count=17
17:08:09 [INFO] core.print_watcher — method1_BM_CLICK ok_hwnd=21827716
17:08:09 [INFO] core.print_watcher — confirm_success method=BM_CLICK hwnd=11408370
17:08:09 [INFO] core.print_watcher — print_dialog_confirmed count=18
17:08:11 [INFO] core.print_watcher — method1_BM_CLICK ok_hwnd=15339374
17:08:11 [INFO] core.print_watcher — confirm_success method=BM_CLICK hwnd=13307944
17:08:11 [INFO] core.print_watcher — print_dialog_confirmed count=19
17:08:13 [INFO] core.print_watcher — method1_BM_CLICK ok_hwnd=6554988
17:08:13 [INFO] core.print_watcher — confirm_success method=BM_CLICK hwnd=8982774
17:08:13 [INFO] core.print_watcher — print_dialog_confirmed count=20
17:08:16 [INFO] core.print_watcher — method1_BM_CLICK ok_hwnd=7345238
17:08:16 [INFO] core.print_watcher — confirm_success method=BM_CLICK hwnd=6756032
17:08:16 [INFO] core.print_watcher — print_dialog_confirmed count=21
17:08:18 [INFO] core.print_watcher — method1_BM_CLICK ok_hwnd=11800492
17:08:18 [INFO] core.print_watcher — confirm_success method=BM_CLICK hwnd=54398408
17:08:18 [INFO] core.print_watcher — print_dialog_confirmed count=22
17:08:20 [INFO] core.print_watcher — method1_BM_CLICK ok_hwnd=7476310
17:08:20 [INFO] core.print_watcher — confirm_success method=BM_CLICK hwnd=9636264
17:08:20 [INFO] core.print_watcher — print_dialog_confirmed count=23
17:08:20 [INFO] core.print_watcher — print_watcher_all_confirmed expected=23 confirmed=23
17:08:20 [INFO] core.print_watcher — print_watcher_stopped confirmed=23
17:08:21 [INFO] core.queue_model — print_watcher_finished confirmed=23
17:08:21 [INFO] core.queue_model — sp01_pallet_result={'status': 'ok', 'message': 'SP01 OK — 23 spool(s) impreso(s)', 'marked': 23} print_dialogs_confirmed=23
17:08:33 [INFO] core.queue_model — queue_worker_resumed_by_ui
17:08:33 [INFO] core.queue_model — queue_worker_resumed_processing
17:08:33 [INFO] core.sap_client — setup_phase1_start
17:08:40 [INFO] core.sap_client — tx_opened code=/nZMOVEINBHU current_tx=ZMOVEINBHU
17:08:40 [INFO] core.sap_client — phase1_ready — ctxtP_HU confirmed
17:08:44 [INFO] core.sap_client — hu_phase1_ok hu=C1016451883 msg='Packaging data was saved. Material document 7578232668 was created'
17:08:44 [INFO] core.sap_client — setup_phase2_start
17:08:50 [INFO] core.sap_client — tx_opened code=/nZMMTIJSEP current_tx=ZMMTIJSEP
17:08:50 [INFO] core.sap_client — phase2_ready — txtGV_HU confirmed
17:08:52 [INFO] core.sap_client — hu_phase2_ok hu=C1016451883 duration_ms=2248 phase2_wait=1.5
17:08:52 [INFO] core.sap_client — setup_phase1_start
17:08:59 [INFO] core.sap_client — tx_opened code=/nZMOVEINBHU current_tx=ZMOVEINBHU
17:08:59 [INFO] core.sap_client — phase1_ready — ctxtP_HU confirmed
17:09:03 [INFO] core.sap_client — hu_phase1_ok hu=C1016451881 msg='Packaging data was saved. Material document 7578232691 was created'
17:09:03 [WARNING] core.sap_client — phase2_wrong_screen hu=C1016451881 — re-navigating
17:09:03 [INFO] core.sap_client — setup_phase2_start
17:09:09 [INFO] core.sap_client — tx_opened code=/nZMMTIJSEP current_tx=ZMMTIJSEP
17:09:09 [INFO] core.sap_client — phase2_ready — txtGV_HU confirmed
17:09:12 [INFO] core.sap_client — hu_phase2_ok hu=C1016451881 duration_ms=8591 phase2_wait=1.5
17:09:12 [WARNING] core.sap_client — phase1_wrong_screen hu=C1016451882 — re-navigating
17:09:12 [INFO] core.sap_client — setup_phase1_start
17:09:18 [INFO] core.sap_client — tx_opened code=/nZMOVEINBHU current_tx=ZMOVEINBHU
17:09:18 [INFO] core.sap_client — phase1_ready — ctxtP_HU confirmed
17:09:23 [INFO] core.sap_client — hu_phase1_ok hu=C1016451882 msg='Packaging data was saved. Material document 7578232720 was created'
17:09:23 [WARNING] core.sap_client — phase2_wrong_screen hu=C1016451882 — re-navigating
17:09:23 [INFO] core.sap_client — setup_phase2_start
17:09:29 [INFO] core.sap_client — tx_opened code=/nZMMTIJSEP current_tx=ZMMTIJSEP
17:09:29 [INFO] core.sap_client — phase2_ready — txtGV_HU confirmed
17:09:31 [INFO] core.sap_client — hu_phase2_ok hu=C1016451882 duration_ms=8604 phase2_wait=1.5
17:09:31 [WARNING] core.sap_client — phase1_wrong_screen hu=C1016451884 — re-navigating
17:09:31 [INFO] core.sap_client — setup_phase1_start
17:09:37 [INFO] core.sap_client — tx_opened code=/nZMOVEINBHU current_tx=ZMOVEINBHU
17:09:37 [INFO] core.sap_client — phase1_ready — ctxtP_HU confirmed
17:09:42 [INFO] core.sap_client — hu_phase1_ok hu=C1016451884 msg='Packaging data was saved. Material document 7578233059 was created'
17:09:42 [WARNING] core.sap_client — phase2_wrong_screen hu=C1016451884 — re-navigating
17:09:42 [INFO] core.sap_client — setup_phase2_start
17:09:48 [INFO] core.sap_client — tx_opened code=/nZMMTIJSEP current_tx=ZMMTIJSEP
17:09:48 [INFO] core.sap_client — phase2_ready — txtGV_HU confirmed
17:09:50 [INFO] core.sap_client — hu_phase2_ok hu=C1016451884 duration_ms=8476 phase2_wait=1.5
17:09:50 [WARNING] core.sap_client — phase1_wrong_screen hu=C1016451886 — re-navigating
17:09:50 [INFO] core.sap_client — setup_phase1_start
17:09:56 [INFO] core.sap_client — tx_opened code=/nZMOVEINBHU current_tx=ZMOVEINBHU
17:09:57 [INFO] core.sap_client — phase1_ready — ctxtP_HU confirmed
17:10:01 [INFO] core.sap_client — hu_phase1_ok hu=C1016451886 msg='Packaging data was saved. Material document 7578233087 was created'
17:10:01 [WARNING] core.sap_client — phase2_wrong_screen hu=C1016451886 — re-navigating
17:10:01 [INFO] core.sap_client — setup_phase2_start
17:10:07 [INFO] core.sap_client — tx_opened code=/nZMMTIJSEP current_tx=ZMMTIJSEP
17:10:07 [INFO] core.sap_client — phase2_ready — txtGV_HU confirmed
17:10:09 [INFO] core.sap_client — hu_phase2_ok hu=C1016451886 duration_ms=8528 phase2_wait=1.5
17:10:09 [WARNING] core.sap_client — phase1_wrong_screen hu=C1016451887 — re-navigating
17:10:09 [INFO] core.sap_client — setup_phase1_start
17:10:16 [INFO] core.sap_client — tx_opened code=/nZMOVEINBHU current_tx=ZMOVEINBHU
17:10:16 [INFO] core.sap_client — phase1_ready — ctxtP_HU confirmed
17:10:20 [INFO] core.sap_client — hu_phase1_ok hu=C1016451887 msg='Packaging data was saved. Material document 7578233120 was created'
17:10:20 [WARNING] core.sap_client — phase2_wrong_screen hu=C1016451887 — re-navigating
17:10:20 [INFO] core.sap_client — setup_phase2_start
17:10:26 [INFO] core.sap_client — tx_opened code=/nZMMTIJSEP current_tx=ZMMTIJSEP
17:10:26 [INFO] core.sap_client — phase2_ready — txtGV_HU confirmed
17:10:28 [INFO] core.sap_client — hu_phase2_ok hu=C1016451887 duration_ms=8417 phase2_wait=1.5
17:10:28 [WARNING] core.sap_client — phase1_wrong_screen hu=C1016451885 — re-navigating
17:10:28 [INFO] core.sap_client — setup_phase1_start
17:10:35 [INFO] core.sap_client — tx_opened code=/nZMOVEINBHU current_tx=ZMOVEINBHU
17:10:35 [INFO] core.sap_client — phase1_ready — ctxtP_HU confirmed
17:10:39 [INFO] core.sap_client — hu_phase1_ok hu=C1016451885 msg='Packaging data was saved. Material document 7578233644 was created'
17:10:39 [WARNING] core.sap_client — phase2_wrong_screen hu=C1016451885 — re-navigating
17:10:39 [INFO] core.sap_client — setup_phase2_start
17:10:45 [INFO] core.sap_client — tx_opened code=/nZMMTIJSEP current_tx=ZMMTIJSEP
17:10:45 [INFO] core.sap_client — phase2_ready — txtGV_HU confirmed
17:10:47 [INFO] core.sap_client — hu_phase2_ok hu=C1016451885 duration_ms=8452 phase2_wait=1.5
17:10:47 [INFO] core.queue_model — pallet_boundary multi_hu pallet=6 count=7 hu_codes=['C1016451883', 'C1016451881', 'C1016451882', 'C1016451884', 'C1016451886', 'C1016451887', 'C1016451885']
17:10:54 [INFO] core.sap_client — tx_opened code=/nSP01 current_tx=SP01
17:10:57 [INFO] core.sap_client — sp01_scan start scroll_max=238
17:10:58 [INFO] core.sap_client — sp01_scan_done pending=7 completed=0 hu_filter=['C1016451883', 'C1016451881', 'C1016451882', 'C1016451884', 'C1016451886', 'C1016451887', 'C1016451885']
17:10:58 [INFO] core.sap_client — sp01_attempt=0 pending=7 completed=0 expected=7
17:10:59 [INFO] core.sap_client — sp01_marked scroll=0 row=4 title=CN-CON-003_C1016451885_20260411001046
17:10:59 [INFO] core.sap_client — sp01_marked scroll=0 row=6 title=CN-CON-003_C1016451887_20260411001027
17:10:59 [INFO] core.sap_client — sp01_marked scroll=0 row=8 title=CN-CON-003_C1016451886_20260411001008
17:11:00 [INFO] core.sap_client — sp01_marked scroll=0 row=10 title=CN-CON-003_C1016451884_20260411000949
17:11:00 [INFO] core.sap_client — sp01_marked scroll=0 row=12 title=CN-CON-003_C1016451882_20260411000929
17:11:01 [INFO] core.sap_client — sp01_marked scroll=0 row=14 title=CN-CON-003_C1016451881_20260411000910
17:11:01 [INFO] core.sap_client — sp01_marked scroll=0 row=16 title=CN-CON-003_C1016451883_20260411000851
17:11:01 [INFO] core.sap_client — sp01_mark_done total_marked=7
17:11:03 [INFO] core.print_watcher — print_watcher_started idle_timeout=12.0s expected=7
17:11:03 [INFO] core.sap_client — sp01_print_confirmed via=btn[25] marked=7
17:11:04 [INFO] core.sap_client — sp01_pallet_done result={'status': 'ok', 'message': 'SP01 OK — 7 spool(s) impreso(s)', 'marked': 7} hu_codes=['C1016451883', 'C1016451881', 'C1016451882', 'C1016451884', 'C1016451886', 'C1016451887', 'C1016451885']
17:11:04 [INFO] core.queue_model — waiting_for_print_watcher...
17:11:04 [INFO] core.print_watcher — method1_BM_CLICK ok_hwnd=9703138
17:11:05 [INFO] core.print_watcher — confirm_success method=BM_CLICK hwnd=10816728
17:11:05 [INFO] core.print_watcher — print_dialog_confirmed count=1
17:11:06 [INFO] core.print_watcher — method1_BM_CLICK ok_hwnd=16324014
17:11:06 [INFO] core.print_watcher — confirm_success method=BM_CLICK hwnd=13766156
17:11:06 [INFO] core.print_watcher — print_dialog_confirmed count=2
17:11:08 [INFO] core.print_watcher — method1_BM_CLICK ok_hwnd=7078192
17:11:08 [INFO] core.print_watcher — confirm_success method=BM_CLICK hwnd=4855360
17:11:08 [INFO] core.print_watcher — print_dialog_confirmed count=3
17:11:09 [INFO] core.print_watcher — method1_BM_CLICK ok_hwnd=11473576
17:11:09 [INFO] core.print_watcher — confirm_success method=BM_CLICK hwnd=11277490
17:11:09 [INFO] core.print_watcher — print_dialog_confirmed count=4
17:11:10 [INFO] core.print_watcher — method1_BM_CLICK ok_hwnd=9965282
17:11:11 [INFO] core.print_watcher — confirm_success method=BM_CLICK hwnd=8784172
17:11:11 [INFO] core.print_watcher — print_dialog_confirmed count=5
17:11:12 [INFO] core.print_watcher — method1_BM_CLICK ok_hwnd=11604648
17:11:12 [INFO] core.print_watcher — confirm_success method=BM_CLICK hwnd=15535460
17:11:12 [INFO] core.print_watcher — print_dialog_confirmed count=6
17:11:14 [INFO] core.print_watcher — method1_BM_CLICK ok_hwnd=10096354
17:11:14 [INFO] core.print_watcher — confirm_success method=BM_CLICK hwnd=9703154
17:11:14 [INFO] core.print_watcher — print_dialog_confirmed count=7
17:11:14 [INFO] core.print_watcher — print_watcher_all_confirmed expected=7 confirmed=7
17:11:14 [INFO] core.print_watcher — print_watcher_stopped confirmed=7
17:11:14 [INFO] core.queue_model — print_watcher_finished confirmed=7
17:11:14 [INFO] core.queue_model — sp01_pallet_result={'status': 'ok', 'message': 'SP01 OK — 7 spool(s) impreso(s)', 'marked': 7} print_dialogs_confirmed=7
17:12:06 [INFO] core.queue_model — queue_worker_resumed_by_ui
17:12:06 [INFO] core.queue_model — queue_worker_resumed_processing
17:12:06 [INFO] core.sap_client — setup_phase1_start
17:12:12 [INFO] core.sap_client — tx_opened code=/nZMOVEINBHU current_tx=ZMOVEINBHU
17:12:13 [INFO] core.sap_client — phase1_ready — ctxtP_HU confirmed
17:12:17 [INFO] core.sap_client — hu_phase1_ok hu=C1016451891 msg='Packaging data was saved. Material document 7578233712 was created'
17:12:17 [INFO] core.sap_client — setup_phase2_start
17:12:23 [INFO] core.sap_client — tx_opened code=/nZMMTIJSEP current_tx=ZMMTIJSEP
17:12:23 [INFO] core.sap_client — phase2_ready — txtGV_HU confirmed
17:12:26 [INFO] core.sap_client — hu_phase2_ok hu=C1016451891 duration_ms=2293 phase2_wait=1.5
17:12:26 [INFO] core.sap_client — setup_phase1_start
17:12:32 [INFO] core.sap_client — tx_opened code=/nZMOVEINBHU current_tx=ZMOVEINBHU
17:12:32 [INFO] core.sap_client — phase1_ready — ctxtP_HU confirmed
17:12:36 [INFO] core.sap_client — hu_phase1_ok hu=C1016451893 msg='Packaging data was saved. Material document 7578233729 was created'
17:12:36 [WARNING] core.sap_client — phase2_wrong_screen hu=C1016451893 — re-navigating
17:12:36 [INFO] core.sap_client — setup_phase2_start
17:12:42 [INFO] core.sap_client — tx_opened code=/nZMMTIJSEP current_tx=ZMMTIJSEP
17:12:42 [INFO] core.sap_client — phase2_ready — txtGV_HU confirmed
17:12:45 [INFO] core.sap_client — hu_phase2_ok hu=C1016451893 duration_ms=8561 phase2_wait=1.5
17:12:45 [WARNING] core.sap_client — phase1_wrong_screen hu=C1016451895 — re-navigating
17:12:45 [INFO] core.sap_client — setup_phase1_start
17:12:51 [INFO] core.sap_client — tx_opened code=/nZMOVEINBHU current_tx=ZMOVEINBHU
17:12:51 [INFO] core.sap_client — phase1_ready — ctxtP_HU confirmed
17:12:56 [INFO] core.sap_client — hu_phase1_ok hu=C1016451895 msg='Packaging data was saved. Material document 7578234644 was created'
17:12:56 [WARNING] core.sap_client — phase2_wrong_screen hu=C1016451895 — re-navigating
17:12:56 [INFO] core.sap_client — setup_phase2_start
17:13:02 [INFO] core.sap_client — tx_opened code=/nZMMTIJSEP current_tx=ZMMTIJSEP
17:13:02 [INFO] core.sap_client — phase2_ready — txtGV_HU confirmed
17:13:04 [INFO] core.sap_client — hu_phase2_ok hu=C1016451895 duration_ms=8529 phase2_wait=1.5
17:13:04 [WARNING] core.sap_client — phase1_wrong_screen hu=C1016451897 — re-navigating
17:13:04 [INFO] core.sap_client — setup_phase1_start
17:13:10 [INFO] core.sap_client — tx_opened code=/nZMOVEINBHU current_tx=ZMOVEINBHU
17:13:10 [INFO] core.sap_client — phase1_ready — ctxtP_HU confirmed
17:13:15 [INFO] core.sap_client — hu_phase1_ok hu=C1016451897 msg='Packaging data was saved. Material document 7578234655 was created'
17:13:15 [WARNING] core.sap_client — phase2_wrong_screen hu=C1016451897 — re-navigating
17:13:15 [INFO] core.sap_client — setup_phase2_start
17:13:21 [INFO] core.sap_client — tx_opened code=/nZMMTIJSEP current_tx=ZMMTIJSEP
17:13:21 [INFO] core.sap_client — phase2_ready — txtGV_HU confirmed
17:13:23 [INFO] core.sap_client — hu_phase2_ok hu=C1016451897 duration_ms=8425 phase2_wait=1.5
17:13:23 [WARNING] core.sap_client — phase1_wrong_screen hu=C1016451892 — re-navigating
17:13:23 [INFO] core.sap_client — setup_phase1_start
17:13:29 [INFO] core.sap_client — tx_opened code=/nZMOVEINBHU current_tx=ZMOVEINBHU
17:13:29 [INFO] core.sap_client — phase1_ready — ctxtP_HU confirmed
17:13:33 [INFO] core.sap_client — hu_phase1_ok hu=C1016451892 msg='Packaging data was saved. Material document 7578234668 was created'
17:13:33 [WARNING] core.sap_client — phase2_wrong_screen hu=C1016451892 — re-navigating
17:13:33 [INFO] core.sap_client — setup_phase2_start
17:13:40 [INFO] core.sap_client — tx_opened code=/nZMMTIJSEP current_tx=ZMMTIJSEP
17:13:40 [INFO] core.sap_client — phase2_ready — txtGV_HU confirmed
17:13:42 [INFO] core.sap_client — hu_phase2_ok hu=C1016451892 duration_ms=8524 phase2_wait=1.5
17:13:42 [WARNING] core.sap_client — phase1_wrong_screen hu=C1016451896 — re-navigating
17:13:42 [INFO] core.sap_client — setup_phase1_start
17:13:48 [INFO] core.sap_client — tx_opened code=/nZMOVEINBHU current_tx=ZMOVEINBHU
17:13:48 [INFO] core.sap_client — phase1_ready — ctxtP_HU confirmed
17:13:53 [INFO] core.sap_client — hu_phase1_ok hu=C1016451896 msg='Packaging data was saved. Material document 7578234677 was created'
17:13:53 [WARNING] core.sap_client — phase2_wrong_screen hu=C1016451896 — re-navigating
17:13:53 [INFO] core.sap_client — setup_phase2_start
17:13:59 [INFO] core.sap_client — tx_opened code=/nZMMTIJSEP current_tx=ZMMTIJSEP
17:13:59 [INFO] core.sap_client — phase2_ready — txtGV_HU confirmed
17:14:01 [INFO] core.sap_client — hu_phase2_ok hu=C1016451896 duration_ms=8501 phase2_wait=1.5
17:14:01 [WARNING] core.sap_client — phase1_wrong_screen hu=C1016451889 — re-navigating
17:14:01 [INFO] core.sap_client — setup_phase1_start
17:14:07 [INFO] core.sap_client — tx_opened code=/nZMOVEINBHU current_tx=ZMOVEINBHU
17:14:07 [INFO] core.sap_client — phase1_ready — ctxtP_HU confirmed
17:14:12 [INFO] core.sap_client — hu_phase1_ok hu=C1016451889 msg='Packaging data was saved. Material document 7578234702 was created'
17:14:12 [WARNING] core.sap_client — phase2_wrong_screen hu=C1016451889 — re-navigating
17:14:12 [INFO] core.sap_client — setup_phase2_start
17:14:18 [INFO] core.sap_client — tx_opened code=/nZMMTIJSEP current_tx=ZMMTIJSEP
17:14:18 [INFO] core.sap_client — phase2_ready — txtGV_HU confirmed
17:14:20 [INFO] core.sap_client — hu_phase2_ok hu=C1016451889 duration_ms=8475 phase2_wait=1.5
17:14:20 [INFO] core.queue_model — pallet_boundary multi_hu pallet=7 count=7 hu_codes=['C1016451891', 'C1016451893', 'C1016451895', 'C1016451897', 'C1016451892', 'C1016451896', 'C1016451889']
17:14:26 [INFO] core.sap_client — tx_opened code=/nSP01 current_tx=SP01
17:14:30 [INFO] core.sap_client — sp01_scan start scroll_max=252
17:14:31 [INFO] core.sap_client — sp01_scan_done pending=7 completed=0 hu_filter=['C1016451891', 'C1016451893', 'C1016451895', 'C1016451897', 'C1016451892', 'C1016451896', 'C1016451889']
17:14:31 [INFO] core.sap_client — sp01_attempt=0 pending=7 completed=0 expected=7
17:14:31 [INFO] core.sap_client — sp01_marked scroll=0 row=4 title=CN-CON-003_C1016451889_20260411001418
17:14:32 [INFO] core.sap_client — sp01_marked scroll=0 row=6 title=CN-CON-003_C1016451896_20260411001359
17:14:32 [INFO] core.sap_client — sp01_marked scroll=0 row=8 title=CN-CON-003_C1016451892_20260411001340
17:14:32 [INFO] core.sap_client — sp01_marked scroll=0 row=10 title=CN-CON-003_C1016451897_20260411001321
17:14:33 [INFO] core.sap_client — sp01_marked scroll=0 row=12 title=CN-CON-003_C1016451895_20260411001302
17:14:34 [INFO] core.sap_client — sp01_marked scroll=0 row=14 title=CN-CON-003_C1016451893_20260411001243
17:14:34 [INFO] core.sap_client — sp01_marked scroll=0 row=16 title=CN-CON-003_C1016451891_20260411001224
17:14:35 [INFO] core.sap_client — sp01_mark_done total_marked=7
17:14:36 [INFO] core.print_watcher — print_watcher_started idle_timeout=12.0s expected=7
17:14:36 [INFO] core.sap_client — sp01_print_confirmed via=btn[25] marked=7
17:14:37 [INFO] core.sap_client — sp01_pallet_done result={'status': 'ok', 'message': 'SP01 OK — 7 spool(s) impreso(s)', 'marked': 7} hu_codes=['C1016451891', 'C1016451893', 'C1016451895', 'C1016451897', 'C1016451892', 'C1016451896', 'C1016451889']
17:14:37 [INFO] core.queue_model — waiting_for_print_watcher...
17:14:38 [INFO] core.print_watcher — method1_BM_CLICK ok_hwnd=16979374
17:14:38 [INFO] core.print_watcher — confirm_success method=BM_CLICK hwnd=11537624
17:14:38 [INFO] core.print_watcher — print_dialog_confirmed count=1
17:14:39 [INFO] core.print_watcher — method1_BM_CLICK ok_hwnd=12976318
17:14:39 [INFO] core.print_watcher — confirm_success method=BM_CLICK hwnd=15797604
17:14:39 [INFO] core.print_watcher — print_dialog_confirmed count=2
17:14:40 [INFO] core.print_watcher — method1_BM_CLICK ok_hwnd=9177388
17:14:41 [INFO] core.print_watcher — confirm_success method=BM_CLICK hwnd=10292962
17:14:41 [INFO] core.print_watcher — print_dialog_confirmed count=3
17:14:42 [INFO] core.print_watcher — method1_BM_CLICK ok_hwnd=17173518
17:14:42 [INFO] core.print_watcher — confirm_success method=BM_CLICK hwnd=5838284
17:14:42 [INFO] core.print_watcher — print_dialog_confirmed count=4
17:14:43 [INFO] core.print_watcher — method1_BM_CLICK ok_hwnd=9243420
17:14:43 [INFO] core.print_watcher — confirm_success method=BM_CLICK hwnd=5509818
17:14:43 [INFO] core.print_watcher — print_dialog_confirmed count=5
17:14:45 [INFO] core.print_watcher — method1_BM_CLICK ok_hwnd=16519022
17:14:45 [INFO] core.print_watcher — confirm_success method=BM_CLICK hwnd=9835520
17:14:45 [INFO] core.print_watcher — print_dialog_confirmed count=6
17:14:47 [INFO] core.print_watcher — method1_BM_CLICK ok_hwnd=7018112
17:14:47 [INFO] core.print_watcher — confirm_success method=BM_CLICK hwnd=15011880
17:14:47 [INFO] core.print_watcher — print_dialog_confirmed count=7
17:14:47 [INFO] core.print_watcher — print_watcher_all_confirmed expected=7 confirmed=7
17:14:47 [INFO] core.print_watcher — print_watcher_stopped confirmed=7
17:14:47 [INFO] core.queue_model — print_watcher_finished confirmed=7
17:14:47 [INFO] core.queue_model — sp01_pallet_result={'status': 'ok', 'message': 'SP01 OK — 7 spool(s) impreso(s)', 'marked': 7} print_dialogs_confirmed=7
17:14:49 [INFO] core.queue_model — queue_worker_resumed_by_ui
17:14:49 [INFO] core.queue_model — queue_worker_resumed_processing
17:14:49 [INFO] core.sap_client — setup_phase1_start
17:14:55 [INFO] core.sap_client — tx_opened code=/nZMOVEINBHU current_tx=ZMOVEINBHU
17:14:55 [INFO] core.sap_client — phase1_ready — ctxtP_HU confirmed
17:15:00 [INFO] core.sap_client — hu_phase1_ok hu=C1016451890 msg='Packaging data was saved. Material document 7578234720 was created'
17:15:00 [INFO] core.sap_client — setup_phase2_start
17:15:06 [INFO] core.sap_client — tx_opened code=/nZMMTIJSEP current_tx=ZMMTIJSEP
17:15:06 [INFO] core.sap_client — phase2_ready — txtGV_HU confirmed
17:15:09 [INFO] core.sap_client — hu_phase2_ok hu=C1016451890 duration_ms=2591 phase2_wait=1.5
17:15:09 [INFO] core.sap_client — setup_phase1_start
17:15:15 [INFO] core.sap_client — tx_opened code=/nZMOVEINBHU current_tx=ZMOVEINBHU
17:15:15 [INFO] core.sap_client — phase1_ready — ctxtP_HU confirmed
17:15:19 [INFO] core.sap_client — hu_phase1_ok hu=C1016347477 msg='Packaging data was saved. Material document 7578235735 was created'
17:15:19 [WARNING] core.sap_client — phase2_wrong_screen hu=C1016347477 — re-navigating
17:15:19 [INFO] core.sap_client — setup_phase2_start
17:15:25 [INFO] core.sap_client — tx_opened code=/nZMMTIJSEP current_tx=ZMMTIJSEP
17:15:25 [INFO] core.sap_client — phase2_ready — txtGV_HU confirmed
17:15:28 [INFO] core.sap_client — hu_phase2_ok hu=C1016347477 duration_ms=8497 phase2_wait=1.5
17:15:28 [WARNING] core.sap_client — phase1_wrong_screen hu=C1016431189 — re-navigating
17:15:28 [INFO] core.sap_client — setup_phase1_start
17:15:34 [INFO] core.sap_client — tx_opened code=/nZMOVEINBHU current_tx=ZMOVEINBHU
17:15:34 [INFO] core.sap_client — phase1_ready — ctxtP_HU confirmed
17:15:38 [INFO] core.sap_client — hu_phase1_ok hu=C1016431189 msg='Packaging data was saved. Material document 7578235742 was created'
17:15:38 [WARNING] core.sap_client — phase2_wrong_screen hu=C1016431189 — re-navigating
17:15:38 [INFO] core.sap_client — setup_phase2_start
17:15:45 [INFO] core.sap_client — tx_opened code=/nZMMTIJSEP current_tx=ZMMTIJSEP
17:15:45 [INFO] core.sap_client — phase2_ready — txtGV_HU confirmed
17:15:47 [INFO] core.sap_client — hu_phase2_ok hu=C1016431189 duration_ms=8497 phase2_wait=1.5
17:15:47 [WARNING] core.sap_client — phase1_wrong_screen hu=C1016431212 — re-navigating
17:15:47 [INFO] core.sap_client — setup_phase1_start
17:15:53 [INFO] core.sap_client — tx_opened code=/nZMOVEINBHU current_tx=ZMOVEINBHU
17:15:53 [INFO] core.sap_client — phase1_ready — ctxtP_HU confirmed
17:15:57 [INFO] core.sap_client — hu_phase1_ok hu=C1016431212 msg='Packaging data was saved. Material document 7578235752 was created'
17:15:58 [WARNING] core.sap_client — phase2_wrong_screen hu=C1016431212 — re-navigating
17:15:58 [INFO] core.sap_client — setup_phase2_start
17:16:04 [INFO] core.sap_client — tx_opened code=/nZMMTIJSEP current_tx=ZMMTIJSEP
17:16:04 [INFO] core.sap_client — phase2_ready — txtGV_HU confirmed
17:16:06 [INFO] core.sap_client — hu_phase2_ok hu=C1016431212 duration_ms=8489 phase2_wait=1.5
17:16:06 [INFO] core.queue_model — pallet_boundary multi_hu pallet=8 count=4 hu_codes=['C1016451890', 'C1016347477', 'C1016431189', 'C1016431212']
17:16:12 [INFO] core.sap_client — tx_opened code=/nSP01 current_tx=SP01
17:16:16 [INFO] core.sap_client — sp01_scan start scroll_max=260
17:16:17 [INFO] core.sap_client — sp01_scan_done pending=4 completed=0 hu_filter=['C1016451890', 'C1016347477', 'C1016431189', 'C1016431212']
17:16:17 [INFO] core.sap_client — sp01_attempt=0 pending=4 completed=0 expected=4
17:16:17 [INFO] core.sap_client — sp01_marked scroll=0 row=4 title=CN-CON-003_C1016431212_20260411001604
17:16:17 [INFO] core.sap_client — sp01_marked scroll=0 row=6 title=CN-CON-003_C1016431189_20260411001545
17:16:18 [INFO] core.sap_client — sp01_marked scroll=0 row=8 title=CN-CON-003_C1016347477_20260411001526
17:16:18 [INFO] core.sap_client — sp01_marked scroll=0 row=10 title=CN-CON-003_C1016451890_20260411001507
17:16:19 [INFO] core.sap_client — sp01_mark_done total_marked=4
17:16:20 [INFO] core.print_watcher — print_watcher_started idle_timeout=12.0s expected=4
17:16:20 [INFO] core.sap_client — sp01_print_confirmed via=btn[25] marked=4
17:16:21 [INFO] core.sap_client — sp01_pallet_done result={'status': 'ok', 'message': 'SP01 OK — 4 spool(s) impreso(s)', 'marked': 4} hu_codes=['C1016451890', 'C1016347477', 'C1016431189', 'C1016431212']
17:16:21 [INFO] core.queue_model — waiting_for_print_watcher...
17:16:22 [INFO] core.print_watcher — method1_BM_CLICK ok_hwnd=13701084
17:16:22 [INFO] core.print_watcher — confirm_success method=BM_CLICK hwnd=13898196
17:16:22 [INFO] core.print_watcher — print_dialog_confirmed count=1
17:16:23 [INFO] core.print_watcher — method1_BM_CLICK ok_hwnd=22023456
17:16:23 [INFO] core.print_watcher — confirm_success method=BM_CLICK hwnd=9049792
17:16:23 [INFO] core.print_watcher — print_dialog_confirmed count=2
17:16:24 [INFO] core.print_watcher — method1_BM_CLICK ok_hwnd=23531812
17:16:24 [INFO] core.print_watcher — confirm_success method=BM_CLICK hwnd=9441164
17:16:25 [INFO] core.print_watcher — print_dialog_confirmed count=3
17:16:26 [INFO] core.print_watcher — method1_BM_CLICK ok_hwnd=12848180
17:16:26 [INFO] core.print_watcher — confirm_success method=BM_CLICK hwnd=23597348
17:16:26 [INFO] core.print_watcher — print_dialog_confirmed count=4
17:16:26 [INFO] core.print_watcher — print_watcher_all_confirmed expected=4 confirmed=4
17:16:26 [INFO] core.print_watcher — print_watcher_stopped confirmed=4
17:16:26 [INFO] core.queue_model — print_watcher_finished confirmed=4
17:16:26 [INFO] core.queue_model — sp01_pallet_result={'status': 'ok', 'message': 'SP01 OK — 4 spool(s) impreso(s)', 'marked': 4} print_dialogs_confirmed=4
17:16:26 [INFO] core.queue_model — queue_worker_stopped
17:16:26 [INFO] core.queue_model — queue_worker_stop_requested
17:50:56 [INFO] core.queue_model — new_pallet id=1
17:51:07 [INFO] core.queue_model — hu_added hu=2972626795 pallet=1 origin=ITA
17:51:08 [INFO] core.queue_model — queue_worker_started dynamic_print_mode
17:51:08 [INFO] core.sap_client — sap_connected system=LUP user=LOPEZHJC
17:51:08 [INFO] core.queue_model — queue_worker_sap_connected
17:51:08 [INFO] core.sap_client — setup_phase1_start
17:51:15 [INFO] core.sap_client — tx_opened code=/nZMOVEINBHU current_tx=ZMOVEINBHU
17:51:15 [INFO] core.sap_client — phase1_ready — ctxtP_HU confirmed
17:51:23 [INFO] core.queue_model — hu_added hu=2972651549 pallet=2 origin=ITA
17:51:23 [INFO] core.sap_client — hu_phase1_ok hu=2972626795 msg='Packaging data was saved. Material document 7578253617 was created'
17:51:23 [INFO] core.sap_client — setup_phase2_start
17:51:26 [INFO] core.queue_model — hu_added hu=2972626799 pallet=3 origin=ITA
17:51:28 [INFO] core.queue_model — hu_added hu=2972626906 pallet=4 origin=ITA
17:51:30 [INFO] core.sap_client — tx_opened code=/nZMMTIJSEP current_tx=ZMMTIJSEP
17:51:30 [INFO] core.sap_client — phase2_ready — txtGV_HU confirmed
17:51:33 [INFO] core.sap_client — hu_phase2_ok hu=2972626795 duration_ms=2890 phase2_wait=1.5
17:51:33 [INFO] core.queue_model — pallet_boundary single_hu pallet=1 accumulated=[1]
17:51:33 [INFO] core.sap_client — setup_phase1_start
17:51:39 [INFO] core.sap_client — tx_opened code=/nZMOVEINBHU current_tx=ZMOVEINBHU
17:51:39 [INFO] core.sap_client — phase1_ready — ctxtP_HU confirmed
17:51:45 [INFO] core.sap_client — hu_phase1_ok hu=2972651549 msg='Packaging data was saved. Material document 7578253985 was created'
17:51:45 [WARNING] core.sap_client — phase2_wrong_screen hu=2972651549 — re-navigating
17:51:45 [INFO] core.sap_client — setup_phase2_start
17:51:51 [INFO] core.sap_client — tx_opened code=/nZMMTIJSEP current_tx=ZMMTIJSEP
17:51:51 [INFO] core.sap_client — phase2_ready — txtGV_HU confirmed
17:51:54 [INFO] core.sap_client — hu_phase2_ok hu=2972651549 duration_ms=8980 phase2_wait=1.5
17:51:54 [INFO] core.queue_model — pallet_boundary single_hu pallet=2 accumulated=[1, 2]
17:51:54 [WARNING] core.sap_client — phase1_wrong_screen hu=2972626799 — re-navigating
17:51:54 [INFO] core.sap_client — setup_phase1_start
17:52:00 [INFO] core.sap_client — tx_opened code=/nZMOVEINBHU current_tx=ZMOVEINBHU
17:52:00 [INFO] core.sap_client — phase1_ready — ctxtP_HU confirmed
17:52:09 [INFO] core.sap_client — hu_phase1_ok hu=2972626799 msg='Packaging data was saved. Material document 7578254352 was created'
17:52:09 [WARNING] core.sap_client — phase2_wrong_screen hu=2972626799 — re-navigating
17:52:09 [INFO] core.sap_client — setup_phase2_start
17:52:16 [INFO] core.sap_client — tx_opened code=/nZMMTIJSEP current_tx=ZMMTIJSEP
17:52:16 [INFO] core.sap_client — phase2_ready — txtGV_HU confirmed
17:52:18 [INFO] core.queue_model — hu_added hu=2972626800 pallet=5 origin=ITA
17:52:18 [INFO] core.sap_client — hu_phase2_ok hu=2972626799 duration_ms=9036 phase2_wait=1.5
17:52:18 [INFO] core.queue_model — pallet_boundary single_hu pallet=3 accumulated=[1, 2, 3]
17:52:18 [WARNING] core.sap_client — phase1_wrong_screen hu=2972626906 — re-navigating
17:52:18 [INFO] core.sap_client — setup_phase1_start
17:52:22 [INFO] core.queue_model — hu_added hu=2972626835 pallet=6 origin=ITA
17:52:25 [INFO] core.sap_client — tx_opened code=/nZMOVEINBHU current_tx=ZMOVEINBHU
17:52:25 [INFO] core.sap_client — phase1_ready — ctxtP_HU confirmed
17:52:30 [INFO] core.sap_client — hu_phase1_ok hu=2972626906 msg='Packaging data was saved. Material document 7578254417 was created'
17:52:30 [WARNING] core.sap_client — phase2_wrong_screen hu=2972626906 — re-navigating
17:52:30 [INFO] core.sap_client — setup_phase2_start
17:52:33 [INFO] core.queue_model — hu_added hu=2972650330 pallet=7 origin=ITA
17:52:37 [INFO] core.sap_client — tx_opened code=/nZMMTIJSEP current_tx=ZMMTIJSEP
17:52:37 [INFO] core.sap_client — phase2_ready — txtGV_HU confirmed
17:52:38 [INFO] core.queue_model — hu_added hu=2972650529 pallet=8 origin=ITA
17:52:39 [INFO] core.sap_client — hu_phase2_ok hu=2972626906 duration_ms=8720 phase2_wait=1.5
17:52:39 [INFO] core.queue_model — pallet_boundary single_hu pallet=4 accumulated=[1, 2, 3, 4]
17:52:39 [WARNING] core.sap_client — phase1_wrong_screen hu=2972626800 — re-navigating
17:52:39 [INFO] core.sap_client — setup_phase1_start
17:52:45 [INFO] core.sap_client — tx_opened code=/nZMOVEINBHU current_tx=ZMOVEINBHU
17:52:45 [INFO] core.sap_client — phase1_ready — ctxtP_HU confirmed
17:52:54 [INFO] core.sap_client — hu_phase1_ok hu=2972626800 msg='Packaging data was saved. Material document 7578254771 was created'
17:52:54 [WARNING] core.sap_client — phase2_wrong_screen hu=2972626800 — re-navigating
17:52:54 [INFO] core.sap_client — setup_phase2_start
17:53:00 [INFO] core.sap_client — tx_opened code=/nZMMTIJSEP current_tx=ZMMTIJSEP
17:53:00 [INFO] core.sap_client — phase2_ready — txtGV_HU confirmed
17:53:03 [INFO] core.sap_client — hu_phase2_ok hu=2972626800 duration_ms=8904 phase2_wait=1.5
17:53:03 [INFO] core.queue_model — pallet_boundary single_hu pallet=5 accumulated=[1, 2, 3, 4, 5]
17:53:03 [WARNING] core.sap_client — phase1_wrong_screen hu=2972626835 — re-navigating
17:53:03 [INFO] core.sap_client — setup_phase1_start
17:53:09 [INFO] core.sap_client — tx_opened code=/nZMOVEINBHU current_tx=ZMOVEINBHU
17:53:09 [INFO] core.sap_client — phase1_ready — ctxtP_HU confirmed
17:53:16 [INFO] core.sap_client — hu_phase1_ok hu=2972626835 msg='Packaging data was saved. Material document 7578254821 was created'
17:53:16 [WARNING] core.sap_client — phase2_wrong_screen hu=2972626835 — re-navigating
17:53:16 [INFO] core.sap_client — setup_phase2_start
17:53:23 [INFO] core.sap_client — tx_opened code=/nZMMTIJSEP current_tx=ZMMTIJSEP
17:53:23 [INFO] core.sap_client — phase2_ready — txtGV_HU confirmed
17:53:26 [INFO] core.sap_client — hu_phase2_ok hu=2972626835 duration_ms=9004 phase2_wait=1.5
17:53:26 [INFO] core.queue_model — pallet_boundary single_hu pallet=6 accumulated=[1, 2, 3, 4, 5, 6]
17:53:26 [WARNING] core.sap_client — phase1_wrong_screen hu=2972650330 — re-navigating
17:53:26 [INFO] core.sap_client — setup_phase1_start
17:53:32 [INFO] core.sap_client — tx_opened code=/nZMOVEINBHU current_tx=ZMOVEINBHU
17:53:32 [INFO] core.sap_client — phase1_ready — ctxtP_HU confirmed
17:53:37 [INFO] core.sap_client — hu_phase1_ok hu=2972650330 msg='Packaging data was saved. Material document 7578255374 was created'
17:53:37 [WARNING] core.sap_client — phase2_wrong_screen hu=2972650330 — re-navigating
17:53:37 [INFO] core.sap_client — setup_phase2_start
17:53:44 [INFO] core.sap_client — tx_opened code=/nZMMTIJSEP current_tx=ZMMTIJSEP
17:53:44 [INFO] core.sap_client — phase2_ready — txtGV_HU confirmed
17:53:46 [INFO] core.sap_client — hu_phase2_ok hu=2972650330 duration_ms=8778 phase2_wait=1.5
17:53:46 [INFO] core.queue_model — pallet_boundary single_hu pallet=7 accumulated=[1, 2, 3, 4, 5, 6, 7]
17:53:46 [WARNING] core.sap_client — phase1_wrong_screen hu=2972650529 — re-navigating
17:53:46 [INFO] core.sap_client — setup_phase1_start
17:53:53 [INFO] core.sap_client — tx_opened code=/nZMOVEINBHU current_tx=ZMOVEINBHU
17:53:53 [INFO] core.sap_client — phase1_ready — ctxtP_HU confirmed
17:53:58 [INFO] core.sap_client — hu_phase1_ok hu=2972650529 msg='Packaging data was saved. Material document 7578255731 was created'
17:53:58 [WARNING] core.sap_client — phase2_wrong_screen hu=2972650529 — re-navigating
17:53:58 [INFO] core.sap_client — setup_phase2_start
17:54:04 [INFO] core.sap_client — tx_opened code=/nZMMTIJSEP current_tx=ZMMTIJSEP
17:54:04 [INFO] core.sap_client — phase2_ready — txtGV_HU confirmed
17:54:07 [INFO] core.sap_client — hu_phase2_ok hu=2972650529 duration_ms=8913 phase2_wait=1.5
17:54:07 [INFO] core.queue_model — pallet_boundary single_hu pallet=8 accumulated=[1, 2, 3, 4, 5, 6, 7, 8]
17:54:07 [INFO] core.queue_model — flush_single_hu_pallets pallets=[1, 2, 3, 4, 5, 6, 7, 8] hu_codes=['2972626795', '2972651549', '2972626799', '2972626906', '2972626800', '2972626835', '2972650330', '2972650529']
17:54:13 [INFO] core.sap_client — tx_opened code=/nSP01 current_tx=SP01
17:54:17 [INFO] core.sap_client — sp01_scan start scroll_max=276
17:54:18 [INFO] core.sap_client — sp01_scan_done pending=8 completed=0 hu_filter=['2972626795', '2972651549', '2972626799', '2972626906', '2972626800', '2972626835', '2972650330', '2972650529']
17:54:18 [INFO] core.sap_client — sp01_attempt=0 pending=8 completed=0 expected=8
17:54:19 [INFO] core.sap_client — sp01_marked scroll=0 row=4 title=CN-CON-003_00000000002972650529_20260411005405
17:54:19 [INFO] core.sap_client — sp01_marked scroll=0 row=6 title=CN-CON-003_00000000002972650330_20260411005344
17:54:20 [INFO] core.sap_client — sp01_marked scroll=0 row=8 title=CN-CON-003_00000000002972626835_20260411005324
17:54:20 [INFO] core.sap_client — sp01_marked scroll=0 row=10 title=CN-CON-003_00000000002972626800_20260411005301
17:54:21 [INFO] core.sap_client — sp01_marked scroll=0 row=12 title=CN-CON-003_00000000002972626799_20260411005216
17:54:21 [INFO] core.sap_client — sp01_marked scroll=0 row=14 title=CN-CON-003_00000000002972626906_20260411005237
17:54:22 [INFO] core.sap_client — sp01_marked scroll=0 row=16 title=CN-CON-003_00000000002972651549_20260411005152
17:54:23 [INFO] core.sap_client — sp01_marked scroll=0 row=18 title=CN-CON-003_00000000002972626795_20260411005131
17:54:23 [INFO] core.sap_client — sp01_mark_done total_marked=8
17:54:26 [INFO] core.print_watcher — print_watcher_started idle_timeout=12.0s expected=8
17:54:26 [INFO] core.sap_client — sp01_print_confirmed via=btn[25] marked=8
17:54:28 [INFO] core.sap_client — sp01_global_done result={'status': 'ok', 'message': 'SP01 OK — 8 spool(s) impreso(s)', 'marked': 8}
17:54:28 [INFO] core.queue_model — waiting_for_print_watcher...
17:54:30 [INFO] core.print_watcher — method1_BM_CLICK ok_hwnd=18025486
17:54:30 [INFO] core.print_watcher — confirm_success method=BM_CLICK hwnd=16059562
17:54:30 [INFO] core.print_watcher — print_dialog_confirmed count=1
17:54:32 [INFO] core.print_watcher — method1_BM_CLICK ok_hwnd=24775914
17:54:32 [INFO] core.print_watcher — confirm_success method=BM_CLICK hwnd=13893822
17:54:32 [INFO] core.print_watcher — print_dialog_confirmed count=2
17:54:34 [INFO] core.print_watcher — method1_BM_CLICK ok_hwnd=12455762
17:54:34 [INFO] core.print_watcher — confirm_success method=BM_CLICK hwnd=19796414
17:54:34 [INFO] core.print_watcher — print_dialog_confirmed count=3
17:54:36 [INFO] core.print_watcher — method1_BM_CLICK ok_hwnd=24318084
17:54:36 [INFO] core.print_watcher — confirm_success method=BM_CLICK hwnd=10553732
17:54:36 [INFO] core.print_watcher — print_dialog_confirmed count=4
17:54:37 [INFO] core.print_watcher — method1_BM_CLICK ok_hwnd=8720708
17:54:37 [INFO] core.print_watcher — confirm_success method=BM_CLICK hwnd=10291996
17:54:37 [INFO] core.print_watcher — print_dialog_confirmed count=5
17:54:39 [INFO] core.print_watcher — method1_BM_CLICK ok_hwnd=56298952
17:54:39 [INFO] core.print_watcher — confirm_success method=BM_CLICK hwnd=22612094
17:54:39 [INFO] core.print_watcher — print_dialog_confirmed count=6
17:54:41 [INFO] core.print_watcher — method1_BM_CLICK ok_hwnd=6952396
17:54:41 [INFO] core.print_watcher — confirm_success method=BM_CLICK hwnd=5706578
17:54:41 [INFO] core.print_watcher — print_dialog_confirmed count=7
17:54:43 [INFO] core.print_watcher — method1_BM_CLICK ok_hwnd=11669218
17:54:43 [INFO] core.print_watcher — confirm_success method=BM_CLICK hwnd=7017932
17:54:43 [INFO] core.print_watcher — print_dialog_confirmed count=8
17:54:43 [INFO] core.print_watcher — print_watcher_all_confirmed expected=8 confirmed=8
17:54:43 [INFO] core.print_watcher — print_watcher_stopped confirmed=8
17:54:43 [INFO] core.queue_model — print_watcher_finished confirmed=8
17:54:43 [INFO] core.queue_model — sp01_flush_result={'status': 'ok', 'message': 'SP01 OK — 8 spool(s) impreso(s)', 'marked': 8} print_dialogs_confirmed=8
17:54:43 [INFO] core.queue_model — queue_worker_stopped
17:54:44 [INFO] core.queue_model — queue_worker_stop_requested
