07:13:00 [INFO] queue_app.consumers - ws_connected channel=specific.3a79ba7993574d708007300a29322ffa!0931651e473a446ea681881cabd3d8ca
07:18:15 [WARNING] django.request - Conflict: /cola/limpiar/
07:18:15 [WARNING] django.request - Conflict: /cola/limpiar/
07:18:15 [INFO] queue_app.views - clear_queue done reset_pallet_id=1
07:18:15 [INFO] queue_app.views - delete_hu hu=T10045916002 pallet=1
07:18:15 [WARNING] django.request - Conflict: /hu/T10045916002/borrar/
07:18:15 [WARNING] django.request - Conflict: /pallet/1/borrar/
07:18:15 [INFO] queue_app.views - new_pallet created id=2
07:18:16 [INFO] queue_app.views - new_pallet created id=2
07:18:16 [INFO] queue_app.views - new_pallet created id=2
07:18:16 [INFO] queue_app.views - new_pallet created id=2
07:18:16 [INFO] queue_app.views - reprocess_queue mode=all count=3
07:18:16 [INFO] queue_app.views - reprocess_queue mode=errors count=2
07:18:16 [WARNING] django.request - Conflict: /cola/reprocesar/
07:18:16 [WARNING] core.sap_client - sap_session_disconnected_dialog text=sap gui for windows 770 sap gui for windows 770 sap gui for windows 770 wsaeconnreset: connection reset by peer
07:18:16 [INFO] queue_app.views - scan_hu hu=TH0000268197 pallet=2 origin=THA
07:18:16 [INFO] queue_app.views - scan_hu hu=TH0000268197 pallet=2 origin=THA
07:18:16 [INFO] queue_app.views - scan_hu hu=TH0000268197 pallet=1 origin=THA
07:18:16 [INFO] queue_app.views - scan_hu hu=TH0000268197 pallet=1 origin=THA
07:18:16 [INFO] queue_app.tasks - process_queue_task batch_start pallets=[1]
07:18:16 [INFO] queue_app.tasks - process_queue_task pallet_start pallet=1 hu_count=1
07:18:16 [INFO] queue_app.tasks - process_queue_task pallet_done pallet=1
07:18:16 [INFO] queue_app.tasks - process_queue_task batch_start pallets=[2]
07:18:16 [INFO] queue_app.tasks - process_queue_task pallet_start pallet=2 hu_count=1
07:18:16 [INFO] queue_app.tasks - process_queue_task pallet_done pallet=2
07:18:16 [INFO] queue_app.tasks - process_queue_task done result={'status': 'ok', 'message': 'All pallets were processed and printed successfully', 'pallets_processed': 2, 'hus_processed': 2, 'errors': 0}
07:18:16 [INFO] queue_app.tasks - process_queue_task batch_start pallets=[1, 2]
07:18:16 [INFO] queue_app.tasks - process_queue_task pallet_start pallet=1 hu_count=1
07:18:16 [WARNING] queue_app.tasks - process_queue_task pallet_has_errors pallet=1 errors=1
07:18:16 [INFO] queue_app.tasks - process_queue_task pallet_start pallet=2 hu_count=1
07:18:16 [INFO] queue_app.tasks - process_queue_task pallet_done pallet=2
07:18:16 [INFO] queue_app.tasks - process_queue_task done result={'status': 'error', 'message': 'Queue finished with 1 error(s)', 'pallets_processed': 2, 'hus_processed': 2, 'errors': 1}
07:18:16 [INFO] queue_app.tasks - process_queue_task batch_start pallets=[1, 2]
07:18:16 [INFO] queue_app.tasks - process_queue_task pallet_start pallet=1 hu_count=2
07:18:16 [INFO] queue_app.tasks - process_queue_task pallet_done pallet=1
07:18:16 [INFO] queue_app.tasks - process_queue_task pallet_start pallet=2 hu_count=1
07:18:16 [INFO] queue_app.tasks - process_queue_task pallet_done pallet=2
07:18:16 [INFO] queue_app.tasks - process_queue_task done result={'status': 'ok', 'message': 'All pallets were processed and printed successfully', 'pallets_processed': 2, 'hus_processed': 3, 'errors': 0}
07:18:16 [INFO] queue_app.tasks - process_queue_task batch_start pallets=[1]
07:18:17 [INFO] queue_app.tasks - process_queue_task pallet_start pallet=1 hu_count=0
07:18:17 [INFO] queue_app.tasks - process_queue_task pallet_done pallet=1
07:18:17 [INFO] queue_app.tasks - process_queue_task done result={'status': 'ok', 'message': 'All pallets were processed and printed successfully', 'pallets_processed': 1, 'hus_processed': 0, 'errors': 0}
07:18:17 [INFO] queue_app.views - procesar_pendientes sequential_task_started count=0 pdf_count=1
07:18:17 [WARNING] django.request - Conflict: /api/procesar/
07:18:17 [WARNING] django.request - Conflict: /api/procesar/
07:18:17 [INFO] queue_app.views - detener_queue stop_requested=True
07:35:33 [INFO] queue_app.consumers - ws_disconnected channel=specific.3a79ba7993574d708007300a29322ffa!0931651e473a446ea681881cabd3d8ca code=1001
07:35:33 [INFO] queue_app.consumers - ws_connected channel=specific.3a79ba7993574d708007300a29322ffa!e4b5d05e30e8438a899e9112823bce29
07:35:34 [WARNING] django.request - Not Found: /favicon.ico
08:22:12 [INFO] queue_app.consumers - ws_disconnected channel=specific.3a79ba7993574d708007300a29322ffa!e4b5d05e30e8438a899e9112823bce29 code=1001
08:25:33 [INFO] queue_app.consumers - ws_connected channel=specific.3a79ba7993574d708007300a29322ffa!9f9e14cc18b24a68a5794350ace95ca7
08:56:32 [ERROR] django.request - Internal Server Error: /scan/
Traceback (most recent call last):
  File "C:\Users\LOPEZHEJ\OneDrive - Luxottica Group S.p.A\Desktop\DJANGO NEXHUS\venv\Lib\site-packages\django\db\backends\utils.py", line 105, in _execute
    return self.cursor.execute(sql, params)
           ~~~~~~~~~~~~~~~~~~~^^^^^^^^^^^^^
  File "C:\Users\LOPEZHEJ\OneDrive - Luxottica Group S.p.A\Desktop\DJANGO NEXHUS\venv\Lib\site-packages\django\db\backends\sqlite3\base.py", line 354, in execute
    return super().execute(query, params)
           ~~~~~~~~~~~~~~~^^^^^^^^^^^^^^^
sqlite3.IntegrityError: NOT NULL constraint failed: queue_app_huitem.error_msg

The above exception was the direct cause of the following exception:

Traceback (most recent call last):
  File "C:\Users\LOPEZHEJ\OneDrive - Luxottica Group S.p.A\Desktop\DJANGO NEXHUS\venv\Lib\site-packages\asgiref\sync.py", line 557, in thread_handler
    raise exc_info[1]
  File "C:\Users\LOPEZHEJ\OneDrive - Luxottica Group S.p.A\Desktop\DJANGO NEXHUS\venv\Lib\site-packages\django\core\handlers\exception.py", line 42, in inner
    response = await get_response(request)
               ^^^^^^^^^^^^^^^^^^^^^^^^^^^
  File "C:\Users\LOPEZHEJ\OneDrive - Luxottica Group S.p.A\Desktop\DJANGO NEXHUS\venv\Lib\site-packages\asgiref\sync.py", line 557, in thread_handler
    raise exc_info[1]
  File "C:\Users\LOPEZHEJ\OneDrive - Luxottica Group S.p.A\Desktop\DJANGO NEXHUS\venv\Lib\site-packages\django\core\handlers\base.py", line 253, in _get_response_async
    response = await wrapped_callback(
               ^^^^^^^^^^^^^^^^^^^^^^^
        request, *callback_args, **callback_kwargs
        ^^^^^^^^^^^^^^^^^^^^^^^^^^^^^^^^^^^^^^^^^^
    )
    ^
  File "C:\Users\LOPEZHEJ\OneDrive - Luxottica Group S.p.A\Desktop\DJANGO NEXHUS\venv\Lib\site-packages\asgiref\sync.py", line 506, in __call__
    ret = await asyncio.shield(exec_coro)
          ^^^^^^^^^^^^^^^^^^^^^^^^^^^^^^^
  File "C:\Users\LOPEZHEJ\AppData\Local\Programs\Python\Python313\Lib\concurrent\futures\thread.py", line 59, in run
    result = self.fn(*self.args, **self.kwargs)
  File "C:\Users\LOPEZHEJ\OneDrive - Luxottica Group S.p.A\Desktop\DJANGO NEXHUS\venv\Lib\site-packages\asgiref\sync.py", line 561, in thread_handler
    return func(*args, **kwargs)
  File "C:\Users\LOPEZHEJ\OneDrive - Luxottica Group S.p.A\Desktop\DJANGO NEXHUS\venv\Lib\site-packages\django\views\decorators\http.py", line 64, in inner
    return func(request, *args, **kwargs)
  File "C:\Users\LOPEZHEJ\OneDrive - Luxottica Group S.p.A\Desktop\DJANGO NEXHUS\queue_app\views.py", line 122, in scan_hu
    item    = HUItem.objects.create(
        hu_code     = raw,
    ...<2 lines>...
        status      = HUItem.STATUS_PENDING,
    )
  File "C:\Users\LOPEZHEJ\OneDrive - Luxottica Group S.p.A\Desktop\DJANGO NEXHUS\venv\Lib\site-packages\django\db\models\manager.py", line 87, in manager_method
    return getattr(self.get_queryset(), name)(*args, **kwargs)
           ~~~~~~~~~~~~~~~~~~~~~~~~~~~~~~~~~~^^^^^^^^^^^^^^^^^
  File "C:\Users\LOPEZHEJ\OneDrive - Luxottica Group S.p.A\Desktop\DJANGO NEXHUS\venv\Lib\site-packages\django\db\models\query.py", line 679, in create
    obj.save(force_insert=True, using=self.db)
    ~~~~~~~~^^^^^^^^^^^^^^^^^^^^^^^^^^^^^^^^^^
  File "C:\Users\LOPEZHEJ\OneDrive - Luxottica Group S.p.A\Desktop\DJANGO NEXHUS\venv\Lib\site-packages\django\db\models\base.py", line 891, in save
    self.save_base(
    ~~~~~~~~~~~~~~^
        using=using,
        ^^^^^^^^^^^^
    ...<2 lines>...
        update_fields=update_fields,
        ^^^^^^^^^^^^^^^^^^^^^^^^^^^^
    )
    ^
  File "C:\Users\LOPEZHEJ\OneDrive - Luxottica Group S.p.A\Desktop\DJANGO NEXHUS\venv\Lib\site-packages\django\db\models\base.py", line 997, in save_base
    updated = self._save_table(
        raw,
    ...<4 lines>...
        update_fields,
    )
  File "C:\Users\LOPEZHEJ\OneDrive - Luxottica Group S.p.A\Desktop\DJANGO NEXHUS\venv\Lib\site-packages\django\db\models\base.py", line 1160, in _save_table
    results = self._do_insert(
        cls._base_manager, using, fields, returning_fields, raw
    )
  File "C:\Users\LOPEZHEJ\OneDrive - Luxottica Group S.p.A\Desktop\DJANGO NEXHUS\venv\Lib\site-packages\django\db\models\base.py", line 1201, in _do_insert
    return manager._insert(
           ~~~~~~~~~~~~~~~^
        [self],
        ^^^^^^^
    ...<3 lines>...
        raw=raw,
        ^^^^^^^^
    )
    ^
  File "C:\Users\LOPEZHEJ\OneDrive - Luxottica Group S.p.A\Desktop\DJANGO NEXHUS\venv\Lib\site-packages\django\db\models\manager.py", line 87, in manager_method
    return getattr(self.get_queryset(), name)(*args, **kwargs)
           ~~~~~~~~~~~~~~~~~~~~~~~~~~~~~~~~~~^^^^^^^^^^^^^^^^^
  File "C:\Users\LOPEZHEJ\OneDrive - Luxottica Group S.p.A\Desktop\DJANGO NEXHUS\venv\Lib\site-packages\django\db\models\query.py", line 1847, in _insert
    return query.get_compiler(using=using).execute_sql(returning_fields)
           ~~~~~~~~~~~~~~~~~~~~~~~~~~~~~~~~~~~~~~~~~~~^^^^^^^^^^^^^^^^^^
  File "C:\Users\LOPEZHEJ\OneDrive - Luxottica Group S.p.A\Desktop\DJANGO NEXHUS\venv\Lib\site-packages\django\db\models\sql\compiler.py", line 1836, in execute_sql
    cursor.execute(sql, params)
    ~~~~~~~~~~~~~~^^^^^^^^^^^^^
  File "C:\Users\LOPEZHEJ\OneDrive - Luxottica Group S.p.A\Desktop\DJANGO NEXHUS\venv\Lib\site-packages\django\db\backends\utils.py", line 122, in execute
    return super().execute(sql, params)
           ~~~~~~~~~~~~~~~^^^^^^^^^^^^^
  File "C:\Users\LOPEZHEJ\OneDrive - Luxottica Group S.p.A\Desktop\DJANGO NEXHUS\venv\Lib\site-packages\django\db\backends\utils.py", line 79, in execute
    return self._execute_with_wrappers(
           ~~~~~~~~~~~~~~~~~~~~~~~~~~~^
        sql, params, many=False, executor=self._execute
        ^^^^^^^^^^^^^^^^^^^^^^^^^^^^^^^^^^^^^^^^^^^^^^^
    )
    ^
  File "C:\Users\LOPEZHEJ\OneDrive - Luxottica Group S.p.A\Desktop\DJANGO NEXHUS\venv\Lib\site-packages\django\db\backends\utils.py", line 92, in _execute_with_wrappers
    return executor(sql, params, many, context)
  File "C:\Users\LOPEZHEJ\OneDrive - Luxottica Group S.p.A\Desktop\DJANGO NEXHUS\venv\Lib\site-packages\django\db\backends\utils.py", line 100, in _execute
    with self.db.wrap_database_errors:
         ^^^^^^^^^^^^^^^^^^^^^^^^^^^^
  File "C:\Users\LOPEZHEJ\OneDrive - Luxottica Group S.p.A\Desktop\DJANGO NEXHUS\venv\Lib\site-packages\django\db\utils.py", line 91, in __exit__
    raise dj_exc_value.with_traceback(traceback) from exc_value
  File "C:\Users\LOPEZHEJ\OneDrive - Luxottica Group S.p.A\Desktop\DJANGO NEXHUS\venv\Lib\site-packages\django\db\backends\utils.py", line 105, in _execute
    return self.cursor.execute(sql, params)
           ~~~~~~~~~~~~~~~~~~~^^^^^^^^^^^^^
  File "C:\Users\LOPEZHEJ\OneDrive - Luxottica Group S.p.A\Desktop\DJANGO NEXHUS\venv\Lib\site-packages\django\db\backends\sqlite3\base.py", line 354, in execute
    return super().execute(query, params)
           ~~~~~~~~~~~~~~~^^^^^^^^^^^^^^^
django.db.utils.IntegrityError: NOT NULL constraint failed: queue_app_huitem.error_msg
08:56:32 [ERROR] django.request - Internal Server Error: /scan/
Traceback (most recent call last):
  File "C:\Users\LOPEZHEJ\OneDrive - Luxottica Group S.p.A\Desktop\DJANGO NEXHUS\venv\Lib\site-packages\django\db\backends\utils.py", line 105, in _execute
    return self.cursor.execute(sql, params)
           ~~~~~~~~~~~~~~~~~~~^^^^^^^^^^^^^
  File "C:\Users\LOPEZHEJ\OneDrive - Luxottica Group S.p.A\Desktop\DJANGO NEXHUS\venv\Lib\site-packages\django\db\backends\sqlite3\base.py", line 354, in execute
    return super().execute(query, params)
           ~~~~~~~~~~~~~~~^^^^^^^^^^^^^^^
sqlite3.IntegrityError: NOT NULL constraint failed: queue_app_huitem.error_msg

The above exception was the direct cause of the following exception:

Traceback (most recent call last):
  File "C:\Users\LOPEZHEJ\OneDrive - Luxottica Group S.p.A\Desktop\DJANGO NEXHUS\venv\Lib\site-packages\asgiref\sync.py", line 557, in thread_handler
    raise exc_info[1]
  File "C:\Users\LOPEZHEJ\OneDrive - Luxottica Group S.p.A\Desktop\DJANGO NEXHUS\venv\Lib\site-packages\django\core\handlers\exception.py", line 42, in inner
    response = await get_response(request)
               ^^^^^^^^^^^^^^^^^^^^^^^^^^^
  File "C:\Users\LOPEZHEJ\OneDrive - Luxottica Group S.p.A\Desktop\DJANGO NEXHUS\venv\Lib\site-packages\asgiref\sync.py", line 557, in thread_handler
    raise exc_info[1]
  File "C:\Users\LOPEZHEJ\OneDrive - Luxottica Group S.p.A\Desktop\DJANGO NEXHUS\venv\Lib\site-packages\django\core\handlers\base.py", line 253, in _get_response_async
    response = await wrapped_callback(
               ^^^^^^^^^^^^^^^^^^^^^^^
        request, *callback_args, **callback_kwargs
        ^^^^^^^^^^^^^^^^^^^^^^^^^^^^^^^^^^^^^^^^^^
    )
    ^
  File "C:\Users\LOPEZHEJ\OneDrive - Luxottica Group S.p.A\Desktop\DJANGO NEXHUS\venv\Lib\site-packages\asgiref\sync.py", line 506, in __call__
    ret = await asyncio.shield(exec_coro)
          ^^^^^^^^^^^^^^^^^^^^^^^^^^^^^^^
  File "C:\Users\LOPEZHEJ\AppData\Local\Programs\Python\Python313\Lib\concurrent\futures\thread.py", line 59, in run
    result = self.fn(*self.args, **self.kwargs)
  File "C:\Users\LOPEZHEJ\OneDrive - Luxottica Group S.p.A\Desktop\DJANGO NEXHUS\venv\Lib\site-packages\asgiref\sync.py", line 561, in thread_handler
    return func(*args, **kwargs)
  File "C:\Users\LOPEZHEJ\OneDrive - Luxottica Group S.p.A\Desktop\DJANGO NEXHUS\venv\Lib\site-packages\django\views\decorators\http.py", line 64, in inner
    return func(request, *args, **kwargs)
  File "C:\Users\LOPEZHEJ\OneDrive - Luxottica Group S.p.A\Desktop\DJANGO NEXHUS\queue_app\views.py", line 122, in scan_hu
    item    = HUItem.objects.create(
        hu_code     = raw,
    ...<2 lines>...
        status      = HUItem.STATUS_PENDING,
    )
  File "C:\Users\LOPEZHEJ\OneDrive - Luxottica Group S.p.A\Desktop\DJANGO NEXHUS\venv\Lib\site-packages\django\db\models\manager.py", line 87, in manager_method
    return getattr(self.get_queryset(), name)(*args, **kwargs)
           ~~~~~~~~~~~~~~~~~~~~~~~~~~~~~~~~~~^^^^^^^^^^^^^^^^^
  File "C:\Users\LOPEZHEJ\OneDrive - Luxottica Group S.p.A\Desktop\DJANGO NEXHUS\venv\Lib\site-packages\django\db\models\query.py", line 679, in create
    obj.save(force_insert=True, using=self.db)
    ~~~~~~~~^^^^^^^^^^^^^^^^^^^^^^^^^^^^^^^^^^
  File "C:\Users\LOPEZHEJ\OneDrive - Luxottica Group S.p.A\Desktop\DJANGO NEXHUS\venv\Lib\site-packages\django\db\models\base.py", line 891, in save
    self.save_base(
    ~~~~~~~~~~~~~~^
        using=using,
        ^^^^^^^^^^^^
    ...<2 lines>...
        update_fields=update_fields,
        ^^^^^^^^^^^^^^^^^^^^^^^^^^^^
    )
    ^
  File "C:\Users\LOPEZHEJ\OneDrive - Luxottica Group S.p.A\Desktop\DJANGO NEXHUS\venv\Lib\site-packages\django\db\models\base.py", line 997, in save_base
    updated = self._save_table(
        raw,
    ...<4 lines>...
        update_fields,
    )
  File "C:\Users\LOPEZHEJ\OneDrive - Luxottica Group S.p.A\Desktop\DJANGO NEXHUS\venv\Lib\site-packages\django\db\models\base.py", line 1160, in _save_table
    results = self._do_insert(
        cls._base_manager, using, fields, returning_fields, raw
    )
  File "C:\Users\LOPEZHEJ\OneDrive - Luxottica Group S.p.A\Desktop\DJANGO NEXHUS\venv\Lib\site-packages\django\db\models\base.py", line 1201, in _do_insert
    return manager._insert(
           ~~~~~~~~~~~~~~~^
        [self],
        ^^^^^^^
    ...<3 lines>...
        raw=raw,
        ^^^^^^^^
    )
    ^
  File "C:\Users\LOPEZHEJ\OneDrive - Luxottica Group S.p.A\Desktop\DJANGO NEXHUS\venv\Lib\site-packages\django\db\models\manager.py", line 87, in manager_method
    return getattr(self.get_queryset(), name)(*args, **kwargs)
           ~~~~~~~~~~~~~~~~~~~~~~~~~~~~~~~~~~^^^^^^^^^^^^^^^^^
  File "C:\Users\LOPEZHEJ\OneDrive - Luxottica Group S.p.A\Desktop\DJANGO NEXHUS\venv\Lib\site-packages\django\db\models\query.py", line 1847, in _insert
    return query.get_compiler(using=using).execute_sql(returning_fields)
           ~~~~~~~~~~~~~~~~~~~~~~~~~~~~~~~~~~~~~~~~~~~^^^^^^^^^^^^^^^^^^
  File "C:\Users\LOPEZHEJ\OneDrive - Luxottica Group S.p.A\Desktop\DJANGO NEXHUS\venv\Lib\site-packages\django\db\models\sql\compiler.py", line 1836, in execute_sql
    cursor.execute(sql, params)
    ~~~~~~~~~~~~~~^^^^^^^^^^^^^
  File "C:\Users\LOPEZHEJ\OneDrive - Luxottica Group S.p.A\Desktop\DJANGO NEXHUS\venv\Lib\site-packages\django\db\backends\utils.py", line 122, in execute
    return super().execute(sql, params)
           ~~~~~~~~~~~~~~~^^^^^^^^^^^^^
  File "C:\Users\LOPEZHEJ\OneDrive - Luxottica Group S.p.A\Desktop\DJANGO NEXHUS\venv\Lib\site-packages\django\db\backends\utils.py", line 79, in execute
    return self._execute_with_wrappers(
           ~~~~~~~~~~~~~~~~~~~~~~~~~~~^
        sql, params, many=False, executor=self._execute
        ^^^^^^^^^^^^^^^^^^^^^^^^^^^^^^^^^^^^^^^^^^^^^^^
    )
    ^
  File "C:\Users\LOPEZHEJ\OneDrive - Luxottica Group S.p.A\Desktop\DJANGO NEXHUS\venv\Lib\site-packages\django\db\backends\utils.py", line 92, in _execute_with_wrappers
    return executor(sql, params, many, context)
  File "C:\Users\LOPEZHEJ\OneDrive - Luxottica Group S.p.A\Desktop\DJANGO NEXHUS\venv\Lib\site-packages\django\db\backends\utils.py", line 100, in _execute
    with self.db.wrap_database_errors:
         ^^^^^^^^^^^^^^^^^^^^^^^^^^^^
  File "C:\Users\LOPEZHEJ\OneDrive - Luxottica Group S.p.A\Desktop\DJANGO NEXHUS\venv\Lib\site-packages\django\db\utils.py", line 91, in __exit__
    raise dj_exc_value.with_traceback(traceback) from exc_value
  File "C:\Users\LOPEZHEJ\OneDrive - Luxottica Group S.p.A\Desktop\DJANGO NEXHUS\venv\Lib\site-packages\django\db\backends\utils.py", line 105, in _execute
    return self.cursor.execute(sql, params)
           ~~~~~~~~~~~~~~~~~~~^^^^^^^^^^^^^
  File "C:\Users\LOPEZHEJ\OneDrive - Luxottica Group S.p.A\Desktop\DJANGO NEXHUS\venv\Lib\site-packages\django\db\backends\sqlite3\base.py", line 354, in execute
    return super().execute(query, params)
           ~~~~~~~~~~~~~~~^^^^^^^^^^^^^^^
django.db.utils.IntegrityError: NOT NULL constraint failed: queue_app_huitem.error_msg
08:56:32 [ERROR] django.request - Internal Server Error: /scan/
Traceback (most recent call last):
  File "C:\Users\LOPEZHEJ\OneDrive - Luxottica Group S.p.A\Desktop\DJANGO NEXHUS\venv\Lib\site-packages\django\db\backends\utils.py", line 105, in _execute
    return self.cursor.execute(sql, params)
           ~~~~~~~~~~~~~~~~~~~^^^^^^^^^^^^^
  File "C:\Users\LOPEZHEJ\OneDrive - Luxottica Group S.p.A\Desktop\DJANGO NEXHUS\venv\Lib\site-packages\django\db\backends\sqlite3\base.py", line 354, in execute
    return super().execute(query, params)
           ~~~~~~~~~~~~~~~^^^^^^^^^^^^^^^
sqlite3.IntegrityError: NOT NULL constraint failed: queue_app_huitem.error_msg

The above exception was the direct cause of the following exception:

Traceback (most recent call last):
  File "C:\Users\LOPEZHEJ\OneDrive - Luxottica Group S.p.A\Desktop\DJANGO NEXHUS\venv\Lib\site-packages\asgiref\sync.py", line 557, in thread_handler
    raise exc_info[1]
  File "C:\Users\LOPEZHEJ\OneDrive - Luxottica Group S.p.A\Desktop\DJANGO NEXHUS\venv\Lib\site-packages\django\core\handlers\exception.py", line 42, in inner
    response = await get_response(request)
               ^^^^^^^^^^^^^^^^^^^^^^^^^^^
  File "C:\Users\LOPEZHEJ\OneDrive - Luxottica Group S.p.A\Desktop\DJANGO NEXHUS\venv\Lib\site-packages\asgiref\sync.py", line 557, in thread_handler
    raise exc_info[1]
  File "C:\Users\LOPEZHEJ\OneDrive - Luxottica Group S.p.A\Desktop\DJANGO NEXHUS\venv\Lib\site-packages\django\core\handlers\base.py", line 253, in _get_response_async
    response = await wrapped_callback(
               ^^^^^^^^^^^^^^^^^^^^^^^
        request, *callback_args, **callback_kwargs
        ^^^^^^^^^^^^^^^^^^^^^^^^^^^^^^^^^^^^^^^^^^
    )
    ^
  File "C:\Users\LOPEZHEJ\OneDrive - Luxottica Group S.p.A\Desktop\DJANGO NEXHUS\venv\Lib\site-packages\asgiref\sync.py", line 506, in __call__
    ret = await asyncio.shield(exec_coro)
          ^^^^^^^^^^^^^^^^^^^^^^^^^^^^^^^
  File "C:\Users\LOPEZHEJ\AppData\Local\Programs\Python\Python313\Lib\concurrent\futures\thread.py", line 59, in run
    result = self.fn(*self.args, **self.kwargs)
  File "C:\Users\LOPEZHEJ\OneDrive - Luxottica Group S.p.A\Desktop\DJANGO NEXHUS\venv\Lib\site-packages\asgiref\sync.py", line 561, in thread_handler
    return func(*args, **kwargs)
  File "C:\Users\LOPEZHEJ\OneDrive - Luxottica Group S.p.A\Desktop\DJANGO NEXHUS\venv\Lib\site-packages\django\views\decorators\http.py", line 64, in inner
    return func(request, *args, **kwargs)
  File "C:\Users\LOPEZHEJ\OneDrive - Luxottica Group S.p.A\Desktop\DJANGO NEXHUS\queue_app\views.py", line 122, in scan_hu
    item    = HUItem.objects.create(
        hu_code     = raw,
    ...<2 lines>...
        status      = HUItem.STATUS_PENDING,
    )
  File "C:\Users\LOPEZHEJ\OneDrive - Luxottica Group S.p.A\Desktop\DJANGO NEXHUS\venv\Lib\site-packages\django\db\models\manager.py", line 87, in manager_method
    return getattr(self.get_queryset(), name)(*args, **kwargs)
           ~~~~~~~~~~~~~~~~~~~~~~~~~~~~~~~~~~^^^^^^^^^^^^^^^^^
  File "C:\Users\LOPEZHEJ\OneDrive - Luxottica Group S.p.A\Desktop\DJANGO NEXHUS\venv\Lib\site-packages\django\db\models\query.py", line 679, in create
    obj.save(force_insert=True, using=self.db)
    ~~~~~~~~^^^^^^^^^^^^^^^^^^^^^^^^^^^^^^^^^^
  File "C:\Users\LOPEZHEJ\OneDrive - Luxottica Group S.p.A\Desktop\DJANGO NEXHUS\venv\Lib\site-packages\django\db\models\base.py", line 891, in save
    self.save_base(
    ~~~~~~~~~~~~~~^
        using=using,
        ^^^^^^^^^^^^
    ...<2 lines>...
        update_fields=update_fields,
        ^^^^^^^^^^^^^^^^^^^^^^^^^^^^
    )
    ^
  File "C:\Users\LOPEZHEJ\OneDrive - Luxottica Group S.p.A\Desktop\DJANGO NEXHUS\venv\Lib\site-packages\django\db\models\base.py", line 997, in save_base
    updated = self._save_table(
        raw,
    ...<4 lines>...
        update_fields,
    )
  File "C:\Users\LOPEZHEJ\OneDrive - Luxottica Group S.p.A\Desktop\DJANGO NEXHUS\venv\Lib\site-packages\django\db\models\base.py", line 1160, in _save_table
    results = self._do_insert(
        cls._base_manager, using, fields, returning_fields, raw
    )
  File "C:\Users\LOPEZHEJ\OneDrive - Luxottica Group S.p.A\Desktop\DJANGO NEXHUS\venv\Lib\site-packages\django\db\models\base.py", line 1201, in _do_insert
    return manager._insert(
           ~~~~~~~~~~~~~~~^
        [self],
        ^^^^^^^
    ...<3 lines>...
        raw=raw,
        ^^^^^^^^
    )
    ^
  File "C:\Users\LOPEZHEJ\OneDrive - Luxottica Group S.p.A\Desktop\DJANGO NEXHUS\venv\Lib\site-packages\django\db\models\manager.py", line 87, in manager_method
    return getattr(self.get_queryset(), name)(*args, **kwargs)
           ~~~~~~~~~~~~~~~~~~~~~~~~~~~~~~~~~~^^^^^^^^^^^^^^^^^
  File "C:\Users\LOPEZHEJ\OneDrive - Luxottica Group S.p.A\Desktop\DJANGO NEXHUS\venv\Lib\site-packages\django\db\models\query.py", line 1847, in _insert
    return query.get_compiler(using=using).execute_sql(returning_fields)
           ~~~~~~~~~~~~~~~~~~~~~~~~~~~~~~~~~~~~~~~~~~~^^^^^^^^^^^^^^^^^^
  File "C:\Users\LOPEZHEJ\OneDrive - Luxottica Group S.p.A\Desktop\DJANGO NEXHUS\venv\Lib\site-packages\django\db\models\sql\compiler.py", line 1836, in execute_sql
    cursor.execute(sql, params)
    ~~~~~~~~~~~~~~^^^^^^^^^^^^^
  File "C:\Users\LOPEZHEJ\OneDrive - Luxottica Group S.p.A\Desktop\DJANGO NEXHUS\venv\Lib\site-packages\django\db\backends\utils.py", line 122, in execute
    return super().execute(sql, params)
           ~~~~~~~~~~~~~~~^^^^^^^^^^^^^
  File "C:\Users\LOPEZHEJ\OneDrive - Luxottica Group S.p.A\Desktop\DJANGO NEXHUS\venv\Lib\site-packages\django\db\backends\utils.py", line 79, in execute
    return self._execute_with_wrappers(
           ~~~~~~~~~~~~~~~~~~~~~~~~~~~^
        sql, params, many=False, executor=self._execute
        ^^^^^^^^^^^^^^^^^^^^^^^^^^^^^^^^^^^^^^^^^^^^^^^
    )
    ^
  File "C:\Users\LOPEZHEJ\OneDrive - Luxottica Group S.p.A\Desktop\DJANGO NEXHUS\venv\Lib\site-packages\django\db\backends\utils.py", line 92, in _execute_with_wrappers
    return executor(sql, params, many, context)
  File "C:\Users\LOPEZHEJ\OneDrive - Luxottica Group S.p.A\Desktop\DJANGO NEXHUS\venv\Lib\site-packages\django\db\backends\utils.py", line 100, in _execute
    with self.db.wrap_database_errors:
         ^^^^^^^^^^^^^^^^^^^^^^^^^^^^
  File "C:\Users\LOPEZHEJ\OneDrive - Luxottica Group S.p.A\Desktop\DJANGO NEXHUS\venv\Lib\site-packages\django\db\utils.py", line 91, in __exit__
    raise dj_exc_value.with_traceback(traceback) from exc_value
  File "C:\Users\LOPEZHEJ\OneDrive - Luxottica Group S.p.A\Desktop\DJANGO NEXHUS\venv\Lib\site-packages\django\db\backends\utils.py", line 105, in _execute
    return self.cursor.execute(sql, params)
           ~~~~~~~~~~~~~~~~~~~^^^^^^^^^^^^^
  File "C:\Users\LOPEZHEJ\OneDrive - Luxottica Group S.p.A\Desktop\DJANGO NEXHUS\venv\Lib\site-packages\django\db\backends\sqlite3\base.py", line 354, in execute
    return super().execute(query, params)
           ~~~~~~~~~~~~~~~^^^^^^^^^^^^^^^
django.db.utils.IntegrityError: NOT NULL constraint failed: queue_app_huitem.error_msg
08:56:32 [ERROR] django.request - Internal Server Error: /scan/
Traceback (most recent call last):
  File "C:\Users\LOPEZHEJ\OneDrive - Luxottica Group S.p.A\Desktop\DJANGO NEXHUS\venv\Lib\site-packages\django\db\backends\utils.py", line 105, in _execute
    return self.cursor.execute(sql, params)
           ~~~~~~~~~~~~~~~~~~~^^^^^^^^^^^^^
  File "C:\Users\LOPEZHEJ\OneDrive - Luxottica Group S.p.A\Desktop\DJANGO NEXHUS\venv\Lib\site-packages\django\db\backends\sqlite3\base.py", line 354, in execute
    return super().execute(query, params)
           ~~~~~~~~~~~~~~~^^^^^^^^^^^^^^^
sqlite3.IntegrityError: NOT NULL constraint failed: queue_app_huitem.error_msg

The above exception was the direct cause of the following exception:

Traceback (most recent call last):
  File "C:\Users\LOPEZHEJ\OneDrive - Luxottica Group S.p.A\Desktop\DJANGO NEXHUS\venv\Lib\site-packages\asgiref\sync.py", line 557, in thread_handler
    raise exc_info[1]
  File "C:\Users\LOPEZHEJ\OneDrive - Luxottica Group S.p.A\Desktop\DJANGO NEXHUS\venv\Lib\site-packages\django\core\handlers\exception.py", line 42, in inner
    response = await get_response(request)
               ^^^^^^^^^^^^^^^^^^^^^^^^^^^
  File "C:\Users\LOPEZHEJ\OneDrive - Luxottica Group S.p.A\Desktop\DJANGO NEXHUS\venv\Lib\site-packages\asgiref\sync.py", line 557, in thread_handler
    raise exc_info[1]
  File "C:\Users\LOPEZHEJ\OneDrive - Luxottica Group S.p.A\Desktop\DJANGO NEXHUS\venv\Lib\site-packages\django\core\handlers\base.py", line 253, in _get_response_async
    response = await wrapped_callback(
               ^^^^^^^^^^^^^^^^^^^^^^^
        request, *callback_args, **callback_kwargs
        ^^^^^^^^^^^^^^^^^^^^^^^^^^^^^^^^^^^^^^^^^^
    )
    ^
  File "C:\Users\LOPEZHEJ\OneDrive - Luxottica Group S.p.A\Desktop\DJANGO NEXHUS\venv\Lib\site-packages\asgiref\sync.py", line 506, in __call__
    ret = await asyncio.shield(exec_coro)
          ^^^^^^^^^^^^^^^^^^^^^^^^^^^^^^^
  File "C:\Users\LOPEZHEJ\AppData\Local\Programs\Python\Python313\Lib\concurrent\futures\thread.py", line 59, in run
    result = self.fn(*self.args, **self.kwargs)
  File "C:\Users\LOPEZHEJ\OneDrive - Luxottica Group S.p.A\Desktop\DJANGO NEXHUS\venv\Lib\site-packages\asgiref\sync.py", line 561, in thread_handler
    return func(*args, **kwargs)
  File "C:\Users\LOPEZHEJ\OneDrive - Luxottica Group S.p.A\Desktop\DJANGO NEXHUS\venv\Lib\site-packages\django\views\decorators\http.py", line 64, in inner
    return func(request, *args, **kwargs)
  File "C:\Users\LOPEZHEJ\OneDrive - Luxottica Group S.p.A\Desktop\DJANGO NEXHUS\queue_app\views.py", line 122, in scan_hu
    item    = HUItem.objects.create(
        hu_code     = raw,
    ...<2 lines>...
        status      = HUItem.STATUS_PENDING,
    )
  File "C:\Users\LOPEZHEJ\OneDrive - Luxottica Group S.p.A\Desktop\DJANGO NEXHUS\venv\Lib\site-packages\django\db\models\manager.py", line 87, in manager_method
    return getattr(self.get_queryset(), name)(*args, **kwargs)
           ~~~~~~~~~~~~~~~~~~~~~~~~~~~~~~~~~~^^^^^^^^^^^^^^^^^
  File "C:\Users\LOPEZHEJ\OneDrive - Luxottica Group S.p.A\Desktop\DJANGO NEXHUS\venv\Lib\site-packages\django\db\models\query.py", line 679, in create
    obj.save(force_insert=True, using=self.db)
    ~~~~~~~~^^^^^^^^^^^^^^^^^^^^^^^^^^^^^^^^^^
  File "C:\Users\LOPEZHEJ\OneDrive - Luxottica Group S.p.A\Desktop\DJANGO NEXHUS\venv\Lib\site-packages\django\db\models\base.py", line 891, in save
    self.save_base(
    ~~~~~~~~~~~~~~^
        using=using,
        ^^^^^^^^^^^^
    ...<2 lines>...
        update_fields=update_fields,
        ^^^^^^^^^^^^^^^^^^^^^^^^^^^^
    )
    ^
  File "C:\Users\LOPEZHEJ\OneDrive - Luxottica Group S.p.A\Desktop\DJANGO NEXHUS\venv\Lib\site-packages\django\db\models\base.py", line 997, in save_base
    updated = self._save_table(
        raw,
    ...<4 lines>...
        update_fields,
    )
  File "C:\Users\LOPEZHEJ\OneDrive - Luxottica Group S.p.A\Desktop\DJANGO NEXHUS\venv\Lib\site-packages\django\db\models\base.py", line 1160, in _save_table
    results = self._do_insert(
        cls._base_manager, using, fields, returning_fields, raw
    )
  File "C:\Users\LOPEZHEJ\OneDrive - Luxottica Group S.p.A\Desktop\DJANGO NEXHUS\venv\Lib\site-packages\django\db\models\base.py", line 1201, in _do_insert
    return manager._insert(
           ~~~~~~~~~~~~~~~^
        [self],
        ^^^^^^^
    ...<3 lines>...
        raw=raw,
        ^^^^^^^^
    )
    ^
  File "C:\Users\LOPEZHEJ\OneDrive - Luxottica Group S.p.A\Desktop\DJANGO NEXHUS\venv\Lib\site-packages\django\db\models\manager.py", line 87, in manager_method
    return getattr(self.get_queryset(), name)(*args, **kwargs)
           ~~~~~~~~~~~~~~~~~~~~~~~~~~~~~~~~~~^^^^^^^^^^^^^^^^^
  File "C:\Users\LOPEZHEJ\OneDrive - Luxottica Group S.p.A\Desktop\DJANGO NEXHUS\venv\Lib\site-packages\django\db\models\query.py", line 1847, in _insert
    return query.get_compiler(using=using).execute_sql(returning_fields)
           ~~~~~~~~~~~~~~~~~~~~~~~~~~~~~~~~~~~~~~~~~~~^^^^^^^^^^^^^^^^^^
  File "C:\Users\LOPEZHEJ\OneDrive - Luxottica Group S.p.A\Desktop\DJANGO NEXHUS\venv\Lib\site-packages\django\db\models\sql\compiler.py", line 1836, in execute_sql
    cursor.execute(sql, params)
    ~~~~~~~~~~~~~~^^^^^^^^^^^^^
  File "C:\Users\LOPEZHEJ\OneDrive - Luxottica Group S.p.A\Desktop\DJANGO NEXHUS\venv\Lib\site-packages\django\db\backends\utils.py", line 122, in execute
    return super().execute(sql, params)
           ~~~~~~~~~~~~~~~^^^^^^^^^^^^^
  File "C:\Users\LOPEZHEJ\OneDrive - Luxottica Group S.p.A\Desktop\DJANGO NEXHUS\venv\Lib\site-packages\django\db\backends\utils.py", line 79, in execute
    return self._execute_with_wrappers(
           ~~~~~~~~~~~~~~~~~~~~~~~~~~~^
        sql, params, many=False, executor=self._execute
        ^^^^^^^^^^^^^^^^^^^^^^^^^^^^^^^^^^^^^^^^^^^^^^^
    )
    ^
  File "C:\Users\LOPEZHEJ\OneDrive - Luxottica Group S.p.A\Desktop\DJANGO NEXHUS\venv\Lib\site-packages\django\db\backends\utils.py", line 92, in _execute_with_wrappers
    return executor(sql, params, many, context)
  File "C:\Users\LOPEZHEJ\OneDrive - Luxottica Group S.p.A\Desktop\DJANGO NEXHUS\venv\Lib\site-packages\django\db\backends\utils.py", line 100, in _execute
    with self.db.wrap_database_errors:
         ^^^^^^^^^^^^^^^^^^^^^^^^^^^^
  File "C:\Users\LOPEZHEJ\OneDrive - Luxottica Group S.p.A\Desktop\DJANGO NEXHUS\venv\Lib\site-packages\django\db\utils.py", line 91, in __exit__
    raise dj_exc_value.with_traceback(traceback) from exc_value
  File "C:\Users\LOPEZHEJ\OneDrive - Luxottica Group S.p.A\Desktop\DJANGO NEXHUS\venv\Lib\site-packages\django\db\backends\utils.py", line 105, in _execute
    return self.cursor.execute(sql, params)
           ~~~~~~~~~~~~~~~~~~~^^^^^^^^^^^^^
  File "C:\Users\LOPEZHEJ\OneDrive - Luxottica Group S.p.A\Desktop\DJANGO NEXHUS\venv\Lib\site-packages\django\db\backends\sqlite3\base.py", line 354, in execute
    return super().execute(query, params)
           ~~~~~~~~~~~~~~~^^^^^^^^^^^^^^^
django.db.utils.IntegrityError: NOT NULL constraint failed: queue_app_huitem.error_msg
08:56:32 [ERROR] django.request - Internal Server Error: /scan/
Traceback (most recent call last):
  File "C:\Users\LOPEZHEJ\OneDrive - Luxottica Group S.p.A\Desktop\DJANGO NEXHUS\venv\Lib\site-packages\django\db\backends\utils.py", line 105, in _execute
    return self.cursor.execute(sql, params)
           ~~~~~~~~~~~~~~~~~~~^^^^^^^^^^^^^
  File "C:\Users\LOPEZHEJ\OneDrive - Luxottica Group S.p.A\Desktop\DJANGO NEXHUS\venv\Lib\site-packages\django\db\backends\sqlite3\base.py", line 354, in execute
    return super().execute(query, params)
           ~~~~~~~~~~~~~~~^^^^^^^^^^^^^^^
sqlite3.IntegrityError: NOT NULL constraint failed: queue_app_huitem.error_msg

The above exception was the direct cause of the following exception:

Traceback (most recent call last):
  File "C:\Users\LOPEZHEJ\OneDrive - Luxottica Group S.p.A\Desktop\DJANGO NEXHUS\venv\Lib\site-packages\asgiref\sync.py", line 557, in thread_handler
    raise exc_info[1]
  File "C:\Users\LOPEZHEJ\OneDrive - Luxottica Group S.p.A\Desktop\DJANGO NEXHUS\venv\Lib\site-packages\django\core\handlers\exception.py", line 42, in inner
    response = await get_response(request)
               ^^^^^^^^^^^^^^^^^^^^^^^^^^^
  File "C:\Users\LOPEZHEJ\OneDrive - Luxottica Group S.p.A\Desktop\DJANGO NEXHUS\venv\Lib\site-packages\asgiref\sync.py", line 557, in thread_handler
    raise exc_info[1]
  File "C:\Users\LOPEZHEJ\OneDrive - Luxottica Group S.p.A\Desktop\DJANGO NEXHUS\venv\Lib\site-packages\django\core\handlers\base.py", line 253, in _get_response_async
    response = await wrapped_callback(
               ^^^^^^^^^^^^^^^^^^^^^^^
        request, *callback_args, **callback_kwargs
        ^^^^^^^^^^^^^^^^^^^^^^^^^^^^^^^^^^^^^^^^^^
    )
    ^
  File "C:\Users\LOPEZHEJ\OneDrive - Luxottica Group S.p.A\Desktop\DJANGO NEXHUS\venv\Lib\site-packages\asgiref\sync.py", line 506, in __call__
    ret = await asyncio.shield(exec_coro)
          ^^^^^^^^^^^^^^^^^^^^^^^^^^^^^^^
  File "C:\Users\LOPEZHEJ\AppData\Local\Programs\Python\Python313\Lib\concurrent\futures\thread.py", line 59, in run
    result = self.fn(*self.args, **self.kwargs)
  File "C:\Users\LOPEZHEJ\OneDrive - Luxottica Group S.p.A\Desktop\DJANGO NEXHUS\venv\Lib\site-packages\asgiref\sync.py", line 561, in thread_handler
    return func(*args, **kwargs)
  File "C:\Users\LOPEZHEJ\OneDrive - Luxottica Group S.p.A\Desktop\DJANGO NEXHUS\venv\Lib\site-packages\django\views\decorators\http.py", line 64, in inner
    return func(request, *args, **kwargs)
  File "C:\Users\LOPEZHEJ\OneDrive - Luxottica Group S.p.A\Desktop\DJANGO NEXHUS\queue_app\views.py", line 122, in scan_hu
    item    = HUItem.objects.create(
        hu_code     = raw,
    ...<2 lines>...
        status      = HUItem.STATUS_PENDING,
    )
  File "C:\Users\LOPEZHEJ\OneDrive - Luxottica Group S.p.A\Desktop\DJANGO NEXHUS\venv\Lib\site-packages\django\db\models\manager.py", line 87, in manager_method
    return getattr(self.get_queryset(), name)(*args, **kwargs)
           ~~~~~~~~~~~~~~~~~~~~~~~~~~~~~~~~~~^^^^^^^^^^^^^^^^^
  File "C:\Users\LOPEZHEJ\OneDrive - Luxottica Group S.p.A\Desktop\DJANGO NEXHUS\venv\Lib\site-packages\django\db\models\query.py", line 679, in create
    obj.save(force_insert=True, using=self.db)
    ~~~~~~~~^^^^^^^^^^^^^^^^^^^^^^^^^^^^^^^^^^
  File "C:\Users\LOPEZHEJ\OneDrive - Luxottica Group S.p.A\Desktop\DJANGO NEXHUS\venv\Lib\site-packages\django\db\models\base.py", line 891, in save
    self.save_base(
    ~~~~~~~~~~~~~~^
        using=using,
        ^^^^^^^^^^^^
    ...<2 lines>...
        update_fields=update_fields,
        ^^^^^^^^^^^^^^^^^^^^^^^^^^^^
    )
    ^
  File "C:\Users\LOPEZHEJ\OneDrive - Luxottica Group S.p.A\Desktop\DJANGO NEXHUS\venv\Lib\site-packages\django\db\models\base.py", line 997, in save_base
    updated = self._save_table(
        raw,
    ...<4 lines>...
        update_fields,
    )
  File "C:\Users\LOPEZHEJ\OneDrive - Luxottica Group S.p.A\Desktop\DJANGO NEXHUS\venv\Lib\site-packages\django\db\models\base.py", line 1160, in _save_table
    results = self._do_insert(
        cls._base_manager, using, fields, returning_fields, raw
    )
  File "C:\Users\LOPEZHEJ\OneDrive - Luxottica Group S.p.A\Desktop\DJANGO NEXHUS\venv\Lib\site-packages\django\db\models\base.py", line 1201, in _do_insert
    return manager._insert(
           ~~~~~~~~~~~~~~~^
        [self],
        ^^^^^^^
    ...<3 lines>...
        raw=raw,
        ^^^^^^^^
    )
    ^
  File "C:\Users\LOPEZHEJ\OneDrive - Luxottica Group S.p.A\Desktop\DJANGO NEXHUS\venv\Lib\site-packages\django\db\models\manager.py", line 87, in manager_method
    return getattr(self.get_queryset(), name)(*args, **kwargs)
           ~~~~~~~~~~~~~~~~~~~~~~~~~~~~~~~~~~^^^^^^^^^^^^^^^^^
  File "C:\Users\LOPEZHEJ\OneDrive - Luxottica Group S.p.A\Desktop\DJANGO NEXHUS\venv\Lib\site-packages\django\db\models\query.py", line 1847, in _insert
    return query.get_compiler(using=using).execute_sql(returning_fields)
           ~~~~~~~~~~~~~~~~~~~~~~~~~~~~~~~~~~~~~~~~~~~^^^^^^^^^^^^^^^^^^
  File "C:\Users\LOPEZHEJ\OneDrive - Luxottica Group S.p.A\Desktop\DJANGO NEXHUS\venv\Lib\site-packages\django\db\models\sql\compiler.py", line 1836, in execute_sql
    cursor.execute(sql, params)
    ~~~~~~~~~~~~~~^^^^^^^^^^^^^
  File "C:\Users\LOPEZHEJ\OneDrive - Luxottica Group S.p.A\Desktop\DJANGO NEXHUS\venv\Lib\site-packages\django\db\backends\utils.py", line 122, in execute
    return super().execute(sql, params)
           ~~~~~~~~~~~~~~~^^^^^^^^^^^^^
  File "C:\Users\LOPEZHEJ\OneDrive - Luxottica Group S.p.A\Desktop\DJANGO NEXHUS\venv\Lib\site-packages\django\db\backends\utils.py", line 79, in execute
    return self._execute_with_wrappers(
           ~~~~~~~~~~~~~~~~~~~~~~~~~~~^
        sql, params, many=False, executor=self._execute
        ^^^^^^^^^^^^^^^^^^^^^^^^^^^^^^^^^^^^^^^^^^^^^^^
    )
    ^
  File "C:\Users\LOPEZHEJ\OneDrive - Luxottica Group S.p.A\Desktop\DJANGO NEXHUS\venv\Lib\site-packages\django\db\backends\utils.py", line 92, in _execute_with_wrappers
    return executor(sql, params, many, context)
  File "C:\Users\LOPEZHEJ\OneDrive - Luxottica Group S.p.A\Desktop\DJANGO NEXHUS\venv\Lib\site-packages\django\db\backends\utils.py", line 100, in _execute
    with self.db.wrap_database_errors:
         ^^^^^^^^^^^^^^^^^^^^^^^^^^^^
  File "C:\Users\LOPEZHEJ\OneDrive - Luxottica Group S.p.A\Desktop\DJANGO NEXHUS\venv\Lib\site-packages\django\db\utils.py", line 91, in __exit__
    raise dj_exc_value.with_traceback(traceback) from exc_value
  File "C:\Users\LOPEZHEJ\OneDrive - Luxottica Group S.p.A\Desktop\DJANGO NEXHUS\venv\Lib\site-packages\django\db\backends\utils.py", line 105, in _execute
    return self.cursor.execute(sql, params)
           ~~~~~~~~~~~~~~~~~~~^^^^^^^^^^^^^
  File "C:\Users\LOPEZHEJ\OneDrive - Luxottica Group S.p.A\Desktop\DJANGO NEXHUS\venv\Lib\site-packages\django\db\backends\sqlite3\base.py", line 354, in execute
    return super().execute(query, params)
           ~~~~~~~~~~~~~~~^^^^^^^^^^^^^^^
django.db.utils.IntegrityError: NOT NULL constraint failed: queue_app_huitem.error_msg
08:56:33 [ERROR] django.request - Internal Server Error: /scan/
Traceback (most recent call last):
  File "C:\Users\LOPEZHEJ\OneDrive - Luxottica Group S.p.A\Desktop\DJANGO NEXHUS\venv\Lib\site-packages\django\db\backends\utils.py", line 105, in _execute
    return self.cursor.execute(sql, params)
           ~~~~~~~~~~~~~~~~~~~^^^^^^^^^^^^^
  File "C:\Users\LOPEZHEJ\OneDrive - Luxottica Group S.p.A\Desktop\DJANGO NEXHUS\venv\Lib\site-packages\django\db\backends\sqlite3\base.py", line 354, in execute
    return super().execute(query, params)
           ~~~~~~~~~~~~~~~^^^^^^^^^^^^^^^
sqlite3.IntegrityError: NOT NULL constraint failed: queue_app_huitem.error_msg

The above exception was the direct cause of the following exception:

Traceback (most recent call last):
  File "C:\Users\LOPEZHEJ\OneDrive - Luxottica Group S.p.A\Desktop\DJANGO NEXHUS\venv\Lib\site-packages\asgiref\sync.py", line 557, in thread_handler
    raise exc_info[1]
  File "C:\Users\LOPEZHEJ\OneDrive - Luxottica Group S.p.A\Desktop\DJANGO NEXHUS\venv\Lib\site-packages\django\core\handlers\exception.py", line 42, in inner
    response = await get_response(request)
               ^^^^^^^^^^^^^^^^^^^^^^^^^^^
  File "C:\Users\LOPEZHEJ\OneDrive - Luxottica Group S.p.A\Desktop\DJANGO NEXHUS\venv\Lib\site-packages\asgiref\sync.py", line 557, in thread_handler
    raise exc_info[1]
  File "C:\Users\LOPEZHEJ\OneDrive - Luxottica Group S.p.A\Desktop\DJANGO NEXHUS\venv\Lib\site-packages\django\core\handlers\base.py", line 253, in _get_response_async
    response = await wrapped_callback(
               ^^^^^^^^^^^^^^^^^^^^^^^
        request, *callback_args, **callback_kwargs
        ^^^^^^^^^^^^^^^^^^^^^^^^^^^^^^^^^^^^^^^^^^
    )
    ^
  File "C:\Users\LOPEZHEJ\OneDrive - Luxottica Group S.p.A\Desktop\DJANGO NEXHUS\venv\Lib\site-packages\asgiref\sync.py", line 506, in __call__
    ret = await asyncio.shield(exec_coro)
          ^^^^^^^^^^^^^^^^^^^^^^^^^^^^^^^
  File "C:\Users\LOPEZHEJ\AppData\Local\Programs\Python\Python313\Lib\concurrent\futures\thread.py", line 59, in run
    result = self.fn(*self.args, **self.kwargs)
  File "C:\Users\LOPEZHEJ\OneDrive - Luxottica Group S.p.A\Desktop\DJANGO NEXHUS\venv\Lib\site-packages\asgiref\sync.py", line 561, in thread_handler
    return func(*args, **kwargs)
  File "C:\Users\LOPEZHEJ\OneDrive - Luxottica Group S.p.A\Desktop\DJANGO NEXHUS\venv\Lib\site-packages\django\views\decorators\http.py", line 64, in inner
    return func(request, *args, **kwargs)
  File "C:\Users\LOPEZHEJ\OneDrive - Luxottica Group S.p.A\Desktop\DJANGO NEXHUS\queue_app\views.py", line 122, in scan_hu
    item    = HUItem.objects.create(
        hu_code     = raw,
    ...<2 lines>...
        status      = HUItem.STATUS_PENDING,
    )
  File "C:\Users\LOPEZHEJ\OneDrive - Luxottica Group S.p.A\Desktop\DJANGO NEXHUS\venv\Lib\site-packages\django\db\models\manager.py", line 87, in manager_method
    return getattr(self.get_queryset(), name)(*args, **kwargs)
           ~~~~~~~~~~~~~~~~~~~~~~~~~~~~~~~~~~^^^^^^^^^^^^^^^^^
  File "C:\Users\LOPEZHEJ\OneDrive - Luxottica Group S.p.A\Desktop\DJANGO NEXHUS\venv\Lib\site-packages\django\db\models\query.py", line 679, in create
    obj.save(force_insert=True, using=self.db)
    ~~~~~~~~^^^^^^^^^^^^^^^^^^^^^^^^^^^^^^^^^^
  File "C:\Users\LOPEZHEJ\OneDrive - Luxottica Group S.p.A\Desktop\DJANGO NEXHUS\venv\Lib\site-packages\django\db\models\base.py", line 891, in save
    self.save_base(
    ~~~~~~~~~~~~~~^
        using=using,
        ^^^^^^^^^^^^
    ...<2 lines>...
        update_fields=update_fields,
        ^^^^^^^^^^^^^^^^^^^^^^^^^^^^
    )
    ^
  File "C:\Users\LOPEZHEJ\OneDrive - Luxottica Group S.p.A\Desktop\DJANGO NEXHUS\venv\Lib\site-packages\django\db\models\base.py", line 997, in save_base
    updated = self._save_table(
        raw,
    ...<4 lines>...
        update_fields,
    )
  File "C:\Users\LOPEZHEJ\OneDrive - Luxottica Group S.p.A\Desktop\DJANGO NEXHUS\venv\Lib\site-packages\django\db\models\base.py", line 1160, in _save_table
    results = self._do_insert(
        cls._base_manager, using, fields, returning_fields, raw
    )
  File "C:\Users\LOPEZHEJ\OneDrive - Luxottica Group S.p.A\Desktop\DJANGO NEXHUS\venv\Lib\site-packages\django\db\models\base.py", line 1201, in _do_insert
    return manager._insert(
           ~~~~~~~~~~~~~~~^
        [self],
        ^^^^^^^
    ...<3 lines>...
        raw=raw,
        ^^^^^^^^
    )
    ^
  File "C:\Users\LOPEZHEJ\OneDrive - Luxottica Group S.p.A\Desktop\DJANGO NEXHUS\venv\Lib\site-packages\django\db\models\manager.py", line 87, in manager_method
    return getattr(self.get_queryset(), name)(*args, **kwargs)
           ~~~~~~~~~~~~~~~~~~~~~~~~~~~~~~~~~~^^^^^^^^^^^^^^^^^
  File "C:\Users\LOPEZHEJ\OneDrive - Luxottica Group S.p.A\Desktop\DJANGO NEXHUS\venv\Lib\site-packages\django\db\models\query.py", line 1847, in _insert
    return query.get_compiler(using=using).execute_sql(returning_fields)
           ~~~~~~~~~~~~~~~~~~~~~~~~~~~~~~~~~~~~~~~~~~~^^^^^^^^^^^^^^^^^^
  File "C:\Users\LOPEZHEJ\OneDrive - Luxottica Group S.p.A\Desktop\DJANGO NEXHUS\venv\Lib\site-packages\django\db\models\sql\compiler.py", line 1836, in execute_sql
    cursor.execute(sql, params)
    ~~~~~~~~~~~~~~^^^^^^^^^^^^^
  File "C:\Users\LOPEZHEJ\OneDrive - Luxottica Group S.p.A\Desktop\DJANGO NEXHUS\venv\Lib\site-packages\django\db\backends\utils.py", line 122, in execute
    return super().execute(sql, params)
           ~~~~~~~~~~~~~~~^^^^^^^^^^^^^
  File "C:\Users\LOPEZHEJ\OneDrive - Luxottica Group S.p.A\Desktop\DJANGO NEXHUS\venv\Lib\site-packages\django\db\backends\utils.py", line 79, in execute
    return self._execute_with_wrappers(
           ~~~~~~~~~~~~~~~~~~~~~~~~~~~^
        sql, params, many=False, executor=self._execute
        ^^^^^^^^^^^^^^^^^^^^^^^^^^^^^^^^^^^^^^^^^^^^^^^
    )
    ^
  File "C:\Users\LOPEZHEJ\OneDrive - Luxottica Group S.p.A\Desktop\DJANGO NEXHUS\venv\Lib\site-packages\django\db\backends\utils.py", line 92, in _execute_with_wrappers
    return executor(sql, params, many, context)
  File "C:\Users\LOPEZHEJ\OneDrive - Luxottica Group S.p.A\Desktop\DJANGO NEXHUS\venv\Lib\site-packages\django\db\backends\utils.py", line 100, in _execute
    with self.db.wrap_database_errors:
         ^^^^^^^^^^^^^^^^^^^^^^^^^^^^
  File "C:\Users\LOPEZHEJ\OneDrive - Luxottica Group S.p.A\Desktop\DJANGO NEXHUS\venv\Lib\site-packages\django\db\utils.py", line 91, in __exit__
    raise dj_exc_value.with_traceback(traceback) from exc_value
  File "C:\Users\LOPEZHEJ\OneDrive - Luxottica Group S.p.A\Desktop\DJANGO NEXHUS\venv\Lib\site-packages\django\db\backends\utils.py", line 105, in _execute
    return self.cursor.execute(sql, params)
           ~~~~~~~~~~~~~~~~~~~^^^^^^^^^^^^^
  File "C:\Users\LOPEZHEJ\OneDrive - Luxottica Group S.p.A\Desktop\DJANGO NEXHUS\venv\Lib\site-packages\django\db\backends\sqlite3\base.py", line 354, in execute
    return super().execute(query, params)
           ~~~~~~~~~~~~~~~^^^^^^^^^^^^^^^
django.db.utils.IntegrityError: NOT NULL constraint failed: queue_app_huitem.error_msg
08:56:33 [ERROR] django.request - Internal Server Error: /scan/
Traceback (most recent call last):
  File "C:\Users\LOPEZHEJ\OneDrive - Luxottica Group S.p.A\Desktop\DJANGO NEXHUS\venv\Lib\site-packages\django\db\backends\utils.py", line 105, in _execute
    return self.cursor.execute(sql, params)
           ~~~~~~~~~~~~~~~~~~~^^^^^^^^^^^^^
  File "C:\Users\LOPEZHEJ\OneDrive - Luxottica Group S.p.A\Desktop\DJANGO NEXHUS\venv\Lib\site-packages\django\db\backends\sqlite3\base.py", line 354, in execute
    return super().execute(query, params)
           ~~~~~~~~~~~~~~~^^^^^^^^^^^^^^^
sqlite3.IntegrityError: NOT NULL constraint failed: queue_app_huitem.error_msg

The above exception was the direct cause of the following exception:

Traceback (most recent call last):
  File "C:\Users\LOPEZHEJ\OneDrive - Luxottica Group S.p.A\Desktop\DJANGO NEXHUS\venv\Lib\site-packages\asgiref\sync.py", line 557, in thread_handler
    raise exc_info[1]
  File "C:\Users\LOPEZHEJ\OneDrive - Luxottica Group S.p.A\Desktop\DJANGO NEXHUS\venv\Lib\site-packages\django\core\handlers\exception.py", line 42, in inner
    response = await get_response(request)
               ^^^^^^^^^^^^^^^^^^^^^^^^^^^
  File "C:\Users\LOPEZHEJ\OneDrive - Luxottica Group S.p.A\Desktop\DJANGO NEXHUS\venv\Lib\site-packages\asgiref\sync.py", line 557, in thread_handler
    raise exc_info[1]
  File "C:\Users\LOPEZHEJ\OneDrive - Luxottica Group S.p.A\Desktop\DJANGO NEXHUS\venv\Lib\site-packages\django\core\handlers\base.py", line 253, in _get_response_async
    response = await wrapped_callback(
               ^^^^^^^^^^^^^^^^^^^^^^^
        request, *callback_args, **callback_kwargs
        ^^^^^^^^^^^^^^^^^^^^^^^^^^^^^^^^^^^^^^^^^^
    )
    ^
  File "C:\Users\LOPEZHEJ\OneDrive - Luxottica Group S.p.A\Desktop\DJANGO NEXHUS\venv\Lib\site-packages\asgiref\sync.py", line 506, in __call__
    ret = await asyncio.shield(exec_coro)
          ^^^^^^^^^^^^^^^^^^^^^^^^^^^^^^^
  File "C:\Users\LOPEZHEJ\AppData\Local\Programs\Python\Python313\Lib\concurrent\futures\thread.py", line 59, in run
    result = self.fn(*self.args, **self.kwargs)
  File "C:\Users\LOPEZHEJ\OneDrive - Luxottica Group S.p.A\Desktop\DJANGO NEXHUS\venv\Lib\site-packages\asgiref\sync.py", line 561, in thread_handler
    return func(*args, **kwargs)
  File "C:\Users\LOPEZHEJ\OneDrive - Luxottica Group S.p.A\Desktop\DJANGO NEXHUS\venv\Lib\site-packages\django\views\decorators\http.py", line 64, in inner
    return func(request, *args, **kwargs)
  File "C:\Users\LOPEZHEJ\OneDrive - Luxottica Group S.p.A\Desktop\DJANGO NEXHUS\queue_app\views.py", line 122, in scan_hu
    item    = HUItem.objects.create(
        hu_code     = raw,
    ...<2 lines>...
        status      = HUItem.STATUS_PENDING,
    )
  File "C:\Users\LOPEZHEJ\OneDrive - Luxottica Group S.p.A\Desktop\DJANGO NEXHUS\venv\Lib\site-packages\django\db\models\manager.py", line 87, in manager_method
    return getattr(self.get_queryset(), name)(*args, **kwargs)
           ~~~~~~~~~~~~~~~~~~~~~~~~~~~~~~~~~~^^^^^^^^^^^^^^^^^
  File "C:\Users\LOPEZHEJ\OneDrive - Luxottica Group S.p.A\Desktop\DJANGO NEXHUS\venv\Lib\site-packages\django\db\models\query.py", line 679, in create
    obj.save(force_insert=True, using=self.db)
    ~~~~~~~~^^^^^^^^^^^^^^^^^^^^^^^^^^^^^^^^^^
  File "C:\Users\LOPEZHEJ\OneDrive - Luxottica Group S.p.A\Desktop\DJANGO NEXHUS\venv\Lib\site-packages\django\db\models\base.py", line 891, in save
    self.save_base(
    ~~~~~~~~~~~~~~^
        using=using,
        ^^^^^^^^^^^^
    ...<2 lines>...
        update_fields=update_fields,
        ^^^^^^^^^^^^^^^^^^^^^^^^^^^^
    )
    ^
  File "C:\Users\LOPEZHEJ\OneDrive - Luxottica Group S.p.A\Desktop\DJANGO NEXHUS\venv\Lib\site-packages\django\db\models\base.py", line 997, in save_base
    updated = self._save_table(
        raw,
    ...<4 lines>...
        update_fields,
    )
  File "C:\Users\LOPEZHEJ\OneDrive - Luxottica Group S.p.A\Desktop\DJANGO NEXHUS\venv\Lib\site-packages\django\db\models\base.py", line 1160, in _save_table
    results = self._do_insert(
        cls._base_manager, using, fields, returning_fields, raw
    )
  File "C:\Users\LOPEZHEJ\OneDrive - Luxottica Group S.p.A\Desktop\DJANGO NEXHUS\venv\Lib\site-packages\django\db\models\base.py", line 1201, in _do_insert
    return manager._insert(
           ~~~~~~~~~~~~~~~^
        [self],
        ^^^^^^^
    ...<3 lines>...
        raw=raw,
        ^^^^^^^^
    )
    ^
  File "C:\Users\LOPEZHEJ\OneDrive - Luxottica Group S.p.A\Desktop\DJANGO NEXHUS\venv\Lib\site-packages\django\db\models\manager.py", line 87, in manager_method
    return getattr(self.get_queryset(), name)(*args, **kwargs)
           ~~~~~~~~~~~~~~~~~~~~~~~~~~~~~~~~~~^^^^^^^^^^^^^^^^^
  File "C:\Users\LOPEZHEJ\OneDrive - Luxottica Group S.p.A\Desktop\DJANGO NEXHUS\venv\Lib\site-packages\django\db\models\query.py", line 1847, in _insert
    return query.get_compiler(using=using).execute_sql(returning_fields)
           ~~~~~~~~~~~~~~~~~~~~~~~~~~~~~~~~~~~~~~~~~~~^^^^^^^^^^^^^^^^^^
  File "C:\Users\LOPEZHEJ\OneDrive - Luxottica Group S.p.A\Desktop\DJANGO NEXHUS\venv\Lib\site-packages\django\db\models\sql\compiler.py", line 1836, in execute_sql
    cursor.execute(sql, params)
    ~~~~~~~~~~~~~~^^^^^^^^^^^^^
  File "C:\Users\LOPEZHEJ\OneDrive - Luxottica Group S.p.A\Desktop\DJANGO NEXHUS\venv\Lib\site-packages\django\db\backends\utils.py", line 122, in execute
    return super().execute(sql, params)
           ~~~~~~~~~~~~~~~^^^^^^^^^^^^^
  File "C:\Users\LOPEZHEJ\OneDrive - Luxottica Group S.p.A\Desktop\DJANGO NEXHUS\venv\Lib\site-packages\django\db\backends\utils.py", line 79, in execute
    return self._execute_with_wrappers(
           ~~~~~~~~~~~~~~~~~~~~~~~~~~~^
        sql, params, many=False, executor=self._execute
        ^^^^^^^^^^^^^^^^^^^^^^^^^^^^^^^^^^^^^^^^^^^^^^^
    )
    ^
  File "C:\Users\LOPEZHEJ\OneDrive - Luxottica Group S.p.A\Desktop\DJANGO NEXHUS\venv\Lib\site-packages\django\db\backends\utils.py", line 92, in _execute_with_wrappers
    return executor(sql, params, many, context)
  File "C:\Users\LOPEZHEJ\OneDrive - Luxottica Group S.p.A\Desktop\DJANGO NEXHUS\venv\Lib\site-packages\django\db\backends\utils.py", line 100, in _execute
    with self.db.wrap_database_errors:
         ^^^^^^^^^^^^^^^^^^^^^^^^^^^^
  File "C:\Users\LOPEZHEJ\OneDrive - Luxottica Group S.p.A\Desktop\DJANGO NEXHUS\venv\Lib\site-packages\django\db\utils.py", line 91, in __exit__
    raise dj_exc_value.with_traceback(traceback) from exc_value
  File "C:\Users\LOPEZHEJ\OneDrive - Luxottica Group S.p.A\Desktop\DJANGO NEXHUS\venv\Lib\site-packages\django\db\backends\utils.py", line 105, in _execute
    return self.cursor.execute(sql, params)
           ~~~~~~~~~~~~~~~~~~~^^^^^^^^^^^^^
  File "C:\Users\LOPEZHEJ\OneDrive - Luxottica Group S.p.A\Desktop\DJANGO NEXHUS\venv\Lib\site-packages\django\db\backends\sqlite3\base.py", line 354, in execute
    return super().execute(query, params)
           ~~~~~~~~~~~~~~~^^^^^^^^^^^^^^^
django.db.utils.IntegrityError: NOT NULL constraint failed: queue_app_huitem.error_msg
08:56:33 [ERROR] django.request - Internal Server Error: /scan/
Traceback (most recent call last):
  File "C:\Users\LOPEZHEJ\OneDrive - Luxottica Group S.p.A\Desktop\DJANGO NEXHUS\venv\Lib\site-packages\django\db\backends\utils.py", line 105, in _execute
    return self.cursor.execute(sql, params)
           ~~~~~~~~~~~~~~~~~~~^^^^^^^^^^^^^
  File "C:\Users\LOPEZHEJ\OneDrive - Luxottica Group S.p.A\Desktop\DJANGO NEXHUS\venv\Lib\site-packages\django\db\backends\sqlite3\base.py", line 354, in execute
    return super().execute(query, params)
           ~~~~~~~~~~~~~~~^^^^^^^^^^^^^^^
sqlite3.IntegrityError: NOT NULL constraint failed: queue_app_huitem.error_msg

The above exception was the direct cause of the following exception:

Traceback (most recent call last):
  File "C:\Users\LOPEZHEJ\OneDrive - Luxottica Group S.p.A\Desktop\DJANGO NEXHUS\venv\Lib\site-packages\asgiref\sync.py", line 557, in thread_handler
    raise exc_info[1]
  File "C:\Users\LOPEZHEJ\OneDrive - Luxottica Group S.p.A\Desktop\DJANGO NEXHUS\venv\Lib\site-packages\django\core\handlers\exception.py", line 42, in inner
    response = await get_response(request)
               ^^^^^^^^^^^^^^^^^^^^^^^^^^^
  File "C:\Users\LOPEZHEJ\OneDrive - Luxottica Group S.p.A\Desktop\DJANGO NEXHUS\venv\Lib\site-packages\asgiref\sync.py", line 557, in thread_handler
    raise exc_info[1]
  File "C:\Users\LOPEZHEJ\OneDrive - Luxottica Group S.p.A\Desktop\DJANGO NEXHUS\venv\Lib\site-packages\django\core\handlers\base.py", line 253, in _get_response_async
    response = await wrapped_callback(
               ^^^^^^^^^^^^^^^^^^^^^^^
        request, *callback_args, **callback_kwargs
        ^^^^^^^^^^^^^^^^^^^^^^^^^^^^^^^^^^^^^^^^^^
    )
    ^
  File "C:\Users\LOPEZHEJ\OneDrive - Luxottica Group S.p.A\Desktop\DJANGO NEXHUS\venv\Lib\site-packages\asgiref\sync.py", line 506, in __call__
    ret = await asyncio.shield(exec_coro)
          ^^^^^^^^^^^^^^^^^^^^^^^^^^^^^^^
  File "C:\Users\LOPEZHEJ\AppData\Local\Programs\Python\Python313\Lib\concurrent\futures\thread.py", line 59, in run
    result = self.fn(*self.args, **self.kwargs)
  File "C:\Users\LOPEZHEJ\OneDrive - Luxottica Group S.p.A\Desktop\DJANGO NEXHUS\venv\Lib\site-packages\asgiref\sync.py", line 561, in thread_handler
    return func(*args, **kwargs)
  File "C:\Users\LOPEZHEJ\OneDrive - Luxottica Group S.p.A\Desktop\DJANGO NEXHUS\venv\Lib\site-packages\django\views\decorators\http.py", line 64, in inner
    return func(request, *args, **kwargs)
  File "C:\Users\LOPEZHEJ\OneDrive - Luxottica Group S.p.A\Desktop\DJANGO NEXHUS\queue_app\views.py", line 122, in scan_hu
    item    = HUItem.objects.create(
        hu_code     = raw,
    ...<2 lines>...
        status      = HUItem.STATUS_PENDING,
    )
  File "C:\Users\LOPEZHEJ\OneDrive - Luxottica Group S.p.A\Desktop\DJANGO NEXHUS\venv\Lib\site-packages\django\db\models\manager.py", line 87, in manager_method
    return getattr(self.get_queryset(), name)(*args, **kwargs)
           ~~~~~~~~~~~~~~~~~~~~~~~~~~~~~~~~~~^^^^^^^^^^^^^^^^^
  File "C:\Users\LOPEZHEJ\OneDrive - Luxottica Group S.p.A\Desktop\DJANGO NEXHUS\venv\Lib\site-packages\django\db\models\query.py", line 679, in create
    obj.save(force_insert=True, using=self.db)
    ~~~~~~~~^^^^^^^^^^^^^^^^^^^^^^^^^^^^^^^^^^
  File "C:\Users\LOPEZHEJ\OneDrive - Luxottica Group S.p.A\Desktop\DJANGO NEXHUS\venv\Lib\site-packages\django\db\models\base.py", line 891, in save
    self.save_base(
    ~~~~~~~~~~~~~~^
        using=using,
        ^^^^^^^^^^^^
    ...<2 lines>...
        update_fields=update_fields,
        ^^^^^^^^^^^^^^^^^^^^^^^^^^^^
    )
    ^
  File "C:\Users\LOPEZHEJ\OneDrive - Luxottica Group S.p.A\Desktop\DJANGO NEXHUS\venv\Lib\site-packages\django\db\models\base.py", line 997, in save_base
    updated = self._save_table(
        raw,
    ...<4 lines>...
        update_fields,
    )
  File "C:\Users\LOPEZHEJ\OneDrive - Luxottica Group S.p.A\Desktop\DJANGO NEXHUS\venv\Lib\site-packages\django\db\models\base.py", line 1160, in _save_table
    results = self._do_insert(
        cls._base_manager, using, fields, returning_fields, raw
    )
  File "C:\Users\LOPEZHEJ\OneDrive - Luxottica Group S.p.A\Desktop\DJANGO NEXHUS\venv\Lib\site-packages\django\db\models\base.py", line 1201, in _do_insert
    return manager._insert(
           ~~~~~~~~~~~~~~~^
        [self],
        ^^^^^^^
    ...<3 lines>...
        raw=raw,
        ^^^^^^^^
    )
    ^
  File "C:\Users\LOPEZHEJ\OneDrive - Luxottica Group S.p.A\Desktop\DJANGO NEXHUS\venv\Lib\site-packages\django\db\models\manager.py", line 87, in manager_method
    return getattr(self.get_queryset(), name)(*args, **kwargs)
           ~~~~~~~~~~~~~~~~~~~~~~~~~~~~~~~~~~^^^^^^^^^^^^^^^^^
  File "C:\Users\LOPEZHEJ\OneDrive - Luxottica Group S.p.A\Desktop\DJANGO NEXHUS\venv\Lib\site-packages\django\db\models\query.py", line 1847, in _insert
    return query.get_compiler(using=using).execute_sql(returning_fields)
           ~~~~~~~~~~~~~~~~~~~~~~~~~~~~~~~~~~~~~~~~~~~^^^^^^^^^^^^^^^^^^
  File "C:\Users\LOPEZHEJ\OneDrive - Luxottica Group S.p.A\Desktop\DJANGO NEXHUS\venv\Lib\site-packages\django\db\models\sql\compiler.py", line 1836, in execute_sql
    cursor.execute(sql, params)
    ~~~~~~~~~~~~~~^^^^^^^^^^^^^
  File "C:\Users\LOPEZHEJ\OneDrive - Luxottica Group S.p.A\Desktop\DJANGO NEXHUS\venv\Lib\site-packages\django\db\backends\utils.py", line 122, in execute
    return super().execute(sql, params)
           ~~~~~~~~~~~~~~~^^^^^^^^^^^^^
  File "C:\Users\LOPEZHEJ\OneDrive - Luxottica Group S.p.A\Desktop\DJANGO NEXHUS\venv\Lib\site-packages\django\db\backends\utils.py", line 79, in execute
    return self._execute_with_wrappers(
           ~~~~~~~~~~~~~~~~~~~~~~~~~~~^
        sql, params, many=False, executor=self._execute
        ^^^^^^^^^^^^^^^^^^^^^^^^^^^^^^^^^^^^^^^^^^^^^^^
    )
    ^
  File "C:\Users\LOPEZHEJ\OneDrive - Luxottica Group S.p.A\Desktop\DJANGO NEXHUS\venv\Lib\site-packages\django\db\backends\utils.py", line 92, in _execute_with_wrappers
    return executor(sql, params, many, context)
  File "C:\Users\LOPEZHEJ\OneDrive - Luxottica Group S.p.A\Desktop\DJANGO NEXHUS\venv\Lib\site-packages\django\db\backends\utils.py", line 100, in _execute
    with self.db.wrap_database_errors:
         ^^^^^^^^^^^^^^^^^^^^^^^^^^^^
  File "C:\Users\LOPEZHEJ\OneDrive - Luxottica Group S.p.A\Desktop\DJANGO NEXHUS\venv\Lib\site-packages\django\db\utils.py", line 91, in __exit__
    raise dj_exc_value.with_traceback(traceback) from exc_value
  File "C:\Users\LOPEZHEJ\OneDrive - Luxottica Group S.p.A\Desktop\DJANGO NEXHUS\venv\Lib\site-packages\django\db\backends\utils.py", line 105, in _execute
    return self.cursor.execute(sql, params)
           ~~~~~~~~~~~~~~~~~~~^^^^^^^^^^^^^
  File "C:\Users\LOPEZHEJ\OneDrive - Luxottica Group S.p.A\Desktop\DJANGO NEXHUS\venv\Lib\site-packages\django\db\backends\sqlite3\base.py", line 354, in execute
    return super().execute(query, params)
           ~~~~~~~~~~~~~~~^^^^^^^^^^^^^^^
django.db.utils.IntegrityError: NOT NULL constraint failed: queue_app_huitem.error_msg
08:56:33 [ERROR] django.request - Internal Server Error: /scan/
Traceback (most recent call last):
  File "C:\Users\LOPEZHEJ\OneDrive - Luxottica Group S.p.A\Desktop\DJANGO NEXHUS\venv\Lib\site-packages\django\db\backends\utils.py", line 105, in _execute
    return self.cursor.execute(sql, params)
           ~~~~~~~~~~~~~~~~~~~^^^^^^^^^^^^^
  File "C:\Users\LOPEZHEJ\OneDrive - Luxottica Group S.p.A\Desktop\DJANGO NEXHUS\venv\Lib\site-packages\django\db\backends\sqlite3\base.py", line 354, in execute
    return super().execute(query, params)
           ~~~~~~~~~~~~~~~^^^^^^^^^^^^^^^
sqlite3.IntegrityError: NOT NULL constraint failed: queue_app_huitem.error_msg

The above exception was the direct cause of the following exception:

Traceback (most recent call last):
  File "C:\Users\LOPEZHEJ\OneDrive - Luxottica Group S.p.A\Desktop\DJANGO NEXHUS\venv\Lib\site-packages\asgiref\sync.py", line 557, in thread_handler
    raise exc_info[1]
  File "C:\Users\LOPEZHEJ\OneDrive - Luxottica Group S.p.A\Desktop\DJANGO NEXHUS\venv\Lib\site-packages\django\core\handlers\exception.py", line 42, in inner
    response = await get_response(request)
               ^^^^^^^^^^^^^^^^^^^^^^^^^^^
  File "C:\Users\LOPEZHEJ\OneDrive - Luxottica Group S.p.A\Desktop\DJANGO NEXHUS\venv\Lib\site-packages\asgiref\sync.py", line 557, in thread_handler
    raise exc_info[1]
  File "C:\Users\LOPEZHEJ\OneDrive - Luxottica Group S.p.A\Desktop\DJANGO NEXHUS\venv\Lib\site-packages\django\core\handlers\base.py", line 253, in _get_response_async
    response = await wrapped_callback(
               ^^^^^^^^^^^^^^^^^^^^^^^
        request, *callback_args, **callback_kwargs
        ^^^^^^^^^^^^^^^^^^^^^^^^^^^^^^^^^^^^^^^^^^
    )
    ^
  File "C:\Users\LOPEZHEJ\OneDrive - Luxottica Group S.p.A\Desktop\DJANGO NEXHUS\venv\Lib\site-packages\asgiref\sync.py", line 506, in __call__
    ret = await asyncio.shield(exec_coro)
          ^^^^^^^^^^^^^^^^^^^^^^^^^^^^^^^
  File "C:\Users\LOPEZHEJ\AppData\Local\Programs\Python\Python313\Lib\concurrent\futures\thread.py", line 59, in run
    result = self.fn(*self.args, **self.kwargs)
  File "C:\Users\LOPEZHEJ\OneDrive - Luxottica Group S.p.A\Desktop\DJANGO NEXHUS\venv\Lib\site-packages\asgiref\sync.py", line 561, in thread_handler
    return func(*args, **kwargs)
  File "C:\Users\LOPEZHEJ\OneDrive - Luxottica Group S.p.A\Desktop\DJANGO NEXHUS\venv\Lib\site-packages\django\views\decorators\http.py", line 64, in inner
    return func(request, *args, **kwargs)
  File "C:\Users\LOPEZHEJ\OneDrive - Luxottica Group S.p.A\Desktop\DJANGO NEXHUS\queue_app\views.py", line 122, in scan_hu
    item    = HUItem.objects.create(
        hu_code     = raw,
    ...<2 lines>...
        status      = HUItem.STATUS_PENDING,
    )
  File "C:\Users\LOPEZHEJ\OneDrive - Luxottica Group S.p.A\Desktop\DJANGO NEXHUS\venv\Lib\site-packages\django\db\models\manager.py", line 87, in manager_method
    return getattr(self.get_queryset(), name)(*args, **kwargs)
           ~~~~~~~~~~~~~~~~~~~~~~~~~~~~~~~~~~^^^^^^^^^^^^^^^^^
  File "C:\Users\LOPEZHEJ\OneDrive - Luxottica Group S.p.A\Desktop\DJANGO NEXHUS\venv\Lib\site-packages\django\db\models\query.py", line 679, in create
    obj.save(force_insert=True, using=self.db)
    ~~~~~~~~^^^^^^^^^^^^^^^^^^^^^^^^^^^^^^^^^^
  File "C:\Users\LOPEZHEJ\OneDrive - Luxottica Group S.p.A\Desktop\DJANGO NEXHUS\venv\Lib\site-packages\django\db\models\base.py", line 891, in save
    self.save_base(
    ~~~~~~~~~~~~~~^
        using=using,
        ^^^^^^^^^^^^
    ...<2 lines>...
        update_fields=update_fields,
        ^^^^^^^^^^^^^^^^^^^^^^^^^^^^
    )
    ^
  File "C:\Users\LOPEZHEJ\OneDrive - Luxottica Group S.p.A\Desktop\DJANGO NEXHUS\venv\Lib\site-packages\django\db\models\base.py", line 997, in save_base
    updated = self._save_table(
        raw,
    ...<4 lines>...
        update_fields,
    )
  File "C:\Users\LOPEZHEJ\OneDrive - Luxottica Group S.p.A\Desktop\DJANGO NEXHUS\venv\Lib\site-packages\django\db\models\base.py", line 1160, in _save_table
    results = self._do_insert(
        cls._base_manager, using, fields, returning_fields, raw
    )
  File "C:\Users\LOPEZHEJ\OneDrive - Luxottica Group S.p.A\Desktop\DJANGO NEXHUS\venv\Lib\site-packages\django\db\models\base.py", line 1201, in _do_insert
    return manager._insert(
           ~~~~~~~~~~~~~~~^
        [self],
        ^^^^^^^
    ...<3 lines>...
        raw=raw,
        ^^^^^^^^
    )
    ^
  File "C:\Users\LOPEZHEJ\OneDrive - Luxottica Group S.p.A\Desktop\DJANGO NEXHUS\venv\Lib\site-packages\django\db\models\manager.py", line 87, in manager_method
    return getattr(self.get_queryset(), name)(*args, **kwargs)
           ~~~~~~~~~~~~~~~~~~~~~~~~~~~~~~~~~~^^^^^^^^^^^^^^^^^
  File "C:\Users\LOPEZHEJ\OneDrive - Luxottica Group S.p.A\Desktop\DJANGO NEXHUS\venv\Lib\site-packages\django\db\models\query.py", line 1847, in _insert
    return query.get_compiler(using=using).execute_sql(returning_fields)
           ~~~~~~~~~~~~~~~~~~~~~~~~~~~~~~~~~~~~~~~~~~~^^^^^^^^^^^^^^^^^^
  File "C:\Users\LOPEZHEJ\OneDrive - Luxottica Group S.p.A\Desktop\DJANGO NEXHUS\venv\Lib\site-packages\django\db\models\sql\compiler.py", line 1836, in execute_sql
    cursor.execute(sql, params)
    ~~~~~~~~~~~~~~^^^^^^^^^^^^^
  File "C:\Users\LOPEZHEJ\OneDrive - Luxottica Group S.p.A\Desktop\DJANGO NEXHUS\venv\Lib\site-packages\django\db\backends\utils.py", line 122, in execute
    return super().execute(sql, params)
           ~~~~~~~~~~~~~~~^^^^^^^^^^^^^
  File "C:\Users\LOPEZHEJ\OneDrive - Luxottica Group S.p.A\Desktop\DJANGO NEXHUS\venv\Lib\site-packages\django\db\backends\utils.py", line 79, in execute
    return self._execute_with_wrappers(
           ~~~~~~~~~~~~~~~~~~~~~~~~~~~^
        sql, params, many=False, executor=self._execute
        ^^^^^^^^^^^^^^^^^^^^^^^^^^^^^^^^^^^^^^^^^^^^^^^
    )
    ^
  File "C:\Users\LOPEZHEJ\OneDrive - Luxottica Group S.p.A\Desktop\DJANGO NEXHUS\venv\Lib\site-packages\django\db\backends\utils.py", line 92, in _execute_with_wrappers
    return executor(sql, params, many, context)
  File "C:\Users\LOPEZHEJ\OneDrive - Luxottica Group S.p.A\Desktop\DJANGO NEXHUS\venv\Lib\site-packages\django\db\backends\utils.py", line 100, in _execute
    with self.db.wrap_database_errors:
         ^^^^^^^^^^^^^^^^^^^^^^^^^^^^
  File "C:\Users\LOPEZHEJ\OneDrive - Luxottica Group S.p.A\Desktop\DJANGO NEXHUS\venv\Lib\site-packages\django\db\utils.py", line 91, in __exit__
    raise dj_exc_value.with_traceback(traceback) from exc_value
  File "C:\Users\LOPEZHEJ\OneDrive - Luxottica Group S.p.A\Desktop\DJANGO NEXHUS\venv\Lib\site-packages\django\db\backends\utils.py", line 105, in _execute
    return self.cursor.execute(sql, params)
           ~~~~~~~~~~~~~~~~~~~^^^^^^^^^^^^^
  File "C:\Users\LOPEZHEJ\OneDrive - Luxottica Group S.p.A\Desktop\DJANGO NEXHUS\venv\Lib\site-packages\django\db\backends\sqlite3\base.py", line 354, in execute
    return super().execute(query, params)
           ~~~~~~~~~~~~~~~^^^^^^^^^^^^^^^
django.db.utils.IntegrityError: NOT NULL constraint failed: queue_app_huitem.error_msg
08:56:33 [ERROR] django.request - Internal Server Error: /scan/
Traceback (most recent call last):
  File "C:\Users\LOPEZHEJ\OneDrive - Luxottica Group S.p.A\Desktop\DJANGO NEXHUS\venv\Lib\site-packages\django\db\backends\utils.py", line 105, in _execute
    return self.cursor.execute(sql, params)
           ~~~~~~~~~~~~~~~~~~~^^^^^^^^^^^^^
  File "C:\Users\LOPEZHEJ\OneDrive - Luxottica Group S.p.A\Desktop\DJANGO NEXHUS\venv\Lib\site-packages\django\db\backends\sqlite3\base.py", line 354, in execute
    return super().execute(query, params)
           ~~~~~~~~~~~~~~~^^^^^^^^^^^^^^^
sqlite3.IntegrityError: NOT NULL constraint failed: queue_app_huitem.error_msg

The above exception was the direct cause of the following exception:

Traceback (most recent call last):
  File "C:\Users\LOPEZHEJ\OneDrive - Luxottica Group S.p.A\Desktop\DJANGO NEXHUS\venv\Lib\site-packages\asgiref\sync.py", line 557, in thread_handler
    raise exc_info[1]
  File "C:\Users\LOPEZHEJ\OneDrive - Luxottica Group S.p.A\Desktop\DJANGO NEXHUS\venv\Lib\site-packages\django\core\handlers\exception.py", line 42, in inner
    response = await get_response(request)
               ^^^^^^^^^^^^^^^^^^^^^^^^^^^
  File "C:\Users\LOPEZHEJ\OneDrive - Luxottica Group S.p.A\Desktop\DJANGO NEXHUS\venv\Lib\site-packages\asgiref\sync.py", line 557, in thread_handler
    raise exc_info[1]
  File "C:\Users\LOPEZHEJ\OneDrive - Luxottica Group S.p.A\Desktop\DJANGO NEXHUS\venv\Lib\site-packages\django\core\handlers\base.py", line 253, in _get_response_async
    response = await wrapped_callback(
               ^^^^^^^^^^^^^^^^^^^^^^^
        request, *callback_args, **callback_kwargs
        ^^^^^^^^^^^^^^^^^^^^^^^^^^^^^^^^^^^^^^^^^^
    )
    ^
  File "C:\Users\LOPEZHEJ\OneDrive - Luxottica Group S.p.A\Desktop\DJANGO NEXHUS\venv\Lib\site-packages\asgiref\sync.py", line 506, in __call__
    ret = await asyncio.shield(exec_coro)
          ^^^^^^^^^^^^^^^^^^^^^^^^^^^^^^^
  File "C:\Users\LOPEZHEJ\AppData\Local\Programs\Python\Python313\Lib\concurrent\futures\thread.py", line 59, in run
    result = self.fn(*self.args, **self.kwargs)
  File "C:\Users\LOPEZHEJ\OneDrive - Luxottica Group S.p.A\Desktop\DJANGO NEXHUS\venv\Lib\site-packages\asgiref\sync.py", line 561, in thread_handler
    return func(*args, **kwargs)
  File "C:\Users\LOPEZHEJ\OneDrive - Luxottica Group S.p.A\Desktop\DJANGO NEXHUS\venv\Lib\site-packages\django\views\decorators\http.py", line 64, in inner
    return func(request, *args, **kwargs)
  File "C:\Users\LOPEZHEJ\OneDrive - Luxottica Group S.p.A\Desktop\DJANGO NEXHUS\queue_app\views.py", line 122, in scan_hu
    item    = HUItem.objects.create(
        hu_code     = raw,
    ...<2 lines>...
        status      = HUItem.STATUS_PENDING,
    )
  File "C:\Users\LOPEZHEJ\OneDrive - Luxottica Group S.p.A\Desktop\DJANGO NEXHUS\venv\Lib\site-packages\django\db\models\manager.py", line 87, in manager_method
    return getattr(self.get_queryset(), name)(*args, **kwargs)
           ~~~~~~~~~~~~~~~~~~~~~~~~~~~~~~~~~~^^^^^^^^^^^^^^^^^
  File "C:\Users\LOPEZHEJ\OneDrive - Luxottica Group S.p.A\Desktop\DJANGO NEXHUS\venv\Lib\site-packages\django\db\models\query.py", line 679, in create
    obj.save(force_insert=True, using=self.db)
    ~~~~~~~~^^^^^^^^^^^^^^^^^^^^^^^^^^^^^^^^^^
  File "C:\Users\LOPEZHEJ\OneDrive - Luxottica Group S.p.A\Desktop\DJANGO NEXHUS\venv\Lib\site-packages\django\db\models\base.py", line 891, in save
    self.save_base(
    ~~~~~~~~~~~~~~^
        using=using,
        ^^^^^^^^^^^^
    ...<2 lines>...
        update_fields=update_fields,
        ^^^^^^^^^^^^^^^^^^^^^^^^^^^^
    )
    ^
  File "C:\Users\LOPEZHEJ\OneDrive - Luxottica Group S.p.A\Desktop\DJANGO NEXHUS\venv\Lib\site-packages\django\db\models\base.py", line 997, in save_base
    updated = self._save_table(
        raw,
    ...<4 lines>...
        update_fields,
    )
  File "C:\Users\LOPEZHEJ\OneDrive - Luxottica Group S.p.A\Desktop\DJANGO NEXHUS\venv\Lib\site-packages\django\db\models\base.py", line 1160, in _save_table
    results = self._do_insert(
        cls._base_manager, using, fields, returning_fields, raw
    )
  File "C:\Users\LOPEZHEJ\OneDrive - Luxottica Group S.p.A\Desktop\DJANGO NEXHUS\venv\Lib\site-packages\django\db\models\base.py", line 1201, in _do_insert
    return manager._insert(
           ~~~~~~~~~~~~~~~^
        [self],
        ^^^^^^^
    ...<3 lines>...
        raw=raw,
        ^^^^^^^^
    )
    ^
  File "C:\Users\LOPEZHEJ\OneDrive - Luxottica Group S.p.A\Desktop\DJANGO NEXHUS\venv\Lib\site-packages\django\db\models\manager.py", line 87, in manager_method
    return getattr(self.get_queryset(), name)(*args, **kwargs)
           ~~~~~~~~~~~~~~~~~~~~~~~~~~~~~~~~~~^^^^^^^^^^^^^^^^^
  File "C:\Users\LOPEZHEJ\OneDrive - Luxottica Group S.p.A\Desktop\DJANGO NEXHUS\venv\Lib\site-packages\django\db\models\query.py", line 1847, in _insert
    return query.get_compiler(using=using).execute_sql(returning_fields)
           ~~~~~~~~~~~~~~~~~~~~~~~~~~~~~~~~~~~~~~~~~~~^^^^^^^^^^^^^^^^^^
  File "C:\Users\LOPEZHEJ\OneDrive - Luxottica Group S.p.A\Desktop\DJANGO NEXHUS\venv\Lib\site-packages\django\db\models\sql\compiler.py", line 1836, in execute_sql
    cursor.execute(sql, params)
    ~~~~~~~~~~~~~~^^^^^^^^^^^^^
  File "C:\Users\LOPEZHEJ\OneDrive - Luxottica Group S.p.A\Desktop\DJANGO NEXHUS\venv\Lib\site-packages\django\db\backends\utils.py", line 122, in execute
    return super().execute(sql, params)
           ~~~~~~~~~~~~~~~^^^^^^^^^^^^^
  File "C:\Users\LOPEZHEJ\OneDrive - Luxottica Group S.p.A\Desktop\DJANGO NEXHUS\venv\Lib\site-packages\django\db\backends\utils.py", line 79, in execute
    return self._execute_with_wrappers(
           ~~~~~~~~~~~~~~~~~~~~~~~~~~~^
        sql, params, many=False, executor=self._execute
        ^^^^^^^^^^^^^^^^^^^^^^^^^^^^^^^^^^^^^^^^^^^^^^^
    )
    ^
  File "C:\Users\LOPEZHEJ\OneDrive - Luxottica Group S.p.A\Desktop\DJANGO NEXHUS\venv\Lib\site-packages\django\db\backends\utils.py", line 92, in _execute_with_wrappers
    return executor(sql, params, many, context)
  File "C:\Users\LOPEZHEJ\OneDrive - Luxottica Group S.p.A\Desktop\DJANGO NEXHUS\venv\Lib\site-packages\django\db\backends\utils.py", line 100, in _execute
    with self.db.wrap_database_errors:
         ^^^^^^^^^^^^^^^^^^^^^^^^^^^^
  File "C:\Users\LOPEZHEJ\OneDrive - Luxottica Group S.p.A\Desktop\DJANGO NEXHUS\venv\Lib\site-packages\django\db\utils.py", line 91, in __exit__
    raise dj_exc_value.with_traceback(traceback) from exc_value
  File "C:\Users\LOPEZHEJ\OneDrive - Luxottica Group S.p.A\Desktop\DJANGO NEXHUS\venv\Lib\site-packages\django\db\backends\utils.py", line 105, in _execute
    return self.cursor.execute(sql, params)
           ~~~~~~~~~~~~~~~~~~~^^^^^^^^^^^^^
  File "C:\Users\LOPEZHEJ\OneDrive - Luxottica Group S.p.A\Desktop\DJANGO NEXHUS\venv\Lib\site-packages\django\db\backends\sqlite3\base.py", line 354, in execute
    return super().execute(query, params)
           ~~~~~~~~~~~~~~~^^^^^^^^^^^^^^^
django.db.utils.IntegrityError: NOT NULL constraint failed: queue_app_huitem.error_msg
08:56:33 [ERROR] django.request - Internal Server Error: /scan/
Traceback (most recent call last):
  File "C:\Users\LOPEZHEJ\OneDrive - Luxottica Group S.p.A\Desktop\DJANGO NEXHUS\venv\Lib\site-packages\django\db\backends\utils.py", line 105, in _execute
    return self.cursor.execute(sql, params)
           ~~~~~~~~~~~~~~~~~~~^^^^^^^^^^^^^
  File "C:\Users\LOPEZHEJ\OneDrive - Luxottica Group S.p.A\Desktop\DJANGO NEXHUS\venv\Lib\site-packages\django\db\backends\sqlite3\base.py", line 354, in execute
    return super().execute(query, params)
           ~~~~~~~~~~~~~~~^^^^^^^^^^^^^^^
sqlite3.IntegrityError: NOT NULL constraint failed: queue_app_huitem.error_msg

The above exception was the direct cause of the following exception:

Traceback (most recent call last):
  File "C:\Users\LOPEZHEJ\OneDrive - Luxottica Group S.p.A\Desktop\DJANGO NEXHUS\venv\Lib\site-packages\asgiref\sync.py", line 557, in thread_handler
    raise exc_info[1]
  File "C:\Users\LOPEZHEJ\OneDrive - Luxottica Group S.p.A\Desktop\DJANGO NEXHUS\venv\Lib\site-packages\django\core\handlers\exception.py", line 42, in inner
    response = await get_response(request)
               ^^^^^^^^^^^^^^^^^^^^^^^^^^^
  File "C:\Users\LOPEZHEJ\OneDrive - Luxottica Group S.p.A\Desktop\DJANGO NEXHUS\venv\Lib\site-packages\asgiref\sync.py", line 557, in thread_handler
    raise exc_info[1]
  File "C:\Users\LOPEZHEJ\OneDrive - Luxottica Group S.p.A\Desktop\DJANGO NEXHUS\venv\Lib\site-packages\django\core\handlers\base.py", line 253, in _get_response_async
    response = await wrapped_callback(
               ^^^^^^^^^^^^^^^^^^^^^^^
        request, *callback_args, **callback_kwargs
        ^^^^^^^^^^^^^^^^^^^^^^^^^^^^^^^^^^^^^^^^^^
    )
    ^
  File "C:\Users\LOPEZHEJ\OneDrive - Luxottica Group S.p.A\Desktop\DJANGO NEXHUS\venv\Lib\site-packages\asgiref\sync.py", line 506, in __call__
    ret = await asyncio.shield(exec_coro)
          ^^^^^^^^^^^^^^^^^^^^^^^^^^^^^^^
  File "C:\Users\LOPEZHEJ\AppData\Local\Programs\Python\Python313\Lib\concurrent\futures\thread.py", line 59, in run
    result = self.fn(*self.args, **self.kwargs)
  File "C:\Users\LOPEZHEJ\OneDrive - Luxottica Group S.p.A\Desktop\DJANGO NEXHUS\venv\Lib\site-packages\asgiref\sync.py", line 561, in thread_handler
    return func(*args, **kwargs)
  File "C:\Users\LOPEZHEJ\OneDrive - Luxottica Group S.p.A\Desktop\DJANGO NEXHUS\venv\Lib\site-packages\django\views\decorators\http.py", line 64, in inner
    return func(request, *args, **kwargs)
  File "C:\Users\LOPEZHEJ\OneDrive - Luxottica Group S.p.A\Desktop\DJANGO NEXHUS\queue_app\views.py", line 122, in scan_hu
    item    = HUItem.objects.create(
        hu_code     = raw,
    ...<2 lines>...
        status      = HUItem.STATUS_PENDING,
    )
  File "C:\Users\LOPEZHEJ\OneDrive - Luxottica Group S.p.A\Desktop\DJANGO NEXHUS\venv\Lib\site-packages\django\db\models\manager.py", line 87, in manager_method
    return getattr(self.get_queryset(), name)(*args, **kwargs)
           ~~~~~~~~~~~~~~~~~~~~~~~~~~~~~~~~~~^^^^^^^^^^^^^^^^^
  File "C:\Users\LOPEZHEJ\OneDrive - Luxottica Group S.p.A\Desktop\DJANGO NEXHUS\venv\Lib\site-packages\django\db\models\query.py", line 679, in create
    obj.save(force_insert=True, using=self.db)
    ~~~~~~~~^^^^^^^^^^^^^^^^^^^^^^^^^^^^^^^^^^
  File "C:\Users\LOPEZHEJ\OneDrive - Luxottica Group S.p.A\Desktop\DJANGO NEXHUS\venv\Lib\site-packages\django\db\models\base.py", line 891, in save
    self.save_base(
    ~~~~~~~~~~~~~~^
        using=using,
        ^^^^^^^^^^^^
    ...<2 lines>...
        update_fields=update_fields,
        ^^^^^^^^^^^^^^^^^^^^^^^^^^^^
    )
    ^
  File "C:\Users\LOPEZHEJ\OneDrive - Luxottica Group S.p.A\Desktop\DJANGO NEXHUS\venv\Lib\site-packages\django\db\models\base.py", line 997, in save_base
    updated = self._save_table(
        raw,
    ...<4 lines>...
        update_fields,
    )
  File "C:\Users\LOPEZHEJ\OneDrive - Luxottica Group S.p.A\Desktop\DJANGO NEXHUS\venv\Lib\site-packages\django\db\models\base.py", line 1160, in _save_table
    results = self._do_insert(
        cls._base_manager, using, fields, returning_fields, raw
    )
  File "C:\Users\LOPEZHEJ\OneDrive - Luxottica Group S.p.A\Desktop\DJANGO NEXHUS\venv\Lib\site-packages\django\db\models\base.py", line 1201, in _do_insert
    return manager._insert(
           ~~~~~~~~~~~~~~~^
        [self],
        ^^^^^^^
    ...<3 lines>...
        raw=raw,
        ^^^^^^^^
    )
    ^
  File "C:\Users\LOPEZHEJ\OneDrive - Luxottica Group S.p.A\Desktop\DJANGO NEXHUS\venv\Lib\site-packages\django\db\models\manager.py", line 87, in manager_method
    return getattr(self.get_queryset(), name)(*args, **kwargs)
           ~~~~~~~~~~~~~~~~~~~~~~~~~~~~~~~~~~^^^^^^^^^^^^^^^^^
  File "C:\Users\LOPEZHEJ\OneDrive - Luxottica Group S.p.A\Desktop\DJANGO NEXHUS\venv\Lib\site-packages\django\db\models\query.py", line 1847, in _insert
    return query.get_compiler(using=using).execute_sql(returning_fields)
           ~~~~~~~~~~~~~~~~~~~~~~~~~~~~~~~~~~~~~~~~~~~^^^^^^^^^^^^^^^^^^
  File "C:\Users\LOPEZHEJ\OneDrive - Luxottica Group S.p.A\Desktop\DJANGO NEXHUS\venv\Lib\site-packages\django\db\models\sql\compiler.py", line 1836, in execute_sql
    cursor.execute(sql, params)
    ~~~~~~~~~~~~~~^^^^^^^^^^^^^
  File "C:\Users\LOPEZHEJ\OneDrive - Luxottica Group S.p.A\Desktop\DJANGO NEXHUS\venv\Lib\site-packages\django\db\backends\utils.py", line 122, in execute
    return super().execute(sql, params)
           ~~~~~~~~~~~~~~~^^^^^^^^^^^^^
  File "C:\Users\LOPEZHEJ\OneDrive - Luxottica Group S.p.A\Desktop\DJANGO NEXHUS\venv\Lib\site-packages\django\db\backends\utils.py", line 79, in execute
    return self._execute_with_wrappers(
           ~~~~~~~~~~~~~~~~~~~~~~~~~~~^
        sql, params, many=False, executor=self._execute
        ^^^^^^^^^^^^^^^^^^^^^^^^^^^^^^^^^^^^^^^^^^^^^^^
    )
    ^
  File "C:\Users\LOPEZHEJ\OneDrive - Luxottica Group S.p.A\Desktop\DJANGO NEXHUS\venv\Lib\site-packages\django\db\backends\utils.py", line 92, in _execute_with_wrappers
    return executor(sql, params, many, context)
  File "C:\Users\LOPEZHEJ\OneDrive - Luxottica Group S.p.A\Desktop\DJANGO NEXHUS\venv\Lib\site-packages\django\db\backends\utils.py", line 100, in _execute
    with self.db.wrap_database_errors:
         ^^^^^^^^^^^^^^^^^^^^^^^^^^^^
  File "C:\Users\LOPEZHEJ\OneDrive - Luxottica Group S.p.A\Desktop\DJANGO NEXHUS\venv\Lib\site-packages\django\db\utils.py", line 91, in __exit__
    raise dj_exc_value.with_traceback(traceback) from exc_value
  File "C:\Users\LOPEZHEJ\OneDrive - Luxottica Group S.p.A\Desktop\DJANGO NEXHUS\venv\Lib\site-packages\django\db\backends\utils.py", line 105, in _execute
    return self.cursor.execute(sql, params)
           ~~~~~~~~~~~~~~~~~~~^^^^^^^^^^^^^
  File "C:\Users\LOPEZHEJ\OneDrive - Luxottica Group S.p.A\Desktop\DJANGO NEXHUS\venv\Lib\site-packages\django\db\backends\sqlite3\base.py", line 354, in execute
    return super().execute(query, params)
           ~~~~~~~~~~~~~~~^^^^^^^^^^^^^^^
django.db.utils.IntegrityError: NOT NULL constraint failed: queue_app_huitem.error_msg
08:56:34 [ERROR] django.request - Internal Server Error: /scan/
Traceback (most recent call last):
  File "C:\Users\LOPEZHEJ\OneDrive - Luxottica Group S.p.A\Desktop\DJANGO NEXHUS\venv\Lib\site-packages\django\db\backends\utils.py", line 105, in _execute
    return self.cursor.execute(sql, params)
           ~~~~~~~~~~~~~~~~~~~^^^^^^^^^^^^^
  File "C:\Users\LOPEZHEJ\OneDrive - Luxottica Group S.p.A\Desktop\DJANGO NEXHUS\venv\Lib\site-packages\django\db\backends\sqlite3\base.py", line 354, in execute
    return super().execute(query, params)
           ~~~~~~~~~~~~~~~^^^^^^^^^^^^^^^
sqlite3.IntegrityError: NOT NULL constraint failed: queue_app_huitem.error_msg

The above exception was the direct cause of the following exception:

Traceback (most recent call last):
  File "C:\Users\LOPEZHEJ\OneDrive - Luxottica Group S.p.A\Desktop\DJANGO NEXHUS\venv\Lib\site-packages\asgiref\sync.py", line 557, in thread_handler
    raise exc_info[1]
  File "C:\Users\LOPEZHEJ\OneDrive - Luxottica Group S.p.A\Desktop\DJANGO NEXHUS\venv\Lib\site-packages\django\core\handlers\exception.py", line 42, in inner
    response = await get_response(request)
               ^^^^^^^^^^^^^^^^^^^^^^^^^^^
  File "C:\Users\LOPEZHEJ\OneDrive - Luxottica Group S.p.A\Desktop\DJANGO NEXHUS\venv\Lib\site-packages\asgiref\sync.py", line 557, in thread_handler
    raise exc_info[1]
  File "C:\Users\LOPEZHEJ\OneDrive - Luxottica Group S.p.A\Desktop\DJANGO NEXHUS\venv\Lib\site-packages\django\core\handlers\base.py", line 253, in _get_response_async
    response = await wrapped_callback(
               ^^^^^^^^^^^^^^^^^^^^^^^
        request, *callback_args, **callback_kwargs
        ^^^^^^^^^^^^^^^^^^^^^^^^^^^^^^^^^^^^^^^^^^
    )
    ^
  File "C:\Users\LOPEZHEJ\OneDrive - Luxottica Group S.p.A\Desktop\DJANGO NEXHUS\venv\Lib\site-packages\asgiref\sync.py", line 506, in __call__
    ret = await asyncio.shield(exec_coro)
          ^^^^^^^^^^^^^^^^^^^^^^^^^^^^^^^
  File "C:\Users\LOPEZHEJ\AppData\Local\Programs\Python\Python313\Lib\concurrent\futures\thread.py", line 59, in run
    result = self.fn(*self.args, **self.kwargs)
  File "C:\Users\LOPEZHEJ\OneDrive - Luxottica Group S.p.A\Desktop\DJANGO NEXHUS\venv\Lib\site-packages\asgiref\sync.py", line 561, in thread_handler
    return func(*args, **kwargs)
  File "C:\Users\LOPEZHEJ\OneDrive - Luxottica Group S.p.A\Desktop\DJANGO NEXHUS\venv\Lib\site-packages\django\views\decorators\http.py", line 64, in inner
    return func(request, *args, **kwargs)
  File "C:\Users\LOPEZHEJ\OneDrive - Luxottica Group S.p.A\Desktop\DJANGO NEXHUS\queue_app\views.py", line 122, in scan_hu
    item    = HUItem.objects.create(
        hu_code     = raw,
    ...<2 lines>...
        status      = HUItem.STATUS_PENDING,
    )
  File "C:\Users\LOPEZHEJ\OneDrive - Luxottica Group S.p.A\Desktop\DJANGO NEXHUS\venv\Lib\site-packages\django\db\models\manager.py", line 87, in manager_method
    return getattr(self.get_queryset(), name)(*args, **kwargs)
           ~~~~~~~~~~~~~~~~~~~~~~~~~~~~~~~~~~^^^^^^^^^^^^^^^^^
  File "C:\Users\LOPEZHEJ\OneDrive - Luxottica Group S.p.A\Desktop\DJANGO NEXHUS\venv\Lib\site-packages\django\db\models\query.py", line 679, in create
    obj.save(force_insert=True, using=self.db)
    ~~~~~~~~^^^^^^^^^^^^^^^^^^^^^^^^^^^^^^^^^^
  File "C:\Users\LOPEZHEJ\OneDrive - Luxottica Group S.p.A\Desktop\DJANGO NEXHUS\venv\Lib\site-packages\django\db\models\base.py", line 891, in save
    self.save_base(
    ~~~~~~~~~~~~~~^
        using=using,
        ^^^^^^^^^^^^
    ...<2 lines>...
        update_fields=update_fields,
        ^^^^^^^^^^^^^^^^^^^^^^^^^^^^
    )
    ^
  File "C:\Users\LOPEZHEJ\OneDrive - Luxottica Group S.p.A\Desktop\DJANGO NEXHUS\venv\Lib\site-packages\django\db\models\base.py", line 997, in save_base
    updated = self._save_table(
        raw,
    ...<4 lines>...
        update_fields,
    )
  File "C:\Users\LOPEZHEJ\OneDrive - Luxottica Group S.p.A\Desktop\DJANGO NEXHUS\venv\Lib\site-packages\django\db\models\base.py", line 1160, in _save_table
    results = self._do_insert(
        cls._base_manager, using, fields, returning_fields, raw
    )
  File "C:\Users\LOPEZHEJ\OneDrive - Luxottica Group S.p.A\Desktop\DJANGO NEXHUS\venv\Lib\site-packages\django\db\models\base.py", line 1201, in _do_insert
    return manager._insert(
           ~~~~~~~~~~~~~~~^
        [self],
        ^^^^^^^
    ...<3 lines>...
        raw=raw,
        ^^^^^^^^
    )
    ^
  File "C:\Users\LOPEZHEJ\OneDrive - Luxottica Group S.p.A\Desktop\DJANGO NEXHUS\venv\Lib\site-packages\django\db\models\manager.py", line 87, in manager_method
    return getattr(self.get_queryset(), name)(*args, **kwargs)
           ~~~~~~~~~~~~~~~~~~~~~~~~~~~~~~~~~~^^^^^^^^^^^^^^^^^
  File "C:\Users\LOPEZHEJ\OneDrive - Luxottica Group S.p.A\Desktop\DJANGO NEXHUS\venv\Lib\site-packages\django\db\models\query.py", line 1847, in _insert
    return query.get_compiler(using=using).execute_sql(returning_fields)
           ~~~~~~~~~~~~~~~~~~~~~~~~~~~~~~~~~~~~~~~~~~~^^^^^^^^^^^^^^^^^^
  File "C:\Users\LOPEZHEJ\OneDrive - Luxottica Group S.p.A\Desktop\DJANGO NEXHUS\venv\Lib\site-packages\django\db\models\sql\compiler.py", line 1836, in execute_sql
    cursor.execute(sql, params)
    ~~~~~~~~~~~~~~^^^^^^^^^^^^^
  File "C:\Users\LOPEZHEJ\OneDrive - Luxottica Group S.p.A\Desktop\DJANGO NEXHUS\venv\Lib\site-packages\django\db\backends\utils.py", line 122, in execute
    return super().execute(sql, params)
           ~~~~~~~~~~~~~~~^^^^^^^^^^^^^
  File "C:\Users\LOPEZHEJ\OneDrive - Luxottica Group S.p.A\Desktop\DJANGO NEXHUS\venv\Lib\site-packages\django\db\backends\utils.py", line 79, in execute
    return self._execute_with_wrappers(
           ~~~~~~~~~~~~~~~~~~~~~~~~~~~^
        sql, params, many=False, executor=self._execute
        ^^^^^^^^^^^^^^^^^^^^^^^^^^^^^^^^^^^^^^^^^^^^^^^
    )
    ^
  File "C:\Users\LOPEZHEJ\OneDrive - Luxottica Group S.p.A\Desktop\DJANGO NEXHUS\venv\Lib\site-packages\django\db\backends\utils.py", line 92, in _execute_with_wrappers
    return executor(sql, params, many, context)
  File "C:\Users\LOPEZHEJ\OneDrive - Luxottica Group S.p.A\Desktop\DJANGO NEXHUS\venv\Lib\site-packages\django\db\backends\utils.py", line 100, in _execute
    with self.db.wrap_database_errors:
         ^^^^^^^^^^^^^^^^^^^^^^^^^^^^
  File "C:\Users\LOPEZHEJ\OneDrive - Luxottica Group S.p.A\Desktop\DJANGO NEXHUS\venv\Lib\site-packages\django\db\utils.py", line 91, in __exit__
    raise dj_exc_value.with_traceback(traceback) from exc_value
  File "C:\Users\LOPEZHEJ\OneDrive - Luxottica Group S.p.A\Desktop\DJANGO NEXHUS\venv\Lib\site-packages\django\db\backends\utils.py", line 105, in _execute
    return self.cursor.execute(sql, params)
           ~~~~~~~~~~~~~~~~~~~^^^^^^^^^^^^^
  File "C:\Users\LOPEZHEJ\OneDrive - Luxottica Group S.p.A\Desktop\DJANGO NEXHUS\venv\Lib\site-packages\django\db\backends\sqlite3\base.py", line 354, in execute
    return super().execute(query, params)
           ~~~~~~~~~~~~~~~^^^^^^^^^^^^^^^
django.db.utils.IntegrityError: NOT NULL constraint failed: queue_app_huitem.error_msg
08:56:34 [ERROR] django.request - Internal Server Error: /scan/
Traceback (most recent call last):
  File "C:\Users\LOPEZHEJ\OneDrive - Luxottica Group S.p.A\Desktop\DJANGO NEXHUS\venv\Lib\site-packages\django\db\backends\utils.py", line 105, in _execute
    return self.cursor.execute(sql, params)
           ~~~~~~~~~~~~~~~~~~~^^^^^^^^^^^^^
  File "C:\Users\LOPEZHEJ\OneDrive - Luxottica Group S.p.A\Desktop\DJANGO NEXHUS\venv\Lib\site-packages\django\db\backends\sqlite3\base.py", line 354, in execute
    return super().execute(query, params)
           ~~~~~~~~~~~~~~~^^^^^^^^^^^^^^^
sqlite3.IntegrityError: NOT NULL constraint failed: queue_app_huitem.error_msg

The above exception was the direct cause of the following exception:

Traceback (most recent call last):
  File "C:\Users\LOPEZHEJ\OneDrive - Luxottica Group S.p.A\Desktop\DJANGO NEXHUS\venv\Lib\site-packages\asgiref\sync.py", line 557, in thread_handler
    raise exc_info[1]
  File "C:\Users\LOPEZHEJ\OneDrive - Luxottica Group S.p.A\Desktop\DJANGO NEXHUS\venv\Lib\site-packages\django\core\handlers\exception.py", line 42, in inner
    response = await get_response(request)
               ^^^^^^^^^^^^^^^^^^^^^^^^^^^
  File "C:\Users\LOPEZHEJ\OneDrive - Luxottica Group S.p.A\Desktop\DJANGO NEXHUS\venv\Lib\site-packages\asgiref\sync.py", line 557, in thread_handler
    raise exc_info[1]
  File "C:\Users\LOPEZHEJ\OneDrive - Luxottica Group S.p.A\Desktop\DJANGO NEXHUS\venv\Lib\site-packages\django\core\handlers\base.py", line 253, in _get_response_async
    response = await wrapped_callback(
               ^^^^^^^^^^^^^^^^^^^^^^^
        request, *callback_args, **callback_kwargs
        ^^^^^^^^^^^^^^^^^^^^^^^^^^^^^^^^^^^^^^^^^^
    )
    ^
  File "C:\Users\LOPEZHEJ\OneDrive - Luxottica Group S.p.A\Desktop\DJANGO NEXHUS\venv\Lib\site-packages\asgiref\sync.py", line 506, in __call__
    ret = await asyncio.shield(exec_coro)
          ^^^^^^^^^^^^^^^^^^^^^^^^^^^^^^^
  File "C:\Users\LOPEZHEJ\AppData\Local\Programs\Python\Python313\Lib\concurrent\futures\thread.py", line 59, in run
    result = self.fn(*self.args, **self.kwargs)
  File "C:\Users\LOPEZHEJ\OneDrive - Luxottica Group S.p.A\Desktop\DJANGO NEXHUS\venv\Lib\site-packages\asgiref\sync.py", line 561, in thread_handler
    return func(*args, **kwargs)
  File "C:\Users\LOPEZHEJ\OneDrive - Luxottica Group S.p.A\Desktop\DJANGO NEXHUS\venv\Lib\site-packages\django\views\decorators\http.py", line 64, in inner
    return func(request, *args, **kwargs)
  File "C:\Users\LOPEZHEJ\OneDrive - Luxottica Group S.p.A\Desktop\DJANGO NEXHUS\queue_app\views.py", line 122, in scan_hu
    item    = HUItem.objects.create(
        hu_code     = raw,
    ...<2 lines>...
        status      = HUItem.STATUS_PENDING,
    )
  File "C:\Users\LOPEZHEJ\OneDrive - Luxottica Group S.p.A\Desktop\DJANGO NEXHUS\venv\Lib\site-packages\django\db\models\manager.py", line 87, in manager_method
    return getattr(self.get_queryset(), name)(*args, **kwargs)
           ~~~~~~~~~~~~~~~~~~~~~~~~~~~~~~~~~~^^^^^^^^^^^^^^^^^
  File "C:\Users\LOPEZHEJ\OneDrive - Luxottica Group S.p.A\Desktop\DJANGO NEXHUS\venv\Lib\site-packages\django\db\models\query.py", line 679, in create
    obj.save(force_insert=True, using=self.db)
    ~~~~~~~~^^^^^^^^^^^^^^^^^^^^^^^^^^^^^^^^^^
  File "C:\Users\LOPEZHEJ\OneDrive - Luxottica Group S.p.A\Desktop\DJANGO NEXHUS\venv\Lib\site-packages\django\db\models\base.py", line 891, in save
    self.save_base(
    ~~~~~~~~~~~~~~^
        using=using,
        ^^^^^^^^^^^^
    ...<2 lines>...
        update_fields=update_fields,
        ^^^^^^^^^^^^^^^^^^^^^^^^^^^^
    )
    ^
  File "C:\Users\LOPEZHEJ\OneDrive - Luxottica Group S.p.A\Desktop\DJANGO NEXHUS\venv\Lib\site-packages\django\db\models\base.py", line 997, in save_base
    updated = self._save_table(
        raw,
    ...<4 lines>...
        update_fields,
    )
  File "C:\Users\LOPEZHEJ\OneDrive - Luxottica Group S.p.A\Desktop\DJANGO NEXHUS\venv\Lib\site-packages\django\db\models\base.py", line 1160, in _save_table
    results = self._do_insert(
        cls._base_manager, using, fields, returning_fields, raw
    )
  File "C:\Users\LOPEZHEJ\OneDrive - Luxottica Group S.p.A\Desktop\DJANGO NEXHUS\venv\Lib\site-packages\django\db\models\base.py", line 1201, in _do_insert
    return manager._insert(
           ~~~~~~~~~~~~~~~^
        [self],
        ^^^^^^^
    ...<3 lines>...
        raw=raw,
        ^^^^^^^^
    )
    ^
  File "C:\Users\LOPEZHEJ\OneDrive - Luxottica Group S.p.A\Desktop\DJANGO NEXHUS\venv\Lib\site-packages\django\db\models\manager.py", line 87, in manager_method
    return getattr(self.get_queryset(), name)(*args, **kwargs)
           ~~~~~~~~~~~~~~~~~~~~~~~~~~~~~~~~~~^^^^^^^^^^^^^^^^^
  File "C:\Users\LOPEZHEJ\OneDrive - Luxottica Group S.p.A\Desktop\DJANGO NEXHUS\venv\Lib\site-packages\django\db\models\query.py", line 1847, in _insert
    return query.get_compiler(using=using).execute_sql(returning_fields)
           ~~~~~~~~~~~~~~~~~~~~~~~~~~~~~~~~~~~~~~~~~~~^^^^^^^^^^^^^^^^^^
  File "C:\Users\LOPEZHEJ\OneDrive - Luxottica Group S.p.A\Desktop\DJANGO NEXHUS\venv\Lib\site-packages\django\db\models\sql\compiler.py", line 1836, in execute_sql
    cursor.execute(sql, params)
    ~~~~~~~~~~~~~~^^^^^^^^^^^^^
  File "C:\Users\LOPEZHEJ\OneDrive - Luxottica Group S.p.A\Desktop\DJANGO NEXHUS\venv\Lib\site-packages\django\db\backends\utils.py", line 122, in execute
    return super().execute(sql, params)
           ~~~~~~~~~~~~~~~^^^^^^^^^^^^^
  File "C:\Users\LOPEZHEJ\OneDrive - Luxottica Group S.p.A\Desktop\DJANGO NEXHUS\venv\Lib\site-packages\django\db\backends\utils.py", line 79, in execute
    return self._execute_with_wrappers(
           ~~~~~~~~~~~~~~~~~~~~~~~~~~~^
        sql, params, many=False, executor=self._execute
        ^^^^^^^^^^^^^^^^^^^^^^^^^^^^^^^^^^^^^^^^^^^^^^^
    )
    ^
  File "C:\Users\LOPEZHEJ\OneDrive - Luxottica Group S.p.A\Desktop\DJANGO NEXHUS\venv\Lib\site-packages\django\db\backends\utils.py", line 92, in _execute_with_wrappers
    return executor(sql, params, many, context)
  File "C:\Users\LOPEZHEJ\OneDrive - Luxottica Group S.p.A\Desktop\DJANGO NEXHUS\venv\Lib\site-packages\django\db\backends\utils.py", line 100, in _execute
    with self.db.wrap_database_errors:
         ^^^^^^^^^^^^^^^^^^^^^^^^^^^^
  File "C:\Users\LOPEZHEJ\OneDrive - Luxottica Group S.p.A\Desktop\DJANGO NEXHUS\venv\Lib\site-packages\django\db\utils.py", line 91, in __exit__
    raise dj_exc_value.with_traceback(traceback) from exc_value
  File "C:\Users\LOPEZHEJ\OneDrive - Luxottica Group S.p.A\Desktop\DJANGO NEXHUS\venv\Lib\site-packages\django\db\backends\utils.py", line 105, in _execute
    return self.cursor.execute(sql, params)
           ~~~~~~~~~~~~~~~~~~~^^^^^^^^^^^^^
  File "C:\Users\LOPEZHEJ\OneDrive - Luxottica Group S.p.A\Desktop\DJANGO NEXHUS\venv\Lib\site-packages\django\db\backends\sqlite3\base.py", line 354, in execute
    return super().execute(query, params)
           ~~~~~~~~~~~~~~~^^^^^^^^^^^^^^^
django.db.utils.IntegrityError: NOT NULL constraint failed: queue_app_huitem.error_msg
08:56:34 [ERROR] django.request - Internal Server Error: /scan/
Traceback (most recent call last):
  File "C:\Users\LOPEZHEJ\OneDrive - Luxottica Group S.p.A\Desktop\DJANGO NEXHUS\venv\Lib\site-packages\django\db\backends\utils.py", line 105, in _execute
    return self.cursor.execute(sql, params)
           ~~~~~~~~~~~~~~~~~~~^^^^^^^^^^^^^
  File "C:\Users\LOPEZHEJ\OneDrive - Luxottica Group S.p.A\Desktop\DJANGO NEXHUS\venv\Lib\site-packages\django\db\backends\sqlite3\base.py", line 354, in execute
    return super().execute(query, params)
           ~~~~~~~~~~~~~~~^^^^^^^^^^^^^^^
sqlite3.IntegrityError: NOT NULL constraint failed: queue_app_huitem.error_msg

The above exception was the direct cause of the following exception:

Traceback (most recent call last):
  File "C:\Users\LOPEZHEJ\OneDrive - Luxottica Group S.p.A\Desktop\DJANGO NEXHUS\venv\Lib\site-packages\asgiref\sync.py", line 557, in thread_handler
    raise exc_info[1]
  File "C:\Users\LOPEZHEJ\OneDrive - Luxottica Group S.p.A\Desktop\DJANGO NEXHUS\venv\Lib\site-packages\django\core\handlers\exception.py", line 42, in inner
    response = await get_response(request)
               ^^^^^^^^^^^^^^^^^^^^^^^^^^^
  File "C:\Users\LOPEZHEJ\OneDrive - Luxottica Group S.p.A\Desktop\DJANGO NEXHUS\venv\Lib\site-packages\asgiref\sync.py", line 557, in thread_handler
    raise exc_info[1]
  File "C:\Users\LOPEZHEJ\OneDrive - Luxottica Group S.p.A\Desktop\DJANGO NEXHUS\venv\Lib\site-packages\django\core\handlers\base.py", line 253, in _get_response_async
    response = await wrapped_callback(
               ^^^^^^^^^^^^^^^^^^^^^^^
        request, *callback_args, **callback_kwargs
        ^^^^^^^^^^^^^^^^^^^^^^^^^^^^^^^^^^^^^^^^^^
    )
    ^
  File "C:\Users\LOPEZHEJ\OneDrive - Luxottica Group S.p.A\Desktop\DJANGO NEXHUS\venv\Lib\site-packages\asgiref\sync.py", line 506, in __call__
    ret = await asyncio.shield(exec_coro)
          ^^^^^^^^^^^^^^^^^^^^^^^^^^^^^^^
  File "C:\Users\LOPEZHEJ\AppData\Local\Programs\Python\Python313\Lib\concurrent\futures\thread.py", line 59, in run
    result = self.fn(*self.args, **self.kwargs)
  File "C:\Users\LOPEZHEJ\OneDrive - Luxottica Group S.p.A\Desktop\DJANGO NEXHUS\venv\Lib\site-packages\asgiref\sync.py", line 561, in thread_handler
    return func(*args, **kwargs)
  File "C:\Users\LOPEZHEJ\OneDrive - Luxottica Group S.p.A\Desktop\DJANGO NEXHUS\venv\Lib\site-packages\django\views\decorators\http.py", line 64, in inner
    return func(request, *args, **kwargs)
  File "C:\Users\LOPEZHEJ\OneDrive - Luxottica Group S.p.A\Desktop\DJANGO NEXHUS\queue_app\views.py", line 122, in scan_hu
    item    = HUItem.objects.create(
        hu_code     = raw,
    ...<2 lines>...
        status      = HUItem.STATUS_PENDING,
    )
  File "C:\Users\LOPEZHEJ\OneDrive - Luxottica Group S.p.A\Desktop\DJANGO NEXHUS\venv\Lib\site-packages\django\db\models\manager.py", line 87, in manager_method
    return getattr(self.get_queryset(), name)(*args, **kwargs)
           ~~~~~~~~~~~~~~~~~~~~~~~~~~~~~~~~~~^^^^^^^^^^^^^^^^^
  File "C:\Users\LOPEZHEJ\OneDrive - Luxottica Group S.p.A\Desktop\DJANGO NEXHUS\venv\Lib\site-packages\django\db\models\query.py", line 679, in create
    obj.save(force_insert=True, using=self.db)
    ~~~~~~~~^^^^^^^^^^^^^^^^^^^^^^^^^^^^^^^^^^
  File "C:\Users\LOPEZHEJ\OneDrive - Luxottica Group S.p.A\Desktop\DJANGO NEXHUS\venv\Lib\site-packages\django\db\models\base.py", line 891, in save
    self.save_base(
    ~~~~~~~~~~~~~~^
        using=using,
        ^^^^^^^^^^^^
    ...<2 lines>...
        update_fields=update_fields,
        ^^^^^^^^^^^^^^^^^^^^^^^^^^^^
    )
    ^
  File "C:\Users\LOPEZHEJ\OneDrive - Luxottica Group S.p.A\Desktop\DJANGO NEXHUS\venv\Lib\site-packages\django\db\models\base.py", line 997, in save_base
    updated = self._save_table(
        raw,
    ...<4 lines>...
        update_fields,
    )
  File "C:\Users\LOPEZHEJ\OneDrive - Luxottica Group S.p.A\Desktop\DJANGO NEXHUS\venv\Lib\site-packages\django\db\models\base.py", line 1160, in _save_table
    results = self._do_insert(
        cls._base_manager, using, fields, returning_fields, raw
    )
  File "C:\Users\LOPEZHEJ\OneDrive - Luxottica Group S.p.A\Desktop\DJANGO NEXHUS\venv\Lib\site-packages\django\db\models\base.py", line 1201, in _do_insert
    return manager._insert(
           ~~~~~~~~~~~~~~~^
        [self],
        ^^^^^^^
    ...<3 lines>...
        raw=raw,
        ^^^^^^^^
    )
    ^
  File "C:\Users\LOPEZHEJ\OneDrive - Luxottica Group S.p.A\Desktop\DJANGO NEXHUS\venv\Lib\site-packages\django\db\models\manager.py", line 87, in manager_method
    return getattr(self.get_queryset(), name)(*args, **kwargs)
           ~~~~~~~~~~~~~~~~~~~~~~~~~~~~~~~~~~^^^^^^^^^^^^^^^^^
  File "C:\Users\LOPEZHEJ\OneDrive - Luxottica Group S.p.A\Desktop\DJANGO NEXHUS\venv\Lib\site-packages\django\db\models\query.py", line 1847, in _insert
    return query.get_compiler(using=using).execute_sql(returning_fields)
           ~~~~~~~~~~~~~~~~~~~~~~~~~~~~~~~~~~~~~~~~~~~^^^^^^^^^^^^^^^^^^
  File "C:\Users\LOPEZHEJ\OneDrive - Luxottica Group S.p.A\Desktop\DJANGO NEXHUS\venv\Lib\site-packages\django\db\models\sql\compiler.py", line 1836, in execute_sql
    cursor.execute(sql, params)
    ~~~~~~~~~~~~~~^^^^^^^^^^^^^
  File "C:\Users\LOPEZHEJ\OneDrive - Luxottica Group S.p.A\Desktop\DJANGO NEXHUS\venv\Lib\site-packages\django\db\backends\utils.py", line 122, in execute
    return super().execute(sql, params)
           ~~~~~~~~~~~~~~~^^^^^^^^^^^^^
  File "C:\Users\LOPEZHEJ\OneDrive - Luxottica Group S.p.A\Desktop\DJANGO NEXHUS\venv\Lib\site-packages\django\db\backends\utils.py", line 79, in execute
    return self._execute_with_wrappers(
           ~~~~~~~~~~~~~~~~~~~~~~~~~~~^
        sql, params, many=False, executor=self._execute
        ^^^^^^^^^^^^^^^^^^^^^^^^^^^^^^^^^^^^^^^^^^^^^^^
    )
    ^
  File "C:\Users\LOPEZHEJ\OneDrive - Luxottica Group S.p.A\Desktop\DJANGO NEXHUS\venv\Lib\site-packages\django\db\backends\utils.py", line 92, in _execute_with_wrappers
    return executor(sql, params, many, context)
  File "C:\Users\LOPEZHEJ\OneDrive - Luxottica Group S.p.A\Desktop\DJANGO NEXHUS\venv\Lib\site-packages\django\db\backends\utils.py", line 100, in _execute
    with self.db.wrap_database_errors:
         ^^^^^^^^^^^^^^^^^^^^^^^^^^^^
  File "C:\Users\LOPEZHEJ\OneDrive - Luxottica Group S.p.A\Desktop\DJANGO NEXHUS\venv\Lib\site-packages\django\db\utils.py", line 91, in __exit__
    raise dj_exc_value.with_traceback(traceback) from exc_value
  File "C:\Users\LOPEZHEJ\OneDrive - Luxottica Group S.p.A\Desktop\DJANGO NEXHUS\venv\Lib\site-packages\django\db\backends\utils.py", line 105, in _execute
    return self.cursor.execute(sql, params)
           ~~~~~~~~~~~~~~~~~~~^^^^^^^^^^^^^
  File "C:\Users\LOPEZHEJ\OneDrive - Luxottica Group S.p.A\Desktop\DJANGO NEXHUS\venv\Lib\site-packages\django\db\backends\sqlite3\base.py", line 354, in execute
    return super().execute(query, params)
           ~~~~~~~~~~~~~~~^^^^^^^^^^^^^^^
django.db.utils.IntegrityError: NOT NULL constraint failed: queue_app_huitem.error_msg
08:56:34 [ERROR] django.request - Internal Server Error: /scan/
Traceback (most recent call last):
  File "C:\Users\LOPEZHEJ\OneDrive - Luxottica Group S.p.A\Desktop\DJANGO NEXHUS\venv\Lib\site-packages\django\db\backends\utils.py", line 105, in _execute
    return self.cursor.execute(sql, params)
           ~~~~~~~~~~~~~~~~~~~^^^^^^^^^^^^^
  File "C:\Users\LOPEZHEJ\OneDrive - Luxottica Group S.p.A\Desktop\DJANGO NEXHUS\venv\Lib\site-packages\django\db\backends\sqlite3\base.py", line 354, in execute
    return super().execute(query, params)
           ~~~~~~~~~~~~~~~^^^^^^^^^^^^^^^
sqlite3.IntegrityError: NOT NULL constraint failed: queue_app_huitem.error_msg

The above exception was the direct cause of the following exception:

Traceback (most recent call last):
  File "C:\Users\LOPEZHEJ\OneDrive - Luxottica Group S.p.A\Desktop\DJANGO NEXHUS\venv\Lib\site-packages\asgiref\sync.py", line 557, in thread_handler
    raise exc_info[1]
  File "C:\Users\LOPEZHEJ\OneDrive - Luxottica Group S.p.A\Desktop\DJANGO NEXHUS\venv\Lib\site-packages\django\core\handlers\exception.py", line 42, in inner
    response = await get_response(request)
               ^^^^^^^^^^^^^^^^^^^^^^^^^^^
  File "C:\Users\LOPEZHEJ\OneDrive - Luxottica Group S.p.A\Desktop\DJANGO NEXHUS\venv\Lib\site-packages\asgiref\sync.py", line 557, in thread_handler
    raise exc_info[1]
  File "C:\Users\LOPEZHEJ\OneDrive - Luxottica Group S.p.A\Desktop\DJANGO NEXHUS\venv\Lib\site-packages\django\core\handlers\base.py", line 253, in _get_response_async
    response = await wrapped_callback(
               ^^^^^^^^^^^^^^^^^^^^^^^
        request, *callback_args, **callback_kwargs
        ^^^^^^^^^^^^^^^^^^^^^^^^^^^^^^^^^^^^^^^^^^
    )
    ^
  File "C:\Users\LOPEZHEJ\OneDrive - Luxottica Group S.p.A\Desktop\DJANGO NEXHUS\venv\Lib\site-packages\asgiref\sync.py", line 506, in __call__
    ret = await asyncio.shield(exec_coro)
          ^^^^^^^^^^^^^^^^^^^^^^^^^^^^^^^
  File "C:\Users\LOPEZHEJ\AppData\Local\Programs\Python\Python313\Lib\concurrent\futures\thread.py", line 59, in run
    result = self.fn(*self.args, **self.kwargs)
  File "C:\Users\LOPEZHEJ\OneDrive - Luxottica Group S.p.A\Desktop\DJANGO NEXHUS\venv\Lib\site-packages\asgiref\sync.py", line 561, in thread_handler
    return func(*args, **kwargs)
  File "C:\Users\LOPEZHEJ\OneDrive - Luxottica Group S.p.A\Desktop\DJANGO NEXHUS\venv\Lib\site-packages\django\views\decorators\http.py", line 64, in inner
    return func(request, *args, **kwargs)
  File "C:\Users\LOPEZHEJ\OneDrive - Luxottica Group S.p.A\Desktop\DJANGO NEXHUS\queue_app\views.py", line 122, in scan_hu
    item    = HUItem.objects.create(
        hu_code     = raw,
    ...<2 lines>...
        status      = HUItem.STATUS_PENDING,
    )
  File "C:\Users\LOPEZHEJ\OneDrive - Luxottica Group S.p.A\Desktop\DJANGO NEXHUS\venv\Lib\site-packages\django\db\models\manager.py", line 87, in manager_method
    return getattr(self.get_queryset(), name)(*args, **kwargs)
           ~~~~~~~~~~~~~~~~~~~~~~~~~~~~~~~~~~^^^^^^^^^^^^^^^^^
  File "C:\Users\LOPEZHEJ\OneDrive - Luxottica Group S.p.A\Desktop\DJANGO NEXHUS\venv\Lib\site-packages\django\db\models\query.py", line 679, in create
    obj.save(force_insert=True, using=self.db)
    ~~~~~~~~^^^^^^^^^^^^^^^^^^^^^^^^^^^^^^^^^^
  File "C:\Users\LOPEZHEJ\OneDrive - Luxottica Group S.p.A\Desktop\DJANGO NEXHUS\venv\Lib\site-packages\django\db\models\base.py", line 891, in save
    self.save_base(
    ~~~~~~~~~~~~~~^
        using=using,
        ^^^^^^^^^^^^
    ...<2 lines>...
        update_fields=update_fields,
        ^^^^^^^^^^^^^^^^^^^^^^^^^^^^
    )
    ^
  File "C:\Users\LOPEZHEJ\OneDrive - Luxottica Group S.p.A\Desktop\DJANGO NEXHUS\venv\Lib\site-packages\django\db\models\base.py", line 997, in save_base
    updated = self._save_table(
        raw,
    ...<4 lines>...
        update_fields,
    )
  File "C:\Users\LOPEZHEJ\OneDrive - Luxottica Group S.p.A\Desktop\DJANGO NEXHUS\venv\Lib\site-packages\django\db\models\base.py", line 1160, in _save_table
    results = self._do_insert(
        cls._base_manager, using, fields, returning_fields, raw
    )
  File "C:\Users\LOPEZHEJ\OneDrive - Luxottica Group S.p.A\Desktop\DJANGO NEXHUS\venv\Lib\site-packages\django\db\models\base.py", line 1201, in _do_insert
    return manager._insert(
           ~~~~~~~~~~~~~~~^
        [self],
        ^^^^^^^
    ...<3 lines>...
        raw=raw,
        ^^^^^^^^
    )
    ^
  File "C:\Users\LOPEZHEJ\OneDrive - Luxottica Group S.p.A\Desktop\DJANGO NEXHUS\venv\Lib\site-packages\django\db\models\manager.py", line 87, in manager_method
    return getattr(self.get_queryset(), name)(*args, **kwargs)
           ~~~~~~~~~~~~~~~~~~~~~~~~~~~~~~~~~~^^^^^^^^^^^^^^^^^
  File "C:\Users\LOPEZHEJ\OneDrive - Luxottica Group S.p.A\Desktop\DJANGO NEXHUS\venv\Lib\site-packages\django\db\models\query.py", line 1847, in _insert
    return query.get_compiler(using=using).execute_sql(returning_fields)
           ~~~~~~~~~~~~~~~~~~~~~~~~~~~~~~~~~~~~~~~~~~~^^^^^^^^^^^^^^^^^^
  File "C:\Users\LOPEZHEJ\OneDrive - Luxottica Group S.p.A\Desktop\DJANGO NEXHUS\venv\Lib\site-packages\django\db\models\sql\compiler.py", line 1836, in execute_sql
    cursor.execute(sql, params)
    ~~~~~~~~~~~~~~^^^^^^^^^^^^^
  File "C:\Users\LOPEZHEJ\OneDrive - Luxottica Group S.p.A\Desktop\DJANGO NEXHUS\venv\Lib\site-packages\django\db\backends\utils.py", line 122, in execute
    return super().execute(sql, params)
           ~~~~~~~~~~~~~~~^^^^^^^^^^^^^
  File "C:\Users\LOPEZHEJ\OneDrive - Luxottica Group S.p.A\Desktop\DJANGO NEXHUS\venv\Lib\site-packages\django\db\backends\utils.py", line 79, in execute
    return self._execute_with_wrappers(
           ~~~~~~~~~~~~~~~~~~~~~~~~~~~^
        sql, params, many=False, executor=self._execute
        ^^^^^^^^^^^^^^^^^^^^^^^^^^^^^^^^^^^^^^^^^^^^^^^
    )
    ^
  File "C:\Users\LOPEZHEJ\OneDrive - Luxottica Group S.p.A\Desktop\DJANGO NEXHUS\venv\Lib\site-packages\django\db\backends\utils.py", line 92, in _execute_with_wrappers
    return executor(sql, params, many, context)
  File "C:\Users\LOPEZHEJ\OneDrive - Luxottica Group S.p.A\Desktop\DJANGO NEXHUS\venv\Lib\site-packages\django\db\backends\utils.py", line 100, in _execute
    with self.db.wrap_database_errors:
         ^^^^^^^^^^^^^^^^^^^^^^^^^^^^
  File "C:\Users\LOPEZHEJ\OneDrive - Luxottica Group S.p.A\Desktop\DJANGO NEXHUS\venv\Lib\site-packages\django\db\utils.py", line 91, in __exit__
    raise dj_exc_value.with_traceback(traceback) from exc_value
  File "C:\Users\LOPEZHEJ\OneDrive - Luxottica Group S.p.A\Desktop\DJANGO NEXHUS\venv\Lib\site-packages\django\db\backends\utils.py", line 105, in _execute
    return self.cursor.execute(sql, params)
           ~~~~~~~~~~~~~~~~~~~^^^^^^^^^^^^^
  File "C:\Users\LOPEZHEJ\OneDrive - Luxottica Group S.p.A\Desktop\DJANGO NEXHUS\venv\Lib\site-packages\django\db\backends\sqlite3\base.py", line 354, in execute
    return super().execute(query, params)
           ~~~~~~~~~~~~~~~^^^^^^^^^^^^^^^
django.db.utils.IntegrityError: NOT NULL constraint failed: queue_app_huitem.error_msg
08:56:40 [INFO] queue_app.consumers - ws_disconnected channel=specific.3a79ba7993574d708007300a29322ffa!9f9e14cc18b24a68a5794350ace95ca7 code=1001
08:56:40 [INFO] queue_app.consumers - ws_connected channel=specific.3a79ba7993574d708007300a29322ffa!703f4f2915b44c26abdf39576c628813
08:56:41 [WARNING] django.request - Not Found: /favicon.ico
08:56:43 [ERROR] django.request - Internal Server Error: /scan/
Traceback (most recent call last):
  File "C:\Users\LOPEZHEJ\OneDrive - Luxottica Group S.p.A\Desktop\DJANGO NEXHUS\venv\Lib\site-packages\django\db\backends\utils.py", line 105, in _execute
    return self.cursor.execute(sql, params)
           ~~~~~~~~~~~~~~~~~~~^^^^^^^^^^^^^
  File "C:\Users\LOPEZHEJ\OneDrive - Luxottica Group S.p.A\Desktop\DJANGO NEXHUS\venv\Lib\site-packages\django\db\backends\sqlite3\base.py", line 354, in execute
    return super().execute(query, params)
           ~~~~~~~~~~~~~~~^^^^^^^^^^^^^^^
sqlite3.IntegrityError: NOT NULL constraint failed: queue_app_huitem.error_msg

The above exception was the direct cause of the following exception:

Traceback (most recent call last):
  File "C:\Users\LOPEZHEJ\OneDrive - Luxottica Group S.p.A\Desktop\DJANGO NEXHUS\venv\Lib\site-packages\asgiref\sync.py", line 557, in thread_handler
    raise exc_info[1]
  File "C:\Users\LOPEZHEJ\OneDrive - Luxottica Group S.p.A\Desktop\DJANGO NEXHUS\venv\Lib\site-packages\django\core\handlers\exception.py", line 42, in inner
    response = await get_response(request)
               ^^^^^^^^^^^^^^^^^^^^^^^^^^^
  File "C:\Users\LOPEZHEJ\OneDrive - Luxottica Group S.p.A\Desktop\DJANGO NEXHUS\venv\Lib\site-packages\asgiref\sync.py", line 557, in thread_handler
    raise exc_info[1]
  File "C:\Users\LOPEZHEJ\OneDrive - Luxottica Group S.p.A\Desktop\DJANGO NEXHUS\venv\Lib\site-packages\django\core\handlers\base.py", line 253, in _get_response_async
    response = await wrapped_callback(
               ^^^^^^^^^^^^^^^^^^^^^^^
        request, *callback_args, **callback_kwargs
        ^^^^^^^^^^^^^^^^^^^^^^^^^^^^^^^^^^^^^^^^^^
    )
    ^
  File "C:\Users\LOPEZHEJ\OneDrive - Luxottica Group S.p.A\Desktop\DJANGO NEXHUS\venv\Lib\site-packages\asgiref\sync.py", line 506, in __call__
    ret = await asyncio.shield(exec_coro)
          ^^^^^^^^^^^^^^^^^^^^^^^^^^^^^^^
  File "C:\Users\LOPEZHEJ\AppData\Local\Programs\Python\Python313\Lib\concurrent\futures\thread.py", line 59, in run
    result = self.fn(*self.args, **self.kwargs)
  File "C:\Users\LOPEZHEJ\OneDrive - Luxottica Group S.p.A\Desktop\DJANGO NEXHUS\venv\Lib\site-packages\asgiref\sync.py", line 561, in thread_handler
    return func(*args, **kwargs)
  File "C:\Users\LOPEZHEJ\OneDrive - Luxottica Group S.p.A\Desktop\DJANGO NEXHUS\venv\Lib\site-packages\django\views\decorators\http.py", line 64, in inner
    return func(request, *args, **kwargs)
  File "C:\Users\LOPEZHEJ\OneDrive - Luxottica Group S.p.A\Desktop\DJANGO NEXHUS\queue_app\views.py", line 122, in scan_hu
    item    = HUItem.objects.create(
        hu_code     = raw,
    ...<2 lines>...
        status      = HUItem.STATUS_PENDING,
    )
  File "C:\Users\LOPEZHEJ\OneDrive - Luxottica Group S.p.A\Desktop\DJANGO NEXHUS\venv\Lib\site-packages\django\db\models\manager.py", line 87, in manager_method
    return getattr(self.get_queryset(), name)(*args, **kwargs)
           ~~~~~~~~~~~~~~~~~~~~~~~~~~~~~~~~~~^^^^^^^^^^^^^^^^^
  File "C:\Users\LOPEZHEJ\OneDrive - Luxottica Group S.p.A\Desktop\DJANGO NEXHUS\venv\Lib\site-packages\django\db\models\query.py", line 679, in create
    obj.save(force_insert=True, using=self.db)
    ~~~~~~~~^^^^^^^^^^^^^^^^^^^^^^^^^^^^^^^^^^
  File "C:\Users\LOPEZHEJ\OneDrive - Luxottica Group S.p.A\Desktop\DJANGO NEXHUS\venv\Lib\site-packages\django\db\models\base.py", line 891, in save
    self.save_base(
    ~~~~~~~~~~~~~~^
        using=using,
        ^^^^^^^^^^^^
    ...<2 lines>...
        update_fields=update_fields,
        ^^^^^^^^^^^^^^^^^^^^^^^^^^^^
    )
    ^
  File "C:\Users\LOPEZHEJ\OneDrive - Luxottica Group S.p.A\Desktop\DJANGO NEXHUS\venv\Lib\site-packages\django\db\models\base.py", line 997, in save_base
    updated = self._save_table(
        raw,
    ...<4 lines>...
        update_fields,
    )
  File "C:\Users\LOPEZHEJ\OneDrive - Luxottica Group S.p.A\Desktop\DJANGO NEXHUS\venv\Lib\site-packages\django\db\models\base.py", line 1160, in _save_table
    results = self._do_insert(
        cls._base_manager, using, fields, returning_fields, raw
    )
  File "C:\Users\LOPEZHEJ\OneDrive - Luxottica Group S.p.A\Desktop\DJANGO NEXHUS\venv\Lib\site-packages\django\db\models\base.py", line 1201, in _do_insert
    return manager._insert(
           ~~~~~~~~~~~~~~~^
        [self],
        ^^^^^^^
    ...<3 lines>...
        raw=raw,
        ^^^^^^^^
    )
    ^
  File "C:\Users\LOPEZHEJ\OneDrive - Luxottica Group S.p.A\Desktop\DJANGO NEXHUS\venv\Lib\site-packages\django\db\models\manager.py", line 87, in manager_method
    return getattr(self.get_queryset(), name)(*args, **kwargs)
           ~~~~~~~~~~~~~~~~~~~~~~~~~~~~~~~~~~^^^^^^^^^^^^^^^^^
  File "C:\Users\LOPEZHEJ\OneDrive - Luxottica Group S.p.A\Desktop\DJANGO NEXHUS\venv\Lib\site-packages\django\db\models\query.py", line 1847, in _insert
    return query.get_compiler(using=using).execute_sql(returning_fields)
           ~~~~~~~~~~~~~~~~~~~~~~~~~~~~~~~~~~~~~~~~~~~^^^^^^^^^^^^^^^^^^
  File "C:\Users\LOPEZHEJ\OneDrive - Luxottica Group S.p.A\Desktop\DJANGO NEXHUS\venv\Lib\site-packages\django\db\models\sql\compiler.py", line 1836, in execute_sql
    cursor.execute(sql, params)
    ~~~~~~~~~~~~~~^^^^^^^^^^^^^
  File "C:\Users\LOPEZHEJ\OneDrive - Luxottica Group S.p.A\Desktop\DJANGO NEXHUS\venv\Lib\site-packages\django\db\backends\utils.py", line 122, in execute
    return super().execute(sql, params)
           ~~~~~~~~~~~~~~~^^^^^^^^^^^^^
  File "C:\Users\LOPEZHEJ\OneDrive - Luxottica Group S.p.A\Desktop\DJANGO NEXHUS\venv\Lib\site-packages\django\db\backends\utils.py", line 79, in execute
    return self._execute_with_wrappers(
           ~~~~~~~~~~~~~~~~~~~~~~~~~~~^
        sql, params, many=False, executor=self._execute
        ^^^^^^^^^^^^^^^^^^^^^^^^^^^^^^^^^^^^^^^^^^^^^^^
    )
    ^
  File "C:\Users\LOPEZHEJ\OneDrive - Luxottica Group S.p.A\Desktop\DJANGO NEXHUS\venv\Lib\site-packages\django\db\backends\utils.py", line 92, in _execute_with_wrappers
    return executor(sql, params, many, context)
  File "C:\Users\LOPEZHEJ\OneDrive - Luxottica Group S.p.A\Desktop\DJANGO NEXHUS\venv\Lib\site-packages\django\db\backends\utils.py", line 100, in _execute
    with self.db.wrap_database_errors:
         ^^^^^^^^^^^^^^^^^^^^^^^^^^^^
  File "C:\Users\LOPEZHEJ\OneDrive - Luxottica Group S.p.A\Desktop\DJANGO NEXHUS\venv\Lib\site-packages\django\db\utils.py", line 91, in __exit__
    raise dj_exc_value.with_traceback(traceback) from exc_value
  File "C:\Users\LOPEZHEJ\OneDrive - Luxottica Group S.p.A\Desktop\DJANGO NEXHUS\venv\Lib\site-packages\django\db\backends\utils.py", line 105, in _execute
    return self.cursor.execute(sql, params)
           ~~~~~~~~~~~~~~~~~~~^^^^^^^^^^^^^
  File "C:\Users\LOPEZHEJ\OneDrive - Luxottica Group S.p.A\Desktop\DJANGO NEXHUS\venv\Lib\site-packages\django\db\backends\sqlite3\base.py", line 354, in execute
    return super().execute(query, params)
           ~~~~~~~~~~~~~~~^^^^^^^^^^^^^^^
django.db.utils.IntegrityError: NOT NULL constraint failed: queue_app_huitem.error_msg
08:56:43 [ERROR] django.request - Internal Server Error: /scan/
Traceback (most recent call last):
  File "C:\Users\LOPEZHEJ\OneDrive - Luxottica Group S.p.A\Desktop\DJANGO NEXHUS\venv\Lib\site-packages\django\db\backends\utils.py", line 105, in _execute
    return self.cursor.execute(sql, params)
           ~~~~~~~~~~~~~~~~~~~^^^^^^^^^^^^^
  File "C:\Users\LOPEZHEJ\OneDrive - Luxottica Group S.p.A\Desktop\DJANGO NEXHUS\venv\Lib\site-packages\django\db\backends\sqlite3\base.py", line 354, in execute
    return super().execute(query, params)
           ~~~~~~~~~~~~~~~^^^^^^^^^^^^^^^
sqlite3.IntegrityError: NOT NULL constraint failed: queue_app_huitem.error_msg

The above exception was the direct cause of the following exception:

Traceback (most recent call last):
  File "C:\Users\LOPEZHEJ\OneDrive - Luxottica Group S.p.A\Desktop\DJANGO NEXHUS\venv\Lib\site-packages\asgiref\sync.py", line 557, in thread_handler
    raise exc_info[1]
  File "C:\Users\LOPEZHEJ\OneDrive - Luxottica Group S.p.A\Desktop\DJANGO NEXHUS\venv\Lib\site-packages\django\core\handlers\exception.py", line 42, in inner
    response = await get_response(request)
               ^^^^^^^^^^^^^^^^^^^^^^^^^^^
  File "C:\Users\LOPEZHEJ\OneDrive - Luxottica Group S.p.A\Desktop\DJANGO NEXHUS\venv\Lib\site-packages\asgiref\sync.py", line 557, in thread_handler
    raise exc_info[1]
  File "C:\Users\LOPEZHEJ\OneDrive - Luxottica Group S.p.A\Desktop\DJANGO NEXHUS\venv\Lib\site-packages\django\core\handlers\base.py", line 253, in _get_response_async
    response = await wrapped_callback(
               ^^^^^^^^^^^^^^^^^^^^^^^
        request, *callback_args, **callback_kwargs
        ^^^^^^^^^^^^^^^^^^^^^^^^^^^^^^^^^^^^^^^^^^
    )
    ^
  File "C:\Users\LOPEZHEJ\OneDrive - Luxottica Group S.p.A\Desktop\DJANGO NEXHUS\venv\Lib\site-packages\asgiref\sync.py", line 506, in __call__
    ret = await asyncio.shield(exec_coro)
          ^^^^^^^^^^^^^^^^^^^^^^^^^^^^^^^
  File "C:\Users\LOPEZHEJ\AppData\Local\Programs\Python\Python313\Lib\concurrent\futures\thread.py", line 59, in run
    result = self.fn(*self.args, **self.kwargs)
  File "C:\Users\LOPEZHEJ\OneDrive - Luxottica Group S.p.A\Desktop\DJANGO NEXHUS\venv\Lib\site-packages\asgiref\sync.py", line 561, in thread_handler
    return func(*args, **kwargs)
  File "C:\Users\LOPEZHEJ\OneDrive - Luxottica Group S.p.A\Desktop\DJANGO NEXHUS\venv\Lib\site-packages\django\views\decorators\http.py", line 64, in inner
    return func(request, *args, **kwargs)
  File "C:\Users\LOPEZHEJ\OneDrive - Luxottica Group S.p.A\Desktop\DJANGO NEXHUS\queue_app\views.py", line 122, in scan_hu
    item    = HUItem.objects.create(
        hu_code     = raw,
    ...<2 lines>...
        status      = HUItem.STATUS_PENDING,
    )
  File "C:\Users\LOPEZHEJ\OneDrive - Luxottica Group S.p.A\Desktop\DJANGO NEXHUS\venv\Lib\site-packages\django\db\models\manager.py", line 87, in manager_method
    return getattr(self.get_queryset(), name)(*args, **kwargs)
           ~~~~~~~~~~~~~~~~~~~~~~~~~~~~~~~~~~^^^^^^^^^^^^^^^^^
  File "C:\Users\LOPEZHEJ\OneDrive - Luxottica Group S.p.A\Desktop\DJANGO NEXHUS\venv\Lib\site-packages\django\db\models\query.py", line 679, in create
    obj.save(force_insert=True, using=self.db)
    ~~~~~~~~^^^^^^^^^^^^^^^^^^^^^^^^^^^^^^^^^^
  File "C:\Users\LOPEZHEJ\OneDrive - Luxottica Group S.p.A\Desktop\DJANGO NEXHUS\venv\Lib\site-packages\django\db\models\base.py", line 891, in save
    self.save_base(
    ~~~~~~~~~~~~~~^
        using=using,
        ^^^^^^^^^^^^
    ...<2 lines>...
        update_fields=update_fields,
        ^^^^^^^^^^^^^^^^^^^^^^^^^^^^
    )
    ^
  File "C:\Users\LOPEZHEJ\OneDrive - Luxottica Group S.p.A\Desktop\DJANGO NEXHUS\venv\Lib\site-packages\django\db\models\base.py", line 997, in save_base
    updated = self._save_table(
        raw,
    ...<4 lines>...
        update_fields,
    )
  File "C:\Users\LOPEZHEJ\OneDrive - Luxottica Group S.p.A\Desktop\DJANGO NEXHUS\venv\Lib\site-packages\django\db\models\base.py", line 1160, in _save_table
    results = self._do_insert(
        cls._base_manager, using, fields, returning_fields, raw
    )
  File "C:\Users\LOPEZHEJ\OneDrive - Luxottica Group S.p.A\Desktop\DJANGO NEXHUS\venv\Lib\site-packages\django\db\models\base.py", line 1201, in _do_insert
    return manager._insert(
           ~~~~~~~~~~~~~~~^
        [self],
        ^^^^^^^
    ...<3 lines>...
        raw=raw,
        ^^^^^^^^
    )
    ^
  File "C:\Users\LOPEZHEJ\OneDrive - Luxottica Group S.p.A\Desktop\DJANGO NEXHUS\venv\Lib\site-packages\django\db\models\manager.py", line 87, in manager_method
    return getattr(self.get_queryset(), name)(*args, **kwargs)
           ~~~~~~~~~~~~~~~~~~~~~~~~~~~~~~~~~~^^^^^^^^^^^^^^^^^
  File "C:\Users\LOPEZHEJ\OneDrive - Luxottica Group S.p.A\Desktop\DJANGO NEXHUS\venv\Lib\site-packages\django\db\models\query.py", line 1847, in _insert
    return query.get_compiler(using=using).execute_sql(returning_fields)
           ~~~~~~~~~~~~~~~~~~~~~~~~~~~~~~~~~~~~~~~~~~~^^^^^^^^^^^^^^^^^^
  File "C:\Users\LOPEZHEJ\OneDrive - Luxottica Group S.p.A\Desktop\DJANGO NEXHUS\venv\Lib\site-packages\django\db\models\sql\compiler.py", line 1836, in execute_sql
    cursor.execute(sql, params)
    ~~~~~~~~~~~~~~^^^^^^^^^^^^^
  File "C:\Users\LOPEZHEJ\OneDrive - Luxottica Group S.p.A\Desktop\DJANGO NEXHUS\venv\Lib\site-packages\django\db\backends\utils.py", line 122, in execute
    return super().execute(sql, params)
           ~~~~~~~~~~~~~~~^^^^^^^^^^^^^
  File "C:\Users\LOPEZHEJ\OneDrive - Luxottica Group S.p.A\Desktop\DJANGO NEXHUS\venv\Lib\site-packages\django\db\backends\utils.py", line 79, in execute
    return self._execute_with_wrappers(
           ~~~~~~~~~~~~~~~~~~~~~~~~~~~^
        sql, params, many=False, executor=self._execute
        ^^^^^^^^^^^^^^^^^^^^^^^^^^^^^^^^^^^^^^^^^^^^^^^
    )
    ^
  File "C:\Users\LOPEZHEJ\OneDrive - Luxottica Group S.p.A\Desktop\DJANGO NEXHUS\venv\Lib\site-packages\django\db\backends\utils.py", line 92, in _execute_with_wrappers
    return executor(sql, params, many, context)
  File "C:\Users\LOPEZHEJ\OneDrive - Luxottica Group S.p.A\Desktop\DJANGO NEXHUS\venv\Lib\site-packages\django\db\backends\utils.py", line 100, in _execute
    with self.db.wrap_database_errors:
         ^^^^^^^^^^^^^^^^^^^^^^^^^^^^
  File "C:\Users\LOPEZHEJ\OneDrive - Luxottica Group S.p.A\Desktop\DJANGO NEXHUS\venv\Lib\site-packages\django\db\utils.py", line 91, in __exit__
    raise dj_exc_value.with_traceback(traceback) from exc_value
  File "C:\Users\LOPEZHEJ\OneDrive - Luxottica Group S.p.A\Desktop\DJANGO NEXHUS\venv\Lib\site-packages\django\db\backends\utils.py", line 105, in _execute
    return self.cursor.execute(sql, params)
           ~~~~~~~~~~~~~~~~~~~^^^^^^^^^^^^^
  File "C:\Users\LOPEZHEJ\OneDrive - Luxottica Group S.p.A\Desktop\DJANGO NEXHUS\venv\Lib\site-packages\django\db\backends\sqlite3\base.py", line 354, in execute
    return super().execute(query, params)
           ~~~~~~~~~~~~~~~^^^^^^^^^^^^^^^
django.db.utils.IntegrityError: NOT NULL constraint failed: queue_app_huitem.error_msg
08:56:43 [ERROR] django.request - Internal Server Error: /scan/
Traceback (most recent call last):
  File "C:\Users\LOPEZHEJ\OneDrive - Luxottica Group S.p.A\Desktop\DJANGO NEXHUS\venv\Lib\site-packages\django\db\backends\utils.py", line 105, in _execute
    return self.cursor.execute(sql, params)
           ~~~~~~~~~~~~~~~~~~~^^^^^^^^^^^^^
  File "C:\Users\LOPEZHEJ\OneDrive - Luxottica Group S.p.A\Desktop\DJANGO NEXHUS\venv\Lib\site-packages\django\db\backends\sqlite3\base.py", line 354, in execute
    return super().execute(query, params)
           ~~~~~~~~~~~~~~~^^^^^^^^^^^^^^^
sqlite3.IntegrityError: NOT NULL constraint failed: queue_app_huitem.error_msg

The above exception was the direct cause of the following exception:

Traceback (most recent call last):
  File "C:\Users\LOPEZHEJ\OneDrive - Luxottica Group S.p.A\Desktop\DJANGO NEXHUS\venv\Lib\site-packages\asgiref\sync.py", line 557, in thread_handler
    raise exc_info[1]
  File "C:\Users\LOPEZHEJ\OneDrive - Luxottica Group S.p.A\Desktop\DJANGO NEXHUS\venv\Lib\site-packages\django\core\handlers\exception.py", line 42, in inner
    response = await get_response(request)
               ^^^^^^^^^^^^^^^^^^^^^^^^^^^
  File "C:\Users\LOPEZHEJ\OneDrive - Luxottica Group S.p.A\Desktop\DJANGO NEXHUS\venv\Lib\site-packages\asgiref\sync.py", line 557, in thread_handler
    raise exc_info[1]
  File "C:\Users\LOPEZHEJ\OneDrive - Luxottica Group S.p.A\Desktop\DJANGO NEXHUS\venv\Lib\site-packages\django\core\handlers\base.py", line 253, in _get_response_async
    response = await wrapped_callback(
               ^^^^^^^^^^^^^^^^^^^^^^^
        request, *callback_args, **callback_kwargs
        ^^^^^^^^^^^^^^^^^^^^^^^^^^^^^^^^^^^^^^^^^^
    )
    ^
  File "C:\Users\LOPEZHEJ\OneDrive - Luxottica Group S.p.A\Desktop\DJANGO NEXHUS\venv\Lib\site-packages\asgiref\sync.py", line 506, in __call__
    ret = await asyncio.shield(exec_coro)
          ^^^^^^^^^^^^^^^^^^^^^^^^^^^^^^^
  File "C:\Users\LOPEZHEJ\AppData\Local\Programs\Python\Python313\Lib\concurrent\futures\thread.py", line 59, in run
    result = self.fn(*self.args, **self.kwargs)
  File "C:\Users\LOPEZHEJ\OneDrive - Luxottica Group S.p.A\Desktop\DJANGO NEXHUS\venv\Lib\site-packages\asgiref\sync.py", line 561, in thread_handler
    return func(*args, **kwargs)
  File "C:\Users\LOPEZHEJ\OneDrive - Luxottica Group S.p.A\Desktop\DJANGO NEXHUS\venv\Lib\site-packages\django\views\decorators\http.py", line 64, in inner
    return func(request, *args, **kwargs)
  File "C:\Users\LOPEZHEJ\OneDrive - Luxottica Group S.p.A\Desktop\DJANGO NEXHUS\queue_app\views.py", line 122, in scan_hu
    item    = HUItem.objects.create(
        hu_code     = raw,
    ...<2 lines>...
        status      = HUItem.STATUS_PENDING,
    )
  File "C:\Users\LOPEZHEJ\OneDrive - Luxottica Group S.p.A\Desktop\DJANGO NEXHUS\venv\Lib\site-packages\django\db\models\manager.py", line 87, in manager_method
    return getattr(self.get_queryset(), name)(*args, **kwargs)
           ~~~~~~~~~~~~~~~~~~~~~~~~~~~~~~~~~~^^^^^^^^^^^^^^^^^
  File "C:\Users\LOPEZHEJ\OneDrive - Luxottica Group S.p.A\Desktop\DJANGO NEXHUS\venv\Lib\site-packages\django\db\models\query.py", line 679, in create
    obj.save(force_insert=True, using=self.db)
    ~~~~~~~~^^^^^^^^^^^^^^^^^^^^^^^^^^^^^^^^^^
  File "C:\Users\LOPEZHEJ\OneDrive - Luxottica Group S.p.A\Desktop\DJANGO NEXHUS\venv\Lib\site-packages\django\db\models\base.py", line 891, in save
    self.save_base(
    ~~~~~~~~~~~~~~^
        using=using,
        ^^^^^^^^^^^^
    ...<2 lines>...
        update_fields=update_fields,
        ^^^^^^^^^^^^^^^^^^^^^^^^^^^^
    )
    ^
  File "C:\Users\LOPEZHEJ\OneDrive - Luxottica Group S.p.A\Desktop\DJANGO NEXHUS\venv\Lib\site-packages\django\db\models\base.py", line 997, in save_base
    updated = self._save_table(
        raw,
    ...<4 lines>...
        update_fields,
    )
  File "C:\Users\LOPEZHEJ\OneDrive - Luxottica Group S.p.A\Desktop\DJANGO NEXHUS\venv\Lib\site-packages\django\db\models\base.py", line 1160, in _save_table
    results = self._do_insert(
        cls._base_manager, using, fields, returning_fields, raw
    )
  File "C:\Users\LOPEZHEJ\OneDrive - Luxottica Group S.p.A\Desktop\DJANGO NEXHUS\venv\Lib\site-packages\django\db\models\base.py", line 1201, in _do_insert
    return manager._insert(
           ~~~~~~~~~~~~~~~^
        [self],
        ^^^^^^^
    ...<3 lines>...
        raw=raw,
        ^^^^^^^^
    )
    ^
  File "C:\Users\LOPEZHEJ\OneDrive - Luxottica Group S.p.A\Desktop\DJANGO NEXHUS\venv\Lib\site-packages\django\db\models\manager.py", line 87, in manager_method
    return getattr(self.get_queryset(), name)(*args, **kwargs)
           ~~~~~~~~~~~~~~~~~~~~~~~~~~~~~~~~~~^^^^^^^^^^^^^^^^^
  File "C:\Users\LOPEZHEJ\OneDrive - Luxottica Group S.p.A\Desktop\DJANGO NEXHUS\venv\Lib\site-packages\django\db\models\query.py", line 1847, in _insert
    return query.get_compiler(using=using).execute_sql(returning_fields)
           ~~~~~~~~~~~~~~~~~~~~~~~~~~~~~~~~~~~~~~~~~~~^^^^^^^^^^^^^^^^^^
  File "C:\Users\LOPEZHEJ\OneDrive - Luxottica Group S.p.A\Desktop\DJANGO NEXHUS\venv\Lib\site-packages\django\db\models\sql\compiler.py", line 1836, in execute_sql
    cursor.execute(sql, params)
    ~~~~~~~~~~~~~~^^^^^^^^^^^^^
  File "C:\Users\LOPEZHEJ\OneDrive - Luxottica Group S.p.A\Desktop\DJANGO NEXHUS\venv\Lib\site-packages\django\db\backends\utils.py", line 122, in execute
    return super().execute(sql, params)
           ~~~~~~~~~~~~~~~^^^^^^^^^^^^^
  File "C:\Users\LOPEZHEJ\OneDrive - Luxottica Group S.p.A\Desktop\DJANGO NEXHUS\venv\Lib\site-packages\django\db\backends\utils.py", line 79, in execute
    return self._execute_with_wrappers(
           ~~~~~~~~~~~~~~~~~~~~~~~~~~~^
        sql, params, many=False, executor=self._execute
        ^^^^^^^^^^^^^^^^^^^^^^^^^^^^^^^^^^^^^^^^^^^^^^^
    )
    ^
  File "C:\Users\LOPEZHEJ\OneDrive - Luxottica Group S.p.A\Desktop\DJANGO NEXHUS\venv\Lib\site-packages\django\db\backends\utils.py", line 92, in _execute_with_wrappers
    return executor(sql, params, many, context)
  File "C:\Users\LOPEZHEJ\OneDrive - Luxottica Group S.p.A\Desktop\DJANGO NEXHUS\venv\Lib\site-packages\django\db\backends\utils.py", line 100, in _execute
    with self.db.wrap_database_errors:
         ^^^^^^^^^^^^^^^^^^^^^^^^^^^^
  File "C:\Users\LOPEZHEJ\OneDrive - Luxottica Group S.p.A\Desktop\DJANGO NEXHUS\venv\Lib\site-packages\django\db\utils.py", line 91, in __exit__
    raise dj_exc_value.with_traceback(traceback) from exc_value
  File "C:\Users\LOPEZHEJ\OneDrive - Luxottica Group S.p.A\Desktop\DJANGO NEXHUS\venv\Lib\site-packages\django\db\backends\utils.py", line 105, in _execute
    return self.cursor.execute(sql, params)
           ~~~~~~~~~~~~~~~~~~~^^^^^^^^^^^^^
  File "C:\Users\LOPEZHEJ\OneDrive - Luxottica Group S.p.A\Desktop\DJANGO NEXHUS\venv\Lib\site-packages\django\db\backends\sqlite3\base.py", line 354, in execute
    return super().execute(query, params)
           ~~~~~~~~~~~~~~~^^^^^^^^^^^^^^^
django.db.utils.IntegrityError: NOT NULL constraint failed: queue_app_huitem.error_msg
08:56:43 [ERROR] django.request - Internal Server Error: /scan/
Traceback (most recent call last):
  File "C:\Users\LOPEZHEJ\OneDrive - Luxottica Group S.p.A\Desktop\DJANGO NEXHUS\venv\Lib\site-packages\django\db\backends\utils.py", line 105, in _execute
    return self.cursor.execute(sql, params)
           ~~~~~~~~~~~~~~~~~~~^^^^^^^^^^^^^
  File "C:\Users\LOPEZHEJ\OneDrive - Luxottica Group S.p.A\Desktop\DJANGO NEXHUS\venv\Lib\site-packages\django\db\backends\sqlite3\base.py", line 354, in execute
    return super().execute(query, params)
           ~~~~~~~~~~~~~~~^^^^^^^^^^^^^^^
sqlite3.IntegrityError: NOT NULL constraint failed: queue_app_huitem.error_msg

The above exception was the direct cause of the following exception:

Traceback (most recent call last):
  File "C:\Users\LOPEZHEJ\OneDrive - Luxottica Group S.p.A\Desktop\DJANGO NEXHUS\venv\Lib\site-packages\asgiref\sync.py", line 557, in thread_handler
    raise exc_info[1]
  File "C:\Users\LOPEZHEJ\OneDrive - Luxottica Group S.p.A\Desktop\DJANGO NEXHUS\venv\Lib\site-packages\django\core\handlers\exception.py", line 42, in inner
    response = await get_response(request)
               ^^^^^^^^^^^^^^^^^^^^^^^^^^^
  File "C:\Users\LOPEZHEJ\OneDrive - Luxottica Group S.p.A\Desktop\DJANGO NEXHUS\venv\Lib\site-packages\asgiref\sync.py", line 557, in thread_handler
    raise exc_info[1]
  File "C:\Users\LOPEZHEJ\OneDrive - Luxottica Group S.p.A\Desktop\DJANGO NEXHUS\venv\Lib\site-packages\django\core\handlers\base.py", line 253, in _get_response_async
    response = await wrapped_callback(
               ^^^^^^^^^^^^^^^^^^^^^^^
        request, *callback_args, **callback_kwargs
        ^^^^^^^^^^^^^^^^^^^^^^^^^^^^^^^^^^^^^^^^^^
    )
    ^
  File "C:\Users\LOPEZHEJ\OneDrive - Luxottica Group S.p.A\Desktop\DJANGO NEXHUS\venv\Lib\site-packages\asgiref\sync.py", line 506, in __call__
    ret = await asyncio.shield(exec_coro)
          ^^^^^^^^^^^^^^^^^^^^^^^^^^^^^^^
  File "C:\Users\LOPEZHEJ\AppData\Local\Programs\Python\Python313\Lib\concurrent\futures\thread.py", line 59, in run
    result = self.fn(*self.args, **self.kwargs)
  File "C:\Users\LOPEZHEJ\OneDrive - Luxottica Group S.p.A\Desktop\DJANGO NEXHUS\venv\Lib\site-packages\asgiref\sync.py", line 561, in thread_handler
    return func(*args, **kwargs)
  File "C:\Users\LOPEZHEJ\OneDrive - Luxottica Group S.p.A\Desktop\DJANGO NEXHUS\venv\Lib\site-packages\django\views\decorators\http.py", line 64, in inner
    return func(request, *args, **kwargs)
  File "C:\Users\LOPEZHEJ\OneDrive - Luxottica Group S.p.A\Desktop\DJANGO NEXHUS\queue_app\views.py", line 122, in scan_hu
    item    = HUItem.objects.create(
        hu_code     = raw,
    ...<2 lines>...
        status      = HUItem.STATUS_PENDING,
    )
  File "C:\Users\LOPEZHEJ\OneDrive - Luxottica Group S.p.A\Desktop\DJANGO NEXHUS\venv\Lib\site-packages\django\db\models\manager.py", line 87, in manager_method
    return getattr(self.get_queryset(), name)(*args, **kwargs)
           ~~~~~~~~~~~~~~~~~~~~~~~~~~~~~~~~~~^^^^^^^^^^^^^^^^^
  File "C:\Users\LOPEZHEJ\OneDrive - Luxottica Group S.p.A\Desktop\DJANGO NEXHUS\venv\Lib\site-packages\django\db\models\query.py", line 679, in create
    obj.save(force_insert=True, using=self.db)
    ~~~~~~~~^^^^^^^^^^^^^^^^^^^^^^^^^^^^^^^^^^
  File "C:\Users\LOPEZHEJ\OneDrive - Luxottica Group S.p.A\Desktop\DJANGO NEXHUS\venv\Lib\site-packages\django\db\models\base.py", line 891, in save
    self.save_base(
    ~~~~~~~~~~~~~~^
        using=using,
        ^^^^^^^^^^^^
    ...<2 lines>...
        update_fields=update_fields,
        ^^^^^^^^^^^^^^^^^^^^^^^^^^^^
    )
    ^
  File "C:\Users\LOPEZHEJ\OneDrive - Luxottica Group S.p.A\Desktop\DJANGO NEXHUS\venv\Lib\site-packages\django\db\models\base.py", line 997, in save_base
    updated = self._save_table(
        raw,
    ...<4 lines>...
        update_fields,
    )
  File "C:\Users\LOPEZHEJ\OneDrive - Luxottica Group S.p.A\Desktop\DJANGO NEXHUS\venv\Lib\site-packages\django\db\models\base.py", line 1160, in _save_table
    results = self._do_insert(
        cls._base_manager, using, fields, returning_fields, raw
    )
  File "C:\Users\LOPEZHEJ\OneDrive - Luxottica Group S.p.A\Desktop\DJANGO NEXHUS\venv\Lib\site-packages\django\db\models\base.py", line 1201, in _do_insert
    return manager._insert(
           ~~~~~~~~~~~~~~~^
        [self],
        ^^^^^^^
    ...<3 lines>...
        raw=raw,
        ^^^^^^^^
    )
    ^
  File "C:\Users\LOPEZHEJ\OneDrive - Luxottica Group S.p.A\Desktop\DJANGO NEXHUS\venv\Lib\site-packages\django\db\models\manager.py", line 87, in manager_method
    return getattr(self.get_queryset(), name)(*args, **kwargs)
           ~~~~~~~~~~~~~~~~~~~~~~~~~~~~~~~~~~^^^^^^^^^^^^^^^^^
  File "C:\Users\LOPEZHEJ\OneDrive - Luxottica Group S.p.A\Desktop\DJANGO NEXHUS\venv\Lib\site-packages\django\db\models\query.py", line 1847, in _insert
    return query.get_compiler(using=using).execute_sql(returning_fields)
           ~~~~~~~~~~~~~~~~~~~~~~~~~~~~~~~~~~~~~~~~~~~^^^^^^^^^^^^^^^^^^
  File "C:\Users\LOPEZHEJ\OneDrive - Luxottica Group S.p.A\Desktop\DJANGO NEXHUS\venv\Lib\site-packages\django\db\models\sql\compiler.py", line 1836, in execute_sql
    cursor.execute(sql, params)
    ~~~~~~~~~~~~~~^^^^^^^^^^^^^
  File "C:\Users\LOPEZHEJ\OneDrive - Luxottica Group S.p.A\Desktop\DJANGO NEXHUS\venv\Lib\site-packages\django\db\backends\utils.py", line 122, in execute
    return super().execute(sql, params)
           ~~~~~~~~~~~~~~~^^^^^^^^^^^^^
  File "C:\Users\LOPEZHEJ\OneDrive - Luxottica Group S.p.A\Desktop\DJANGO NEXHUS\venv\Lib\site-packages\django\db\backends\utils.py", line 79, in execute
    return self._execute_with_wrappers(
           ~~~~~~~~~~~~~~~~~~~~~~~~~~~^
        sql, params, many=False, executor=self._execute
        ^^^^^^^^^^^^^^^^^^^^^^^^^^^^^^^^^^^^^^^^^^^^^^^
    )
    ^
  File "C:\Users\LOPEZHEJ\OneDrive - Luxottica Group S.p.A\Desktop\DJANGO NEXHUS\venv\Lib\site-packages\django\db\backends\utils.py", line 92, in _execute_with_wrappers
    return executor(sql, params, many, context)
  File "C:\Users\LOPEZHEJ\OneDrive - Luxottica Group S.p.A\Desktop\DJANGO NEXHUS\venv\Lib\site-packages\django\db\backends\utils.py", line 100, in _execute
    with self.db.wrap_database_errors:
         ^^^^^^^^^^^^^^^^^^^^^^^^^^^^
  File "C:\Users\LOPEZHEJ\OneDrive - Luxottica Group S.p.A\Desktop\DJANGO NEXHUS\venv\Lib\site-packages\django\db\utils.py", line 91, in __exit__
    raise dj_exc_value.with_traceback(traceback) from exc_value
  File "C:\Users\LOPEZHEJ\OneDrive - Luxottica Group S.p.A\Desktop\DJANGO NEXHUS\venv\Lib\site-packages\django\db\backends\utils.py", line 105, in _execute
    return self.cursor.execute(sql, params)
           ~~~~~~~~~~~~~~~~~~~^^^^^^^^^^^^^
  File "C:\Users\LOPEZHEJ\OneDrive - Luxottica Group S.p.A\Desktop\DJANGO NEXHUS\venv\Lib\site-packages\django\db\backends\sqlite3\base.py", line 354, in execute
    return super().execute(query, params)
           ~~~~~~~~~~~~~~~^^^^^^^^^^^^^^^
django.db.utils.IntegrityError: NOT NULL constraint failed: queue_app_huitem.error_msg
08:56:43 [ERROR] django.request - Internal Server Error: /scan/
Traceback (most recent call last):
  File "C:\Users\LOPEZHEJ\OneDrive - Luxottica Group S.p.A\Desktop\DJANGO NEXHUS\venv\Lib\site-packages\django\db\backends\utils.py", line 105, in _execute
    return self.cursor.execute(sql, params)
           ~~~~~~~~~~~~~~~~~~~^^^^^^^^^^^^^
  File "C:\Users\LOPEZHEJ\OneDrive - Luxottica Group S.p.A\Desktop\DJANGO NEXHUS\venv\Lib\site-packages\django\db\backends\sqlite3\base.py", line 354, in execute
    return super().execute(query, params)
           ~~~~~~~~~~~~~~~^^^^^^^^^^^^^^^
sqlite3.IntegrityError: NOT NULL constraint failed: queue_app_huitem.error_msg

The above exception was the direct cause of the following exception:

Traceback (most recent call last):
  File "C:\Users\LOPEZHEJ\OneDrive - Luxottica Group S.p.A\Desktop\DJANGO NEXHUS\venv\Lib\site-packages\asgiref\sync.py", line 557, in thread_handler
    raise exc_info[1]
  File "C:\Users\LOPEZHEJ\OneDrive - Luxottica Group S.p.A\Desktop\DJANGO NEXHUS\venv\Lib\site-packages\django\core\handlers\exception.py", line 42, in inner
    response = await get_response(request)
               ^^^^^^^^^^^^^^^^^^^^^^^^^^^
  File "C:\Users\LOPEZHEJ\OneDrive - Luxottica Group S.p.A\Desktop\DJANGO NEXHUS\venv\Lib\site-packages\asgiref\sync.py", line 557, in thread_handler
    raise exc_info[1]
  File "C:\Users\LOPEZHEJ\OneDrive - Luxottica Group S.p.A\Desktop\DJANGO NEXHUS\venv\Lib\site-packages\django\core\handlers\base.py", line 253, in _get_response_async
    response = await wrapped_callback(
               ^^^^^^^^^^^^^^^^^^^^^^^
        request, *callback_args, **callback_kwargs
        ^^^^^^^^^^^^^^^^^^^^^^^^^^^^^^^^^^^^^^^^^^
    )
    ^
  File "C:\Users\LOPEZHEJ\OneDrive - Luxottica Group S.p.A\Desktop\DJANGO NEXHUS\venv\Lib\site-packages\asgiref\sync.py", line 506, in __call__
    ret = await asyncio.shield(exec_coro)
          ^^^^^^^^^^^^^^^^^^^^^^^^^^^^^^^
  File "C:\Users\LOPEZHEJ\AppData\Local\Programs\Python\Python313\Lib\concurrent\futures\thread.py", line 59, in run
    result = self.fn(*self.args, **self.kwargs)
  File "C:\Users\LOPEZHEJ\OneDrive - Luxottica Group S.p.A\Desktop\DJANGO NEXHUS\venv\Lib\site-packages\asgiref\sync.py", line 561, in thread_handler
    return func(*args, **kwargs)
  File "C:\Users\LOPEZHEJ\OneDrive - Luxottica Group S.p.A\Desktop\DJANGO NEXHUS\venv\Lib\site-packages\django\views\decorators\http.py", line 64, in inner
    return func(request, *args, **kwargs)
  File "C:\Users\LOPEZHEJ\OneDrive - Luxottica Group S.p.A\Desktop\DJANGO NEXHUS\queue_app\views.py", line 122, in scan_hu
    item    = HUItem.objects.create(
        hu_code     = raw,
    ...<2 lines>...
        status      = HUItem.STATUS_PENDING,
    )
  File "C:\Users\LOPEZHEJ\OneDrive - Luxottica Group S.p.A\Desktop\DJANGO NEXHUS\venv\Lib\site-packages\django\db\models\manager.py", line 87, in manager_method
    return getattr(self.get_queryset(), name)(*args, **kwargs)
           ~~~~~~~~~~~~~~~~~~~~~~~~~~~~~~~~~~^^^^^^^^^^^^^^^^^
  File "C:\Users\LOPEZHEJ\OneDrive - Luxottica Group S.p.A\Desktop\DJANGO NEXHUS\venv\Lib\site-packages\django\db\models\query.py", line 679, in create
    obj.save(force_insert=True, using=self.db)
    ~~~~~~~~^^^^^^^^^^^^^^^^^^^^^^^^^^^^^^^^^^
  File "C:\Users\LOPEZHEJ\OneDrive - Luxottica Group S.p.A\Desktop\DJANGO NEXHUS\venv\Lib\site-packages\django\db\models\base.py", line 891, in save
    self.save_base(
    ~~~~~~~~~~~~~~^
        using=using,
        ^^^^^^^^^^^^
    ...<2 lines>...
        update_fields=update_fields,
        ^^^^^^^^^^^^^^^^^^^^^^^^^^^^
    )
    ^
  File "C:\Users\LOPEZHEJ\OneDrive - Luxottica Group S.p.A\Desktop\DJANGO NEXHUS\venv\Lib\site-packages\django\db\models\base.py", line 997, in save_base
    updated = self._save_table(
        raw,
    ...<4 lines>...
        update_fields,
    )
  File "C:\Users\LOPEZHEJ\OneDrive - Luxottica Group S.p.A\Desktop\DJANGO NEXHUS\venv\Lib\site-packages\django\db\models\base.py", line 1160, in _save_table
    results = self._do_insert(
        cls._base_manager, using, fields, returning_fields, raw
    )
  File "C:\Users\LOPEZHEJ\OneDrive - Luxottica Group S.p.A\Desktop\DJANGO NEXHUS\venv\Lib\site-packages\django\db\models\base.py", line 1201, in _do_insert
    return manager._insert(
           ~~~~~~~~~~~~~~~^
        [self],
        ^^^^^^^
    ...<3 lines>...
        raw=raw,
        ^^^^^^^^
    )
    ^
  File "C:\Users\LOPEZHEJ\OneDrive - Luxottica Group S.p.A\Desktop\DJANGO NEXHUS\venv\Lib\site-packages\django\db\models\manager.py", line 87, in manager_method
    return getattr(self.get_queryset(), name)(*args, **kwargs)
           ~~~~~~~~~~~~~~~~~~~~~~~~~~~~~~~~~~^^^^^^^^^^^^^^^^^
  File "C:\Users\LOPEZHEJ\OneDrive - Luxottica Group S.p.A\Desktop\DJANGO NEXHUS\venv\Lib\site-packages\django\db\models\query.py", line 1847, in _insert
    return query.get_compiler(using=using).execute_sql(returning_fields)
           ~~~~~~~~~~~~~~~~~~~~~~~~~~~~~~~~~~~~~~~~~~~^^^^^^^^^^^^^^^^^^
  File "C:\Users\LOPEZHEJ\OneDrive - Luxottica Group S.p.A\Desktop\DJANGO NEXHUS\venv\Lib\site-packages\django\db\models\sql\compiler.py", line 1836, in execute_sql
    cursor.execute(sql, params)
    ~~~~~~~~~~~~~~^^^^^^^^^^^^^
  File "C:\Users\LOPEZHEJ\OneDrive - Luxottica Group S.p.A\Desktop\DJANGO NEXHUS\venv\Lib\site-packages\django\db\backends\utils.py", line 122, in execute
    return super().execute(sql, params)
           ~~~~~~~~~~~~~~~^^^^^^^^^^^^^
  File "C:\Users\LOPEZHEJ\OneDrive - Luxottica Group S.p.A\Desktop\DJANGO NEXHUS\venv\Lib\site-packages\django\db\backends\utils.py", line 79, in execute
    return self._execute_with_wrappers(
           ~~~~~~~~~~~~~~~~~~~~~~~~~~~^
        sql, params, many=False, executor=self._execute
        ^^^^^^^^^^^^^^^^^^^^^^^^^^^^^^^^^^^^^^^^^^^^^^^
    )
    ^
  File "C:\Users\LOPEZHEJ\OneDrive - Luxottica Group S.p.A\Desktop\DJANGO NEXHUS\venv\Lib\site-packages\django\db\backends\utils.py", line 92, in _execute_with_wrappers
    return executor(sql, params, many, context)
  File "C:\Users\LOPEZHEJ\OneDrive - Luxottica Group S.p.A\Desktop\DJANGO NEXHUS\venv\Lib\site-packages\django\db\backends\utils.py", line 100, in _execute
    with self.db.wrap_database_errors:
         ^^^^^^^^^^^^^^^^^^^^^^^^^^^^
  File "C:\Users\LOPEZHEJ\OneDrive - Luxottica Group S.p.A\Desktop\DJANGO NEXHUS\venv\Lib\site-packages\django\db\utils.py", line 91, in __exit__
    raise dj_exc_value.with_traceback(traceback) from exc_value
  File "C:\Users\LOPEZHEJ\OneDrive - Luxottica Group S.p.A\Desktop\DJANGO NEXHUS\venv\Lib\site-packages\django\db\backends\utils.py", line 105, in _execute
    return self.cursor.execute(sql, params)
           ~~~~~~~~~~~~~~~~~~~^^^^^^^^^^^^^
  File "C:\Users\LOPEZHEJ\OneDrive - Luxottica Group S.p.A\Desktop\DJANGO NEXHUS\venv\Lib\site-packages\django\db\backends\sqlite3\base.py", line 354, in execute
    return super().execute(query, params)
           ~~~~~~~~~~~~~~~^^^^^^^^^^^^^^^
django.db.utils.IntegrityError: NOT NULL constraint failed: queue_app_huitem.error_msg
08:56:43 [ERROR] django.request - Internal Server Error: /scan/
Traceback (most recent call last):
  File "C:\Users\LOPEZHEJ\OneDrive - Luxottica Group S.p.A\Desktop\DJANGO NEXHUS\venv\Lib\site-packages\django\db\backends\utils.py", line 105, in _execute
    return self.cursor.execute(sql, params)
           ~~~~~~~~~~~~~~~~~~~^^^^^^^^^^^^^
  File "C:\Users\LOPEZHEJ\OneDrive - Luxottica Group S.p.A\Desktop\DJANGO NEXHUS\venv\Lib\site-packages\django\db\backends\sqlite3\base.py", line 354, in execute
    return super().execute(query, params)
           ~~~~~~~~~~~~~~~^^^^^^^^^^^^^^^
sqlite3.IntegrityError: NOT NULL constraint failed: queue_app_huitem.error_msg

The above exception was the direct cause of the following exception:

Traceback (most recent call last):
  File "C:\Users\LOPEZHEJ\OneDrive - Luxottica Group S.p.A\Desktop\DJANGO NEXHUS\venv\Lib\site-packages\asgiref\sync.py", line 557, in thread_handler
    raise exc_info[1]
  File "C:\Users\LOPEZHEJ\OneDrive - Luxottica Group S.p.A\Desktop\DJANGO NEXHUS\venv\Lib\site-packages\django\core\handlers\exception.py", line 42, in inner
    response = await get_response(request)
               ^^^^^^^^^^^^^^^^^^^^^^^^^^^
  File "C:\Users\LOPEZHEJ\OneDrive - Luxottica Group S.p.A\Desktop\DJANGO NEXHUS\venv\Lib\site-packages\asgiref\sync.py", line 557, in thread_handler
    raise exc_info[1]
  File "C:\Users\LOPEZHEJ\OneDrive - Luxottica Group S.p.A\Desktop\DJANGO NEXHUS\venv\Lib\site-packages\django\core\handlers\base.py", line 253, in _get_response_async
    response = await wrapped_callback(
               ^^^^^^^^^^^^^^^^^^^^^^^
        request, *callback_args, **callback_kwargs
        ^^^^^^^^^^^^^^^^^^^^^^^^^^^^^^^^^^^^^^^^^^
    )
    ^
  File "C:\Users\LOPEZHEJ\OneDrive - Luxottica Group S.p.A\Desktop\DJANGO NEXHUS\venv\Lib\site-packages\asgiref\sync.py", line 506, in __call__
    ret = await asyncio.shield(exec_coro)
          ^^^^^^^^^^^^^^^^^^^^^^^^^^^^^^^
  File "C:\Users\LOPEZHEJ\AppData\Local\Programs\Python\Python313\Lib\concurrent\futures\thread.py", line 59, in run
    result = self.fn(*self.args, **self.kwargs)
  File "C:\Users\LOPEZHEJ\OneDrive - Luxottica Group S.p.A\Desktop\DJANGO NEXHUS\venv\Lib\site-packages\asgiref\sync.py", line 561, in thread_handler
    return func(*args, **kwargs)
  File "C:\Users\LOPEZHEJ\OneDrive - Luxottica Group S.p.A\Desktop\DJANGO NEXHUS\venv\Lib\site-packages\django\views\decorators\http.py", line 64, in inner
    return func(request, *args, **kwargs)
  File "C:\Users\LOPEZHEJ\OneDrive - Luxottica Group S.p.A\Desktop\DJANGO NEXHUS\queue_app\views.py", line 122, in scan_hu
    item    = HUItem.objects.create(
        hu_code     = raw,
    ...<2 lines>...
        status      = HUItem.STATUS_PENDING,
    )
  File "C:\Users\LOPEZHEJ\OneDrive - Luxottica Group S.p.A\Desktop\DJANGO NEXHUS\venv\Lib\site-packages\django\db\models\manager.py", line 87, in manager_method
    return getattr(self.get_queryset(), name)(*args, **kwargs)
           ~~~~~~~~~~~~~~~~~~~~~~~~~~~~~~~~~~^^^^^^^^^^^^^^^^^
  File "C:\Users\LOPEZHEJ\OneDrive - Luxottica Group S.p.A\Desktop\DJANGO NEXHUS\venv\Lib\site-packages\django\db\models\query.py", line 679, in create
    obj.save(force_insert=True, using=self.db)
    ~~~~~~~~^^^^^^^^^^^^^^^^^^^^^^^^^^^^^^^^^^
  File "C:\Users\LOPEZHEJ\OneDrive - Luxottica Group S.p.A\Desktop\DJANGO NEXHUS\venv\Lib\site-packages\django\db\models\base.py", line 891, in save
    self.save_base(
    ~~~~~~~~~~~~~~^
        using=using,
        ^^^^^^^^^^^^
    ...<2 lines>...
        update_fields=update_fields,
        ^^^^^^^^^^^^^^^^^^^^^^^^^^^^
    )
    ^
  File "C:\Users\LOPEZHEJ\OneDrive - Luxottica Group S.p.A\Desktop\DJANGO NEXHUS\venv\Lib\site-packages\django\db\models\base.py", line 997, in save_base
    updated = self._save_table(
        raw,
    ...<4 lines>...
        update_fields,
    )
  File "C:\Users\LOPEZHEJ\OneDrive - Luxottica Group S.p.A\Desktop\DJANGO NEXHUS\venv\Lib\site-packages\django\db\models\base.py", line 1160, in _save_table
    results = self._do_insert(
        cls._base_manager, using, fields, returning_fields, raw
    )
  File "C:\Users\LOPEZHEJ\OneDrive - Luxottica Group S.p.A\Desktop\DJANGO NEXHUS\venv\Lib\site-packages\django\db\models\base.py", line 1201, in _do_insert
    return manager._insert(
           ~~~~~~~~~~~~~~~^
        [self],
        ^^^^^^^
    ...<3 lines>...
        raw=raw,
        ^^^^^^^^
    )
    ^
  File "C:\Users\LOPEZHEJ\OneDrive - Luxottica Group S.p.A\Desktop\DJANGO NEXHUS\venv\Lib\site-packages\django\db\models\manager.py", line 87, in manager_method
    return getattr(self.get_queryset(), name)(*args, **kwargs)
           ~~~~~~~~~~~~~~~~~~~~~~~~~~~~~~~~~~^^^^^^^^^^^^^^^^^
  File "C:\Users\LOPEZHEJ\OneDrive - Luxottica Group S.p.A\Desktop\DJANGO NEXHUS\venv\Lib\site-packages\django\db\models\query.py", line 1847, in _insert
    return query.get_compiler(using=using).execute_sql(returning_fields)
           ~~~~~~~~~~~~~~~~~~~~~~~~~~~~~~~~~~~~~~~~~~~^^^^^^^^^^^^^^^^^^
  File "C:\Users\LOPEZHEJ\OneDrive - Luxottica Group S.p.A\Desktop\DJANGO NEXHUS\venv\Lib\site-packages\django\db\models\sql\compiler.py", line 1836, in execute_sql
    cursor.execute(sql, params)
    ~~~~~~~~~~~~~~^^^^^^^^^^^^^
  File "C:\Users\LOPEZHEJ\OneDrive - Luxottica Group S.p.A\Desktop\DJANGO NEXHUS\venv\Lib\site-packages\django\db\backends\utils.py", line 122, in execute
    return super().execute(sql, params)
           ~~~~~~~~~~~~~~~^^^^^^^^^^^^^
  File "C:\Users\LOPEZHEJ\OneDrive - Luxottica Group S.p.A\Desktop\DJANGO NEXHUS\venv\Lib\site-packages\django\db\backends\utils.py", line 79, in execute
    return self._execute_with_wrappers(
           ~~~~~~~~~~~~~~~~~~~~~~~~~~~^
        sql, params, many=False, executor=self._execute
        ^^^^^^^^^^^^^^^^^^^^^^^^^^^^^^^^^^^^^^^^^^^^^^^
    )
    ^
  File "C:\Users\LOPEZHEJ\OneDrive - Luxottica Group S.p.A\Desktop\DJANGO NEXHUS\venv\Lib\site-packages\django\db\backends\utils.py", line 92, in _execute_with_wrappers
    return executor(sql, params, many, context)
  File "C:\Users\LOPEZHEJ\OneDrive - Luxottica Group S.p.A\Desktop\DJANGO NEXHUS\venv\Lib\site-packages\django\db\backends\utils.py", line 100, in _execute
    with self.db.wrap_database_errors:
         ^^^^^^^^^^^^^^^^^^^^^^^^^^^^
  File "C:\Users\LOPEZHEJ\OneDrive - Luxottica Group S.p.A\Desktop\DJANGO NEXHUS\venv\Lib\site-packages\django\db\utils.py", line 91, in __exit__
    raise dj_exc_value.with_traceback(traceback) from exc_value
  File "C:\Users\LOPEZHEJ\OneDrive - Luxottica Group S.p.A\Desktop\DJANGO NEXHUS\venv\Lib\site-packages\django\db\backends\utils.py", line 105, in _execute
    return self.cursor.execute(sql, params)
           ~~~~~~~~~~~~~~~~~~~^^^^^^^^^^^^^
  File "C:\Users\LOPEZHEJ\OneDrive - Luxottica Group S.p.A\Desktop\DJANGO NEXHUS\venv\Lib\site-packages\django\db\backends\sqlite3\base.py", line 354, in execute
    return super().execute(query, params)
           ~~~~~~~~~~~~~~~^^^^^^^^^^^^^^^
django.db.utils.IntegrityError: NOT NULL constraint failed: queue_app_huitem.error_msg
08:56:43 [ERROR] django.request - Internal Server Error: /scan/
Traceback (most recent call last):
  File "C:\Users\LOPEZHEJ\OneDrive - Luxottica Group S.p.A\Desktop\DJANGO NEXHUS\venv\Lib\site-packages\django\db\backends\utils.py", line 105, in _execute
    return self.cursor.execute(sql, params)
           ~~~~~~~~~~~~~~~~~~~^^^^^^^^^^^^^
  File "C:\Users\LOPEZHEJ\OneDrive - Luxottica Group S.p.A\Desktop\DJANGO NEXHUS\venv\Lib\site-packages\django\db\backends\sqlite3\base.py", line 354, in execute
    return super().execute(query, params)
           ~~~~~~~~~~~~~~~^^^^^^^^^^^^^^^
sqlite3.IntegrityError: NOT NULL constraint failed: queue_app_huitem.error_msg

The above exception was the direct cause of the following exception:

Traceback (most recent call last):
  File "C:\Users\LOPEZHEJ\OneDrive - Luxottica Group S.p.A\Desktop\DJANGO NEXHUS\venv\Lib\site-packages\asgiref\sync.py", line 557, in thread_handler
    raise exc_info[1]
  File "C:\Users\LOPEZHEJ\OneDrive - Luxottica Group S.p.A\Desktop\DJANGO NEXHUS\venv\Lib\site-packages\django\core\handlers\exception.py", line 42, in inner
    response = await get_response(request)
               ^^^^^^^^^^^^^^^^^^^^^^^^^^^
  File "C:\Users\LOPEZHEJ\OneDrive - Luxottica Group S.p.A\Desktop\DJANGO NEXHUS\venv\Lib\site-packages\asgiref\sync.py", line 557, in thread_handler
    raise exc_info[1]
  File "C:\Users\LOPEZHEJ\OneDrive - Luxottica Group S.p.A\Desktop\DJANGO NEXHUS\venv\Lib\site-packages\django\core\handlers\base.py", line 253, in _get_response_async
    response = await wrapped_callback(
               ^^^^^^^^^^^^^^^^^^^^^^^
        request, *callback_args, **callback_kwargs
        ^^^^^^^^^^^^^^^^^^^^^^^^^^^^^^^^^^^^^^^^^^
    )
    ^
  File "C:\Users\LOPEZHEJ\OneDrive - Luxottica Group S.p.A\Desktop\DJANGO NEXHUS\venv\Lib\site-packages\asgiref\sync.py", line 506, in __call__
    ret = await asyncio.shield(exec_coro)
          ^^^^^^^^^^^^^^^^^^^^^^^^^^^^^^^
  File "C:\Users\LOPEZHEJ\AppData\Local\Programs\Python\Python313\Lib\concurrent\futures\thread.py", line 59, in run
    result = self.fn(*self.args, **self.kwargs)
  File "C:\Users\LOPEZHEJ\OneDrive - Luxottica Group S.p.A\Desktop\DJANGO NEXHUS\venv\Lib\site-packages\asgiref\sync.py", line 561, in thread_handler
    return func(*args, **kwargs)
  File "C:\Users\LOPEZHEJ\OneDrive - Luxottica Group S.p.A\Desktop\DJANGO NEXHUS\venv\Lib\site-packages\django\views\decorators\http.py", line 64, in inner
    return func(request, *args, **kwargs)
  File "C:\Users\LOPEZHEJ\OneDrive - Luxottica Group S.p.A\Desktop\DJANGO NEXHUS\queue_app\views.py", line 122, in scan_hu
    item    = HUItem.objects.create(
        hu_code     = raw,
    ...<2 lines>...
        status      = HUItem.STATUS_PENDING,
    )
  File "C:\Users\LOPEZHEJ\OneDrive - Luxottica Group S.p.A\Desktop\DJANGO NEXHUS\venv\Lib\site-packages\django\db\models\manager.py", line 87, in manager_method
    return getattr(self.get_queryset(), name)(*args, **kwargs)
           ~~~~~~~~~~~~~~~~~~~~~~~~~~~~~~~~~~^^^^^^^^^^^^^^^^^
  File "C:\Users\LOPEZHEJ\OneDrive - Luxottica Group S.p.A\Desktop\DJANGO NEXHUS\venv\Lib\site-packages\django\db\models\query.py", line 679, in create
    obj.save(force_insert=True, using=self.db)
    ~~~~~~~~^^^^^^^^^^^^^^^^^^^^^^^^^^^^^^^^^^
  File "C:\Users\LOPEZHEJ\OneDrive - Luxottica Group S.p.A\Desktop\DJANGO NEXHUS\venv\Lib\site-packages\django\db\models\base.py", line 891, in save
    self.save_base(
    ~~~~~~~~~~~~~~^
        using=using,
        ^^^^^^^^^^^^
    ...<2 lines>...
        update_fields=update_fields,
        ^^^^^^^^^^^^^^^^^^^^^^^^^^^^
    )
    ^
  File "C:\Users\LOPEZHEJ\OneDrive - Luxottica Group S.p.A\Desktop\DJANGO NEXHUS\venv\Lib\site-packages\django\db\models\base.py", line 997, in save_base
    updated = self._save_table(
        raw,
    ...<4 lines>...
        update_fields,
    )
  File "C:\Users\LOPEZHEJ\OneDrive - Luxottica Group S.p.A\Desktop\DJANGO NEXHUS\venv\Lib\site-packages\django\db\models\base.py", line 1160, in _save_table
    results = self._do_insert(
        cls._base_manager, using, fields, returning_fields, raw
    )
  File "C:\Users\LOPEZHEJ\OneDrive - Luxottica Group S.p.A\Desktop\DJANGO NEXHUS\venv\Lib\site-packages\django\db\models\base.py", line 1201, in _do_insert
    return manager._insert(
           ~~~~~~~~~~~~~~~^
        [self],
        ^^^^^^^
    ...<3 lines>...
        raw=raw,
        ^^^^^^^^
    )
    ^
  File "C:\Users\LOPEZHEJ\OneDrive - Luxottica Group S.p.A\Desktop\DJANGO NEXHUS\venv\Lib\site-packages\django\db\models\manager.py", line 87, in manager_method
    return getattr(self.get_queryset(), name)(*args, **kwargs)
           ~~~~~~~~~~~~~~~~~~~~~~~~~~~~~~~~~~^^^^^^^^^^^^^^^^^
  File "C:\Users\LOPEZHEJ\OneDrive - Luxottica Group S.p.A\Desktop\DJANGO NEXHUS\venv\Lib\site-packages\django\db\models\query.py", line 1847, in _insert
    return query.get_compiler(using=using).execute_sql(returning_fields)
           ~~~~~~~~~~~~~~~~~~~~~~~~~~~~~~~~~~~~~~~~~~~^^^^^^^^^^^^^^^^^^
  File "C:\Users\LOPEZHEJ\OneDrive - Luxottica Group S.p.A\Desktop\DJANGO NEXHUS\venv\Lib\site-packages\django\db\models\sql\compiler.py", line 1836, in execute_sql
    cursor.execute(sql, params)
    ~~~~~~~~~~~~~~^^^^^^^^^^^^^
  File "C:\Users\LOPEZHEJ\OneDrive - Luxottica Group S.p.A\Desktop\DJANGO NEXHUS\venv\Lib\site-packages\django\db\backends\utils.py", line 122, in execute
    return super().execute(sql, params)
           ~~~~~~~~~~~~~~~^^^^^^^^^^^^^
  File "C:\Users\LOPEZHEJ\OneDrive - Luxottica Group S.p.A\Desktop\DJANGO NEXHUS\venv\Lib\site-packages\django\db\backends\utils.py", line 79, in execute
    return self._execute_with_wrappers(
           ~~~~~~~~~~~~~~~~~~~~~~~~~~~^
        sql, params, many=False, executor=self._execute
        ^^^^^^^^^^^^^^^^^^^^^^^^^^^^^^^^^^^^^^^^^^^^^^^
    )
    ^
  File "C:\Users\LOPEZHEJ\OneDrive - Luxottica Group S.p.A\Desktop\DJANGO NEXHUS\venv\Lib\site-packages\django\db\backends\utils.py", line 92, in _execute_with_wrappers
    return executor(sql, params, many, context)
  File "C:\Users\LOPEZHEJ\OneDrive - Luxottica Group S.p.A\Desktop\DJANGO NEXHUS\venv\Lib\site-packages\django\db\backends\utils.py", line 100, in _execute
    with self.db.wrap_database_errors:
         ^^^^^^^^^^^^^^^^^^^^^^^^^^^^
  File "C:\Users\LOPEZHEJ\OneDrive - Luxottica Group S.p.A\Desktop\DJANGO NEXHUS\venv\Lib\site-packages\django\db\utils.py", line 91, in __exit__
    raise dj_exc_value.with_traceback(traceback) from exc_value
  File "C:\Users\LOPEZHEJ\OneDrive - Luxottica Group S.p.A\Desktop\DJANGO NEXHUS\venv\Lib\site-packages\django\db\backends\utils.py", line 105, in _execute
    return self.cursor.execute(sql, params)
           ~~~~~~~~~~~~~~~~~~~^^^^^^^^^^^^^
  File "C:\Users\LOPEZHEJ\OneDrive - Luxottica Group S.p.A\Desktop\DJANGO NEXHUS\venv\Lib\site-packages\django\db\backends\sqlite3\base.py", line 354, in execute
    return super().execute(query, params)
           ~~~~~~~~~~~~~~~^^^^^^^^^^^^^^^
django.db.utils.IntegrityError: NOT NULL constraint failed: queue_app_huitem.error_msg
08:56:43 [ERROR] django.request - Internal Server Error: /scan/
Traceback (most recent call last):
  File "C:\Users\LOPEZHEJ\OneDrive - Luxottica Group S.p.A\Desktop\DJANGO NEXHUS\venv\Lib\site-packages\django\db\backends\utils.py", line 105, in _execute
    return self.cursor.execute(sql, params)
           ~~~~~~~~~~~~~~~~~~~^^^^^^^^^^^^^
  File "C:\Users\LOPEZHEJ\OneDrive - Luxottica Group S.p.A\Desktop\DJANGO NEXHUS\venv\Lib\site-packages\django\db\backends\sqlite3\base.py", line 354, in execute
    return super().execute(query, params)
           ~~~~~~~~~~~~~~~^^^^^^^^^^^^^^^
sqlite3.IntegrityError: NOT NULL constraint failed: queue_app_huitem.error_msg

The above exception was the direct cause of the following exception:

Traceback (most recent call last):
  File "C:\Users\LOPEZHEJ\OneDrive - Luxottica Group S.p.A\Desktop\DJANGO NEXHUS\venv\Lib\site-packages\asgiref\sync.py", line 557, in thread_handler
    raise exc_info[1]
  File "C:\Users\LOPEZHEJ\OneDrive - Luxottica Group S.p.A\Desktop\DJANGO NEXHUS\venv\Lib\site-packages\django\core\handlers\exception.py", line 42, in inner
    response = await get_response(request)
               ^^^^^^^^^^^^^^^^^^^^^^^^^^^
  File "C:\Users\LOPEZHEJ\OneDrive - Luxottica Group S.p.A\Desktop\DJANGO NEXHUS\venv\Lib\site-packages\asgiref\sync.py", line 557, in thread_handler
    raise exc_info[1]
  File "C:\Users\LOPEZHEJ\OneDrive - Luxottica Group S.p.A\Desktop\DJANGO NEXHUS\venv\Lib\site-packages\django\core\handlers\base.py", line 253, in _get_response_async
    response = await wrapped_callback(
               ^^^^^^^^^^^^^^^^^^^^^^^
        request, *callback_args, **callback_kwargs
        ^^^^^^^^^^^^^^^^^^^^^^^^^^^^^^^^^^^^^^^^^^
    )
    ^
  File "C:\Users\LOPEZHEJ\OneDrive - Luxottica Group S.p.A\Desktop\DJANGO NEXHUS\venv\Lib\site-packages\asgiref\sync.py", line 506, in __call__
    ret = await asyncio.shield(exec_coro)
          ^^^^^^^^^^^^^^^^^^^^^^^^^^^^^^^
  File "C:\Users\LOPEZHEJ\AppData\Local\Programs\Python\Python313\Lib\concurrent\futures\thread.py", line 59, in run
    result = self.fn(*self.args, **self.kwargs)
  File "C:\Users\LOPEZHEJ\OneDrive - Luxottica Group S.p.A\Desktop\DJANGO NEXHUS\venv\Lib\site-packages\asgiref\sync.py", line 561, in thread_handler
    return func(*args, **kwargs)
  File "C:\Users\LOPEZHEJ\OneDrive - Luxottica Group S.p.A\Desktop\DJANGO NEXHUS\venv\Lib\site-packages\django\views\decorators\http.py", line 64, in inner
    return func(request, *args, **kwargs)
  File "C:\Users\LOPEZHEJ\OneDrive - Luxottica Group S.p.A\Desktop\DJANGO NEXHUS\queue_app\views.py", line 122, in scan_hu
    item    = HUItem.objects.create(
        hu_code     = raw,
    ...<2 lines>...
        status      = HUItem.STATUS_PENDING,
    )
  File "C:\Users\LOPEZHEJ\OneDrive - Luxottica Group S.p.A\Desktop\DJANGO NEXHUS\venv\Lib\site-packages\django\db\models\manager.py", line 87, in manager_method
    return getattr(self.get_queryset(), name)(*args, **kwargs)
           ~~~~~~~~~~~~~~~~~~~~~~~~~~~~~~~~~~^^^^^^^^^^^^^^^^^
  File "C:\Users\LOPEZHEJ\OneDrive - Luxottica Group S.p.A\Desktop\DJANGO NEXHUS\venv\Lib\site-packages\django\db\models\query.py", line 679, in create
    obj.save(force_insert=True, using=self.db)
    ~~~~~~~~^^^^^^^^^^^^^^^^^^^^^^^^^^^^^^^^^^
  File "C:\Users\LOPEZHEJ\OneDrive - Luxottica Group S.p.A\Desktop\DJANGO NEXHUS\venv\Lib\site-packages\django\db\models\base.py", line 891, in save
    self.save_base(
    ~~~~~~~~~~~~~~^
        using=using,
        ^^^^^^^^^^^^
    ...<2 lines>...
        update_fields=update_fields,
        ^^^^^^^^^^^^^^^^^^^^^^^^^^^^
    )
    ^
  File "C:\Users\LOPEZHEJ\OneDrive - Luxottica Group S.p.A\Desktop\DJANGO NEXHUS\venv\Lib\site-packages\django\db\models\base.py", line 997, in save_base
    updated = self._save_table(
        raw,
    ...<4 lines>...
        update_fields,
    )
  File "C:\Users\LOPEZHEJ\OneDrive - Luxottica Group S.p.A\Desktop\DJANGO NEXHUS\venv\Lib\site-packages\django\db\models\base.py", line 1160, in _save_table
    results = self._do_insert(
        cls._base_manager, using, fields, returning_fields, raw
    )
  File "C:\Users\LOPEZHEJ\OneDrive - Luxottica Group S.p.A\Desktop\DJANGO NEXHUS\venv\Lib\site-packages\django\db\models\base.py", line 1201, in _do_insert
    return manager._insert(
           ~~~~~~~~~~~~~~~^
        [self],
        ^^^^^^^
    ...<3 lines>...
        raw=raw,
        ^^^^^^^^
    )
    ^
  File "C:\Users\LOPEZHEJ\OneDrive - Luxottica Group S.p.A\Desktop\DJANGO NEXHUS\venv\Lib\site-packages\django\db\models\manager.py", line 87, in manager_method
    return getattr(self.get_queryset(), name)(*args, **kwargs)
           ~~~~~~~~~~~~~~~~~~~~~~~~~~~~~~~~~~^^^^^^^^^^^^^^^^^
  File "C:\Users\LOPEZHEJ\OneDrive - Luxottica Group S.p.A\Desktop\DJANGO NEXHUS\venv\Lib\site-packages\django\db\models\query.py", line 1847, in _insert
    return query.get_compiler(using=using).execute_sql(returning_fields)
           ~~~~~~~~~~~~~~~~~~~~~~~~~~~~~~~~~~~~~~~~~~~^^^^^^^^^^^^^^^^^^
  File "C:\Users\LOPEZHEJ\OneDrive - Luxottica Group S.p.A\Desktop\DJANGO NEXHUS\venv\Lib\site-packages\django\db\models\sql\compiler.py", line 1836, in execute_sql
    cursor.execute(sql, params)
    ~~~~~~~~~~~~~~^^^^^^^^^^^^^
  File "C:\Users\LOPEZHEJ\OneDrive - Luxottica Group S.p.A\Desktop\DJANGO NEXHUS\venv\Lib\site-packages\django\db\backends\utils.py", line 122, in execute
    return super().execute(sql, params)
           ~~~~~~~~~~~~~~~^^^^^^^^^^^^^
  File "C:\Users\LOPEZHEJ\OneDrive - Luxottica Group S.p.A\Desktop\DJANGO NEXHUS\venv\Lib\site-packages\django\db\backends\utils.py", line 79, in execute
    return self._execute_with_wrappers(
           ~~~~~~~~~~~~~~~~~~~~~~~~~~~^
        sql, params, many=False, executor=self._execute
        ^^^^^^^^^^^^^^^^^^^^^^^^^^^^^^^^^^^^^^^^^^^^^^^
    )
    ^
  File "C:\Users\LOPEZHEJ\OneDrive - Luxottica Group S.p.A\Desktop\DJANGO NEXHUS\venv\Lib\site-packages\django\db\backends\utils.py", line 92, in _execute_with_wrappers
    return executor(sql, params, many, context)
  File "C:\Users\LOPEZHEJ\OneDrive - Luxottica Group S.p.A\Desktop\DJANGO NEXHUS\venv\Lib\site-packages\django\db\backends\utils.py", line 100, in _execute
    with self.db.wrap_database_errors:
         ^^^^^^^^^^^^^^^^^^^^^^^^^^^^
  File "C:\Users\LOPEZHEJ\OneDrive - Luxottica Group S.p.A\Desktop\DJANGO NEXHUS\venv\Lib\site-packages\django\db\utils.py", line 91, in __exit__
    raise dj_exc_value.with_traceback(traceback) from exc_value
  File "C:\Users\LOPEZHEJ\OneDrive - Luxottica Group S.p.A\Desktop\DJANGO NEXHUS\venv\Lib\site-packages\django\db\backends\utils.py", line 105, in _execute
    return self.cursor.execute(sql, params)
           ~~~~~~~~~~~~~~~~~~~^^^^^^^^^^^^^
  File "C:\Users\LOPEZHEJ\OneDrive - Luxottica Group S.p.A\Desktop\DJANGO NEXHUS\venv\Lib\site-packages\django\db\backends\sqlite3\base.py", line 354, in execute
    return super().execute(query, params)
           ~~~~~~~~~~~~~~~^^^^^^^^^^^^^^^
django.db.utils.IntegrityError: NOT NULL constraint failed: queue_app_huitem.error_msg
08:56:44 [ERROR] django.request - Internal Server Error: /scan/
Traceback (most recent call last):
  File "C:\Users\LOPEZHEJ\OneDrive - Luxottica Group S.p.A\Desktop\DJANGO NEXHUS\venv\Lib\site-packages\django\db\backends\utils.py", line 105, in _execute
    return self.cursor.execute(sql, params)
           ~~~~~~~~~~~~~~~~~~~^^^^^^^^^^^^^
  File "C:\Users\LOPEZHEJ\OneDrive - Luxottica Group S.p.A\Desktop\DJANGO NEXHUS\venv\Lib\site-packages\django\db\backends\sqlite3\base.py", line 354, in execute
    return super().execute(query, params)
           ~~~~~~~~~~~~~~~^^^^^^^^^^^^^^^
sqlite3.IntegrityError: NOT NULL constraint failed: queue_app_huitem.error_msg

The above exception was the direct cause of the following exception:

Traceback (most recent call last):
  File "C:\Users\LOPEZHEJ\OneDrive - Luxottica Group S.p.A\Desktop\DJANGO NEXHUS\venv\Lib\site-packages\asgiref\sync.py", line 557, in thread_handler
    raise exc_info[1]
  File "C:\Users\LOPEZHEJ\OneDrive - Luxottica Group S.p.A\Desktop\DJANGO NEXHUS\venv\Lib\site-packages\django\core\handlers\exception.py", line 42, in inner
    response = await get_response(request)
               ^^^^^^^^^^^^^^^^^^^^^^^^^^^
  File "C:\Users\LOPEZHEJ\OneDrive - Luxottica Group S.p.A\Desktop\DJANGO NEXHUS\venv\Lib\site-packages\asgiref\sync.py", line 557, in thread_handler
    raise exc_info[1]
  File "C:\Users\LOPEZHEJ\OneDrive - Luxottica Group S.p.A\Desktop\DJANGO NEXHUS\venv\Lib\site-packages\django\core\handlers\base.py", line 253, in _get_response_async
    response = await wrapped_callback(
               ^^^^^^^^^^^^^^^^^^^^^^^
        request, *callback_args, **callback_kwargs
        ^^^^^^^^^^^^^^^^^^^^^^^^^^^^^^^^^^^^^^^^^^
    )
    ^
  File "C:\Users\LOPEZHEJ\OneDrive - Luxottica Group S.p.A\Desktop\DJANGO NEXHUS\venv\Lib\site-packages\asgiref\sync.py", line 506, in __call__
    ret = await asyncio.shield(exec_coro)
          ^^^^^^^^^^^^^^^^^^^^^^^^^^^^^^^
  File "C:\Users\LOPEZHEJ\AppData\Local\Programs\Python\Python313\Lib\concurrent\futures\thread.py", line 59, in run
    result = self.fn(*self.args, **self.kwargs)
  File "C:\Users\LOPEZHEJ\OneDrive - Luxottica Group S.p.A\Desktop\DJANGO NEXHUS\venv\Lib\site-packages\asgiref\sync.py", line 561, in thread_handler
    return func(*args, **kwargs)
  File "C:\Users\LOPEZHEJ\OneDrive - Luxottica Group S.p.A\Desktop\DJANGO NEXHUS\venv\Lib\site-packages\django\views\decorators\http.py", line 64, in inner
    return func(request, *args, **kwargs)
  File "C:\Users\LOPEZHEJ\OneDrive - Luxottica Group S.p.A\Desktop\DJANGO NEXHUS\queue_app\views.py", line 122, in scan_hu
    item    = HUItem.objects.create(
        hu_code     = raw,
    ...<2 lines>...
        status      = HUItem.STATUS_PENDING,
    )
  File "C:\Users\LOPEZHEJ\OneDrive - Luxottica Group S.p.A\Desktop\DJANGO NEXHUS\venv\Lib\site-packages\django\db\models\manager.py", line 87, in manager_method
    return getattr(self.get_queryset(), name)(*args, **kwargs)
           ~~~~~~~~~~~~~~~~~~~~~~~~~~~~~~~~~~^^^^^^^^^^^^^^^^^
  File "C:\Users\LOPEZHEJ\OneDrive - Luxottica Group S.p.A\Desktop\DJANGO NEXHUS\venv\Lib\site-packages\django\db\models\query.py", line 679, in create
    obj.save(force_insert=True, using=self.db)
    ~~~~~~~~^^^^^^^^^^^^^^^^^^^^^^^^^^^^^^^^^^
  File "C:\Users\LOPEZHEJ\OneDrive - Luxottica Group S.p.A\Desktop\DJANGO NEXHUS\venv\Lib\site-packages\django\db\models\base.py", line 891, in save
    self.save_base(
    ~~~~~~~~~~~~~~^
        using=using,
        ^^^^^^^^^^^^
    ...<2 lines>...
        update_fields=update_fields,
        ^^^^^^^^^^^^^^^^^^^^^^^^^^^^
    )
    ^
  File "C:\Users\LOPEZHEJ\OneDrive - Luxottica Group S.p.A\Desktop\DJANGO NEXHUS\venv\Lib\site-packages\django\db\models\base.py", line 997, in save_base
    updated = self._save_table(
        raw,
    ...<4 lines>...
        update_fields,
    )
  File "C:\Users\LOPEZHEJ\OneDrive - Luxottica Group S.p.A\Desktop\DJANGO NEXHUS\venv\Lib\site-packages\django\db\models\base.py", line 1160, in _save_table
    results = self._do_insert(
        cls._base_manager, using, fields, returning_fields, raw
    )
  File "C:\Users\LOPEZHEJ\OneDrive - Luxottica Group S.p.A\Desktop\DJANGO NEXHUS\venv\Lib\site-packages\django\db\models\base.py", line 1201, in _do_insert
    return manager._insert(
           ~~~~~~~~~~~~~~~^
        [self],
        ^^^^^^^
    ...<3 lines>...
        raw=raw,
        ^^^^^^^^
    )
    ^
  File "C:\Users\LOPEZHEJ\OneDrive - Luxottica Group S.p.A\Desktop\DJANGO NEXHUS\venv\Lib\site-packages\django\db\models\manager.py", line 87, in manager_method
    return getattr(self.get_queryset(), name)(*args, **kwargs)
           ~~~~~~~~~~~~~~~~~~~~~~~~~~~~~~~~~~^^^^^^^^^^^^^^^^^
  File "C:\Users\LOPEZHEJ\OneDrive - Luxottica Group S.p.A\Desktop\DJANGO NEXHUS\venv\Lib\site-packages\django\db\models\query.py", line 1847, in _insert
    return query.get_compiler(using=using).execute_sql(returning_fields)
           ~~~~~~~~~~~~~~~~~~~~~~~~~~~~~~~~~~~~~~~~~~~^^^^^^^^^^^^^^^^^^
  File "C:\Users\LOPEZHEJ\OneDrive - Luxottica Group S.p.A\Desktop\DJANGO NEXHUS\venv\Lib\site-packages\django\db\models\sql\compiler.py", line 1836, in execute_sql
    cursor.execute(sql, params)
    ~~~~~~~~~~~~~~^^^^^^^^^^^^^
  File "C:\Users\LOPEZHEJ\OneDrive - Luxottica Group S.p.A\Desktop\DJANGO NEXHUS\venv\Lib\site-packages\django\db\backends\utils.py", line 122, in execute
    return super().execute(sql, params)
           ~~~~~~~~~~~~~~~^^^^^^^^^^^^^
  File "C:\Users\LOPEZHEJ\OneDrive - Luxottica Group S.p.A\Desktop\DJANGO NEXHUS\venv\Lib\site-packages\django\db\backends\utils.py", line 79, in execute
    return self._execute_with_wrappers(
           ~~~~~~~~~~~~~~~~~~~~~~~~~~~^
        sql, params, many=False, executor=self._execute
        ^^^^^^^^^^^^^^^^^^^^^^^^^^^^^^^^^^^^^^^^^^^^^^^
    )
    ^
  File "C:\Users\LOPEZHEJ\OneDrive - Luxottica Group S.p.A\Desktop\DJANGO NEXHUS\venv\Lib\site-packages\django\db\backends\utils.py", line 92, in _execute_with_wrappers
    return executor(sql, params, many, context)
  File "C:\Users\LOPEZHEJ\OneDrive - Luxottica Group S.p.A\Desktop\DJANGO NEXHUS\venv\Lib\site-packages\django\db\backends\utils.py", line 100, in _execute
    with self.db.wrap_database_errors:
         ^^^^^^^^^^^^^^^^^^^^^^^^^^^^
  File "C:\Users\LOPEZHEJ\OneDrive - Luxottica Group S.p.A\Desktop\DJANGO NEXHUS\venv\Lib\site-packages\django\db\utils.py", line 91, in __exit__
    raise dj_exc_value.with_traceback(traceback) from exc_value
  File "C:\Users\LOPEZHEJ\OneDrive - Luxottica Group S.p.A\Desktop\DJANGO NEXHUS\venv\Lib\site-packages\django\db\backends\utils.py", line 105, in _execute
    return self.cursor.execute(sql, params)
           ~~~~~~~~~~~~~~~~~~~^^^^^^^^^^^^^
  File "C:\Users\LOPEZHEJ\OneDrive - Luxottica Group S.p.A\Desktop\DJANGO NEXHUS\venv\Lib\site-packages\django\db\backends\sqlite3\base.py", line 354, in execute
    return super().execute(query, params)
           ~~~~~~~~~~~~~~~^^^^^^^^^^^^^^^
django.db.utils.IntegrityError: NOT NULL constraint failed: queue_app_huitem.error_msg
08:56:44 [ERROR] django.request - Internal Server Error: /scan/
Traceback (most recent call last):
  File "C:\Users\LOPEZHEJ\OneDrive - Luxottica Group S.p.A\Desktop\DJANGO NEXHUS\venv\Lib\site-packages\django\db\backends\utils.py", line 105, in _execute
    return self.cursor.execute(sql, params)
           ~~~~~~~~~~~~~~~~~~~^^^^^^^^^^^^^
  File "C:\Users\LOPEZHEJ\OneDrive - Luxottica Group S.p.A\Desktop\DJANGO NEXHUS\venv\Lib\site-packages\django\db\backends\sqlite3\base.py", line 354, in execute
    return super().execute(query, params)
           ~~~~~~~~~~~~~~~^^^^^^^^^^^^^^^
sqlite3.IntegrityError: NOT NULL constraint failed: queue_app_huitem.error_msg

The above exception was the direct cause of the following exception:

Traceback (most recent call last):
  File "C:\Users\LOPEZHEJ\OneDrive - Luxottica Group S.p.A\Desktop\DJANGO NEXHUS\venv\Lib\site-packages\asgiref\sync.py", line 557, in thread_handler
    raise exc_info[1]
  File "C:\Users\LOPEZHEJ\OneDrive - Luxottica Group S.p.A\Desktop\DJANGO NEXHUS\venv\Lib\site-packages\django\core\handlers\exception.py", line 42, in inner
    response = await get_response(request)
               ^^^^^^^^^^^^^^^^^^^^^^^^^^^
  File "C:\Users\LOPEZHEJ\OneDrive - Luxottica Group S.p.A\Desktop\DJANGO NEXHUS\venv\Lib\site-packages\asgiref\sync.py", line 557, in thread_handler
    raise exc_info[1]
  File "C:\Users\LOPEZHEJ\OneDrive - Luxottica Group S.p.A\Desktop\DJANGO NEXHUS\venv\Lib\site-packages\django\core\handlers\base.py", line 253, in _get_response_async
    response = await wrapped_callback(
               ^^^^^^^^^^^^^^^^^^^^^^^
        request, *callback_args, **callback_kwargs
        ^^^^^^^^^^^^^^^^^^^^^^^^^^^^^^^^^^^^^^^^^^
    )
    ^
  File "C:\Users\LOPEZHEJ\OneDrive - Luxottica Group S.p.A\Desktop\DJANGO NEXHUS\venv\Lib\site-packages\asgiref\sync.py", line 506, in __call__
    ret = await asyncio.shield(exec_coro)
          ^^^^^^^^^^^^^^^^^^^^^^^^^^^^^^^
  File "C:\Users\LOPEZHEJ\AppData\Local\Programs\Python\Python313\Lib\concurrent\futures\thread.py", line 59, in run
    result = self.fn(*self.args, **self.kwargs)
  File "C:\Users\LOPEZHEJ\OneDrive - Luxottica Group S.p.A\Desktop\DJANGO NEXHUS\venv\Lib\site-packages\asgiref\sync.py", line 561, in thread_handler
    return func(*args, **kwargs)
  File "C:\Users\LOPEZHEJ\OneDrive - Luxottica Group S.p.A\Desktop\DJANGO NEXHUS\venv\Lib\site-packages\django\views\decorators\http.py", line 64, in inner
    return func(request, *args, **kwargs)
  File "C:\Users\LOPEZHEJ\OneDrive - Luxottica Group S.p.A\Desktop\DJANGO NEXHUS\queue_app\views.py", line 122, in scan_hu
    item    = HUItem.objects.create(
        hu_code     = raw,
    ...<2 lines>...
        status      = HUItem.STATUS_PENDING,
    )
  File "C:\Users\LOPEZHEJ\OneDrive - Luxottica Group S.p.A\Desktop\DJANGO NEXHUS\venv\Lib\site-packages\django\db\models\manager.py", line 87, in manager_method
    return getattr(self.get_queryset(), name)(*args, **kwargs)
           ~~~~~~~~~~~~~~~~~~~~~~~~~~~~~~~~~~^^^^^^^^^^^^^^^^^
  File "C:\Users\LOPEZHEJ\OneDrive - Luxottica Group S.p.A\Desktop\DJANGO NEXHUS\venv\Lib\site-packages\django\db\models\query.py", line 679, in create
    obj.save(force_insert=True, using=self.db)
    ~~~~~~~~^^^^^^^^^^^^^^^^^^^^^^^^^^^^^^^^^^
  File "C:\Users\LOPEZHEJ\OneDrive - Luxottica Group S.p.A\Desktop\DJANGO NEXHUS\venv\Lib\site-packages\django\db\models\base.py", line 891, in save
    self.save_base(
    ~~~~~~~~~~~~~~^
        using=using,
        ^^^^^^^^^^^^
    ...<2 lines>...
        update_fields=update_fields,
        ^^^^^^^^^^^^^^^^^^^^^^^^^^^^
    )
    ^
  File "C:\Users\LOPEZHEJ\OneDrive - Luxottica Group S.p.A\Desktop\DJANGO NEXHUS\venv\Lib\site-packages\django\db\models\base.py", line 997, in save_base
    updated = self._save_table(
        raw,
    ...<4 lines>...
        update_fields,
    )
  File "C:\Users\LOPEZHEJ\OneDrive - Luxottica Group S.p.A\Desktop\DJANGO NEXHUS\venv\Lib\site-packages\django\db\models\base.py", line 1160, in _save_table
    results = self._do_insert(
        cls._base_manager, using, fields, returning_fields, raw
    )
  File "C:\Users\LOPEZHEJ\OneDrive - Luxottica Group S.p.A\Desktop\DJANGO NEXHUS\venv\Lib\site-packages\django\db\models\base.py", line 1201, in _do_insert
    return manager._insert(
           ~~~~~~~~~~~~~~~^
        [self],
        ^^^^^^^
    ...<3 lines>...
        raw=raw,
        ^^^^^^^^
    )
    ^
  File "C:\Users\LOPEZHEJ\OneDrive - Luxottica Group S.p.A\Desktop\DJANGO NEXHUS\venv\Lib\site-packages\django\db\models\manager.py", line 87, in manager_method
    return getattr(self.get_queryset(), name)(*args, **kwargs)
           ~~~~~~~~~~~~~~~~~~~~~~~~~~~~~~~~~~^^^^^^^^^^^^^^^^^
  File "C:\Users\LOPEZHEJ\OneDrive - Luxottica Group S.p.A\Desktop\DJANGO NEXHUS\venv\Lib\site-packages\django\db\models\query.py", line 1847, in _insert
    return query.get_compiler(using=using).execute_sql(returning_fields)
           ~~~~~~~~~~~~~~~~~~~~~~~~~~~~~~~~~~~~~~~~~~~^^^^^^^^^^^^^^^^^^
  File "C:\Users\LOPEZHEJ\OneDrive - Luxottica Group S.p.A\Desktop\DJANGO NEXHUS\venv\Lib\site-packages\django\db\models\sql\compiler.py", line 1836, in execute_sql
    cursor.execute(sql, params)
    ~~~~~~~~~~~~~~^^^^^^^^^^^^^
  File "C:\Users\LOPEZHEJ\OneDrive - Luxottica Group S.p.A\Desktop\DJANGO NEXHUS\venv\Lib\site-packages\django\db\backends\utils.py", line 122, in execute
    return super().execute(sql, params)
           ~~~~~~~~~~~~~~~^^^^^^^^^^^^^
  File "C:\Users\LOPEZHEJ\OneDrive - Luxottica Group S.p.A\Desktop\DJANGO NEXHUS\venv\Lib\site-packages\django\db\backends\utils.py", line 79, in execute
    return self._execute_with_wrappers(
           ~~~~~~~~~~~~~~~~~~~~~~~~~~~^
        sql, params, many=False, executor=self._execute
        ^^^^^^^^^^^^^^^^^^^^^^^^^^^^^^^^^^^^^^^^^^^^^^^
    )
    ^
  File "C:\Users\LOPEZHEJ\OneDrive - Luxottica Group S.p.A\Desktop\DJANGO NEXHUS\venv\Lib\site-packages\django\db\backends\utils.py", line 92, in _execute_with_wrappers
    return executor(sql, params, many, context)
  File "C:\Users\LOPEZHEJ\OneDrive - Luxottica Group S.p.A\Desktop\DJANGO NEXHUS\venv\Lib\site-packages\django\db\backends\utils.py", line 100, in _execute
    with self.db.wrap_database_errors:
         ^^^^^^^^^^^^^^^^^^^^^^^^^^^^
  File "C:\Users\LOPEZHEJ\OneDrive - Luxottica Group S.p.A\Desktop\DJANGO NEXHUS\venv\Lib\site-packages\django\db\utils.py", line 91, in __exit__
    raise dj_exc_value.with_traceback(traceback) from exc_value
  File "C:\Users\LOPEZHEJ\OneDrive - Luxottica Group S.p.A\Desktop\DJANGO NEXHUS\venv\Lib\site-packages\django\db\backends\utils.py", line 105, in _execute
    return self.cursor.execute(sql, params)
           ~~~~~~~~~~~~~~~~~~~^^^^^^^^^^^^^
  File "C:\Users\LOPEZHEJ\OneDrive - Luxottica Group S.p.A\Desktop\DJANGO NEXHUS\venv\Lib\site-packages\django\db\backends\sqlite3\base.py", line 354, in execute
    return super().execute(query, params)
           ~~~~~~~~~~~~~~~^^^^^^^^^^^^^^^
django.db.utils.IntegrityError: NOT NULL constraint failed: queue_app_huitem.error_msg
08:56:44 [ERROR] django.request - Internal Server Error: /scan/
Traceback (most recent call last):
  File "C:\Users\LOPEZHEJ\OneDrive - Luxottica Group S.p.A\Desktop\DJANGO NEXHUS\venv\Lib\site-packages\django\db\backends\utils.py", line 105, in _execute
    return self.cursor.execute(sql, params)
           ~~~~~~~~~~~~~~~~~~~^^^^^^^^^^^^^
  File "C:\Users\LOPEZHEJ\OneDrive - Luxottica Group S.p.A\Desktop\DJANGO NEXHUS\venv\Lib\site-packages\django\db\backends\sqlite3\base.py", line 354, in execute
    return super().execute(query, params)
           ~~~~~~~~~~~~~~~^^^^^^^^^^^^^^^
sqlite3.IntegrityError: NOT NULL constraint failed: queue_app_huitem.error_msg

The above exception was the direct cause of the following exception:

Traceback (most recent call last):
  File "C:\Users\LOPEZHEJ\OneDrive - Luxottica Group S.p.A\Desktop\DJANGO NEXHUS\venv\Lib\site-packages\asgiref\sync.py", line 557, in thread_handler
    raise exc_info[1]
  File "C:\Users\LOPEZHEJ\OneDrive - Luxottica Group S.p.A\Desktop\DJANGO NEXHUS\venv\Lib\site-packages\django\core\handlers\exception.py", line 42, in inner
    response = await get_response(request)
               ^^^^^^^^^^^^^^^^^^^^^^^^^^^
  File "C:\Users\LOPEZHEJ\OneDrive - Luxottica Group S.p.A\Desktop\DJANGO NEXHUS\venv\Lib\site-packages\asgiref\sync.py", line 557, in thread_handler
    raise exc_info[1]
  File "C:\Users\LOPEZHEJ\OneDrive - Luxottica Group S.p.A\Desktop\DJANGO NEXHUS\venv\Lib\site-packages\django\core\handlers\base.py", line 253, in _get_response_async
    response = await wrapped_callback(
               ^^^^^^^^^^^^^^^^^^^^^^^
        request, *callback_args, **callback_kwargs
        ^^^^^^^^^^^^^^^^^^^^^^^^^^^^^^^^^^^^^^^^^^
    )
    ^
  File "C:\Users\LOPEZHEJ\OneDrive - Luxottica Group S.p.A\Desktop\DJANGO NEXHUS\venv\Lib\site-packages\asgiref\sync.py", line 506, in __call__
    ret = await asyncio.shield(exec_coro)
          ^^^^^^^^^^^^^^^^^^^^^^^^^^^^^^^
  File "C:\Users\LOPEZHEJ\AppData\Local\Programs\Python\Python313\Lib\concurrent\futures\thread.py", line 59, in run
    result = self.fn(*self.args, **self.kwargs)
  File "C:\Users\LOPEZHEJ\OneDrive - Luxottica Group S.p.A\Desktop\DJANGO NEXHUS\venv\Lib\site-packages\asgiref\sync.py", line 561, in thread_handler
    return func(*args, **kwargs)
  File "C:\Users\LOPEZHEJ\OneDrive - Luxottica Group S.p.A\Desktop\DJANGO NEXHUS\venv\Lib\site-packages\django\views\decorators\http.py", line 64, in inner
    return func(request, *args, **kwargs)
  File "C:\Users\LOPEZHEJ\OneDrive - Luxottica Group S.p.A\Desktop\DJANGO NEXHUS\queue_app\views.py", line 122, in scan_hu
    item    = HUItem.objects.create(
        hu_code     = raw,
    ...<2 lines>...
        status      = HUItem.STATUS_PENDING,
    )
  File "C:\Users\LOPEZHEJ\OneDrive - Luxottica Group S.p.A\Desktop\DJANGO NEXHUS\venv\Lib\site-packages\django\db\models\manager.py", line 87, in manager_method
    return getattr(self.get_queryset(), name)(*args, **kwargs)
           ~~~~~~~~~~~~~~~~~~~~~~~~~~~~~~~~~~^^^^^^^^^^^^^^^^^
  File "C:\Users\LOPEZHEJ\OneDrive - Luxottica Group S.p.A\Desktop\DJANGO NEXHUS\venv\Lib\site-packages\django\db\models\query.py", line 679, in create
    obj.save(force_insert=True, using=self.db)
    ~~~~~~~~^^^^^^^^^^^^^^^^^^^^^^^^^^^^^^^^^^
  File "C:\Users\LOPEZHEJ\OneDrive - Luxottica Group S.p.A\Desktop\DJANGO NEXHUS\venv\Lib\site-packages\django\db\models\base.py", line 891, in save
    self.save_base(
    ~~~~~~~~~~~~~~^
        using=using,
        ^^^^^^^^^^^^
    ...<2 lines>...
        update_fields=update_fields,
        ^^^^^^^^^^^^^^^^^^^^^^^^^^^^
    )
    ^
  File "C:\Users\LOPEZHEJ\OneDrive - Luxottica Group S.p.A\Desktop\DJANGO NEXHUS\venv\Lib\site-packages\django\db\models\base.py", line 997, in save_base
    updated = self._save_table(
        raw,
    ...<4 lines>...
        update_fields,
    )
  File "C:\Users\LOPEZHEJ\OneDrive - Luxottica Group S.p.A\Desktop\DJANGO NEXHUS\venv\Lib\site-packages\django\db\models\base.py", line 1160, in _save_table
    results = self._do_insert(
        cls._base_manager, using, fields, returning_fields, raw
    )
  File "C:\Users\LOPEZHEJ\OneDrive - Luxottica Group S.p.A\Desktop\DJANGO NEXHUS\venv\Lib\site-packages\django\db\models\base.py", line 1201, in _do_insert
    return manager._insert(
           ~~~~~~~~~~~~~~~^
        [self],
        ^^^^^^^
    ...<3 lines>...
        raw=raw,
        ^^^^^^^^
    )
    ^
  File "C:\Users\LOPEZHEJ\OneDrive - Luxottica Group S.p.A\Desktop\DJANGO NEXHUS\venv\Lib\site-packages\django\db\models\manager.py", line 87, in manager_method
    return getattr(self.get_queryset(), name)(*args, **kwargs)
           ~~~~~~~~~~~~~~~~~~~~~~~~~~~~~~~~~~^^^^^^^^^^^^^^^^^
  File "C:\Users\LOPEZHEJ\OneDrive - Luxottica Group S.p.A\Desktop\DJANGO NEXHUS\venv\Lib\site-packages\django\db\models\query.py", line 1847, in _insert
    return query.get_compiler(using=using).execute_sql(returning_fields)
           ~~~~~~~~~~~~~~~~~~~~~~~~~~~~~~~~~~~~~~~~~~~^^^^^^^^^^^^^^^^^^
  File "C:\Users\LOPEZHEJ\OneDrive - Luxottica Group S.p.A\Desktop\DJANGO NEXHUS\venv\Lib\site-packages\django\db\models\sql\compiler.py", line 1836, in execute_sql
    cursor.execute(sql, params)
    ~~~~~~~~~~~~~~^^^^^^^^^^^^^
  File "C:\Users\LOPEZHEJ\OneDrive - Luxottica Group S.p.A\Desktop\DJANGO NEXHUS\venv\Lib\site-packages\django\db\backends\utils.py", line 122, in execute
    return super().execute(sql, params)
           ~~~~~~~~~~~~~~~^^^^^^^^^^^^^
  File "C:\Users\LOPEZHEJ\OneDrive - Luxottica Group S.p.A\Desktop\DJANGO NEXHUS\venv\Lib\site-packages\django\db\backends\utils.py", line 79, in execute
    return self._execute_with_wrappers(
           ~~~~~~~~~~~~~~~~~~~~~~~~~~~^
        sql, params, many=False, executor=self._execute
        ^^^^^^^^^^^^^^^^^^^^^^^^^^^^^^^^^^^^^^^^^^^^^^^
    )
    ^
  File "C:\Users\LOPEZHEJ\OneDrive - Luxottica Group S.p.A\Desktop\DJANGO NEXHUS\venv\Lib\site-packages\django\db\backends\utils.py", line 92, in _execute_with_wrappers
    return executor(sql, params, many, context)
  File "C:\Users\LOPEZHEJ\OneDrive - Luxottica Group S.p.A\Desktop\DJANGO NEXHUS\venv\Lib\site-packages\django\db\backends\utils.py", line 100, in _execute
    with self.db.wrap_database_errors:
         ^^^^^^^^^^^^^^^^^^^^^^^^^^^^
  File "C:\Users\LOPEZHEJ\OneDrive - Luxottica Group S.p.A\Desktop\DJANGO NEXHUS\venv\Lib\site-packages\django\db\utils.py", line 91, in __exit__
    raise dj_exc_value.with_traceback(traceback) from exc_value
  File "C:\Users\LOPEZHEJ\OneDrive - Luxottica Group S.p.A\Desktop\DJANGO NEXHUS\venv\Lib\site-packages\django\db\backends\utils.py", line 105, in _execute
    return self.cursor.execute(sql, params)
           ~~~~~~~~~~~~~~~~~~~^^^^^^^^^^^^^
  File "C:\Users\LOPEZHEJ\OneDrive - Luxottica Group S.p.A\Desktop\DJANGO NEXHUS\venv\Lib\site-packages\django\db\backends\sqlite3\base.py", line 354, in execute
    return super().execute(query, params)
           ~~~~~~~~~~~~~~~^^^^^^^^^^^^^^^
django.db.utils.IntegrityError: NOT NULL constraint failed: queue_app_huitem.error_msg
08:56:44 [ERROR] django.request - Internal Server Error: /scan/
Traceback (most recent call last):
  File "C:\Users\LOPEZHEJ\OneDrive - Luxottica Group S.p.A\Desktop\DJANGO NEXHUS\venv\Lib\site-packages\django\db\backends\utils.py", line 105, in _execute
    return self.cursor.execute(sql, params)
           ~~~~~~~~~~~~~~~~~~~^^^^^^^^^^^^^
  File "C:\Users\LOPEZHEJ\OneDrive - Luxottica Group S.p.A\Desktop\DJANGO NEXHUS\venv\Lib\site-packages\django\db\backends\sqlite3\base.py", line 354, in execute
    return super().execute(query, params)
           ~~~~~~~~~~~~~~~^^^^^^^^^^^^^^^
sqlite3.IntegrityError: NOT NULL constraint failed: queue_app_huitem.error_msg

The above exception was the direct cause of the following exception:

Traceback (most recent call last):
  File "C:\Users\LOPEZHEJ\OneDrive - Luxottica Group S.p.A\Desktop\DJANGO NEXHUS\venv\Lib\site-packages\asgiref\sync.py", line 557, in thread_handler
    raise exc_info[1]
  File "C:\Users\LOPEZHEJ\OneDrive - Luxottica Group S.p.A\Desktop\DJANGO NEXHUS\venv\Lib\site-packages\django\core\handlers\exception.py", line 42, in inner
    response = await get_response(request)
               ^^^^^^^^^^^^^^^^^^^^^^^^^^^
  File "C:\Users\LOPEZHEJ\OneDrive - Luxottica Group S.p.A\Desktop\DJANGO NEXHUS\venv\Lib\site-packages\asgiref\sync.py", line 557, in thread_handler
    raise exc_info[1]
  File "C:\Users\LOPEZHEJ\OneDrive - Luxottica Group S.p.A\Desktop\DJANGO NEXHUS\venv\Lib\site-packages\django\core\handlers\base.py", line 253, in _get_response_async
    response = await wrapped_callback(
               ^^^^^^^^^^^^^^^^^^^^^^^
        request, *callback_args, **callback_kwargs
        ^^^^^^^^^^^^^^^^^^^^^^^^^^^^^^^^^^^^^^^^^^
    )
    ^
  File "C:\Users\LOPEZHEJ\OneDrive - Luxottica Group S.p.A\Desktop\DJANGO NEXHUS\venv\Lib\site-packages\asgiref\sync.py", line 506, in __call__
    ret = await asyncio.shield(exec_coro)
          ^^^^^^^^^^^^^^^^^^^^^^^^^^^^^^^
  File "C:\Users\LOPEZHEJ\AppData\Local\Programs\Python\Python313\Lib\concurrent\futures\thread.py", line 59, in run
    result = self.fn(*self.args, **self.kwargs)
  File "C:\Users\LOPEZHEJ\OneDrive - Luxottica Group S.p.A\Desktop\DJANGO NEXHUS\venv\Lib\site-packages\asgiref\sync.py", line 561, in thread_handler
    return func(*args, **kwargs)
  File "C:\Users\LOPEZHEJ\OneDrive - Luxottica Group S.p.A\Desktop\DJANGO NEXHUS\venv\Lib\site-packages\django\views\decorators\http.py", line 64, in inner
    return func(request, *args, **kwargs)
  File "C:\Users\LOPEZHEJ\OneDrive - Luxottica Group S.p.A\Desktop\DJANGO NEXHUS\queue_app\views.py", line 122, in scan_hu
    item    = HUItem.objects.create(
        hu_code     = raw,
    ...<2 lines>...
        status      = HUItem.STATUS_PENDING,
    )
  File "C:\Users\LOPEZHEJ\OneDrive - Luxottica Group S.p.A\Desktop\DJANGO NEXHUS\venv\Lib\site-packages\django\db\models\manager.py", line 87, in manager_method
    return getattr(self.get_queryset(), name)(*args, **kwargs)
           ~~~~~~~~~~~~~~~~~~~~~~~~~~~~~~~~~~^^^^^^^^^^^^^^^^^
  File "C:\Users\LOPEZHEJ\OneDrive - Luxottica Group S.p.A\Desktop\DJANGO NEXHUS\venv\Lib\site-packages\django\db\models\query.py", line 679, in create
    obj.save(force_insert=True, using=self.db)
    ~~~~~~~~^^^^^^^^^^^^^^^^^^^^^^^^^^^^^^^^^^
  File "C:\Users\LOPEZHEJ\OneDrive - Luxottica Group S.p.A\Desktop\DJANGO NEXHUS\venv\Lib\site-packages\django\db\models\base.py", line 891, in save
    self.save_base(
    ~~~~~~~~~~~~~~^
        using=using,
        ^^^^^^^^^^^^
    ...<2 lines>...
        update_fields=update_fields,
        ^^^^^^^^^^^^^^^^^^^^^^^^^^^^
    )
    ^
  File "C:\Users\LOPEZHEJ\OneDrive - Luxottica Group S.p.A\Desktop\DJANGO NEXHUS\venv\Lib\site-packages\django\db\models\base.py", line 997, in save_base
    updated = self._save_table(
        raw,
    ...<4 lines>...
        update_fields,
    )
  File "C:\Users\LOPEZHEJ\OneDrive - Luxottica Group S.p.A\Desktop\DJANGO NEXHUS\venv\Lib\site-packages\django\db\models\base.py", line 1160, in _save_table
    results = self._do_insert(
        cls._base_manager, using, fields, returning_fields, raw
    )
  File "C:\Users\LOPEZHEJ\OneDrive - Luxottica Group S.p.A\Desktop\DJANGO NEXHUS\venv\Lib\site-packages\django\db\models\base.py", line 1201, in _do_insert
    return manager._insert(
           ~~~~~~~~~~~~~~~^
        [self],
        ^^^^^^^
    ...<3 lines>...
        raw=raw,
        ^^^^^^^^
    )
    ^
  File "C:\Users\LOPEZHEJ\OneDrive - Luxottica Group S.p.A\Desktop\DJANGO NEXHUS\venv\Lib\site-packages\django\db\models\manager.py", line 87, in manager_method
    return getattr(self.get_queryset(), name)(*args, **kwargs)
           ~~~~~~~~~~~~~~~~~~~~~~~~~~~~~~~~~~^^^^^^^^^^^^^^^^^
  File "C:\Users\LOPEZHEJ\OneDrive - Luxottica Group S.p.A\Desktop\DJANGO NEXHUS\venv\Lib\site-packages\django\db\models\query.py", line 1847, in _insert
    return query.get_compiler(using=using).execute_sql(returning_fields)
           ~~~~~~~~~~~~~~~~~~~~~~~~~~~~~~~~~~~~~~~~~~~^^^^^^^^^^^^^^^^^^
  File "C:\Users\LOPEZHEJ\OneDrive - Luxottica Group S.p.A\Desktop\DJANGO NEXHUS\venv\Lib\site-packages\django\db\models\sql\compiler.py", line 1836, in execute_sql
    cursor.execute(sql, params)
    ~~~~~~~~~~~~~~^^^^^^^^^^^^^
  File "C:\Users\LOPEZHEJ\OneDrive - Luxottica Group S.p.A\Desktop\DJANGO NEXHUS\venv\Lib\site-packages\django\db\backends\utils.py", line 122, in execute
    return super().execute(sql, params)
           ~~~~~~~~~~~~~~~^^^^^^^^^^^^^
  File "C:\Users\LOPEZHEJ\OneDrive - Luxottica Group S.p.A\Desktop\DJANGO NEXHUS\venv\Lib\site-packages\django\db\backends\utils.py", line 79, in execute
    return self._execute_with_wrappers(
           ~~~~~~~~~~~~~~~~~~~~~~~~~~~^
        sql, params, many=False, executor=self._execute
        ^^^^^^^^^^^^^^^^^^^^^^^^^^^^^^^^^^^^^^^^^^^^^^^
    )
    ^
  File "C:\Users\LOPEZHEJ\OneDrive - Luxottica Group S.p.A\Desktop\DJANGO NEXHUS\venv\Lib\site-packages\django\db\backends\utils.py", line 92, in _execute_with_wrappers
    return executor(sql, params, many, context)
  File "C:\Users\LOPEZHEJ\OneDrive - Luxottica Group S.p.A\Desktop\DJANGO NEXHUS\venv\Lib\site-packages\django\db\backends\utils.py", line 100, in _execute
    with self.db.wrap_database_errors:
         ^^^^^^^^^^^^^^^^^^^^^^^^^^^^
  File "C:\Users\LOPEZHEJ\OneDrive - Luxottica Group S.p.A\Desktop\DJANGO NEXHUS\venv\Lib\site-packages\django\db\utils.py", line 91, in __exit__
    raise dj_exc_value.with_traceback(traceback) from exc_value
  File "C:\Users\LOPEZHEJ\OneDrive - Luxottica Group S.p.A\Desktop\DJANGO NEXHUS\venv\Lib\site-packages\django\db\backends\utils.py", line 105, in _execute
    return self.cursor.execute(sql, params)
           ~~~~~~~~~~~~~~~~~~~^^^^^^^^^^^^^
  File "C:\Users\LOPEZHEJ\OneDrive - Luxottica Group S.p.A\Desktop\DJANGO NEXHUS\venv\Lib\site-packages\django\db\backends\sqlite3\base.py", line 354, in execute
    return super().execute(query, params)
           ~~~~~~~~~~~~~~~^^^^^^^^^^^^^^^
django.db.utils.IntegrityError: NOT NULL constraint failed: queue_app_huitem.error_msg
08:56:44 [ERROR] django.request - Internal Server Error: /scan/
Traceback (most recent call last):
  File "C:\Users\LOPEZHEJ\OneDrive - Luxottica Group S.p.A\Desktop\DJANGO NEXHUS\venv\Lib\site-packages\django\db\backends\utils.py", line 105, in _execute
    return self.cursor.execute(sql, params)
           ~~~~~~~~~~~~~~~~~~~^^^^^^^^^^^^^
  File "C:\Users\LOPEZHEJ\OneDrive - Luxottica Group S.p.A\Desktop\DJANGO NEXHUS\venv\Lib\site-packages\django\db\backends\sqlite3\base.py", line 354, in execute
    return super().execute(query, params)
           ~~~~~~~~~~~~~~~^^^^^^^^^^^^^^^
sqlite3.IntegrityError: NOT NULL constraint failed: queue_app_huitem.error_msg

The above exception was the direct cause of the following exception:

Traceback (most recent call last):
  File "C:\Users\LOPEZHEJ\OneDrive - Luxottica Group S.p.A\Desktop\DJANGO NEXHUS\venv\Lib\site-packages\asgiref\sync.py", line 557, in thread_handler
    raise exc_info[1]
  File "C:\Users\LOPEZHEJ\OneDrive - Luxottica Group S.p.A\Desktop\DJANGO NEXHUS\venv\Lib\site-packages\django\core\handlers\exception.py", line 42, in inner
    response = await get_response(request)
               ^^^^^^^^^^^^^^^^^^^^^^^^^^^
  File "C:\Users\LOPEZHEJ\OneDrive - Luxottica Group S.p.A\Desktop\DJANGO NEXHUS\venv\Lib\site-packages\asgiref\sync.py", line 557, in thread_handler
    raise exc_info[1]
  File "C:\Users\LOPEZHEJ\OneDrive - Luxottica Group S.p.A\Desktop\DJANGO NEXHUS\venv\Lib\site-packages\django\core\handlers\base.py", line 253, in _get_response_async
    response = await wrapped_callback(
               ^^^^^^^^^^^^^^^^^^^^^^^
        request, *callback_args, **callback_kwargs
        ^^^^^^^^^^^^^^^^^^^^^^^^^^^^^^^^^^^^^^^^^^
    )
    ^
  File "C:\Users\LOPEZHEJ\OneDrive - Luxottica Group S.p.A\Desktop\DJANGO NEXHUS\venv\Lib\site-packages\asgiref\sync.py", line 506, in __call__
    ret = await asyncio.shield(exec_coro)
          ^^^^^^^^^^^^^^^^^^^^^^^^^^^^^^^
  File "C:\Users\LOPEZHEJ\AppData\Local\Programs\Python\Python313\Lib\concurrent\futures\thread.py", line 59, in run
    result = self.fn(*self.args, **self.kwargs)
  File "C:\Users\LOPEZHEJ\OneDrive - Luxottica Group S.p.A\Desktop\DJANGO NEXHUS\venv\Lib\site-packages\asgiref\sync.py", line 561, in thread_handler
    return func(*args, **kwargs)
  File "C:\Users\LOPEZHEJ\OneDrive - Luxottica Group S.p.A\Desktop\DJANGO NEXHUS\venv\Lib\site-packages\django\views\decorators\http.py", line 64, in inner
    return func(request, *args, **kwargs)
  File "C:\Users\LOPEZHEJ\OneDrive - Luxottica Group S.p.A\Desktop\DJANGO NEXHUS\queue_app\views.py", line 122, in scan_hu
    item    = HUItem.objects.create(
        hu_code     = raw,
    ...<2 lines>...
        status      = HUItem.STATUS_PENDING,
    )
  File "C:\Users\LOPEZHEJ\OneDrive - Luxottica Group S.p.A\Desktop\DJANGO NEXHUS\venv\Lib\site-packages\django\db\models\manager.py", line 87, in manager_method
    return getattr(self.get_queryset(), name)(*args, **kwargs)
           ~~~~~~~~~~~~~~~~~~~~~~~~~~~~~~~~~~^^^^^^^^^^^^^^^^^
  File "C:\Users\LOPEZHEJ\OneDrive - Luxottica Group S.p.A\Desktop\DJANGO NEXHUS\venv\Lib\site-packages\django\db\models\query.py", line 679, in create
    obj.save(force_insert=True, using=self.db)
    ~~~~~~~~^^^^^^^^^^^^^^^^^^^^^^^^^^^^^^^^^^
  File "C:\Users\LOPEZHEJ\OneDrive - Luxottica Group S.p.A\Desktop\DJANGO NEXHUS\venv\Lib\site-packages\django\db\models\base.py", line 891, in save
    self.save_base(
    ~~~~~~~~~~~~~~^
        using=using,
        ^^^^^^^^^^^^
    ...<2 lines>...
        update_fields=update_fields,
        ^^^^^^^^^^^^^^^^^^^^^^^^^^^^
    )
    ^
  File "C:\Users\LOPEZHEJ\OneDrive - Luxottica Group S.p.A\Desktop\DJANGO NEXHUS\venv\Lib\site-packages\django\db\models\base.py", line 997, in save_base
    updated = self._save_table(
        raw,
    ...<4 lines>...
        update_fields,
    )
  File "C:\Users\LOPEZHEJ\OneDrive - Luxottica Group S.p.A\Desktop\DJANGO NEXHUS\venv\Lib\site-packages\django\db\models\base.py", line 1160, in _save_table
    results = self._do_insert(
        cls._base_manager, using, fields, returning_fields, raw
    )
  File "C:\Users\LOPEZHEJ\OneDrive - Luxottica Group S.p.A\Desktop\DJANGO NEXHUS\venv\Lib\site-packages\django\db\models\base.py", line 1201, in _do_insert
    return manager._insert(
           ~~~~~~~~~~~~~~~^
        [self],
        ^^^^^^^
    ...<3 lines>...
        raw=raw,
        ^^^^^^^^
    )
    ^
  File "C:\Users\LOPEZHEJ\OneDrive - Luxottica Group S.p.A\Desktop\DJANGO NEXHUS\venv\Lib\site-packages\django\db\models\manager.py", line 87, in manager_method
    return getattr(self.get_queryset(), name)(*args, **kwargs)
           ~~~~~~~~~~~~~~~~~~~~~~~~~~~~~~~~~~^^^^^^^^^^^^^^^^^
  File "C:\Users\LOPEZHEJ\OneDrive - Luxottica Group S.p.A\Desktop\DJANGO NEXHUS\venv\Lib\site-packages\django\db\models\query.py", line 1847, in _insert
    return query.get_compiler(using=using).execute_sql(returning_fields)
           ~~~~~~~~~~~~~~~~~~~~~~~~~~~~~~~~~~~~~~~~~~~^^^^^^^^^^^^^^^^^^
  File "C:\Users\LOPEZHEJ\OneDrive - Luxottica Group S.p.A\Desktop\DJANGO NEXHUS\venv\Lib\site-packages\django\db\models\sql\compiler.py", line 1836, in execute_sql
    cursor.execute(sql, params)
    ~~~~~~~~~~~~~~^^^^^^^^^^^^^
  File "C:\Users\LOPEZHEJ\OneDrive - Luxottica Group S.p.A\Desktop\DJANGO NEXHUS\venv\Lib\site-packages\django\db\backends\utils.py", line 122, in execute
    return super().execute(sql, params)
           ~~~~~~~~~~~~~~~^^^^^^^^^^^^^
  File "C:\Users\LOPEZHEJ\OneDrive - Luxottica Group S.p.A\Desktop\DJANGO NEXHUS\venv\Lib\site-packages\django\db\backends\utils.py", line 79, in execute
    return self._execute_with_wrappers(
           ~~~~~~~~~~~~~~~~~~~~~~~~~~~^
        sql, params, many=False, executor=self._execute
        ^^^^^^^^^^^^^^^^^^^^^^^^^^^^^^^^^^^^^^^^^^^^^^^
    )
    ^
  File "C:\Users\LOPEZHEJ\OneDrive - Luxottica Group S.p.A\Desktop\DJANGO NEXHUS\venv\Lib\site-packages\django\db\backends\utils.py", line 92, in _execute_with_wrappers
    return executor(sql, params, many, context)
  File "C:\Users\LOPEZHEJ\OneDrive - Luxottica Group S.p.A\Desktop\DJANGO NEXHUS\venv\Lib\site-packages\django\db\backends\utils.py", line 100, in _execute
    with self.db.wrap_database_errors:
         ^^^^^^^^^^^^^^^^^^^^^^^^^^^^
  File "C:\Users\LOPEZHEJ\OneDrive - Luxottica Group S.p.A\Desktop\DJANGO NEXHUS\venv\Lib\site-packages\django\db\utils.py", line 91, in __exit__
    raise dj_exc_value.with_traceback(traceback) from exc_value
  File "C:\Users\LOPEZHEJ\OneDrive - Luxottica Group S.p.A\Desktop\DJANGO NEXHUS\venv\Lib\site-packages\django\db\backends\utils.py", line 105, in _execute
    return self.cursor.execute(sql, params)
           ~~~~~~~~~~~~~~~~~~~^^^^^^^^^^^^^
  File "C:\Users\LOPEZHEJ\OneDrive - Luxottica Group S.p.A\Desktop\DJANGO NEXHUS\venv\Lib\site-packages\django\db\backends\sqlite3\base.py", line 354, in execute
    return super().execute(query, params)
           ~~~~~~~~~~~~~~~^^^^^^^^^^^^^^^
django.db.utils.IntegrityError: NOT NULL constraint failed: queue_app_huitem.error_msg
08:56:44 [ERROR] django.request - Internal Server Error: /scan/
Traceback (most recent call last):
  File "C:\Users\LOPEZHEJ\OneDrive - Luxottica Group S.p.A\Desktop\DJANGO NEXHUS\venv\Lib\site-packages\django\db\backends\utils.py", line 105, in _execute
    return self.cursor.execute(sql, params)
           ~~~~~~~~~~~~~~~~~~~^^^^^^^^^^^^^
  File "C:\Users\LOPEZHEJ\OneDrive - Luxottica Group S.p.A\Desktop\DJANGO NEXHUS\venv\Lib\site-packages\django\db\backends\sqlite3\base.py", line 354, in execute
    return super().execute(query, params)
           ~~~~~~~~~~~~~~~^^^^^^^^^^^^^^^
sqlite3.IntegrityError: NOT NULL constraint failed: queue_app_huitem.error_msg

The above exception was the direct cause of the following exception:

Traceback (most recent call last):
  File "C:\Users\LOPEZHEJ\OneDrive - Luxottica Group S.p.A\Desktop\DJANGO NEXHUS\venv\Lib\site-packages\asgiref\sync.py", line 557, in thread_handler
    raise exc_info[1]
  File "C:\Users\LOPEZHEJ\OneDrive - Luxottica Group S.p.A\Desktop\DJANGO NEXHUS\venv\Lib\site-packages\django\core\handlers\exception.py", line 42, in inner
    response = await get_response(request)
               ^^^^^^^^^^^^^^^^^^^^^^^^^^^
  File "C:\Users\LOPEZHEJ\OneDrive - Luxottica Group S.p.A\Desktop\DJANGO NEXHUS\venv\Lib\site-packages\asgiref\sync.py", line 557, in thread_handler
    raise exc_info[1]
  File "C:\Users\LOPEZHEJ\OneDrive - Luxottica Group S.p.A\Desktop\DJANGO NEXHUS\venv\Lib\site-packages\django\core\handlers\base.py", line 253, in _get_response_async
    response = await wrapped_callback(
               ^^^^^^^^^^^^^^^^^^^^^^^
        request, *callback_args, **callback_kwargs
        ^^^^^^^^^^^^^^^^^^^^^^^^^^^^^^^^^^^^^^^^^^
    )
    ^
  File "C:\Users\LOPEZHEJ\OneDrive - Luxottica Group S.p.A\Desktop\DJANGO NEXHUS\venv\Lib\site-packages\asgiref\sync.py", line 506, in __call__
    ret = await asyncio.shield(exec_coro)
          ^^^^^^^^^^^^^^^^^^^^^^^^^^^^^^^
  File "C:\Users\LOPEZHEJ\AppData\Local\Programs\Python\Python313\Lib\concurrent\futures\thread.py", line 59, in run
    result = self.fn(*self.args, **self.kwargs)
  File "C:\Users\LOPEZHEJ\OneDrive - Luxottica Group S.p.A\Desktop\DJANGO NEXHUS\venv\Lib\site-packages\asgiref\sync.py", line 561, in thread_handler
    return func(*args, **kwargs)
  File "C:\Users\LOPEZHEJ\OneDrive - Luxottica Group S.p.A\Desktop\DJANGO NEXHUS\venv\Lib\site-packages\django\views\decorators\http.py", line 64, in inner
    return func(request, *args, **kwargs)
  File "C:\Users\LOPEZHEJ\OneDrive - Luxottica Group S.p.A\Desktop\DJANGO NEXHUS\queue_app\views.py", line 122, in scan_hu
    item    = HUItem.objects.create(
        hu_code     = raw,
    ...<2 lines>...
        status      = HUItem.STATUS_PENDING,
    )
  File "C:\Users\LOPEZHEJ\OneDrive - Luxottica Group S.p.A\Desktop\DJANGO NEXHUS\venv\Lib\site-packages\django\db\models\manager.py", line 87, in manager_method
    return getattr(self.get_queryset(), name)(*args, **kwargs)
           ~~~~~~~~~~~~~~~~~~~~~~~~~~~~~~~~~~^^^^^^^^^^^^^^^^^
  File "C:\Users\LOPEZHEJ\OneDrive - Luxottica Group S.p.A\Desktop\DJANGO NEXHUS\venv\Lib\site-packages\django\db\models\query.py", line 679, in create
    obj.save(force_insert=True, using=self.db)
    ~~~~~~~~^^^^^^^^^^^^^^^^^^^^^^^^^^^^^^^^^^
  File "C:\Users\LOPEZHEJ\OneDrive - Luxottica Group S.p.A\Desktop\DJANGO NEXHUS\venv\Lib\site-packages\django\db\models\base.py", line 891, in save
    self.save_base(
    ~~~~~~~~~~~~~~^
        using=using,
        ^^^^^^^^^^^^
    ...<2 lines>...
        update_fields=update_fields,
        ^^^^^^^^^^^^^^^^^^^^^^^^^^^^
    )
    ^
  File "C:\Users\LOPEZHEJ\OneDrive - Luxottica Group S.p.A\Desktop\DJANGO NEXHUS\venv\Lib\site-packages\django\db\models\base.py", line 997, in save_base
    updated = self._save_table(
        raw,
    ...<4 lines>...
        update_fields,
    )
  File "C:\Users\LOPEZHEJ\OneDrive - Luxottica Group S.p.A\Desktop\DJANGO NEXHUS\venv\Lib\site-packages\django\db\models\base.py", line 1160, in _save_table
    results = self._do_insert(
        cls._base_manager, using, fields, returning_fields, raw
    )
  File "C:\Users\LOPEZHEJ\OneDrive - Luxottica Group S.p.A\Desktop\DJANGO NEXHUS\venv\Lib\site-packages\django\db\models\base.py", line 1201, in _do_insert
    return manager._insert(
           ~~~~~~~~~~~~~~~^
        [self],
        ^^^^^^^
    ...<3 lines>...
        raw=raw,
        ^^^^^^^^
    )
    ^
  File "C:\Users\LOPEZHEJ\OneDrive - Luxottica Group S.p.A\Desktop\DJANGO NEXHUS\venv\Lib\site-packages\django\db\models\manager.py", line 87, in manager_method
    return getattr(self.get_queryset(), name)(*args, **kwargs)
           ~~~~~~~~~~~~~~~~~~~~~~~~~~~~~~~~~~^^^^^^^^^^^^^^^^^
  File "C:\Users\LOPEZHEJ\OneDrive - Luxottica Group S.p.A\Desktop\DJANGO NEXHUS\venv\Lib\site-packages\django\db\models\query.py", line 1847, in _insert
    return query.get_compiler(using=using).execute_sql(returning_fields)
           ~~~~~~~~~~~~~~~~~~~~~~~~~~~~~~~~~~~~~~~~~~~^^^^^^^^^^^^^^^^^^
  File "C:\Users\LOPEZHEJ\OneDrive - Luxottica Group S.p.A\Desktop\DJANGO NEXHUS\venv\Lib\site-packages\django\db\models\sql\compiler.py", line 1836, in execute_sql
    cursor.execute(sql, params)
    ~~~~~~~~~~~~~~^^^^^^^^^^^^^
  File "C:\Users\LOPEZHEJ\OneDrive - Luxottica Group S.p.A\Desktop\DJANGO NEXHUS\venv\Lib\site-packages\django\db\backends\utils.py", line 122, in execute
    return super().execute(sql, params)
           ~~~~~~~~~~~~~~~^^^^^^^^^^^^^
  File "C:\Users\LOPEZHEJ\OneDrive - Luxottica Group S.p.A\Desktop\DJANGO NEXHUS\venv\Lib\site-packages\django\db\backends\utils.py", line 79, in execute
    return self._execute_with_wrappers(
           ~~~~~~~~~~~~~~~~~~~~~~~~~~~^
        sql, params, many=False, executor=self._execute
        ^^^^^^^^^^^^^^^^^^^^^^^^^^^^^^^^^^^^^^^^^^^^^^^
    )
    ^
  File "C:\Users\LOPEZHEJ\OneDrive - Luxottica Group S.p.A\Desktop\DJANGO NEXHUS\venv\Lib\site-packages\django\db\backends\utils.py", line 92, in _execute_with_wrappers
    return executor(sql, params, many, context)
  File "C:\Users\LOPEZHEJ\OneDrive - Luxottica Group S.p.A\Desktop\DJANGO NEXHUS\venv\Lib\site-packages\django\db\backends\utils.py", line 100, in _execute
    with self.db.wrap_database_errors:
         ^^^^^^^^^^^^^^^^^^^^^^^^^^^^
  File "C:\Users\LOPEZHEJ\OneDrive - Luxottica Group S.p.A\Desktop\DJANGO NEXHUS\venv\Lib\site-packages\django\db\utils.py", line 91, in __exit__
    raise dj_exc_value.with_traceback(traceback) from exc_value
  File "C:\Users\LOPEZHEJ\OneDrive - Luxottica Group S.p.A\Desktop\DJANGO NEXHUS\venv\Lib\site-packages\django\db\backends\utils.py", line 105, in _execute
    return self.cursor.execute(sql, params)
           ~~~~~~~~~~~~~~~~~~~^^^^^^^^^^^^^
  File "C:\Users\LOPEZHEJ\OneDrive - Luxottica Group S.p.A\Desktop\DJANGO NEXHUS\venv\Lib\site-packages\django\db\backends\sqlite3\base.py", line 354, in execute
    return super().execute(query, params)
           ~~~~~~~~~~~~~~~^^^^^^^^^^^^^^^
django.db.utils.IntegrityError: NOT NULL constraint failed: queue_app_huitem.error_msg
08:56:45 [ERROR] django.request - Internal Server Error: /scan/
Traceback (most recent call last):
  File "C:\Users\LOPEZHEJ\OneDrive - Luxottica Group S.p.A\Desktop\DJANGO NEXHUS\venv\Lib\site-packages\django\db\backends\utils.py", line 105, in _execute
    return self.cursor.execute(sql, params)
           ~~~~~~~~~~~~~~~~~~~^^^^^^^^^^^^^
  File "C:\Users\LOPEZHEJ\OneDrive - Luxottica Group S.p.A\Desktop\DJANGO NEXHUS\venv\Lib\site-packages\django\db\backends\sqlite3\base.py", line 354, in execute
    return super().execute(query, params)
           ~~~~~~~~~~~~~~~^^^^^^^^^^^^^^^
sqlite3.IntegrityError: NOT NULL constraint failed: queue_app_huitem.error_msg

The above exception was the direct cause of the following exception:

Traceback (most recent call last):
  File "C:\Users\LOPEZHEJ\OneDrive - Luxottica Group S.p.A\Desktop\DJANGO NEXHUS\venv\Lib\site-packages\asgiref\sync.py", line 557, in thread_handler
    raise exc_info[1]
  File "C:\Users\LOPEZHEJ\OneDrive - Luxottica Group S.p.A\Desktop\DJANGO NEXHUS\venv\Lib\site-packages\django\core\handlers\exception.py", line 42, in inner
    response = await get_response(request)
               ^^^^^^^^^^^^^^^^^^^^^^^^^^^
  File "C:\Users\LOPEZHEJ\OneDrive - Luxottica Group S.p.A\Desktop\DJANGO NEXHUS\venv\Lib\site-packages\asgiref\sync.py", line 557, in thread_handler
    raise exc_info[1]
  File "C:\Users\LOPEZHEJ\OneDrive - Luxottica Group S.p.A\Desktop\DJANGO NEXHUS\venv\Lib\site-packages\django\core\handlers\base.py", line 253, in _get_response_async
    response = await wrapped_callback(
               ^^^^^^^^^^^^^^^^^^^^^^^
        request, *callback_args, **callback_kwargs
        ^^^^^^^^^^^^^^^^^^^^^^^^^^^^^^^^^^^^^^^^^^
    )
    ^
  File "C:\Users\LOPEZHEJ\OneDrive - Luxottica Group S.p.A\Desktop\DJANGO NEXHUS\venv\Lib\site-packages\asgiref\sync.py", line 506, in __call__
    ret = await asyncio.shield(exec_coro)
          ^^^^^^^^^^^^^^^^^^^^^^^^^^^^^^^
  File "C:\Users\LOPEZHEJ\AppData\Local\Programs\Python\Python313\Lib\concurrent\futures\thread.py", line 59, in run
    result = self.fn(*self.args, **self.kwargs)
  File "C:\Users\LOPEZHEJ\OneDrive - Luxottica Group S.p.A\Desktop\DJANGO NEXHUS\venv\Lib\site-packages\asgiref\sync.py", line 561, in thread_handler
    return func(*args, **kwargs)
  File "C:\Users\LOPEZHEJ\OneDrive - Luxottica Group S.p.A\Desktop\DJANGO NEXHUS\venv\Lib\site-packages\django\views\decorators\http.py", line 64, in inner
    return func(request, *args, **kwargs)
  File "C:\Users\LOPEZHEJ\OneDrive - Luxottica Group S.p.A\Desktop\DJANGO NEXHUS\queue_app\views.py", line 122, in scan_hu
    item    = HUItem.objects.create(
        hu_code     = raw,
    ...<2 lines>...
        status      = HUItem.STATUS_PENDING,
    )
  File "C:\Users\LOPEZHEJ\OneDrive - Luxottica Group S.p.A\Desktop\DJANGO NEXHUS\venv\Lib\site-packages\django\db\models\manager.py", line 87, in manager_method
    return getattr(self.get_queryset(), name)(*args, **kwargs)
           ~~~~~~~~~~~~~~~~~~~~~~~~~~~~~~~~~~^^^^^^^^^^^^^^^^^
  File "C:\Users\LOPEZHEJ\OneDrive - Luxottica Group S.p.A\Desktop\DJANGO NEXHUS\venv\Lib\site-packages\django\db\models\query.py", line 679, in create
    obj.save(force_insert=True, using=self.db)
    ~~~~~~~~^^^^^^^^^^^^^^^^^^^^^^^^^^^^^^^^^^
  File "C:\Users\LOPEZHEJ\OneDrive - Luxottica Group S.p.A\Desktop\DJANGO NEXHUS\venv\Lib\site-packages\django\db\models\base.py", line 891, in save
    self.save_base(
    ~~~~~~~~~~~~~~^
        using=using,
        ^^^^^^^^^^^^
    ...<2 lines>...
        update_fields=update_fields,
        ^^^^^^^^^^^^^^^^^^^^^^^^^^^^
    )
    ^
  File "C:\Users\LOPEZHEJ\OneDrive - Luxottica Group S.p.A\Desktop\DJANGO NEXHUS\venv\Lib\site-packages\django\db\models\base.py", line 997, in save_base
    updated = self._save_table(
        raw,
    ...<4 lines>...
        update_fields,
    )
  File "C:\Users\LOPEZHEJ\OneDrive - Luxottica Group S.p.A\Desktop\DJANGO NEXHUS\venv\Lib\site-packages\django\db\models\base.py", line 1160, in _save_table
    results = self._do_insert(
        cls._base_manager, using, fields, returning_fields, raw
    )
  File "C:\Users\LOPEZHEJ\OneDrive - Luxottica Group S.p.A\Desktop\DJANGO NEXHUS\venv\Lib\site-packages\django\db\models\base.py", line 1201, in _do_insert
    return manager._insert(
           ~~~~~~~~~~~~~~~^
        [self],
        ^^^^^^^
    ...<3 lines>...
        raw=raw,
        ^^^^^^^^
    )
    ^
  File "C:\Users\LOPEZHEJ\OneDrive - Luxottica Group S.p.A\Desktop\DJANGO NEXHUS\venv\Lib\site-packages\django\db\models\manager.py", line 87, in manager_method
    return getattr(self.get_queryset(), name)(*args, **kwargs)
           ~~~~~~~~~~~~~~~~~~~~~~~~~~~~~~~~~~^^^^^^^^^^^^^^^^^
  File "C:\Users\LOPEZHEJ\OneDrive - Luxottica Group S.p.A\Desktop\DJANGO NEXHUS\venv\Lib\site-packages\django\db\models\query.py", line 1847, in _insert
    return query.get_compiler(using=using).execute_sql(returning_fields)
           ~~~~~~~~~~~~~~~~~~~~~~~~~~~~~~~~~~~~~~~~~~~^^^^^^^^^^^^^^^^^^
  File "C:\Users\LOPEZHEJ\OneDrive - Luxottica Group S.p.A\Desktop\DJANGO NEXHUS\venv\Lib\site-packages\django\db\models\sql\compiler.py", line 1836, in execute_sql
    cursor.execute(sql, params)
    ~~~~~~~~~~~~~~^^^^^^^^^^^^^
  File "C:\Users\LOPEZHEJ\OneDrive - Luxottica Group S.p.A\Desktop\DJANGO NEXHUS\venv\Lib\site-packages\django\db\backends\utils.py", line 122, in execute
    return super().execute(sql, params)
           ~~~~~~~~~~~~~~~^^^^^^^^^^^^^
  File "C:\Users\LOPEZHEJ\OneDrive - Luxottica Group S.p.A\Desktop\DJANGO NEXHUS\venv\Lib\site-packages\django\db\backends\utils.py", line 79, in execute
    return self._execute_with_wrappers(
           ~~~~~~~~~~~~~~~~~~~~~~~~~~~^
        sql, params, many=False, executor=self._execute
        ^^^^^^^^^^^^^^^^^^^^^^^^^^^^^^^^^^^^^^^^^^^^^^^
    )
    ^
  File "C:\Users\LOPEZHEJ\OneDrive - Luxottica Group S.p.A\Desktop\DJANGO NEXHUS\venv\Lib\site-packages\django\db\backends\utils.py", line 92, in _execute_with_wrappers
    return executor(sql, params, many, context)
  File "C:\Users\LOPEZHEJ\OneDrive - Luxottica Group S.p.A\Desktop\DJANGO NEXHUS\venv\Lib\site-packages\django\db\backends\utils.py", line 100, in _execute
    with self.db.wrap_database_errors:
         ^^^^^^^^^^^^^^^^^^^^^^^^^^^^
  File "C:\Users\LOPEZHEJ\OneDrive - Luxottica Group S.p.A\Desktop\DJANGO NEXHUS\venv\Lib\site-packages\django\db\utils.py", line 91, in __exit__
    raise dj_exc_value.with_traceback(traceback) from exc_value
  File "C:\Users\LOPEZHEJ\OneDrive - Luxottica Group S.p.A\Desktop\DJANGO NEXHUS\venv\Lib\site-packages\django\db\backends\utils.py", line 105, in _execute
    return self.cursor.execute(sql, params)
           ~~~~~~~~~~~~~~~~~~~^^^^^^^^^^^^^
  File "C:\Users\LOPEZHEJ\OneDrive - Luxottica Group S.p.A\Desktop\DJANGO NEXHUS\venv\Lib\site-packages\django\db\backends\sqlite3\base.py", line 354, in execute
    return super().execute(query, params)
           ~~~~~~~~~~~~~~~^^^^^^^^^^^^^^^
django.db.utils.IntegrityError: NOT NULL constraint failed: queue_app_huitem.error_msg
08:56:52 [ERROR] django.request - Internal Server Error: /scan/
Traceback (most recent call last):
  File "C:\Users\LOPEZHEJ\OneDrive - Luxottica Group S.p.A\Desktop\DJANGO NEXHUS\venv\Lib\site-packages\django\db\backends\utils.py", line 105, in _execute
    return self.cursor.execute(sql, params)
           ~~~~~~~~~~~~~~~~~~~^^^^^^^^^^^^^
  File "C:\Users\LOPEZHEJ\OneDrive - Luxottica Group S.p.A\Desktop\DJANGO NEXHUS\venv\Lib\site-packages\django\db\backends\sqlite3\base.py", line 354, in execute
    return super().execute(query, params)
           ~~~~~~~~~~~~~~~^^^^^^^^^^^^^^^
sqlite3.IntegrityError: NOT NULL constraint failed: queue_app_huitem.error_msg

The above exception was the direct cause of the following exception:

Traceback (most recent call last):
  File "C:\Users\LOPEZHEJ\OneDrive - Luxottica Group S.p.A\Desktop\DJANGO NEXHUS\venv\Lib\site-packages\asgiref\sync.py", line 557, in thread_handler
    raise exc_info[1]
  File "C:\Users\LOPEZHEJ\OneDrive - Luxottica Group S.p.A\Desktop\DJANGO NEXHUS\venv\Lib\site-packages\django\core\handlers\exception.py", line 42, in inner
    response = await get_response(request)
               ^^^^^^^^^^^^^^^^^^^^^^^^^^^
  File "C:\Users\LOPEZHEJ\OneDrive - Luxottica Group S.p.A\Desktop\DJANGO NEXHUS\venv\Lib\site-packages\asgiref\sync.py", line 557, in thread_handler
    raise exc_info[1]
  File "C:\Users\LOPEZHEJ\OneDrive - Luxottica Group S.p.A\Desktop\DJANGO NEXHUS\venv\Lib\site-packages\django\core\handlers\base.py", line 253, in _get_response_async
    response = await wrapped_callback(
               ^^^^^^^^^^^^^^^^^^^^^^^
        request, *callback_args, **callback_kwargs
        ^^^^^^^^^^^^^^^^^^^^^^^^^^^^^^^^^^^^^^^^^^
    )
    ^
  File "C:\Users\LOPEZHEJ\OneDrive - Luxottica Group S.p.A\Desktop\DJANGO NEXHUS\venv\Lib\site-packages\asgiref\sync.py", line 506, in __call__
    ret = await asyncio.shield(exec_coro)
          ^^^^^^^^^^^^^^^^^^^^^^^^^^^^^^^
  File "C:\Users\LOPEZHEJ\AppData\Local\Programs\Python\Python313\Lib\concurrent\futures\thread.py", line 59, in run
    result = self.fn(*self.args, **self.kwargs)
  File "C:\Users\LOPEZHEJ\OneDrive - Luxottica Group S.p.A\Desktop\DJANGO NEXHUS\venv\Lib\site-packages\asgiref\sync.py", line 561, in thread_handler
    return func(*args, **kwargs)
  File "C:\Users\LOPEZHEJ\OneDrive - Luxottica Group S.p.A\Desktop\DJANGO NEXHUS\venv\Lib\site-packages\django\views\decorators\http.py", line 64, in inner
    return func(request, *args, **kwargs)
  File "C:\Users\LOPEZHEJ\OneDrive - Luxottica Group S.p.A\Desktop\DJANGO NEXHUS\queue_app\views.py", line 122, in scan_hu
    item    = HUItem.objects.create(
        hu_code     = raw,
    ...<2 lines>...
        status      = HUItem.STATUS_PENDING,
    )
  File "C:\Users\LOPEZHEJ\OneDrive - Luxottica Group S.p.A\Desktop\DJANGO NEXHUS\venv\Lib\site-packages\django\db\models\manager.py", line 87, in manager_method
    return getattr(self.get_queryset(), name)(*args, **kwargs)
           ~~~~~~~~~~~~~~~~~~~~~~~~~~~~~~~~~~^^^^^^^^^^^^^^^^^
  File "C:\Users\LOPEZHEJ\OneDrive - Luxottica Group S.p.A\Desktop\DJANGO NEXHUS\venv\Lib\site-packages\django\db\models\query.py", line 679, in create
    obj.save(force_insert=True, using=self.db)
    ~~~~~~~~^^^^^^^^^^^^^^^^^^^^^^^^^^^^^^^^^^
  File "C:\Users\LOPEZHEJ\OneDrive - Luxottica Group S.p.A\Desktop\DJANGO NEXHUS\venv\Lib\site-packages\django\db\models\base.py", line 891, in save
    self.save_base(
    ~~~~~~~~~~~~~~^
        using=using,
        ^^^^^^^^^^^^
    ...<2 lines>...
        update_fields=update_fields,
        ^^^^^^^^^^^^^^^^^^^^^^^^^^^^
    )
    ^
  File "C:\Users\LOPEZHEJ\OneDrive - Luxottica Group S.p.A\Desktop\DJANGO NEXHUS\venv\Lib\site-packages\django\db\models\base.py", line 997, in save_base
    updated = self._save_table(
        raw,
    ...<4 lines>...
        update_fields,
    )
  File "C:\Users\LOPEZHEJ\OneDrive - Luxottica Group S.p.A\Desktop\DJANGO NEXHUS\venv\Lib\site-packages\django\db\models\base.py", line 1160, in _save_table
    results = self._do_insert(
        cls._base_manager, using, fields, returning_fields, raw
    )
  File "C:\Users\LOPEZHEJ\OneDrive - Luxottica Group S.p.A\Desktop\DJANGO NEXHUS\venv\Lib\site-packages\django\db\models\base.py", line 1201, in _do_insert
    return manager._insert(
           ~~~~~~~~~~~~~~~^
        [self],
        ^^^^^^^
    ...<3 lines>...
        raw=raw,
        ^^^^^^^^
    )
    ^
  File "C:\Users\LOPEZHEJ\OneDrive - Luxottica Group S.p.A\Desktop\DJANGO NEXHUS\venv\Lib\site-packages\django\db\models\manager.py", line 87, in manager_method
    return getattr(self.get_queryset(), name)(*args, **kwargs)
           ~~~~~~~~~~~~~~~~~~~~~~~~~~~~~~~~~~^^^^^^^^^^^^^^^^^
  File "C:\Users\LOPEZHEJ\OneDrive - Luxottica Group S.p.A\Desktop\DJANGO NEXHUS\venv\Lib\site-packages\django\db\models\query.py", line 1847, in _insert
    return query.get_compiler(using=using).execute_sql(returning_fields)
           ~~~~~~~~~~~~~~~~~~~~~~~~~~~~~~~~~~~~~~~~~~~^^^^^^^^^^^^^^^^^^
  File "C:\Users\LOPEZHEJ\OneDrive - Luxottica Group S.p.A\Desktop\DJANGO NEXHUS\venv\Lib\site-packages\django\db\models\sql\compiler.py", line 1836, in execute_sql
    cursor.execute(sql, params)
    ~~~~~~~~~~~~~~^^^^^^^^^^^^^
  File "C:\Users\LOPEZHEJ\OneDrive - Luxottica Group S.p.A\Desktop\DJANGO NEXHUS\venv\Lib\site-packages\django\db\backends\utils.py", line 122, in execute
    return super().execute(sql, params)
           ~~~~~~~~~~~~~~~^^^^^^^^^^^^^
  File "C:\Users\LOPEZHEJ\OneDrive - Luxottica Group S.p.A\Desktop\DJANGO NEXHUS\venv\Lib\site-packages\django\db\backends\utils.py", line 79, in execute
    return self._execute_with_wrappers(
           ~~~~~~~~~~~~~~~~~~~~~~~~~~~^
        sql, params, many=False, executor=self._execute
        ^^^^^^^^^^^^^^^^^^^^^^^^^^^^^^^^^^^^^^^^^^^^^^^
    )
    ^
  File "C:\Users\LOPEZHEJ\OneDrive - Luxottica Group S.p.A\Desktop\DJANGO NEXHUS\venv\Lib\site-packages\django\db\backends\utils.py", line 92, in _execute_with_wrappers
    return executor(sql, params, many, context)
  File "C:\Users\LOPEZHEJ\OneDrive - Luxottica Group S.p.A\Desktop\DJANGO NEXHUS\venv\Lib\site-packages\django\db\backends\utils.py", line 100, in _execute
    with self.db.wrap_database_errors:
         ^^^^^^^^^^^^^^^^^^^^^^^^^^^^
  File "C:\Users\LOPEZHEJ\OneDrive - Luxottica Group S.p.A\Desktop\DJANGO NEXHUS\venv\Lib\site-packages\django\db\utils.py", line 91, in __exit__
    raise dj_exc_value.with_traceback(traceback) from exc_value
  File "C:\Users\LOPEZHEJ\OneDrive - Luxottica Group S.p.A\Desktop\DJANGO NEXHUS\venv\Lib\site-packages\django\db\backends\utils.py", line 105, in _execute
    return self.cursor.execute(sql, params)
           ~~~~~~~~~~~~~~~~~~~^^^^^^^^^^^^^
  File "C:\Users\LOPEZHEJ\OneDrive - Luxottica Group S.p.A\Desktop\DJANGO NEXHUS\venv\Lib\site-packages\django\db\backends\sqlite3\base.py", line 354, in execute
    return super().execute(query, params)
           ~~~~~~~~~~~~~~~^^^^^^^^^^^^^^^
django.db.utils.IntegrityError: NOT NULL constraint failed: queue_app_huitem.error_msg
08:56:52 [ERROR] django.request - Internal Server Error: /scan/
Traceback (most recent call last):
  File "C:\Users\LOPEZHEJ\OneDrive - Luxottica Group S.p.A\Desktop\DJANGO NEXHUS\venv\Lib\site-packages\django\db\backends\utils.py", line 105, in _execute
    return self.cursor.execute(sql, params)
           ~~~~~~~~~~~~~~~~~~~^^^^^^^^^^^^^
  File "C:\Users\LOPEZHEJ\OneDrive - Luxottica Group S.p.A\Desktop\DJANGO NEXHUS\venv\Lib\site-packages\django\db\backends\sqlite3\base.py", line 354, in execute
    return super().execute(query, params)
           ~~~~~~~~~~~~~~~^^^^^^^^^^^^^^^
sqlite3.IntegrityError: NOT NULL constraint failed: queue_app_huitem.error_msg

The above exception was the direct cause of the following exception:

Traceback (most recent call last):
  File "C:\Users\LOPEZHEJ\OneDrive - Luxottica Group S.p.A\Desktop\DJANGO NEXHUS\venv\Lib\site-packages\asgiref\sync.py", line 557, in thread_handler
    raise exc_info[1]
  File "C:\Users\LOPEZHEJ\OneDrive - Luxottica Group S.p.A\Desktop\DJANGO NEXHUS\venv\Lib\site-packages\django\core\handlers\exception.py", line 42, in inner
    response = await get_response(request)
               ^^^^^^^^^^^^^^^^^^^^^^^^^^^
  File "C:\Users\LOPEZHEJ\OneDrive - Luxottica Group S.p.A\Desktop\DJANGO NEXHUS\venv\Lib\site-packages\asgiref\sync.py", line 557, in thread_handler
    raise exc_info[1]
  File "C:\Users\LOPEZHEJ\OneDrive - Luxottica Group S.p.A\Desktop\DJANGO NEXHUS\venv\Lib\site-packages\django\core\handlers\base.py", line 253, in _get_response_async
    response = await wrapped_callback(
               ^^^^^^^^^^^^^^^^^^^^^^^
        request, *callback_args, **callback_kwargs
        ^^^^^^^^^^^^^^^^^^^^^^^^^^^^^^^^^^^^^^^^^^
    )
    ^
  File "C:\Users\LOPEZHEJ\OneDrive - Luxottica Group S.p.A\Desktop\DJANGO NEXHUS\venv\Lib\site-packages\asgiref\sync.py", line 506, in __call__
    ret = await asyncio.shield(exec_coro)
          ^^^^^^^^^^^^^^^^^^^^^^^^^^^^^^^
  File "C:\Users\LOPEZHEJ\AppData\Local\Programs\Python\Python313\Lib\concurrent\futures\thread.py", line 59, in run
    result = self.fn(*self.args, **self.kwargs)
  File "C:\Users\LOPEZHEJ\OneDrive - Luxottica Group S.p.A\Desktop\DJANGO NEXHUS\venv\Lib\site-packages\asgiref\sync.py", line 561, in thread_handler
    return func(*args, **kwargs)
  File "C:\Users\LOPEZHEJ\OneDrive - Luxottica Group S.p.A\Desktop\DJANGO NEXHUS\venv\Lib\site-packages\django\views\decorators\http.py", line 64, in inner
    return func(request, *args, **kwargs)
  File "C:\Users\LOPEZHEJ\OneDrive - Luxottica Group S.p.A\Desktop\DJANGO NEXHUS\queue_app\views.py", line 122, in scan_hu
    item    = HUItem.objects.create(
        hu_code     = raw,
    ...<2 lines>...
        status      = HUItem.STATUS_PENDING,
    )
  File "C:\Users\LOPEZHEJ\OneDrive - Luxottica Group S.p.A\Desktop\DJANGO NEXHUS\venv\Lib\site-packages\django\db\models\manager.py", line 87, in manager_method
    return getattr(self.get_queryset(), name)(*args, **kwargs)
           ~~~~~~~~~~~~~~~~~~~~~~~~~~~~~~~~~~^^^^^^^^^^^^^^^^^
  File "C:\Users\LOPEZHEJ\OneDrive - Luxottica Group S.p.A\Desktop\DJANGO NEXHUS\venv\Lib\site-packages\django\db\models\query.py", line 679, in create
    obj.save(force_insert=True, using=self.db)
    ~~~~~~~~^^^^^^^^^^^^^^^^^^^^^^^^^^^^^^^^^^
  File "C:\Users\LOPEZHEJ\OneDrive - Luxottica Group S.p.A\Desktop\DJANGO NEXHUS\venv\Lib\site-packages\django\db\models\base.py", line 891, in save
    self.save_base(
    ~~~~~~~~~~~~~~^
        using=using,
        ^^^^^^^^^^^^
    ...<2 lines>...
        update_fields=update_fields,
        ^^^^^^^^^^^^^^^^^^^^^^^^^^^^
    )
    ^
  File "C:\Users\LOPEZHEJ\OneDrive - Luxottica Group S.p.A\Desktop\DJANGO NEXHUS\venv\Lib\site-packages\django\db\models\base.py", line 997, in save_base
    updated = self._save_table(
        raw,
    ...<4 lines>...
        update_fields,
    )
  File "C:\Users\LOPEZHEJ\OneDrive - Luxottica Group S.p.A\Desktop\DJANGO NEXHUS\venv\Lib\site-packages\django\db\models\base.py", line 1160, in _save_table
    results = self._do_insert(
        cls._base_manager, using, fields, returning_fields, raw
    )
  File "C:\Users\LOPEZHEJ\OneDrive - Luxottica Group S.p.A\Desktop\DJANGO NEXHUS\venv\Lib\site-packages\django\db\models\base.py", line 1201, in _do_insert
    return manager._insert(
           ~~~~~~~~~~~~~~~^
        [self],
        ^^^^^^^
    ...<3 lines>...
        raw=raw,
        ^^^^^^^^
    )
    ^
  File "C:\Users\LOPEZHEJ\OneDrive - Luxottica Group S.p.A\Desktop\DJANGO NEXHUS\venv\Lib\site-packages\django\db\models\manager.py", line 87, in manager_method
    return getattr(self.get_queryset(), name)(*args, **kwargs)
           ~~~~~~~~~~~~~~~~~~~~~~~~~~~~~~~~~~^^^^^^^^^^^^^^^^^
  File "C:\Users\LOPEZHEJ\OneDrive - Luxottica Group S.p.A\Desktop\DJANGO NEXHUS\venv\Lib\site-packages\django\db\models\query.py", line 1847, in _insert
    return query.get_compiler(using=using).execute_sql(returning_fields)
           ~~~~~~~~~~~~~~~~~~~~~~~~~~~~~~~~~~~~~~~~~~~^^^^^^^^^^^^^^^^^^
  File "C:\Users\LOPEZHEJ\OneDrive - Luxottica Group S.p.A\Desktop\DJANGO NEXHUS\venv\Lib\site-packages\django\db\models\sql\compiler.py", line 1836, in execute_sql
    cursor.execute(sql, params)
    ~~~~~~~~~~~~~~^^^^^^^^^^^^^
  File "C:\Users\LOPEZHEJ\OneDrive - Luxottica Group S.p.A\Desktop\DJANGO NEXHUS\venv\Lib\site-packages\django\db\backends\utils.py", line 122, in execute
    return super().execute(sql, params)
           ~~~~~~~~~~~~~~~^^^^^^^^^^^^^
  File "C:\Users\LOPEZHEJ\OneDrive - Luxottica Group S.p.A\Desktop\DJANGO NEXHUS\venv\Lib\site-packages\django\db\backends\utils.py", line 79, in execute
    return self._execute_with_wrappers(
           ~~~~~~~~~~~~~~~~~~~~~~~~~~~^
        sql, params, many=False, executor=self._execute
        ^^^^^^^^^^^^^^^^^^^^^^^^^^^^^^^^^^^^^^^^^^^^^^^
    )
    ^
  File "C:\Users\LOPEZHEJ\OneDrive - Luxottica Group S.p.A\Desktop\DJANGO NEXHUS\venv\Lib\site-packages\django\db\backends\utils.py", line 92, in _execute_with_wrappers
    return executor(sql, params, many, context)
  File "C:\Users\LOPEZHEJ\OneDrive - Luxottica Group S.p.A\Desktop\DJANGO NEXHUS\venv\Lib\site-packages\django\db\backends\utils.py", line 100, in _execute
    with self.db.wrap_database_errors:
         ^^^^^^^^^^^^^^^^^^^^^^^^^^^^
  File "C:\Users\LOPEZHEJ\OneDrive - Luxottica Group S.p.A\Desktop\DJANGO NEXHUS\venv\Lib\site-packages\django\db\utils.py", line 91, in __exit__
    raise dj_exc_value.with_traceback(traceback) from exc_value
  File "C:\Users\LOPEZHEJ\OneDrive - Luxottica Group S.p.A\Desktop\DJANGO NEXHUS\venv\Lib\site-packages\django\db\backends\utils.py", line 105, in _execute
    return self.cursor.execute(sql, params)
           ~~~~~~~~~~~~~~~~~~~^^^^^^^^^^^^^
  File "C:\Users\LOPEZHEJ\OneDrive - Luxottica Group S.p.A\Desktop\DJANGO NEXHUS\venv\Lib\site-packages\django\db\backends\sqlite3\base.py", line 354, in execute
    return super().execute(query, params)
           ~~~~~~~~~~~~~~~^^^^^^^^^^^^^^^
django.db.utils.IntegrityError: NOT NULL constraint failed: queue_app_huitem.error_msg
08:56:53 [ERROR] django.request - Internal Server Error: /scan/
Traceback (most recent call last):
  File "C:\Users\LOPEZHEJ\OneDrive - Luxottica Group S.p.A\Desktop\DJANGO NEXHUS\venv\Lib\site-packages\django\db\backends\utils.py", line 105, in _execute
    return self.cursor.execute(sql, params)
           ~~~~~~~~~~~~~~~~~~~^^^^^^^^^^^^^
  File "C:\Users\LOPEZHEJ\OneDrive - Luxottica Group S.p.A\Desktop\DJANGO NEXHUS\venv\Lib\site-packages\django\db\backends\sqlite3\base.py", line 354, in execute
    return super().execute(query, params)
           ~~~~~~~~~~~~~~~^^^^^^^^^^^^^^^
sqlite3.IntegrityError: NOT NULL constraint failed: queue_app_huitem.error_msg

The above exception was the direct cause of the following exception:

Traceback (most recent call last):
  File "C:\Users\LOPEZHEJ\OneDrive - Luxottica Group S.p.A\Desktop\DJANGO NEXHUS\venv\Lib\site-packages\asgiref\sync.py", line 557, in thread_handler
    raise exc_info[1]
  File "C:\Users\LOPEZHEJ\OneDrive - Luxottica Group S.p.A\Desktop\DJANGO NEXHUS\venv\Lib\site-packages\django\core\handlers\exception.py", line 42, in inner
    response = await get_response(request)
               ^^^^^^^^^^^^^^^^^^^^^^^^^^^
  File "C:\Users\LOPEZHEJ\OneDrive - Luxottica Group S.p.A\Desktop\DJANGO NEXHUS\venv\Lib\site-packages\asgiref\sync.py", line 557, in thread_handler
    raise exc_info[1]
  File "C:\Users\LOPEZHEJ\OneDrive - Luxottica Group S.p.A\Desktop\DJANGO NEXHUS\venv\Lib\site-packages\django\core\handlers\base.py", line 253, in _get_response_async
    response = await wrapped_callback(
               ^^^^^^^^^^^^^^^^^^^^^^^
        request, *callback_args, **callback_kwargs
        ^^^^^^^^^^^^^^^^^^^^^^^^^^^^^^^^^^^^^^^^^^
    )
    ^
  File "C:\Users\LOPEZHEJ\OneDrive - Luxottica Group S.p.A\Desktop\DJANGO NEXHUS\venv\Lib\site-packages\asgiref\sync.py", line 506, in __call__
    ret = await asyncio.shield(exec_coro)
          ^^^^^^^^^^^^^^^^^^^^^^^^^^^^^^^
  File "C:\Users\LOPEZHEJ\AppData\Local\Programs\Python\Python313\Lib\concurrent\futures\thread.py", line 59, in run
    result = self.fn(*self.args, **self.kwargs)
  File "C:\Users\LOPEZHEJ\OneDrive - Luxottica Group S.p.A\Desktop\DJANGO NEXHUS\venv\Lib\site-packages\asgiref\sync.py", line 561, in thread_handler
    return func(*args, **kwargs)
  File "C:\Users\LOPEZHEJ\OneDrive - Luxottica Group S.p.A\Desktop\DJANGO NEXHUS\venv\Lib\site-packages\django\views\decorators\http.py", line 64, in inner
    return func(request, *args, **kwargs)
  File "C:\Users\LOPEZHEJ\OneDrive - Luxottica Group S.p.A\Desktop\DJANGO NEXHUS\queue_app\views.py", line 122, in scan_hu
    item    = HUItem.objects.create(
        hu_code     = raw,
    ...<2 lines>...
        status      = HUItem.STATUS_PENDING,
    )
  File "C:\Users\LOPEZHEJ\OneDrive - Luxottica Group S.p.A\Desktop\DJANGO NEXHUS\venv\Lib\site-packages\django\db\models\manager.py", line 87, in manager_method
    return getattr(self.get_queryset(), name)(*args, **kwargs)
           ~~~~~~~~~~~~~~~~~~~~~~~~~~~~~~~~~~^^^^^^^^^^^^^^^^^
  File "C:\Users\LOPEZHEJ\OneDrive - Luxottica Group S.p.A\Desktop\DJANGO NEXHUS\venv\Lib\site-packages\django\db\models\query.py", line 679, in create
    obj.save(force_insert=True, using=self.db)
    ~~~~~~~~^^^^^^^^^^^^^^^^^^^^^^^^^^^^^^^^^^
  File "C:\Users\LOPEZHEJ\OneDrive - Luxottica Group S.p.A\Desktop\DJANGO NEXHUS\venv\Lib\site-packages\django\db\models\base.py", line 891, in save
    self.save_base(
    ~~~~~~~~~~~~~~^
        using=using,
        ^^^^^^^^^^^^
    ...<2 lines>...
        update_fields=update_fields,
        ^^^^^^^^^^^^^^^^^^^^^^^^^^^^
    )
    ^
  File "C:\Users\LOPEZHEJ\OneDrive - Luxottica Group S.p.A\Desktop\DJANGO NEXHUS\venv\Lib\site-packages\django\db\models\base.py", line 997, in save_base
    updated = self._save_table(
        raw,
    ...<4 lines>...
        update_fields,
    )
  File "C:\Users\LOPEZHEJ\OneDrive - Luxottica Group S.p.A\Desktop\DJANGO NEXHUS\venv\Lib\site-packages\django\db\models\base.py", line 1160, in _save_table
    results = self._do_insert(
        cls._base_manager, using, fields, returning_fields, raw
    )
  File "C:\Users\LOPEZHEJ\OneDrive - Luxottica Group S.p.A\Desktop\DJANGO NEXHUS\venv\Lib\site-packages\django\db\models\base.py", line 1201, in _do_insert
    return manager._insert(
           ~~~~~~~~~~~~~~~^
        [self],
        ^^^^^^^
    ...<3 lines>...
        raw=raw,
        ^^^^^^^^
    )
    ^
  File "C:\Users\LOPEZHEJ\OneDrive - Luxottica Group S.p.A\Desktop\DJANGO NEXHUS\venv\Lib\site-packages\django\db\models\manager.py", line 87, in manager_method
    return getattr(self.get_queryset(), name)(*args, **kwargs)
           ~~~~~~~~~~~~~~~~~~~~~~~~~~~~~~~~~~^^^^^^^^^^^^^^^^^
  File "C:\Users\LOPEZHEJ\OneDrive - Luxottica Group S.p.A\Desktop\DJANGO NEXHUS\venv\Lib\site-packages\django\db\models\query.py", line 1847, in _insert
    return query.get_compiler(using=using).execute_sql(returning_fields)
           ~~~~~~~~~~~~~~~~~~~~~~~~~~~~~~~~~~~~~~~~~~~^^^^^^^^^^^^^^^^^^
  File "C:\Users\LOPEZHEJ\OneDrive - Luxottica Group S.p.A\Desktop\DJANGO NEXHUS\venv\Lib\site-packages\django\db\models\sql\compiler.py", line 1836, in execute_sql
    cursor.execute(sql, params)
    ~~~~~~~~~~~~~~^^^^^^^^^^^^^
  File "C:\Users\LOPEZHEJ\OneDrive - Luxottica Group S.p.A\Desktop\DJANGO NEXHUS\venv\Lib\site-packages\django\db\backends\utils.py", line 122, in execute
    return super().execute(sql, params)
           ~~~~~~~~~~~~~~~^^^^^^^^^^^^^
  File "C:\Users\LOPEZHEJ\OneDrive - Luxottica Group S.p.A\Desktop\DJANGO NEXHUS\venv\Lib\site-packages\django\db\backends\utils.py", line 79, in execute
    return self._execute_with_wrappers(
           ~~~~~~~~~~~~~~~~~~~~~~~~~~~^
        sql, params, many=False, executor=self._execute
        ^^^^^^^^^^^^^^^^^^^^^^^^^^^^^^^^^^^^^^^^^^^^^^^
    )
    ^
  File "C:\Users\LOPEZHEJ\OneDrive - Luxottica Group S.p.A\Desktop\DJANGO NEXHUS\venv\Lib\site-packages\django\db\backends\utils.py", line 92, in _execute_with_wrappers
    return executor(sql, params, many, context)
  File "C:\Users\LOPEZHEJ\OneDrive - Luxottica Group S.p.A\Desktop\DJANGO NEXHUS\venv\Lib\site-packages\django\db\backends\utils.py", line 100, in _execute
    with self.db.wrap_database_errors:
         ^^^^^^^^^^^^^^^^^^^^^^^^^^^^
  File "C:\Users\LOPEZHEJ\OneDrive - Luxottica Group S.p.A\Desktop\DJANGO NEXHUS\venv\Lib\site-packages\django\db\utils.py", line 91, in __exit__
    raise dj_exc_value.with_traceback(traceback) from exc_value
  File "C:\Users\LOPEZHEJ\OneDrive - Luxottica Group S.p.A\Desktop\DJANGO NEXHUS\venv\Lib\site-packages\django\db\backends\utils.py", line 105, in _execute
    return self.cursor.execute(sql, params)
           ~~~~~~~~~~~~~~~~~~~^^^^^^^^^^^^^
  File "C:\Users\LOPEZHEJ\OneDrive - Luxottica Group S.p.A\Desktop\DJANGO NEXHUS\venv\Lib\site-packages\django\db\backends\sqlite3\base.py", line 354, in execute
    return super().execute(query, params)
           ~~~~~~~~~~~~~~~^^^^^^^^^^^^^^^
django.db.utils.IntegrityError: NOT NULL constraint failed: queue_app_huitem.error_msg
08:56:53 [ERROR] django.request - Internal Server Error: /scan/
Traceback (most recent call last):
  File "C:\Users\LOPEZHEJ\OneDrive - Luxottica Group S.p.A\Desktop\DJANGO NEXHUS\venv\Lib\site-packages\django\db\backends\utils.py", line 105, in _execute
    return self.cursor.execute(sql, params)
           ~~~~~~~~~~~~~~~~~~~^^^^^^^^^^^^^
  File "C:\Users\LOPEZHEJ\OneDrive - Luxottica Group S.p.A\Desktop\DJANGO NEXHUS\venv\Lib\site-packages\django\db\backends\sqlite3\base.py", line 354, in execute
    return super().execute(query, params)
           ~~~~~~~~~~~~~~~^^^^^^^^^^^^^^^
sqlite3.IntegrityError: NOT NULL constraint failed: queue_app_huitem.error_msg

The above exception was the direct cause of the following exception:

Traceback (most recent call last):
  File "C:\Users\LOPEZHEJ\OneDrive - Luxottica Group S.p.A\Desktop\DJANGO NEXHUS\venv\Lib\site-packages\asgiref\sync.py", line 557, in thread_handler
    raise exc_info[1]
  File "C:\Users\LOPEZHEJ\OneDrive - Luxottica Group S.p.A\Desktop\DJANGO NEXHUS\venv\Lib\site-packages\django\core\handlers\exception.py", line 42, in inner
    response = await get_response(request)
               ^^^^^^^^^^^^^^^^^^^^^^^^^^^
  File "C:\Users\LOPEZHEJ\OneDrive - Luxottica Group S.p.A\Desktop\DJANGO NEXHUS\venv\Lib\site-packages\asgiref\sync.py", line 557, in thread_handler
    raise exc_info[1]
  File "C:\Users\LOPEZHEJ\OneDrive - Luxottica Group S.p.A\Desktop\DJANGO NEXHUS\venv\Lib\site-packages\django\core\handlers\base.py", line 253, in _get_response_async
    response = await wrapped_callback(
               ^^^^^^^^^^^^^^^^^^^^^^^
        request, *callback_args, **callback_kwargs
        ^^^^^^^^^^^^^^^^^^^^^^^^^^^^^^^^^^^^^^^^^^
    )
    ^
  File "C:\Users\LOPEZHEJ\OneDrive - Luxottica Group S.p.A\Desktop\DJANGO NEXHUS\venv\Lib\site-packages\asgiref\sync.py", line 506, in __call__
    ret = await asyncio.shield(exec_coro)
          ^^^^^^^^^^^^^^^^^^^^^^^^^^^^^^^
  File "C:\Users\LOPEZHEJ\AppData\Local\Programs\Python\Python313\Lib\concurrent\futures\thread.py", line 59, in run
    result = self.fn(*self.args, **self.kwargs)
  File "C:\Users\LOPEZHEJ\OneDrive - Luxottica Group S.p.A\Desktop\DJANGO NEXHUS\venv\Lib\site-packages\asgiref\sync.py", line 561, in thread_handler
    return func(*args, **kwargs)
  File "C:\Users\LOPEZHEJ\OneDrive - Luxottica Group S.p.A\Desktop\DJANGO NEXHUS\venv\Lib\site-packages\django\views\decorators\http.py", line 64, in inner
    return func(request, *args, **kwargs)
  File "C:\Users\LOPEZHEJ\OneDrive - Luxottica Group S.p.A\Desktop\DJANGO NEXHUS\queue_app\views.py", line 122, in scan_hu
    item    = HUItem.objects.create(
        hu_code     = raw,
    ...<2 lines>...
        status      = HUItem.STATUS_PENDING,
    )
  File "C:\Users\LOPEZHEJ\OneDrive - Luxottica Group S.p.A\Desktop\DJANGO NEXHUS\venv\Lib\site-packages\django\db\models\manager.py", line 87, in manager_method
    return getattr(self.get_queryset(), name)(*args, **kwargs)
           ~~~~~~~~~~~~~~~~~~~~~~~~~~~~~~~~~~^^^^^^^^^^^^^^^^^
  File "C:\Users\LOPEZHEJ\OneDrive - Luxottica Group S.p.A\Desktop\DJANGO NEXHUS\venv\Lib\site-packages\django\db\models\query.py", line 679, in create
    obj.save(force_insert=True, using=self.db)
    ~~~~~~~~^^^^^^^^^^^^^^^^^^^^^^^^^^^^^^^^^^
  File "C:\Users\LOPEZHEJ\OneDrive - Luxottica Group S.p.A\Desktop\DJANGO NEXHUS\venv\Lib\site-packages\django\db\models\base.py", line 891, in save
    self.save_base(
    ~~~~~~~~~~~~~~^
        using=using,
        ^^^^^^^^^^^^
    ...<2 lines>...
        update_fields=update_fields,
        ^^^^^^^^^^^^^^^^^^^^^^^^^^^^
    )
    ^
  File "C:\Users\LOPEZHEJ\OneDrive - Luxottica Group S.p.A\Desktop\DJANGO NEXHUS\venv\Lib\site-packages\django\db\models\base.py", line 997, in save_base
    updated = self._save_table(
        raw,
    ...<4 lines>...
        update_fields,
    )
  File "C:\Users\LOPEZHEJ\OneDrive - Luxottica Group S.p.A\Desktop\DJANGO NEXHUS\venv\Lib\site-packages\django\db\models\base.py", line 1160, in _save_table
    results = self._do_insert(
        cls._base_manager, using, fields, returning_fields, raw
    )
  File "C:\Users\LOPEZHEJ\OneDrive - Luxottica Group S.p.A\Desktop\DJANGO NEXHUS\venv\Lib\site-packages\django\db\models\base.py", line 1201, in _do_insert
    return manager._insert(
           ~~~~~~~~~~~~~~~^
        [self],
        ^^^^^^^
    ...<3 lines>...
        raw=raw,
        ^^^^^^^^
    )
    ^
  File "C:\Users\LOPEZHEJ\OneDrive - Luxottica Group S.p.A\Desktop\DJANGO NEXHUS\venv\Lib\site-packages\django\db\models\manager.py", line 87, in manager_method
    return getattr(self.get_queryset(), name)(*args, **kwargs)
           ~~~~~~~~~~~~~~~~~~~~~~~~~~~~~~~~~~^^^^^^^^^^^^^^^^^
  File "C:\Users\LOPEZHEJ\OneDrive - Luxottica Group S.p.A\Desktop\DJANGO NEXHUS\venv\Lib\site-packages\django\db\models\query.py", line 1847, in _insert
    return query.get_compiler(using=using).execute_sql(returning_fields)
           ~~~~~~~~~~~~~~~~~~~~~~~~~~~~~~~~~~~~~~~~~~~^^^^^^^^^^^^^^^^^^
  File "C:\Users\LOPEZHEJ\OneDrive - Luxottica Group S.p.A\Desktop\DJANGO NEXHUS\venv\Lib\site-packages\django\db\models\sql\compiler.py", line 1836, in execute_sql
    cursor.execute(sql, params)
    ~~~~~~~~~~~~~~^^^^^^^^^^^^^
  File "C:\Users\LOPEZHEJ\OneDrive - Luxottica Group S.p.A\Desktop\DJANGO NEXHUS\venv\Lib\site-packages\django\db\backends\utils.py", line 122, in execute
    return super().execute(sql, params)
           ~~~~~~~~~~~~~~~^^^^^^^^^^^^^
  File "C:\Users\LOPEZHEJ\OneDrive - Luxottica Group S.p.A\Desktop\DJANGO NEXHUS\venv\Lib\site-packages\django\db\backends\utils.py", line 79, in execute
    return self._execute_with_wrappers(
           ~~~~~~~~~~~~~~~~~~~~~~~~~~~^
        sql, params, many=False, executor=self._execute
        ^^^^^^^^^^^^^^^^^^^^^^^^^^^^^^^^^^^^^^^^^^^^^^^
    )
    ^
  File "C:\Users\LOPEZHEJ\OneDrive - Luxottica Group S.p.A\Desktop\DJANGO NEXHUS\venv\Lib\site-packages\django\db\backends\utils.py", line 92, in _execute_with_wrappers
    return executor(sql, params, many, context)
  File "C:\Users\LOPEZHEJ\OneDrive - Luxottica Group S.p.A\Desktop\DJANGO NEXHUS\venv\Lib\site-packages\django\db\backends\utils.py", line 100, in _execute
    with self.db.wrap_database_errors:
         ^^^^^^^^^^^^^^^^^^^^^^^^^^^^
  File "C:\Users\LOPEZHEJ\OneDrive - Luxottica Group S.p.A\Desktop\DJANGO NEXHUS\venv\Lib\site-packages\django\db\utils.py", line 91, in __exit__
    raise dj_exc_value.with_traceback(traceback) from exc_value
  File "C:\Users\LOPEZHEJ\OneDrive - Luxottica Group S.p.A\Desktop\DJANGO NEXHUS\venv\Lib\site-packages\django\db\backends\utils.py", line 105, in _execute
    return self.cursor.execute(sql, params)
           ~~~~~~~~~~~~~~~~~~~^^^^^^^^^^^^^
  File "C:\Users\LOPEZHEJ\OneDrive - Luxottica Group S.p.A\Desktop\DJANGO NEXHUS\venv\Lib\site-packages\django\db\backends\sqlite3\base.py", line 354, in execute
    return super().execute(query, params)
           ~~~~~~~~~~~~~~~^^^^^^^^^^^^^^^
django.db.utils.IntegrityError: NOT NULL constraint failed: queue_app_huitem.error_msg
08:56:53 [ERROR] django.request - Internal Server Error: /scan/
Traceback (most recent call last):
  File "C:\Users\LOPEZHEJ\OneDrive - Luxottica Group S.p.A\Desktop\DJANGO NEXHUS\venv\Lib\site-packages\django\db\backends\utils.py", line 105, in _execute
    return self.cursor.execute(sql, params)
           ~~~~~~~~~~~~~~~~~~~^^^^^^^^^^^^^
  File "C:\Users\LOPEZHEJ\OneDrive - Luxottica Group S.p.A\Desktop\DJANGO NEXHUS\venv\Lib\site-packages\django\db\backends\sqlite3\base.py", line 354, in execute
    return super().execute(query, params)
           ~~~~~~~~~~~~~~~^^^^^^^^^^^^^^^
sqlite3.IntegrityError: NOT NULL constraint failed: queue_app_huitem.error_msg

The above exception was the direct cause of the following exception:

Traceback (most recent call last):
  File "C:\Users\LOPEZHEJ\OneDrive - Luxottica Group S.p.A\Desktop\DJANGO NEXHUS\venv\Lib\site-packages\asgiref\sync.py", line 557, in thread_handler
    raise exc_info[1]
  File "C:\Users\LOPEZHEJ\OneDrive - Luxottica Group S.p.A\Desktop\DJANGO NEXHUS\venv\Lib\site-packages\django\core\handlers\exception.py", line 42, in inner
    response = await get_response(request)
               ^^^^^^^^^^^^^^^^^^^^^^^^^^^
  File "C:\Users\LOPEZHEJ\OneDrive - Luxottica Group S.p.A\Desktop\DJANGO NEXHUS\venv\Lib\site-packages\asgiref\sync.py", line 557, in thread_handler
    raise exc_info[1]
  File "C:\Users\LOPEZHEJ\OneDrive - Luxottica Group S.p.A\Desktop\DJANGO NEXHUS\venv\Lib\site-packages\django\core\handlers\base.py", line 253, in _get_response_async
    response = await wrapped_callback(
               ^^^^^^^^^^^^^^^^^^^^^^^
        request, *callback_args, **callback_kwargs
        ^^^^^^^^^^^^^^^^^^^^^^^^^^^^^^^^^^^^^^^^^^
    )
    ^
  File "C:\Users\LOPEZHEJ\OneDrive - Luxottica Group S.p.A\Desktop\DJANGO NEXHUS\venv\Lib\site-packages\asgiref\sync.py", line 506, in __call__
    ret = await asyncio.shield(exec_coro)
          ^^^^^^^^^^^^^^^^^^^^^^^^^^^^^^^
  File "C:\Users\LOPEZHEJ\AppData\Local\Programs\Python\Python313\Lib\concurrent\futures\thread.py", line 59, in run
    result = self.fn(*self.args, **self.kwargs)
  File "C:\Users\LOPEZHEJ\OneDrive - Luxottica Group S.p.A\Desktop\DJANGO NEXHUS\venv\Lib\site-packages\asgiref\sync.py", line 561, in thread_handler
    return func(*args, **kwargs)
  File "C:\Users\LOPEZHEJ\OneDrive - Luxottica Group S.p.A\Desktop\DJANGO NEXHUS\venv\Lib\site-packages\django\views\decorators\http.py", line 64, in inner
    return func(request, *args, **kwargs)
  File "C:\Users\LOPEZHEJ\OneDrive - Luxottica Group S.p.A\Desktop\DJANGO NEXHUS\queue_app\views.py", line 122, in scan_hu
    item    = HUItem.objects.create(
        hu_code     = raw,
    ...<2 lines>...
        status      = HUItem.STATUS_PENDING,
    )
  File "C:\Users\LOPEZHEJ\OneDrive - Luxottica Group S.p.A\Desktop\DJANGO NEXHUS\venv\Lib\site-packages\django\db\models\manager.py", line 87, in manager_method
    return getattr(self.get_queryset(), name)(*args, **kwargs)
           ~~~~~~~~~~~~~~~~~~~~~~~~~~~~~~~~~~^^^^^^^^^^^^^^^^^
  File "C:\Users\LOPEZHEJ\OneDrive - Luxottica Group S.p.A\Desktop\DJANGO NEXHUS\venv\Lib\site-packages\django\db\models\query.py", line 679, in create
    obj.save(force_insert=True, using=self.db)
    ~~~~~~~~^^^^^^^^^^^^^^^^^^^^^^^^^^^^^^^^^^
  File "C:\Users\LOPEZHEJ\OneDrive - Luxottica Group S.p.A\Desktop\DJANGO NEXHUS\venv\Lib\site-packages\django\db\models\base.py", line 891, in save
    self.save_base(
    ~~~~~~~~~~~~~~^
        using=using,
        ^^^^^^^^^^^^
    ...<2 lines>...
        update_fields=update_fields,
        ^^^^^^^^^^^^^^^^^^^^^^^^^^^^
    )
    ^
  File "C:\Users\LOPEZHEJ\OneDrive - Luxottica Group S.p.A\Desktop\DJANGO NEXHUS\venv\Lib\site-packages\django\db\models\base.py", line 997, in save_base
    updated = self._save_table(
        raw,
    ...<4 lines>...
        update_fields,
    )
  File "C:\Users\LOPEZHEJ\OneDrive - Luxottica Group S.p.A\Desktop\DJANGO NEXHUS\venv\Lib\site-packages\django\db\models\base.py", line 1160, in _save_table
    results = self._do_insert(
        cls._base_manager, using, fields, returning_fields, raw
    )
  File "C:\Users\LOPEZHEJ\OneDrive - Luxottica Group S.p.A\Desktop\DJANGO NEXHUS\venv\Lib\site-packages\django\db\models\base.py", line 1201, in _do_insert
    return manager._insert(
           ~~~~~~~~~~~~~~~^
        [self],
        ^^^^^^^
    ...<3 lines>...
        raw=raw,
        ^^^^^^^^
    )
    ^
  File "C:\Users\LOPEZHEJ\OneDrive - Luxottica Group S.p.A\Desktop\DJANGO NEXHUS\venv\Lib\site-packages\django\db\models\manager.py", line 87, in manager_method
    return getattr(self.get_queryset(), name)(*args, **kwargs)
           ~~~~~~~~~~~~~~~~~~~~~~~~~~~~~~~~~~^^^^^^^^^^^^^^^^^
  File "C:\Users\LOPEZHEJ\OneDrive - Luxottica Group S.p.A\Desktop\DJANGO NEXHUS\venv\Lib\site-packages\django\db\models\query.py", line 1847, in _insert
    return query.get_compiler(using=using).execute_sql(returning_fields)
           ~~~~~~~~~~~~~~~~~~~~~~~~~~~~~~~~~~~~~~~~~~~^^^^^^^^^^^^^^^^^^
  File "C:\Users\LOPEZHEJ\OneDrive - Luxottica Group S.p.A\Desktop\DJANGO NEXHUS\venv\Lib\site-packages\django\db\models\sql\compiler.py", line 1836, in execute_sql
    cursor.execute(sql, params)
    ~~~~~~~~~~~~~~^^^^^^^^^^^^^
  File "C:\Users\LOPEZHEJ\OneDrive - Luxottica Group S.p.A\Desktop\DJANGO NEXHUS\venv\Lib\site-packages\django\db\backends\utils.py", line 122, in execute
    return super().execute(sql, params)
           ~~~~~~~~~~~~~~~^^^^^^^^^^^^^
  File "C:\Users\LOPEZHEJ\OneDrive - Luxottica Group S.p.A\Desktop\DJANGO NEXHUS\venv\Lib\site-packages\django\db\backends\utils.py", line 79, in execute
    return self._execute_with_wrappers(
           ~~~~~~~~~~~~~~~~~~~~~~~~~~~^
        sql, params, many=False, executor=self._execute
        ^^^^^^^^^^^^^^^^^^^^^^^^^^^^^^^^^^^^^^^^^^^^^^^
    )
    ^
  File "C:\Users\LOPEZHEJ\OneDrive - Luxottica Group S.p.A\Desktop\DJANGO NEXHUS\venv\Lib\site-packages\django\db\backends\utils.py", line 92, in _execute_with_wrappers
    return executor(sql, params, many, context)
  File "C:\Users\LOPEZHEJ\OneDrive - Luxottica Group S.p.A\Desktop\DJANGO NEXHUS\venv\Lib\site-packages\django\db\backends\utils.py", line 100, in _execute
    with self.db.wrap_database_errors:
         ^^^^^^^^^^^^^^^^^^^^^^^^^^^^
  File "C:\Users\LOPEZHEJ\OneDrive - Luxottica Group S.p.A\Desktop\DJANGO NEXHUS\venv\Lib\site-packages\django\db\utils.py", line 91, in __exit__
    raise dj_exc_value.with_traceback(traceback) from exc_value
  File "C:\Users\LOPEZHEJ\OneDrive - Luxottica Group S.p.A\Desktop\DJANGO NEXHUS\venv\Lib\site-packages\django\db\backends\utils.py", line 105, in _execute
    return self.cursor.execute(sql, params)
           ~~~~~~~~~~~~~~~~~~~^^^^^^^^^^^^^
  File "C:\Users\LOPEZHEJ\OneDrive - Luxottica Group S.p.A\Desktop\DJANGO NEXHUS\venv\Lib\site-packages\django\db\backends\sqlite3\base.py", line 354, in execute
    return super().execute(query, params)
           ~~~~~~~~~~~~~~~^^^^^^^^^^^^^^^
django.db.utils.IntegrityError: NOT NULL constraint failed: queue_app_huitem.error_msg
08:56:53 [ERROR] django.request - Internal Server Error: /scan/
Traceback (most recent call last):
  File "C:\Users\LOPEZHEJ\OneDrive - Luxottica Group S.p.A\Desktop\DJANGO NEXHUS\venv\Lib\site-packages\django\db\backends\utils.py", line 105, in _execute
    return self.cursor.execute(sql, params)
           ~~~~~~~~~~~~~~~~~~~^^^^^^^^^^^^^
  File "C:\Users\LOPEZHEJ\OneDrive - Luxottica Group S.p.A\Desktop\DJANGO NEXHUS\venv\Lib\site-packages\django\db\backends\sqlite3\base.py", line 354, in execute
    return super().execute(query, params)
           ~~~~~~~~~~~~~~~^^^^^^^^^^^^^^^
sqlite3.IntegrityError: NOT NULL constraint failed: queue_app_huitem.error_msg

The above exception was the direct cause of the following exception:

Traceback (most recent call last):
  File "C:\Users\LOPEZHEJ\OneDrive - Luxottica Group S.p.A\Desktop\DJANGO NEXHUS\venv\Lib\site-packages\asgiref\sync.py", line 557, in thread_handler
    raise exc_info[1]
  File "C:\Users\LOPEZHEJ\OneDrive - Luxottica Group S.p.A\Desktop\DJANGO NEXHUS\venv\Lib\site-packages\django\core\handlers\exception.py", line 42, in inner
    response = await get_response(request)
               ^^^^^^^^^^^^^^^^^^^^^^^^^^^
  File "C:\Users\LOPEZHEJ\OneDrive - Luxottica Group S.p.A\Desktop\DJANGO NEXHUS\venv\Lib\site-packages\asgiref\sync.py", line 557, in thread_handler
    raise exc_info[1]
  File "C:\Users\LOPEZHEJ\OneDrive - Luxottica Group S.p.A\Desktop\DJANGO NEXHUS\venv\Lib\site-packages\django\core\handlers\base.py", line 253, in _get_response_async
    response = await wrapped_callback(
               ^^^^^^^^^^^^^^^^^^^^^^^
        request, *callback_args, **callback_kwargs
        ^^^^^^^^^^^^^^^^^^^^^^^^^^^^^^^^^^^^^^^^^^
    )
    ^
  File "C:\Users\LOPEZHEJ\OneDrive - Luxottica Group S.p.A\Desktop\DJANGO NEXHUS\venv\Lib\site-packages\asgiref\sync.py", line 506, in __call__
    ret = await asyncio.shield(exec_coro)
          ^^^^^^^^^^^^^^^^^^^^^^^^^^^^^^^
  File "C:\Users\LOPEZHEJ\AppData\Local\Programs\Python\Python313\Lib\concurrent\futures\thread.py", line 59, in run
    result = self.fn(*self.args, **self.kwargs)
  File "C:\Users\LOPEZHEJ\OneDrive - Luxottica Group S.p.A\Desktop\DJANGO NEXHUS\venv\Lib\site-packages\asgiref\sync.py", line 561, in thread_handler
    return func(*args, **kwargs)
  File "C:\Users\LOPEZHEJ\OneDrive - Luxottica Group S.p.A\Desktop\DJANGO NEXHUS\venv\Lib\site-packages\django\views\decorators\http.py", line 64, in inner
    return func(request, *args, **kwargs)
  File "C:\Users\LOPEZHEJ\OneDrive - Luxottica Group S.p.A\Desktop\DJANGO NEXHUS\queue_app\views.py", line 122, in scan_hu
    item    = HUItem.objects.create(
        hu_code     = raw,
    ...<2 lines>...
        status      = HUItem.STATUS_PENDING,
    )
  File "C:\Users\LOPEZHEJ\OneDrive - Luxottica Group S.p.A\Desktop\DJANGO NEXHUS\venv\Lib\site-packages\django\db\models\manager.py", line 87, in manager_method
    return getattr(self.get_queryset(), name)(*args, **kwargs)
           ~~~~~~~~~~~~~~~~~~~~~~~~~~~~~~~~~~^^^^^^^^^^^^^^^^^
  File "C:\Users\LOPEZHEJ\OneDrive - Luxottica Group S.p.A\Desktop\DJANGO NEXHUS\venv\Lib\site-packages\django\db\models\query.py", line 679, in create
    obj.save(force_insert=True, using=self.db)
    ~~~~~~~~^^^^^^^^^^^^^^^^^^^^^^^^^^^^^^^^^^
  File "C:\Users\LOPEZHEJ\OneDrive - Luxottica Group S.p.A\Desktop\DJANGO NEXHUS\venv\Lib\site-packages\django\db\models\base.py", line 891, in save
    self.save_base(
    ~~~~~~~~~~~~~~^
        using=using,
        ^^^^^^^^^^^^
    ...<2 lines>...
        update_fields=update_fields,
        ^^^^^^^^^^^^^^^^^^^^^^^^^^^^
    )
    ^
  File "C:\Users\LOPEZHEJ\OneDrive - Luxottica Group S.p.A\Desktop\DJANGO NEXHUS\venv\Lib\site-packages\django\db\models\base.py", line 997, in save_base
    updated = self._save_table(
        raw,
    ...<4 lines>...
        update_fields,
    )
  File "C:\Users\LOPEZHEJ\OneDrive - Luxottica Group S.p.A\Desktop\DJANGO NEXHUS\venv\Lib\site-packages\django\db\models\base.py", line 1160, in _save_table
    results = self._do_insert(
        cls._base_manager, using, fields, returning_fields, raw
    )
  File "C:\Users\LOPEZHEJ\OneDrive - Luxottica Group S.p.A\Desktop\DJANGO NEXHUS\venv\Lib\site-packages\django\db\models\base.py", line 1201, in _do_insert
    return manager._insert(
           ~~~~~~~~~~~~~~~^
        [self],
        ^^^^^^^
    ...<3 lines>...
        raw=raw,
        ^^^^^^^^
    )
    ^
  File "C:\Users\LOPEZHEJ\OneDrive - Luxottica Group S.p.A\Desktop\DJANGO NEXHUS\venv\Lib\site-packages\django\db\models\manager.py", line 87, in manager_method
    return getattr(self.get_queryset(), name)(*args, **kwargs)
           ~~~~~~~~~~~~~~~~~~~~~~~~~~~~~~~~~~^^^^^^^^^^^^^^^^^
  File "C:\Users\LOPEZHEJ\OneDrive - Luxottica Group S.p.A\Desktop\DJANGO NEXHUS\venv\Lib\site-packages\django\db\models\query.py", line 1847, in _insert
    return query.get_compiler(using=using).execute_sql(returning_fields)
           ~~~~~~~~~~~~~~~~~~~~~~~~~~~~~~~~~~~~~~~~~~~^^^^^^^^^^^^^^^^^^
  File "C:\Users\LOPEZHEJ\OneDrive - Luxottica Group S.p.A\Desktop\DJANGO NEXHUS\venv\Lib\site-packages\django\db\models\sql\compiler.py", line 1836, in execute_sql
    cursor.execute(sql, params)
    ~~~~~~~~~~~~~~^^^^^^^^^^^^^
  File "C:\Users\LOPEZHEJ\OneDrive - Luxottica Group S.p.A\Desktop\DJANGO NEXHUS\venv\Lib\site-packages\django\db\backends\utils.py", line 122, in execute
    return super().execute(sql, params)
           ~~~~~~~~~~~~~~~^^^^^^^^^^^^^
  File "C:\Users\LOPEZHEJ\OneDrive - Luxottica Group S.p.A\Desktop\DJANGO NEXHUS\venv\Lib\site-packages\django\db\backends\utils.py", line 79, in execute
    return self._execute_with_wrappers(
           ~~~~~~~~~~~~~~~~~~~~~~~~~~~^
        sql, params, many=False, executor=self._execute
        ^^^^^^^^^^^^^^^^^^^^^^^^^^^^^^^^^^^^^^^^^^^^^^^
    )
    ^
  File "C:\Users\LOPEZHEJ\OneDrive - Luxottica Group S.p.A\Desktop\DJANGO NEXHUS\venv\Lib\site-packages\django\db\backends\utils.py", line 92, in _execute_with_wrappers
    return executor(sql, params, many, context)
  File "C:\Users\LOPEZHEJ\OneDrive - Luxottica Group S.p.A\Desktop\DJANGO NEXHUS\venv\Lib\site-packages\django\db\backends\utils.py", line 100, in _execute
    with self.db.wrap_database_errors:
         ^^^^^^^^^^^^^^^^^^^^^^^^^^^^
  File "C:\Users\LOPEZHEJ\OneDrive - Luxottica Group S.p.A\Desktop\DJANGO NEXHUS\venv\Lib\site-packages\django\db\utils.py", line 91, in __exit__
    raise dj_exc_value.with_traceback(traceback) from exc_value
  File "C:\Users\LOPEZHEJ\OneDrive - Luxottica Group S.p.A\Desktop\DJANGO NEXHUS\venv\Lib\site-packages\django\db\backends\utils.py", line 105, in _execute
    return self.cursor.execute(sql, params)
           ~~~~~~~~~~~~~~~~~~~^^^^^^^^^^^^^
  File "C:\Users\LOPEZHEJ\OneDrive - Luxottica Group S.p.A\Desktop\DJANGO NEXHUS\venv\Lib\site-packages\django\db\backends\sqlite3\base.py", line 354, in execute
    return super().execute(query, params)
           ~~~~~~~~~~~~~~~^^^^^^^^^^^^^^^
django.db.utils.IntegrityError: NOT NULL constraint failed: queue_app_huitem.error_msg
08:56:53 [ERROR] django.request - Internal Server Error: /scan/
Traceback (most recent call last):
  File "C:\Users\LOPEZHEJ\OneDrive - Luxottica Group S.p.A\Desktop\DJANGO NEXHUS\venv\Lib\site-packages\django\db\backends\utils.py", line 105, in _execute
    return self.cursor.execute(sql, params)
           ~~~~~~~~~~~~~~~~~~~^^^^^^^^^^^^^
  File "C:\Users\LOPEZHEJ\OneDrive - Luxottica Group S.p.A\Desktop\DJANGO NEXHUS\venv\Lib\site-packages\django\db\backends\sqlite3\base.py", line 354, in execute
    return super().execute(query, params)
           ~~~~~~~~~~~~~~~^^^^^^^^^^^^^^^
sqlite3.IntegrityError: NOT NULL constraint failed: queue_app_huitem.error_msg

The above exception was the direct cause of the following exception:

Traceback (most recent call last):
  File "C:\Users\LOPEZHEJ\OneDrive - Luxottica Group S.p.A\Desktop\DJANGO NEXHUS\venv\Lib\site-packages\asgiref\sync.py", line 557, in thread_handler
    raise exc_info[1]
  File "C:\Users\LOPEZHEJ\OneDrive - Luxottica Group S.p.A\Desktop\DJANGO NEXHUS\venv\Lib\site-packages\django\core\handlers\exception.py", line 42, in inner
    response = await get_response(request)
               ^^^^^^^^^^^^^^^^^^^^^^^^^^^
  File "C:\Users\LOPEZHEJ\OneDrive - Luxottica Group S.p.A\Desktop\DJANGO NEXHUS\venv\Lib\site-packages\asgiref\sync.py", line 557, in thread_handler
    raise exc_info[1]
  File "C:\Users\LOPEZHEJ\OneDrive - Luxottica Group S.p.A\Desktop\DJANGO NEXHUS\venv\Lib\site-packages\django\core\handlers\base.py", line 253, in _get_response_async
    response = await wrapped_callback(
               ^^^^^^^^^^^^^^^^^^^^^^^
        request, *callback_args, **callback_kwargs
        ^^^^^^^^^^^^^^^^^^^^^^^^^^^^^^^^^^^^^^^^^^
    )
    ^
  File "C:\Users\LOPEZHEJ\OneDrive - Luxottica Group S.p.A\Desktop\DJANGO NEXHUS\venv\Lib\site-packages\asgiref\sync.py", line 506, in __call__
    ret = await asyncio.shield(exec_coro)
          ^^^^^^^^^^^^^^^^^^^^^^^^^^^^^^^
  File "C:\Users\LOPEZHEJ\AppData\Local\Programs\Python\Python313\Lib\concurrent\futures\thread.py", line 59, in run
    result = self.fn(*self.args, **self.kwargs)
  File "C:\Users\LOPEZHEJ\OneDrive - Luxottica Group S.p.A\Desktop\DJANGO NEXHUS\venv\Lib\site-packages\asgiref\sync.py", line 561, in thread_handler
    return func(*args, **kwargs)
  File "C:\Users\LOPEZHEJ\OneDrive - Luxottica Group S.p.A\Desktop\DJANGO NEXHUS\venv\Lib\site-packages\django\views\decorators\http.py", line 64, in inner
    return func(request, *args, **kwargs)
  File "C:\Users\LOPEZHEJ\OneDrive - Luxottica Group S.p.A\Desktop\DJANGO NEXHUS\queue_app\views.py", line 122, in scan_hu
    item    = HUItem.objects.create(
        hu_code     = raw,
    ...<2 lines>...
        status      = HUItem.STATUS_PENDING,
    )
  File "C:\Users\LOPEZHEJ\OneDrive - Luxottica Group S.p.A\Desktop\DJANGO NEXHUS\venv\Lib\site-packages\django\db\models\manager.py", line 87, in manager_method
    return getattr(self.get_queryset(), name)(*args, **kwargs)
           ~~~~~~~~~~~~~~~~~~~~~~~~~~~~~~~~~~^^^^^^^^^^^^^^^^^
  File "C:\Users\LOPEZHEJ\OneDrive - Luxottica Group S.p.A\Desktop\DJANGO NEXHUS\venv\Lib\site-packages\django\db\models\query.py", line 679, in create
    obj.save(force_insert=True, using=self.db)
    ~~~~~~~~^^^^^^^^^^^^^^^^^^^^^^^^^^^^^^^^^^
  File "C:\Users\LOPEZHEJ\OneDrive - Luxottica Group S.p.A\Desktop\DJANGO NEXHUS\venv\Lib\site-packages\django\db\models\base.py", line 891, in save
    self.save_base(
    ~~~~~~~~~~~~~~^
        using=using,
        ^^^^^^^^^^^^
    ...<2 lines>...
        update_fields=update_fields,
        ^^^^^^^^^^^^^^^^^^^^^^^^^^^^
    )
    ^
  File "C:\Users\LOPEZHEJ\OneDrive - Luxottica Group S.p.A\Desktop\DJANGO NEXHUS\venv\Lib\site-packages\django\db\models\base.py", line 997, in save_base
    updated = self._save_table(
        raw,
    ...<4 lines>...
        update_fields,
    )
  File "C:\Users\LOPEZHEJ\OneDrive - Luxottica Group S.p.A\Desktop\DJANGO NEXHUS\venv\Lib\site-packages\django\db\models\base.py", line 1160, in _save_table
    results = self._do_insert(
        cls._base_manager, using, fields, returning_fields, raw
    )
  File "C:\Users\LOPEZHEJ\OneDrive - Luxottica Group S.p.A\Desktop\DJANGO NEXHUS\venv\Lib\site-packages\django\db\models\base.py", line 1201, in _do_insert
    return manager._insert(
           ~~~~~~~~~~~~~~~^
        [self],
        ^^^^^^^
    ...<3 lines>...
        raw=raw,
        ^^^^^^^^
    )
    ^
  File "C:\Users\LOPEZHEJ\OneDrive - Luxottica Group S.p.A\Desktop\DJANGO NEXHUS\venv\Lib\site-packages\django\db\models\manager.py", line 87, in manager_method
    return getattr(self.get_queryset(), name)(*args, **kwargs)
           ~~~~~~~~~~~~~~~~~~~~~~~~~~~~~~~~~~^^^^^^^^^^^^^^^^^
  File "C:\Users\LOPEZHEJ\OneDrive - Luxottica Group S.p.A\Desktop\DJANGO NEXHUS\venv\Lib\site-packages\django\db\models\query.py", line 1847, in _insert
    return query.get_compiler(using=using).execute_sql(returning_fields)
           ~~~~~~~~~~~~~~~~~~~~~~~~~~~~~~~~~~~~~~~~~~~^^^^^^^^^^^^^^^^^^
  File "C:\Users\LOPEZHEJ\OneDrive - Luxottica Group S.p.A\Desktop\DJANGO NEXHUS\venv\Lib\site-packages\django\db\models\sql\compiler.py", line 1836, in execute_sql
    cursor.execute(sql, params)
    ~~~~~~~~~~~~~~^^^^^^^^^^^^^
  File "C:\Users\LOPEZHEJ\OneDrive - Luxottica Group S.p.A\Desktop\DJANGO NEXHUS\venv\Lib\site-packages\django\db\backends\utils.py", line 122, in execute
    return super().execute(sql, params)
           ~~~~~~~~~~~~~~~^^^^^^^^^^^^^
  File "C:\Users\LOPEZHEJ\OneDrive - Luxottica Group S.p.A\Desktop\DJANGO NEXHUS\venv\Lib\site-packages\django\db\backends\utils.py", line 79, in execute
    return self._execute_with_wrappers(
           ~~~~~~~~~~~~~~~~~~~~~~~~~~~^
        sql, params, many=False, executor=self._execute
        ^^^^^^^^^^^^^^^^^^^^^^^^^^^^^^^^^^^^^^^^^^^^^^^
    )
    ^
  File "C:\Users\LOPEZHEJ\OneDrive - Luxottica Group S.p.A\Desktop\DJANGO NEXHUS\venv\Lib\site-packages\django\db\backends\utils.py", line 92, in _execute_with_wrappers
    return executor(sql, params, many, context)
  File "C:\Users\LOPEZHEJ\OneDrive - Luxottica Group S.p.A\Desktop\DJANGO NEXHUS\venv\Lib\site-packages\django\db\backends\utils.py", line 100, in _execute
    with self.db.wrap_database_errors:
         ^^^^^^^^^^^^^^^^^^^^^^^^^^^^
  File "C:\Users\LOPEZHEJ\OneDrive - Luxottica Group S.p.A\Desktop\DJANGO NEXHUS\venv\Lib\site-packages\django\db\utils.py", line 91, in __exit__
    raise dj_exc_value.with_traceback(traceback) from exc_value
  File "C:\Users\LOPEZHEJ\OneDrive - Luxottica Group S.p.A\Desktop\DJANGO NEXHUS\venv\Lib\site-packages\django\db\backends\utils.py", line 105, in _execute
    return self.cursor.execute(sql, params)
           ~~~~~~~~~~~~~~~~~~~^^^^^^^^^^^^^
  File "C:\Users\LOPEZHEJ\OneDrive - Luxottica Group S.p.A\Desktop\DJANGO NEXHUS\venv\Lib\site-packages\django\db\backends\sqlite3\base.py", line 354, in execute
    return super().execute(query, params)
           ~~~~~~~~~~~~~~~^^^^^^^^^^^^^^^
django.db.utils.IntegrityError: NOT NULL constraint failed: queue_app_huitem.error_msg
08:56:53 [ERROR] django.request - Internal Server Error: /scan/
Traceback (most recent call last):
  File "C:\Users\LOPEZHEJ\OneDrive - Luxottica Group S.p.A\Desktop\DJANGO NEXHUS\venv\Lib\site-packages\django\db\backends\utils.py", line 105, in _execute
    return self.cursor.execute(sql, params)
           ~~~~~~~~~~~~~~~~~~~^^^^^^^^^^^^^
  File "C:\Users\LOPEZHEJ\OneDrive - Luxottica Group S.p.A\Desktop\DJANGO NEXHUS\venv\Lib\site-packages\django\db\backends\sqlite3\base.py", line 354, in execute
    return super().execute(query, params)
           ~~~~~~~~~~~~~~~^^^^^^^^^^^^^^^
sqlite3.IntegrityError: NOT NULL constraint failed: queue_app_huitem.error_msg

The above exception was the direct cause of the following exception:

Traceback (most recent call last):
  File "C:\Users\LOPEZHEJ\OneDrive - Luxottica Group S.p.A\Desktop\DJANGO NEXHUS\venv\Lib\site-packages\asgiref\sync.py", line 557, in thread_handler
    raise exc_info[1]
  File "C:\Users\LOPEZHEJ\OneDrive - Luxottica Group S.p.A\Desktop\DJANGO NEXHUS\venv\Lib\site-packages\django\core\handlers\exception.py", line 42, in inner
    response = await get_response(request)
               ^^^^^^^^^^^^^^^^^^^^^^^^^^^
  File "C:\Users\LOPEZHEJ\OneDrive - Luxottica Group S.p.A\Desktop\DJANGO NEXHUS\venv\Lib\site-packages\asgiref\sync.py", line 557, in thread_handler
    raise exc_info[1]
  File "C:\Users\LOPEZHEJ\OneDrive - Luxottica Group S.p.A\Desktop\DJANGO NEXHUS\venv\Lib\site-packages\django\core\handlers\base.py", line 253, in _get_response_async
    response = await wrapped_callback(
               ^^^^^^^^^^^^^^^^^^^^^^^
        request, *callback_args, **callback_kwargs
        ^^^^^^^^^^^^^^^^^^^^^^^^^^^^^^^^^^^^^^^^^^
    )
    ^
  File "C:\Users\LOPEZHEJ\OneDrive - Luxottica Group S.p.A\Desktop\DJANGO NEXHUS\venv\Lib\site-packages\asgiref\sync.py", line 506, in __call__
    ret = await asyncio.shield(exec_coro)
          ^^^^^^^^^^^^^^^^^^^^^^^^^^^^^^^
  File "C:\Users\LOPEZHEJ\AppData\Local\Programs\Python\Python313\Lib\concurrent\futures\thread.py", line 59, in run
    result = self.fn(*self.args, **self.kwargs)
  File "C:\Users\LOPEZHEJ\OneDrive - Luxottica Group S.p.A\Desktop\DJANGO NEXHUS\venv\Lib\site-packages\asgiref\sync.py", line 561, in thread_handler
    return func(*args, **kwargs)
  File "C:\Users\LOPEZHEJ\OneDrive - Luxottica Group S.p.A\Desktop\DJANGO NEXHUS\venv\Lib\site-packages\django\views\decorators\http.py", line 64, in inner
    return func(request, *args, **kwargs)
  File "C:\Users\LOPEZHEJ\OneDrive - Luxottica Group S.p.A\Desktop\DJANGO NEXHUS\queue_app\views.py", line 122, in scan_hu
    item    = HUItem.objects.create(
        hu_code     = raw,
    ...<2 lines>...
        status      = HUItem.STATUS_PENDING,
    )
  File "C:\Users\LOPEZHEJ\OneDrive - Luxottica Group S.p.A\Desktop\DJANGO NEXHUS\venv\Lib\site-packages\django\db\models\manager.py", line 87, in manager_method
    return getattr(self.get_queryset(), name)(*args, **kwargs)
           ~~~~~~~~~~~~~~~~~~~~~~~~~~~~~~~~~~^^^^^^^^^^^^^^^^^
  File "C:\Users\LOPEZHEJ\OneDrive - Luxottica Group S.p.A\Desktop\DJANGO NEXHUS\venv\Lib\site-packages\django\db\models\query.py", line 679, in create
    obj.save(force_insert=True, using=self.db)
    ~~~~~~~~^^^^^^^^^^^^^^^^^^^^^^^^^^^^^^^^^^
  File "C:\Users\LOPEZHEJ\OneDrive - Luxottica Group S.p.A\Desktop\DJANGO NEXHUS\venv\Lib\site-packages\django\db\models\base.py", line 891, in save
    self.save_base(
    ~~~~~~~~~~~~~~^
        using=using,
        ^^^^^^^^^^^^
    ...<2 lines>...
        update_fields=update_fields,
        ^^^^^^^^^^^^^^^^^^^^^^^^^^^^
    )
    ^
  File "C:\Users\LOPEZHEJ\OneDrive - Luxottica Group S.p.A\Desktop\DJANGO NEXHUS\venv\Lib\site-packages\django\db\models\base.py", line 997, in save_base
    updated = self._save_table(
        raw,
    ...<4 lines>...
        update_fields,
    )
  File "C:\Users\LOPEZHEJ\OneDrive - Luxottica Group S.p.A\Desktop\DJANGO NEXHUS\venv\Lib\site-packages\django\db\models\base.py", line 1160, in _save_table
    results = self._do_insert(
        cls._base_manager, using, fields, returning_fields, raw
    )
  File "C:\Users\LOPEZHEJ\OneDrive - Luxottica Group S.p.A\Desktop\DJANGO NEXHUS\venv\Lib\site-packages\django\db\models\base.py", line 1201, in _do_insert
    return manager._insert(
           ~~~~~~~~~~~~~~~^
        [self],
        ^^^^^^^
    ...<3 lines>...
        raw=raw,
        ^^^^^^^^
    )
    ^
  File "C:\Users\LOPEZHEJ\OneDrive - Luxottica Group S.p.A\Desktop\DJANGO NEXHUS\venv\Lib\site-packages\django\db\models\manager.py", line 87, in manager_method
    return getattr(self.get_queryset(), name)(*args, **kwargs)
           ~~~~~~~~~~~~~~~~~~~~~~~~~~~~~~~~~~^^^^^^^^^^^^^^^^^
  File "C:\Users\LOPEZHEJ\OneDrive - Luxottica Group S.p.A\Desktop\DJANGO NEXHUS\venv\Lib\site-packages\django\db\models\query.py", line 1847, in _insert
    return query.get_compiler(using=using).execute_sql(returning_fields)
           ~~~~~~~~~~~~~~~~~~~~~~~~~~~~~~~~~~~~~~~~~~~^^^^^^^^^^^^^^^^^^
  File "C:\Users\LOPEZHEJ\OneDrive - Luxottica Group S.p.A\Desktop\DJANGO NEXHUS\venv\Lib\site-packages\django\db\models\sql\compiler.py", line 1836, in execute_sql
    cursor.execute(sql, params)
    ~~~~~~~~~~~~~~^^^^^^^^^^^^^
  File "C:\Users\LOPEZHEJ\OneDrive - Luxottica Group S.p.A\Desktop\DJANGO NEXHUS\venv\Lib\site-packages\django\db\backends\utils.py", line 122, in execute
    return super().execute(sql, params)
           ~~~~~~~~~~~~~~~^^^^^^^^^^^^^
  File "C:\Users\LOPEZHEJ\OneDrive - Luxottica Group S.p.A\Desktop\DJANGO NEXHUS\venv\Lib\site-packages\django\db\backends\utils.py", line 79, in execute
    return self._execute_with_wrappers(
           ~~~~~~~~~~~~~~~~~~~~~~~~~~~^
        sql, params, many=False, executor=self._execute
        ^^^^^^^^^^^^^^^^^^^^^^^^^^^^^^^^^^^^^^^^^^^^^^^
    )
    ^
  File "C:\Users\LOPEZHEJ\OneDrive - Luxottica Group S.p.A\Desktop\DJANGO NEXHUS\venv\Lib\site-packages\django\db\backends\utils.py", line 92, in _execute_with_wrappers
    return executor(sql, params, many, context)
  File "C:\Users\LOPEZHEJ\OneDrive - Luxottica Group S.p.A\Desktop\DJANGO NEXHUS\venv\Lib\site-packages\django\db\backends\utils.py", line 100, in _execute
    with self.db.wrap_database_errors:
         ^^^^^^^^^^^^^^^^^^^^^^^^^^^^
  File "C:\Users\LOPEZHEJ\OneDrive - Luxottica Group S.p.A\Desktop\DJANGO NEXHUS\venv\Lib\site-packages\django\db\utils.py", line 91, in __exit__
    raise dj_exc_value.with_traceback(traceback) from exc_value
  File "C:\Users\LOPEZHEJ\OneDrive - Luxottica Group S.p.A\Desktop\DJANGO NEXHUS\venv\Lib\site-packages\django\db\backends\utils.py", line 105, in _execute
    return self.cursor.execute(sql, params)
           ~~~~~~~~~~~~~~~~~~~^^^^^^^^^^^^^
  File "C:\Users\LOPEZHEJ\OneDrive - Luxottica Group S.p.A\Desktop\DJANGO NEXHUS\venv\Lib\site-packages\django\db\backends\sqlite3\base.py", line 354, in execute
    return super().execute(query, params)
           ~~~~~~~~~~~~~~~^^^^^^^^^^^^^^^
django.db.utils.IntegrityError: NOT NULL constraint failed: queue_app_huitem.error_msg
08:56:53 [ERROR] django.request - Internal Server Error: /scan/
Traceback (most recent call last):
  File "C:\Users\LOPEZHEJ\OneDrive - Luxottica Group S.p.A\Desktop\DJANGO NEXHUS\venv\Lib\site-packages\django\db\backends\utils.py", line 105, in _execute
    return self.cursor.execute(sql, params)
           ~~~~~~~~~~~~~~~~~~~^^^^^^^^^^^^^
  File "C:\Users\LOPEZHEJ\OneDrive - Luxottica Group S.p.A\Desktop\DJANGO NEXHUS\venv\Lib\site-packages\django\db\backends\sqlite3\base.py", line 354, in execute
    return super().execute(query, params)
           ~~~~~~~~~~~~~~~^^^^^^^^^^^^^^^
sqlite3.IntegrityError: NOT NULL constraint failed: queue_app_huitem.error_msg

The above exception was the direct cause of the following exception:

Traceback (most recent call last):
  File "C:\Users\LOPEZHEJ\OneDrive - Luxottica Group S.p.A\Desktop\DJANGO NEXHUS\venv\Lib\site-packages\asgiref\sync.py", line 557, in thread_handler
    raise exc_info[1]
  File "C:\Users\LOPEZHEJ\OneDrive - Luxottica Group S.p.A\Desktop\DJANGO NEXHUS\venv\Lib\site-packages\django\core\handlers\exception.py", line 42, in inner
    response = await get_response(request)
               ^^^^^^^^^^^^^^^^^^^^^^^^^^^
  File "C:\Users\LOPEZHEJ\OneDrive - Luxottica Group S.p.A\Desktop\DJANGO NEXHUS\venv\Lib\site-packages\asgiref\sync.py", line 557, in thread_handler
    raise exc_info[1]
  File "C:\Users\LOPEZHEJ\OneDrive - Luxottica Group S.p.A\Desktop\DJANGO NEXHUS\venv\Lib\site-packages\django\core\handlers\base.py", line 253, in _get_response_async
    response = await wrapped_callback(
               ^^^^^^^^^^^^^^^^^^^^^^^
        request, *callback_args, **callback_kwargs
        ^^^^^^^^^^^^^^^^^^^^^^^^^^^^^^^^^^^^^^^^^^
    )
    ^
  File "C:\Users\LOPEZHEJ\OneDrive - Luxottica Group S.p.A\Desktop\DJANGO NEXHUS\venv\Lib\site-packages\asgiref\sync.py", line 506, in __call__
    ret = await asyncio.shield(exec_coro)
          ^^^^^^^^^^^^^^^^^^^^^^^^^^^^^^^
  File "C:\Users\LOPEZHEJ\AppData\Local\Programs\Python\Python313\Lib\concurrent\futures\thread.py", line 59, in run
    result = self.fn(*self.args, **self.kwargs)
  File "C:\Users\LOPEZHEJ\OneDrive - Luxottica Group S.p.A\Desktop\DJANGO NEXHUS\venv\Lib\site-packages\asgiref\sync.py", line 561, in thread_handler
    return func(*args, **kwargs)
  File "C:\Users\LOPEZHEJ\OneDrive - Luxottica Group S.p.A\Desktop\DJANGO NEXHUS\venv\Lib\site-packages\django\views\decorators\http.py", line 64, in inner
    return func(request, *args, **kwargs)
  File "C:\Users\LOPEZHEJ\OneDrive - Luxottica Group S.p.A\Desktop\DJANGO NEXHUS\queue_app\views.py", line 122, in scan_hu
    item    = HUItem.objects.create(
        hu_code     = raw,
    ...<2 lines>...
        status      = HUItem.STATUS_PENDING,
    )
  File "C:\Users\LOPEZHEJ\OneDrive - Luxottica Group S.p.A\Desktop\DJANGO NEXHUS\venv\Lib\site-packages\django\db\models\manager.py", line 87, in manager_method
    return getattr(self.get_queryset(), name)(*args, **kwargs)
           ~~~~~~~~~~~~~~~~~~~~~~~~~~~~~~~~~~^^^^^^^^^^^^^^^^^
  File "C:\Users\LOPEZHEJ\OneDrive - Luxottica Group S.p.A\Desktop\DJANGO NEXHUS\venv\Lib\site-packages\django\db\models\query.py", line 679, in create
    obj.save(force_insert=True, using=self.db)
    ~~~~~~~~^^^^^^^^^^^^^^^^^^^^^^^^^^^^^^^^^^
  File "C:\Users\LOPEZHEJ\OneDrive - Luxottica Group S.p.A\Desktop\DJANGO NEXHUS\venv\Lib\site-packages\django\db\models\base.py", line 891, in save
    self.save_base(
    ~~~~~~~~~~~~~~^
        using=using,
        ^^^^^^^^^^^^
    ...<2 lines>...
        update_fields=update_fields,
        ^^^^^^^^^^^^^^^^^^^^^^^^^^^^
    )
    ^
  File "C:\Users\LOPEZHEJ\OneDrive - Luxottica Group S.p.A\Desktop\DJANGO NEXHUS\venv\Lib\site-packages\django\db\models\base.py", line 997, in save_base
    updated = self._save_table(
        raw,
    ...<4 lines>...
        update_fields,
    )
  File "C:\Users\LOPEZHEJ\OneDrive - Luxottica Group S.p.A\Desktop\DJANGO NEXHUS\venv\Lib\site-packages\django\db\models\base.py", line 1160, in _save_table
    results = self._do_insert(
        cls._base_manager, using, fields, returning_fields, raw
    )
  File "C:\Users\LOPEZHEJ\OneDrive - Luxottica Group S.p.A\Desktop\DJANGO NEXHUS\venv\Lib\site-packages\django\db\models\base.py", line 1201, in _do_insert
    return manager._insert(
           ~~~~~~~~~~~~~~~^
        [self],
        ^^^^^^^
    ...<3 lines>...
        raw=raw,
        ^^^^^^^^
    )
    ^
  File "C:\Users\LOPEZHEJ\OneDrive - Luxottica Group S.p.A\Desktop\DJANGO NEXHUS\venv\Lib\site-packages\django\db\models\manager.py", line 87, in manager_method
    return getattr(self.get_queryset(), name)(*args, **kwargs)
           ~~~~~~~~~~~~~~~~~~~~~~~~~~~~~~~~~~^^^^^^^^^^^^^^^^^
  File "C:\Users\LOPEZHEJ\OneDrive - Luxottica Group S.p.A\Desktop\DJANGO NEXHUS\venv\Lib\site-packages\django\db\models\query.py", line 1847, in _insert
    return query.get_compiler(using=using).execute_sql(returning_fields)
           ~~~~~~~~~~~~~~~~~~~~~~~~~~~~~~~~~~~~~~~~~~~^^^^^^^^^^^^^^^^^^
  File "C:\Users\LOPEZHEJ\OneDrive - Luxottica Group S.p.A\Desktop\DJANGO NEXHUS\venv\Lib\site-packages\django\db\models\sql\compiler.py", line 1836, in execute_sql
    cursor.execute(sql, params)
    ~~~~~~~~~~~~~~^^^^^^^^^^^^^
  File "C:\Users\LOPEZHEJ\OneDrive - Luxottica Group S.p.A\Desktop\DJANGO NEXHUS\venv\Lib\site-packages\django\db\backends\utils.py", line 122, in execute
    return super().execute(sql, params)
           ~~~~~~~~~~~~~~~^^^^^^^^^^^^^
  File "C:\Users\LOPEZHEJ\OneDrive - Luxottica Group S.p.A\Desktop\DJANGO NEXHUS\venv\Lib\site-packages\django\db\backends\utils.py", line 79, in execute
    return self._execute_with_wrappers(
           ~~~~~~~~~~~~~~~~~~~~~~~~~~~^
        sql, params, many=False, executor=self._execute
        ^^^^^^^^^^^^^^^^^^^^^^^^^^^^^^^^^^^^^^^^^^^^^^^
    )
    ^
  File "C:\Users\LOPEZHEJ\OneDrive - Luxottica Group S.p.A\Desktop\DJANGO NEXHUS\venv\Lib\site-packages\django\db\backends\utils.py", line 92, in _execute_with_wrappers
    return executor(sql, params, many, context)
  File "C:\Users\LOPEZHEJ\OneDrive - Luxottica Group S.p.A\Desktop\DJANGO NEXHUS\venv\Lib\site-packages\django\db\backends\utils.py", line 100, in _execute
    with self.db.wrap_database_errors:
         ^^^^^^^^^^^^^^^^^^^^^^^^^^^^
  File "C:\Users\LOPEZHEJ\OneDrive - Luxottica Group S.p.A\Desktop\DJANGO NEXHUS\venv\Lib\site-packages\django\db\utils.py", line 91, in __exit__
    raise dj_exc_value.with_traceback(traceback) from exc_value
  File "C:\Users\LOPEZHEJ\OneDrive - Luxottica Group S.p.A\Desktop\DJANGO NEXHUS\venv\Lib\site-packages\django\db\backends\utils.py", line 105, in _execute
    return self.cursor.execute(sql, params)
           ~~~~~~~~~~~~~~~~~~~^^^^^^^^^^^^^
  File "C:\Users\LOPEZHEJ\OneDrive - Luxottica Group S.p.A\Desktop\DJANGO NEXHUS\venv\Lib\site-packages\django\db\backends\sqlite3\base.py", line 354, in execute
    return super().execute(query, params)
           ~~~~~~~~~~~~~~~^^^^^^^^^^^^^^^
django.db.utils.IntegrityError: NOT NULL constraint failed: queue_app_huitem.error_msg
08:56:53 [ERROR] django.request - Internal Server Error: /scan/
Traceback (most recent call last):
  File "C:\Users\LOPEZHEJ\OneDrive - Luxottica Group S.p.A\Desktop\DJANGO NEXHUS\venv\Lib\site-packages\django\db\backends\utils.py", line 105, in _execute
    return self.cursor.execute(sql, params)
           ~~~~~~~~~~~~~~~~~~~^^^^^^^^^^^^^
  File "C:\Users\LOPEZHEJ\OneDrive - Luxottica Group S.p.A\Desktop\DJANGO NEXHUS\venv\Lib\site-packages\django\db\backends\sqlite3\base.py", line 354, in execute
    return super().execute(query, params)
           ~~~~~~~~~~~~~~~^^^^^^^^^^^^^^^
sqlite3.IntegrityError: NOT NULL constraint failed: queue_app_huitem.error_msg

The above exception was the direct cause of the following exception:

Traceback (most recent call last):
  File "C:\Users\LOPEZHEJ\OneDrive - Luxottica Group S.p.A\Desktop\DJANGO NEXHUS\venv\Lib\site-packages\asgiref\sync.py", line 557, in thread_handler
    raise exc_info[1]
  File "C:\Users\LOPEZHEJ\OneDrive - Luxottica Group S.p.A\Desktop\DJANGO NEXHUS\venv\Lib\site-packages\django\core\handlers\exception.py", line 42, in inner
    response = await get_response(request)
               ^^^^^^^^^^^^^^^^^^^^^^^^^^^
  File "C:\Users\LOPEZHEJ\OneDrive - Luxottica Group S.p.A\Desktop\DJANGO NEXHUS\venv\Lib\site-packages\asgiref\sync.py", line 557, in thread_handler
    raise exc_info[1]
  File "C:\Users\LOPEZHEJ\OneDrive - Luxottica Group S.p.A\Desktop\DJANGO NEXHUS\venv\Lib\site-packages\django\core\handlers\base.py", line 253, in _get_response_async
    response = await wrapped_callback(
               ^^^^^^^^^^^^^^^^^^^^^^^
        request, *callback_args, **callback_kwargs
        ^^^^^^^^^^^^^^^^^^^^^^^^^^^^^^^^^^^^^^^^^^
    )
    ^
  File "C:\Users\LOPEZHEJ\OneDrive - Luxottica Group S.p.A\Desktop\DJANGO NEXHUS\venv\Lib\site-packages\asgiref\sync.py", line 506, in __call__
    ret = await asyncio.shield(exec_coro)
          ^^^^^^^^^^^^^^^^^^^^^^^^^^^^^^^
  File "C:\Users\LOPEZHEJ\AppData\Local\Programs\Python\Python313\Lib\concurrent\futures\thread.py", line 59, in run
    result = self.fn(*self.args, **self.kwargs)
  File "C:\Users\LOPEZHEJ\OneDrive - Luxottica Group S.p.A\Desktop\DJANGO NEXHUS\venv\Lib\site-packages\asgiref\sync.py", line 561, in thread_handler
    return func(*args, **kwargs)
  File "C:\Users\LOPEZHEJ\OneDrive - Luxottica Group S.p.A\Desktop\DJANGO NEXHUS\venv\Lib\site-packages\django\views\decorators\http.py", line 64, in inner
    return func(request, *args, **kwargs)
  File "C:\Users\LOPEZHEJ\OneDrive - Luxottica Group S.p.A\Desktop\DJANGO NEXHUS\queue_app\views.py", line 122, in scan_hu
    item    = HUItem.objects.create(
        hu_code     = raw,
    ...<2 lines>...
        status      = HUItem.STATUS_PENDING,
    )
  File "C:\Users\LOPEZHEJ\OneDrive - Luxottica Group S.p.A\Desktop\DJANGO NEXHUS\venv\Lib\site-packages\django\db\models\manager.py", line 87, in manager_method
    return getattr(self.get_queryset(), name)(*args, **kwargs)
           ~~~~~~~~~~~~~~~~~~~~~~~~~~~~~~~~~~^^^^^^^^^^^^^^^^^
  File "C:\Users\LOPEZHEJ\OneDrive - Luxottica Group S.p.A\Desktop\DJANGO NEXHUS\venv\Lib\site-packages\django\db\models\query.py", line 679, in create
    obj.save(force_insert=True, using=self.db)
    ~~~~~~~~^^^^^^^^^^^^^^^^^^^^^^^^^^^^^^^^^^
  File "C:\Users\LOPEZHEJ\OneDrive - Luxottica Group S.p.A\Desktop\DJANGO NEXHUS\venv\Lib\site-packages\django\db\models\base.py", line 891, in save
    self.save_base(
    ~~~~~~~~~~~~~~^
        using=using,
        ^^^^^^^^^^^^
    ...<2 lines>...
        update_fields=update_fields,
        ^^^^^^^^^^^^^^^^^^^^^^^^^^^^
    )
    ^
  File "C:\Users\LOPEZHEJ\OneDrive - Luxottica Group S.p.A\Desktop\DJANGO NEXHUS\venv\Lib\site-packages\django\db\models\base.py", line 997, in save_base
    updated = self._save_table(
        raw,
    ...<4 lines>...
        update_fields,
    )
  File "C:\Users\LOPEZHEJ\OneDrive - Luxottica Group S.p.A\Desktop\DJANGO NEXHUS\venv\Lib\site-packages\django\db\models\base.py", line 1160, in _save_table
    results = self._do_insert(
        cls._base_manager, using, fields, returning_fields, raw
    )
  File "C:\Users\LOPEZHEJ\OneDrive - Luxottica Group S.p.A\Desktop\DJANGO NEXHUS\venv\Lib\site-packages\django\db\models\base.py", line 1201, in _do_insert
    return manager._insert(
           ~~~~~~~~~~~~~~~^
        [self],
        ^^^^^^^
    ...<3 lines>...
        raw=raw,
        ^^^^^^^^
    )
    ^
  File "C:\Users\LOPEZHEJ\OneDrive - Luxottica Group S.p.A\Desktop\DJANGO NEXHUS\venv\Lib\site-packages\django\db\models\manager.py", line 87, in manager_method
    return getattr(self.get_queryset(), name)(*args, **kwargs)
           ~~~~~~~~~~~~~~~~~~~~~~~~~~~~~~~~~~^^^^^^^^^^^^^^^^^
  File "C:\Users\LOPEZHEJ\OneDrive - Luxottica Group S.p.A\Desktop\DJANGO NEXHUS\venv\Lib\site-packages\django\db\models\query.py", line 1847, in _insert
    return query.get_compiler(using=using).execute_sql(returning_fields)
           ~~~~~~~~~~~~~~~~~~~~~~~~~~~~~~~~~~~~~~~~~~~^^^^^^^^^^^^^^^^^^
  File "C:\Users\LOPEZHEJ\OneDrive - Luxottica Group S.p.A\Desktop\DJANGO NEXHUS\venv\Lib\site-packages\django\db\models\sql\compiler.py", line 1836, in execute_sql
    cursor.execute(sql, params)
    ~~~~~~~~~~~~~~^^^^^^^^^^^^^
  File "C:\Users\LOPEZHEJ\OneDrive - Luxottica Group S.p.A\Desktop\DJANGO NEXHUS\venv\Lib\site-packages\django\db\backends\utils.py", line 122, in execute
    return super().execute(sql, params)
           ~~~~~~~~~~~~~~~^^^^^^^^^^^^^
  File "C:\Users\LOPEZHEJ\OneDrive - Luxottica Group S.p.A\Desktop\DJANGO NEXHUS\venv\Lib\site-packages\django\db\backends\utils.py", line 79, in execute
    return self._execute_with_wrappers(
           ~~~~~~~~~~~~~~~~~~~~~~~~~~~^
        sql, params, many=False, executor=self._execute
        ^^^^^^^^^^^^^^^^^^^^^^^^^^^^^^^^^^^^^^^^^^^^^^^
    )
    ^
  File "C:\Users\LOPEZHEJ\OneDrive - Luxottica Group S.p.A\Desktop\DJANGO NEXHUS\venv\Lib\site-packages\django\db\backends\utils.py", line 92, in _execute_with_wrappers
    return executor(sql, params, many, context)
  File "C:\Users\LOPEZHEJ\OneDrive - Luxottica Group S.p.A\Desktop\DJANGO NEXHUS\venv\Lib\site-packages\django\db\backends\utils.py", line 100, in _execute
    with self.db.wrap_database_errors:
         ^^^^^^^^^^^^^^^^^^^^^^^^^^^^
  File "C:\Users\LOPEZHEJ\OneDrive - Luxottica Group S.p.A\Desktop\DJANGO NEXHUS\venv\Lib\site-packages\django\db\utils.py", line 91, in __exit__
    raise dj_exc_value.with_traceback(traceback) from exc_value
  File "C:\Users\LOPEZHEJ\OneDrive - Luxottica Group S.p.A\Desktop\DJANGO NEXHUS\venv\Lib\site-packages\django\db\backends\utils.py", line 105, in _execute
    return self.cursor.execute(sql, params)
           ~~~~~~~~~~~~~~~~~~~^^^^^^^^^^^^^
  File "C:\Users\LOPEZHEJ\OneDrive - Luxottica Group S.p.A\Desktop\DJANGO NEXHUS\venv\Lib\site-packages\django\db\backends\sqlite3\base.py", line 354, in execute
    return super().execute(query, params)
           ~~~~~~~~~~~~~~~^^^^^^^^^^^^^^^
django.db.utils.IntegrityError: NOT NULL constraint failed: queue_app_huitem.error_msg
08:56:54 [ERROR] django.request - Internal Server Error: /scan/
Traceback (most recent call last):
  File "C:\Users\LOPEZHEJ\OneDrive - Luxottica Group S.p.A\Desktop\DJANGO NEXHUS\venv\Lib\site-packages\django\db\backends\utils.py", line 105, in _execute
    return self.cursor.execute(sql, params)
           ~~~~~~~~~~~~~~~~~~~^^^^^^^^^^^^^
  File "C:\Users\LOPEZHEJ\OneDrive - Luxottica Group S.p.A\Desktop\DJANGO NEXHUS\venv\Lib\site-packages\django\db\backends\sqlite3\base.py", line 354, in execute
    return super().execute(query, params)
           ~~~~~~~~~~~~~~~^^^^^^^^^^^^^^^
sqlite3.IntegrityError: NOT NULL constraint failed: queue_app_huitem.error_msg

The above exception was the direct cause of the following exception:

Traceback (most recent call last):
  File "C:\Users\LOPEZHEJ\OneDrive - Luxottica Group S.p.A\Desktop\DJANGO NEXHUS\venv\Lib\site-packages\asgiref\sync.py", line 557, in thread_handler
    raise exc_info[1]
  File "C:\Users\LOPEZHEJ\OneDrive - Luxottica Group S.p.A\Desktop\DJANGO NEXHUS\venv\Lib\site-packages\django\core\handlers\exception.py", line 42, in inner
    response = await get_response(request)
               ^^^^^^^^^^^^^^^^^^^^^^^^^^^
  File "C:\Users\LOPEZHEJ\OneDrive - Luxottica Group S.p.A\Desktop\DJANGO NEXHUS\venv\Lib\site-packages\asgiref\sync.py", line 557, in thread_handler
    raise exc_info[1]
  File "C:\Users\LOPEZHEJ\OneDrive - Luxottica Group S.p.A\Desktop\DJANGO NEXHUS\venv\Lib\site-packages\django\core\handlers\base.py", line 253, in _get_response_async
    response = await wrapped_callback(
               ^^^^^^^^^^^^^^^^^^^^^^^
        request, *callback_args, **callback_kwargs
        ^^^^^^^^^^^^^^^^^^^^^^^^^^^^^^^^^^^^^^^^^^
    )
    ^
  File "C:\Users\LOPEZHEJ\OneDrive - Luxottica Group S.p.A\Desktop\DJANGO NEXHUS\venv\Lib\site-packages\asgiref\sync.py", line 506, in __call__
    ret = await asyncio.shield(exec_coro)
          ^^^^^^^^^^^^^^^^^^^^^^^^^^^^^^^
  File "C:\Users\LOPEZHEJ\AppData\Local\Programs\Python\Python313\Lib\concurrent\futures\thread.py", line 59, in run
    result = self.fn(*self.args, **self.kwargs)
  File "C:\Users\LOPEZHEJ\OneDrive - Luxottica Group S.p.A\Desktop\DJANGO NEXHUS\venv\Lib\site-packages\asgiref\sync.py", line 561, in thread_handler
    return func(*args, **kwargs)
  File "C:\Users\LOPEZHEJ\OneDrive - Luxottica Group S.p.A\Desktop\DJANGO NEXHUS\venv\Lib\site-packages\django\views\decorators\http.py", line 64, in inner
    return func(request, *args, **kwargs)
  File "C:\Users\LOPEZHEJ\OneDrive - Luxottica Group S.p.A\Desktop\DJANGO NEXHUS\queue_app\views.py", line 122, in scan_hu
    item    = HUItem.objects.create(
        hu_code     = raw,
    ...<2 lines>...
        status      = HUItem.STATUS_PENDING,
    )
  File "C:\Users\LOPEZHEJ\OneDrive - Luxottica Group S.p.A\Desktop\DJANGO NEXHUS\venv\Lib\site-packages\django\db\models\manager.py", line 87, in manager_method
    return getattr(self.get_queryset(), name)(*args, **kwargs)
           ~~~~~~~~~~~~~~~~~~~~~~~~~~~~~~~~~~^^^^^^^^^^^^^^^^^
  File "C:\Users\LOPEZHEJ\OneDrive - Luxottica Group S.p.A\Desktop\DJANGO NEXHUS\venv\Lib\site-packages\django\db\models\query.py", line 679, in create
    obj.save(force_insert=True, using=self.db)
    ~~~~~~~~^^^^^^^^^^^^^^^^^^^^^^^^^^^^^^^^^^
  File "C:\Users\LOPEZHEJ\OneDrive - Luxottica Group S.p.A\Desktop\DJANGO NEXHUS\venv\Lib\site-packages\django\db\models\base.py", line 891, in save
    self.save_base(
    ~~~~~~~~~~~~~~^
        using=using,
        ^^^^^^^^^^^^
    ...<2 lines>...
        update_fields=update_fields,
        ^^^^^^^^^^^^^^^^^^^^^^^^^^^^
    )
    ^
  File "C:\Users\LOPEZHEJ\OneDrive - Luxottica Group S.p.A\Desktop\DJANGO NEXHUS\venv\Lib\site-packages\django\db\models\base.py", line 997, in save_base
    updated = self._save_table(
        raw,
    ...<4 lines>...
        update_fields,
    )
  File "C:\Users\LOPEZHEJ\OneDrive - Luxottica Group S.p.A\Desktop\DJANGO NEXHUS\venv\Lib\site-packages\django\db\models\base.py", line 1160, in _save_table
    results = self._do_insert(
        cls._base_manager, using, fields, returning_fields, raw
    )
  File "C:\Users\LOPEZHEJ\OneDrive - Luxottica Group S.p.A\Desktop\DJANGO NEXHUS\venv\Lib\site-packages\django\db\models\base.py", line 1201, in _do_insert
    return manager._insert(
           ~~~~~~~~~~~~~~~^
        [self],
        ^^^^^^^
    ...<3 lines>...
        raw=raw,
        ^^^^^^^^
    )
    ^
  File "C:\Users\LOPEZHEJ\OneDrive - Luxottica Group S.p.A\Desktop\DJANGO NEXHUS\venv\Lib\site-packages\django\db\models\manager.py", line 87, in manager_method
    return getattr(self.get_queryset(), name)(*args, **kwargs)
           ~~~~~~~~~~~~~~~~~~~~~~~~~~~~~~~~~~^^^^^^^^^^^^^^^^^
  File "C:\Users\LOPEZHEJ\OneDrive - Luxottica Group S.p.A\Desktop\DJANGO NEXHUS\venv\Lib\site-packages\django\db\models\query.py", line 1847, in _insert
    return query.get_compiler(using=using).execute_sql(returning_fields)
           ~~~~~~~~~~~~~~~~~~~~~~~~~~~~~~~~~~~~~~~~~~~^^^^^^^^^^^^^^^^^^
  File "C:\Users\LOPEZHEJ\OneDrive - Luxottica Group S.p.A\Desktop\DJANGO NEXHUS\venv\Lib\site-packages\django\db\models\sql\compiler.py", line 1836, in execute_sql
    cursor.execute(sql, params)
    ~~~~~~~~~~~~~~^^^^^^^^^^^^^
  File "C:\Users\LOPEZHEJ\OneDrive - Luxottica Group S.p.A\Desktop\DJANGO NEXHUS\venv\Lib\site-packages\django\db\backends\utils.py", line 122, in execute
    return super().execute(sql, params)
           ~~~~~~~~~~~~~~~^^^^^^^^^^^^^
  File "C:\Users\LOPEZHEJ\OneDrive - Luxottica Group S.p.A\Desktop\DJANGO NEXHUS\venv\Lib\site-packages\django\db\backends\utils.py", line 79, in execute
    return self._execute_with_wrappers(
           ~~~~~~~~~~~~~~~~~~~~~~~~~~~^
        sql, params, many=False, executor=self._execute
        ^^^^^^^^^^^^^^^^^^^^^^^^^^^^^^^^^^^^^^^^^^^^^^^
    )
    ^
  File "C:\Users\LOPEZHEJ\OneDrive - Luxottica Group S.p.A\Desktop\DJANGO NEXHUS\venv\Lib\site-packages\django\db\backends\utils.py", line 92, in _execute_with_wrappers
    return executor(sql, params, many, context)
  File "C:\Users\LOPEZHEJ\OneDrive - Luxottica Group S.p.A\Desktop\DJANGO NEXHUS\venv\Lib\site-packages\django\db\backends\utils.py", line 100, in _execute
    with self.db.wrap_database_errors:
         ^^^^^^^^^^^^^^^^^^^^^^^^^^^^
  File "C:\Users\LOPEZHEJ\OneDrive - Luxottica Group S.p.A\Desktop\DJANGO NEXHUS\venv\Lib\site-packages\django\db\utils.py", line 91, in __exit__
    raise dj_exc_value.with_traceback(traceback) from exc_value
  File "C:\Users\LOPEZHEJ\OneDrive - Luxottica Group S.p.A\Desktop\DJANGO NEXHUS\venv\Lib\site-packages\django\db\backends\utils.py", line 105, in _execute
    return self.cursor.execute(sql, params)
           ~~~~~~~~~~~~~~~~~~~^^^^^^^^^^^^^
  File "C:\Users\LOPEZHEJ\OneDrive - Luxottica Group S.p.A\Desktop\DJANGO NEXHUS\venv\Lib\site-packages\django\db\backends\sqlite3\base.py", line 354, in execute
    return super().execute(query, params)
           ~~~~~~~~~~~~~~~^^^^^^^^^^^^^^^
django.db.utils.IntegrityError: NOT NULL constraint failed: queue_app_huitem.error_msg
08:56:57 [WARNING] django.request - Not Found: /.well-known/appspecific/com.chrome.devtools.json
08:57:08 [INFO] daphne.server - Killed 1 pending application instances
08:57:14 [INFO] daphne.cli - Starting server at tcp:port=8000:interface=127.0.0.1
08:57:14 [INFO] daphne.server - HTTP/2 support not enabled (install the http2 and tls Twisted extras)
08:57:14 [INFO] daphne.server - Configuring endpoint tcp:port=8000:interface=127.0.0.1
08:57:14 [INFO] daphne.server - Listening on TCP address 127.0.0.1:8000
08:57:16 [INFO] queue_app.consumers - ws_connected channel=specific.79cd0267a376462caf9a80f7cae69af3!9a7e132b401a4ce493bf82ad14bf16c8
08:57:29 [INFO] queue_app.consumers - ws_disconnected channel=specific.79cd0267a376462caf9a80f7cae69af3!9a7e132b401a4ce493bf82ad14bf16c8 code=1001
08:57:29 [WARNING] django.request - Not Found: /.well-known/appspecific/com.chrome.devtools.json
08:57:29 [INFO] queue_app.consumers - ws_connected channel=specific.79cd0267a376462caf9a80f7cae69af3!3744e999f10943db816091f6f29c5863
08:57:30 [WARNING] django.request - Not Found: /favicon.ico
08:57:54 [ERROR] daphne.server - Exception inside application: Error while reading from localhost:6379 : (10054, 'An existing connection was forcibly closed by the remote host', None, 10054, None)
Traceback (most recent call last):
  File "C:\Users\LOPEZHEJ\OneDrive - Luxottica Group S.p.A\Desktop\DJANGO NEXHUS\venv\Lib\site-packages\redis\asyncio\connection.py", line 543, in read_response
    response = await self._parser.read_response(
               ^^^^^^^^^^^^^^^^^^^^^^^^^^^^^^^^^
        disable_decoding=disable_decoding
        ^^^^^^^^^^^^^^^^^^^^^^^^^^^^^^^^^
    )
    ^
  File "C:\Users\LOPEZHEJ\OneDrive - Luxottica Group S.p.A\Desktop\DJANGO NEXHUS\venv\Lib\site-packages\redis\_parsers\resp2.py", line 82, in read_response
    response = await self._read_response(disable_decoding=disable_decoding)
               ^^^^^^^^^^^^^^^^^^^^^^^^^^^^^^^^^^^^^^^^^^^^^^^^^^^^^^^^^^^^
  File "C:\Users\LOPEZHEJ\OneDrive - Luxottica Group S.p.A\Desktop\DJANGO NEXHUS\venv\Lib\site-packages\redis\_parsers\resp2.py", line 90, in _read_response
    raw = await self._readline()
          ^^^^^^^^^^^^^^^^^^^^^^
  File "C:\Users\LOPEZHEJ\OneDrive - Luxottica Group S.p.A\Desktop\DJANGO NEXHUS\venv\Lib\site-packages\redis\_parsers\base.py", line 219, in _readline
    data = await self._stream.readline()
           ^^^^^^^^^^^^^^^^^^^^^^^^^^^^^
  File "C:\Users\LOPEZHEJ\AppData\Local\Programs\Python\Python313\Lib\asyncio\streams.py", line 562, in readline
    line = await self.readuntil(sep)
           ^^^^^^^^^^^^^^^^^^^^^^^^^
  File "C:\Users\LOPEZHEJ\AppData\Local\Programs\Python\Python313\Lib\asyncio\streams.py", line 677, in readuntil
    await self._wait_for_data('readuntil')
  File "C:\Users\LOPEZHEJ\AppData\Local\Programs\Python\Python313\Lib\asyncio\streams.py", line 539, in _wait_for_data
    await self._waiter
  File "C:\Users\LOPEZHEJ\AppData\Local\Programs\Python\Python313\Lib\asyncio\selector_events.py", line 1005, in _read_ready__data_received
    data = self._sock.recv(self.max_size)
ConnectionResetError: [WinError 10054] An existing connection was forcibly closed by the remote host

During handling of the above exception, another exception occurred:

Traceback (most recent call last):
  File "C:\Users\LOPEZHEJ\OneDrive - Luxottica Group S.p.A\Desktop\DJANGO NEXHUS\venv\Lib\site-packages\django\contrib\staticfiles\handlers.py", line 101, in __call__
    return await self.application(scope, receive, send)
           ^^^^^^^^^^^^^^^^^^^^^^^^^^^^^^^^^^^^^^^^^^^^
  File "C:\Users\LOPEZHEJ\OneDrive - Luxottica Group S.p.A\Desktop\DJANGO NEXHUS\venv\Lib\site-packages\channels\routing.py", line 62, in __call__
    return await application(scope, receive, send)
           ^^^^^^^^^^^^^^^^^^^^^^^^^^^^^^^^^^^^^^^
  File "C:\Users\LOPEZHEJ\OneDrive - Luxottica Group S.p.A\Desktop\DJANGO NEXHUS\venv\Lib\site-packages\channels\sessions.py", line 47, in __call__
    return await self.inner(dict(scope, cookies=cookies), receive, send)
           ^^^^^^^^^^^^^^^^^^^^^^^^^^^^^^^^^^^^^^^^^^^^^^^^^^^^^^^^^^^^^
  File "C:\Users\LOPEZHEJ\OneDrive - Luxottica Group S.p.A\Desktop\DJANGO NEXHUS\venv\Lib\site-packages\channels\sessions.py", line 263, in __call__
    return await self.inner(wrapper.scope, receive, wrapper.send)
           ^^^^^^^^^^^^^^^^^^^^^^^^^^^^^^^^^^^^^^^^^^^^^^^^^^^^^^
  File "C:\Users\LOPEZHEJ\OneDrive - Luxottica Group S.p.A\Desktop\DJANGO NEXHUS\venv\Lib\site-packages\channels\auth.py", line 185, in __call__
    return await super().__call__(scope, receive, send)
           ^^^^^^^^^^^^^^^^^^^^^^^^^^^^^^^^^^^^^^^^^^^^
  File "C:\Users\LOPEZHEJ\OneDrive - Luxottica Group S.p.A\Desktop\DJANGO NEXHUS\venv\Lib\site-packages\channels\middleware.py", line 24, in __call__
    return await self.inner(scope, receive, send)
           ^^^^^^^^^^^^^^^^^^^^^^^^^^^^^^^^^^^^^^
  File "C:\Users\LOPEZHEJ\OneDrive - Luxottica Group S.p.A\Desktop\DJANGO NEXHUS\venv\Lib\site-packages\channels\routing.py", line 132, in __call__
    return await application(
           ^^^^^^^^^^^^^^^^^^
    ...<10 lines>...
    )
    ^
  File "C:\Users\LOPEZHEJ\OneDrive - Luxottica Group S.p.A\Desktop\DJANGO NEXHUS\venv\Lib\site-packages\channels\consumer.py", line 94, in app
    return await consumer(scope, receive, send)
           ^^^^^^^^^^^^^^^^^^^^^^^^^^^^^^^^^^^^
  File "C:\Users\LOPEZHEJ\OneDrive - Luxottica Group S.p.A\Desktop\DJANGO NEXHUS\venv\Lib\site-packages\channels\consumer.py", line 58, in __call__
    await await_many_dispatch(
        [receive, self.channel_receive], self.dispatch
    )
  File "C:\Users\LOPEZHEJ\OneDrive - Luxottica Group S.p.A\Desktop\DJANGO NEXHUS\venv\Lib\site-packages\channels\utils.py", line 57, in await_many_dispatch
    await task
redis.exceptions.ConnectionError: Error while reading from localhost:6379 : (10054, 'An existing connection was forcibly closed by the remote host', None, 10054, None)
08:57:56 [INFO] queue_app.consumers - ws_connected channel=specific.79cd0267a376462caf9a80f7cae69af3!39a3d2ca7d6746a79f69f970fdc49b35
08:57:57 [ERROR] daphne.server - Exception inside application: 'NoneType' object has no attribute '_add_writer'
Traceback (most recent call last):
  File "C:\Users\LOPEZHEJ\OneDrive - Luxottica Group S.p.A\Desktop\DJANGO NEXHUS\venv\Lib\site-packages\django\contrib\staticfiles\handlers.py", line 101, in __call__
    return await self.application(scope, receive, send)
           ^^^^^^^^^^^^^^^^^^^^^^^^^^^^^^^^^^^^^^^^^^^^
  File "C:\Users\LOPEZHEJ\OneDrive - Luxottica Group S.p.A\Desktop\DJANGO NEXHUS\venv\Lib\site-packages\channels\routing.py", line 62, in __call__
    return await application(scope, receive, send)
           ^^^^^^^^^^^^^^^^^^^^^^^^^^^^^^^^^^^^^^^
  File "C:\Users\LOPEZHEJ\OneDrive - Luxottica Group S.p.A\Desktop\DJANGO NEXHUS\venv\Lib\site-packages\channels\sessions.py", line 47, in __call__
    return await self.inner(dict(scope, cookies=cookies), receive, send)
           ^^^^^^^^^^^^^^^^^^^^^^^^^^^^^^^^^^^^^^^^^^^^^^^^^^^^^^^^^^^^^
  File "C:\Users\LOPEZHEJ\OneDrive - Luxottica Group S.p.A\Desktop\DJANGO NEXHUS\venv\Lib\site-packages\channels\sessions.py", line 263, in __call__
    return await self.inner(wrapper.scope, receive, wrapper.send)
           ^^^^^^^^^^^^^^^^^^^^^^^^^^^^^^^^^^^^^^^^^^^^^^^^^^^^^^
  File "C:\Users\LOPEZHEJ\OneDrive - Luxottica Group S.p.A\Desktop\DJANGO NEXHUS\venv\Lib\site-packages\channels\auth.py", line 185, in __call__
    return await super().__call__(scope, receive, send)
           ^^^^^^^^^^^^^^^^^^^^^^^^^^^^^^^^^^^^^^^^^^^^
  File "C:\Users\LOPEZHEJ\OneDrive - Luxottica Group S.p.A\Desktop\DJANGO NEXHUS\venv\Lib\site-packages\channels\middleware.py", line 24, in __call__
    return await self.inner(scope, receive, send)
           ^^^^^^^^^^^^^^^^^^^^^^^^^^^^^^^^^^^^^^
  File "C:\Users\LOPEZHEJ\OneDrive - Luxottica Group S.p.A\Desktop\DJANGO NEXHUS\venv\Lib\site-packages\channels\routing.py", line 132, in __call__
    return await application(
           ^^^^^^^^^^^^^^^^^^
    ...<10 lines>...
    )
    ^
  File "C:\Users\LOPEZHEJ\OneDrive - Luxottica Group S.p.A\Desktop\DJANGO NEXHUS\venv\Lib\site-packages\channels\consumer.py", line 94, in app
    return await consumer(scope, receive, send)
           ^^^^^^^^^^^^^^^^^^^^^^^^^^^^^^^^^^^^
  File "C:\Users\LOPEZHEJ\OneDrive - Luxottica Group S.p.A\Desktop\DJANGO NEXHUS\venv\Lib\site-packages\channels\consumer.py", line 58, in __call__
    await await_many_dispatch(
        [receive, self.channel_receive], self.dispatch
    )
  File "C:\Users\LOPEZHEJ\OneDrive - Luxottica Group S.p.A\Desktop\DJANGO NEXHUS\venv\Lib\site-packages\channels\utils.py", line 57, in await_many_dispatch
    await task
AttributeError: 'NoneType' object has no attribute '_add_writer'
08:57:58 [INFO] queue_app.consumers - ws_connected channel=specific.79cd0267a376462caf9a80f7cae69af3!0f2689cabb2b450d89402d09c2b25bd2
08:58:06 [INFO] queue_app.consumers - ws_disconnected channel=specific.79cd0267a376462caf9a80f7cae69af3!0f2689cabb2b450d89402d09c2b25bd2 code=1001
08:58:07 [INFO] queue_app.consumers - ws_connected channel=specific.79cd0267a376462caf9a80f7cae69af3!6ccd80bd7aaf4a7e91b2ad714ad7cd0b
08:58:07 [WARNING] django.request - Not Found: /favicon.ico
08:58:28 [INFO] queue_app.views - scan_hu hu=TH0000235452 pallet=6 origin=THA
08:58:28 [INFO] queue_app.views - scan_hu hu=TH0000268286 pallet=6 origin=THA
08:58:28 [INFO] queue_app.views - scan_hu hu=TH0000268356 pallet=6 origin=THA
08:58:28 [INFO] queue_app.views - scan_hu hu=TH0000268224 pallet=6 origin=THA
08:58:28 [INFO] queue_app.views - scan_hu hu=TH0000268267 pallet=6 origin=THA
08:58:28 [INFO] queue_app.views - scan_hu hu=TH0000268200 pallet=6 origin=THA
08:58:29 [INFO] queue_app.views - scan_hu hu=TH0000268307 pallet=6 origin=THA
08:58:29 [INFO] queue_app.views - scan_hu hu=TH0000268240 pallet=6 origin=THA
08:58:29 [INFO] queue_app.views - scan_hu hu=TH0000268230 pallet=6 origin=THA
08:58:29 [WARNING] django.request - Conflict: /scan/
08:58:29 [WARNING] django.request - Conflict: /scan/
08:58:45 [WARNING] django.request - Conflict: /scan/
08:59:13 [WARNING] django.request - Conflict: /scan/
08:59:13 [WARNING] django.request - Conflict: /scan/
08:59:18 [WARNING] django.request - Conflict: /scan/
09:00:43 [INFO] queue_app.consumers - ws_disconnected channel=specific.79cd0267a376462caf9a80f7cae69af3!6ccd80bd7aaf4a7e91b2ad714ad7cd0b code=1001
09:00:44 [INFO] queue_app.consumers - ws_connected channel=specific.79cd0267a376462caf9a80f7cae69af3!f70bf9d6e0264272a9ab8144d55cb537
09:00:45 [WARNING] django.request - Not Found: /favicon.ico
09:00:56 [INFO] queue_app.consumers - ws_disconnected channel=specific.79cd0267a376462caf9a80f7cae69af3!f70bf9d6e0264272a9ab8144d55cb537 code=1001
09:00:56 [INFO] queue_app.consumers - ws_connected channel=specific.79cd0267a376462caf9a80f7cae69af3!3fbb513d80d14cc2ab787be490c5d6bc
09:00:57 [WARNING] django.request - Not Found: /favicon.ico
09:01:14 [INFO] queue_app.views - new_pallet created id=7
09:01:42 [INFO] core.sap_client - sap_multi_logon_option_selected
09:01:42 [INFO] queue_app.views - iniciar_sap_endpoint conexion exitosa user=LOPEZHJC
09:01:44 [INFO] queue_app.views - procesar_pendientes sequential_task_started count=9 pdf_count=0
09:02:02 [INFO] queue_app.views - scan_hu hu=T10045783581 pallet=7 origin=CNA
09:02:03 [INFO] queue_app.views - scan_hu hu=T10045783583 pallet=7 origin=CNA
09:02:03 [INFO] queue_app.views - scan_hu hu=T10045783578 pallet=7 origin=CNA
09:02:03 [INFO] queue_app.views - scan_hu hu=T10045840370 pallet=7 origin=CNA
09:02:03 [INFO] queue_app.views - scan_hu hu=T10045842295 pallet=7 origin=CNA
09:02:03 [INFO] queue_app.views - scan_hu hu=T10045783508 pallet=7 origin=CNA
09:02:03 [INFO] queue_app.views - scan_hu hu=T10045840371 pallet=7 origin=CNA
09:02:03 [INFO] queue_app.views - scan_hu hu=T10045842286 pallet=7 origin=CNA
09:02:03 [INFO] queue_app.views - scan_hu hu=T10045842285 pallet=7 origin=CNA
09:02:03 [INFO] queue_app.views - scan_hu hu=T10045783582 pallet=7 origin=CNA
09:03:06 [INFO] queue_app.views - new_pallet created id=8
09:04:02 [WARNING] core.sap_client - sap_session_not_alive error=(-2147483638, 'The data necessary to complete this operation is not yet available.', None, None)
09:17:36 [INFO] queue_app.consumers - ws_disconnected channel=specific.79cd0267a376462caf9a80f7cae69af3!3fbb513d80d14cc2ab787be490c5d6bc code=1006
