06:11:20 [INFO] core.queue_model — new_pallet id=1
06:21:57 [INFO] core.queue_model — new_pallet id=1
06:22:19 [INFO] core.queue_model — new_pallet id=1
06:22:31 [INFO] core.queue_model — new_pallet id=1
06:28:34 [INFO] core.queue_model — new_pallet id=1
06:28:46 [INFO] core.queue_model — new_pallet id=1
06:29:37 [INFO] core.queue_model — new_pallet id=1
06:31:20 [INFO] core.queue_model — new_pallet id=1
06:42:22 [INFO] core.queue_model — new_pallet id=1
06:44:12 [INFO] core.queue_model — new_pallet id=1
06:44:51 [INFO] core.queue_model — new_pallet id=1
06:48:25 [INFO] core.queue_model — new_pallet id=1
06:48:56 [INFO] core.queue_model — new_pallet id=1
06:50:09 [INFO] core.queue_model — new_pallet id=1
06:50:29 [INFO] core.queue_model — hu_added hu=2972642040 pallet=2 origin=ITA
06:50:39 [INFO] core.queue_model — new_pallet id=1
06:50:43 [INFO] core.queue_model — hu_added hu=2972642040 pallet=2 origin=ITA
06:50:46 [INFO] core.queue_model — queue_worker_started dynamic_print_mode
06:50:46 [INFO] core.sap_client — sap_connected system=LUP user=LOPEZHJC
06:50:46 [INFO] core.queue_model — queue_worker_sap_connected
06:50:46 [INFO] core.sap_client — setup_phase1_start
06:50:51 [INFO] core.sap_client — tx_opened code=/nZMOVEINBHU current_tx=ZMOVEINBHU
06:50:51 [INFO] core.sap_client — phase1_ready — ctxtP_HU confirmed
06:50:54 [INFO] core.sap_client — hu_phase1_duplicate hu=2972642040
06:50:54 [INFO] core.sap_client — setup_phase2_start
06:50:59 [INFO] core.sap_client — tx_opened code=/nZMMTIJSEP current_tx=ZMMTIJSEP
06:50:59 [INFO] core.sap_client — phase2_ready — txtGV_HU confirmed
06:51:00 [INFO] core.sap_client — hu_phase2_ok hu=2972642040 duration_ms=1002
06:51:00 [INFO] core.queue_model — pallet_boundary single_hu pallet=2 accumulated=[2]
06:51:00 [INFO] core.queue_model — flush_single_hu_pallets pallets=[2] hu_codes=['2972642040']
06:51:06 [INFO] core.sap_client — tx_opened code=/nSP01 current_tx=SP01
06:51:10 [INFO] core.sap_client — sp01_row_marked row=4 title=CN-CON-003_00000000002972642040_20260401105416
06:51:12 [INFO] core.sap_client — sp01_print_confirmed via=btn[13] marked=1
06:51:14 [INFO] core.sap_client — sp01_global_done result={'status': 'ok', 'message': 'SP01 OK — 1 spool(s) impreso(s)', 'marked': 1}
06:51:14 [INFO] core.queue_model — queue_worker_stopped
06:51:14 [INFO] core.queue_model — queue_worker_stop_requested
06:51:47 [WARNING] core.queue_model — hu_duplicate_scan hu=2972642040
06:52:12 [INFO] core.queue_model — queue_worker_stop_requested
06:52:15 [INFO] core.queue_model — new_pallet id=1
06:53:33 [INFO] core.queue_model — new_pallet id=2
06:53:34 [INFO] core.queue_model — new_pallet id=3
06:53:34 [INFO] core.queue_model — new_pallet id=4
06:53:37 [INFO] core.queue_model — new_pallet id=5
06:53:38 [INFO] core.queue_model — new_pallet id=6
06:53:42 [INFO] core.queue_model — new_pallet id=1
06:58:17 [INFO] core.queue_model — new_pallet id=1
06:59:06 [INFO] core.queue_model — new_pallet id=1
06:59:46 [INFO] core.queue_model — new_pallet id=1
07:02:21 [INFO] core.queue_model — new_pallet id=1
07:04:02 [INFO] core.queue_model — new_pallet id=1
07:05:05 [INFO] core.queue_model — new_pallet id=1
07:05:52 [INFO] core.queue_model — new_pallet id=1
07:06:11 [INFO] core.queue_model — new_pallet id=1
07:06:41 [INFO] core.queue_model — new_pallet id=1
07:06:58 [INFO] core.queue_model — new_pallet id=1
07:07:54 [INFO] core.queue_model — new_pallet id=1
07:09:04 [INFO] core.queue_model — new_pallet id=1
07:09:31 [INFO] core.queue_model — new_pallet id=1
07:09:35 [INFO] core.queue_model — new_pallet id=1
07:11:24 [INFO] core.queue_model — new_pallet id=1
07:12:24 [INFO] core.queue_model — new_pallet id=1
07:13:52 [INFO] core.queue_model — new_pallet id=1
07:14:21 [INFO] core.queue_model — new_pallet id=1
07:14:53 [INFO] core.queue_model — new_pallet id=1
07:15:17 [INFO] core.queue_model — new_pallet id=1
07:17:12 [INFO] core.queue_model — new_pallet id=1
07:19:22 [INFO] core.queue_model — new_pallet id=1
07:26:35 [INFO] core.queue_model — new_pallet id=1
07:27:34 [INFO] core.queue_model — new_pallet id=1
07:30:37 [INFO] core.queue_model — new_pallet id=1
07:31:27 [INFO] core.queue_model — new_pallet id=1
07:32:52 [INFO] core.queue_model — new_pallet id=1
07:34:28 [INFO] core.queue_model — new_pallet id=1
07:38:35 [INFO] core.queue_model — new_pallet id=1
07:40:11 [INFO] core.queue_model — new_pallet id=1
07:40:53 [INFO] core.queue_model — new_pallet id=1
07:42:22 [INFO] core.queue_model — hu_added hu=ELPS000083205 pallet=1 origin=UNK
07:42:27 [INFO] core.queue_model — hu_added hu=ELPS000083257 pallet=1 origin=UNK
07:42:47 [INFO] core.queue_model — hu_added hu=ELPS000083264 pallet=1 origin=UNK
07:42:57 [INFO] core.queue_model — hu_added hu=ELPS000083158 pallet=1 origin=UNK
07:43:06 [INFO] core.queue_model — hu_added hu=ELPS000083227 pallet=1 origin=UNK
07:43:09 [INFO] core.queue_model — hu_added hu=ELPS000083210 pallet=1 origin=UNK
07:43:15 [INFO] core.queue_model — hu_added hu=ELPS000083171 pallet=1 origin=UNK
07:43:19 [INFO] core.queue_model — hu_added hu=ELPS000083137 pallet=1 origin=UNK
07:43:25 [INFO] core.queue_model — hu_added hu=ELPS000083147 pallet=1 origin=UNK
07:43:37 [INFO] core.queue_model — hu_added hu=ELPS000083189 pallet=1 origin=UNK
07:44:17 [INFO] core.queue_model — hu_added hu=2972579934 pallet=2 origin=ITA
07:44:20 [INFO] core.queue_model — hu_added hu=2972572493 pallet=3 origin=ITA
07:44:49 [INFO] core.queue_model — hu_added hu=2972572495 pallet=4 origin=ITA
07:44:54 [INFO] core.queue_model — hu_added hu=2972593298 pallet=5 origin=ITA
07:45:19 [INFO] core.queue_model — queue_worker_started dynamic_print_mode
07:45:19 [INFO] core.sap_client — sap_connected system=LUP user=LOPEZHJC
07:45:19 [INFO] core.queue_model — queue_worker_sap_connected
07:45:19 [INFO] core.sap_client — setup_phase1_start
07:45:25 [INFO] core.sap_client — tx_opened code=/nZMOVEINBHU current_tx=ZMOVEINBHU
07:45:25 [INFO] core.sap_client — phase1_ready — ctxtP_HU confirmed
07:45:32 [INFO] core.sap_client — hu_phase1_ok hu=ELPS000083205
07:45:32 [INFO] core.sap_client — setup_phase2_start
07:45:37 [INFO] core.sap_client — tx_opened code=/nZMMTIJSEP current_tx=ZMMTIJSEP
07:45:37 [INFO] core.sap_client — phase2_ready — txtGV_HU confirmed
07:45:38 [INFO] core.sap_client — hu_phase2_ok hu=ELPS000083205 duration_ms=1002
07:45:38 [INFO] core.sap_client — setup_phase1_start
07:45:43 [INFO] core.sap_client — tx_opened code=/nZMOVEINBHU current_tx=ZMOVEINBHU
07:45:44 [INFO] core.sap_client — phase1_ready — ctxtP_HU confirmed
07:45:49 [INFO] core.sap_client — hu_phase1_ok hu=ELPS000083257
07:45:49 [WARNING] core.sap_client — phase2_wrong_screen hu=ELPS000083257 — re-navigating
07:45:49 [INFO] core.sap_client — setup_phase2_start
07:45:54 [INFO] core.sap_client — tx_opened code=/nZMMTIJSEP current_tx=ZMMTIJSEP
07:45:54 [INFO] core.sap_client — phase2_ready — txtGV_HU confirmed
07:45:55 [INFO] core.sap_client — hu_phase2_ok hu=ELPS000083257 duration_ms=6257
07:45:55 [WARNING] core.sap_client — phase1_wrong_screen hu=ELPS000083264 — re-navigating
07:45:55 [INFO] core.sap_client — setup_phase1_start
07:46:01 [INFO] core.sap_client — tx_opened code=/nZMOVEINBHU current_tx=ZMOVEINBHU
07:46:01 [INFO] core.sap_client — phase1_ready — ctxtP_HU confirmed
07:46:06 [INFO] core.sap_client — hu_phase1_ok hu=ELPS000083264
07:46:06 [WARNING] core.sap_client — phase2_wrong_screen hu=ELPS000083264 — re-navigating
07:46:06 [INFO] core.sap_client — setup_phase2_start
07:46:12 [INFO] core.sap_client — tx_opened code=/nZMMTIJSEP current_tx=ZMMTIJSEP
07:46:12 [INFO] core.sap_client — phase2_ready — txtGV_HU confirmed
07:46:13 [INFO] core.sap_client — hu_phase2_ok hu=ELPS000083264 duration_ms=6303
07:46:13 [WARNING] core.sap_client — phase1_wrong_screen hu=ELPS000083158 — re-navigating
07:46:13 [INFO] core.sap_client — setup_phase1_start
07:46:18 [INFO] core.sap_client — tx_opened code=/nZMOVEINBHU current_tx=ZMOVEINBHU
07:46:18 [INFO] core.sap_client — phase1_ready — ctxtP_HU confirmed
07:46:24 [INFO] core.sap_client — hu_phase1_ok hu=ELPS000083158
07:46:24 [WARNING] core.sap_client — phase2_wrong_screen hu=ELPS000083158 — re-navigating
07:46:24 [INFO] core.sap_client — setup_phase2_start
07:46:29 [INFO] core.sap_client — tx_opened code=/nZMMTIJSEP current_tx=ZMMTIJSEP
07:46:29 [INFO] core.sap_client — phase2_ready — txtGV_HU confirmed
07:46:30 [INFO] core.sap_client — hu_phase2_ok hu=ELPS000083158 duration_ms=6260
07:46:30 [WARNING] core.sap_client — phase1_wrong_screen hu=ELPS000083227 — re-navigating
07:46:30 [INFO] core.sap_client — setup_phase1_start
07:46:35 [INFO] core.sap_client — tx_opened code=/nZMOVEINBHU current_tx=ZMOVEINBHU
07:46:35 [INFO] core.sap_client — phase1_ready — ctxtP_HU confirmed
07:46:40 [INFO] core.sap_client — hu_phase1_ok hu=ELPS000083227
07:46:40 [WARNING] core.sap_client — phase2_wrong_screen hu=ELPS000083227 — re-navigating
07:46:40 [INFO] core.sap_client — setup_phase2_start
07:46:45 [INFO] core.sap_client — tx_opened code=/nZMMTIJSEP current_tx=ZMMTIJSEP
07:46:45 [INFO] core.sap_client — phase2_ready — txtGV_HU confirmed
07:46:46 [INFO] core.sap_client — hu_phase2_ok hu=ELPS000083227 duration_ms=6212
07:46:46 [WARNING] core.sap_client — phase1_wrong_screen hu=ELPS000083210 — re-navigating
07:46:46 [INFO] core.sap_client — setup_phase1_start
07:46:52 [INFO] core.sap_client — tx_opened code=/nZMOVEINBHU current_tx=ZMOVEINBHU
07:46:52 [INFO] core.sap_client — phase1_ready — ctxtP_HU confirmed
07:46:56 [INFO] core.sap_client — hu_phase1_ok hu=ELPS000083210
07:46:56 [WARNING] core.sap_client — phase2_wrong_screen hu=ELPS000083210 — re-navigating
07:46:56 [INFO] core.sap_client — setup_phase2_start
07:47:02 [INFO] core.sap_client — tx_opened code=/nZMMTIJSEP current_tx=ZMMTIJSEP
07:47:02 [INFO] core.sap_client — phase2_ready — txtGV_HU confirmed
07:47:02 [INFO] core.sap_client — hu_phase2_ok hu=ELPS000083210 duration_ms=6201
07:47:03 [WARNING] core.sap_client — phase1_wrong_screen hu=ELPS000083171 — re-navigating
07:47:03 [INFO] core.sap_client — setup_phase1_start
07:47:08 [INFO] core.sap_client — tx_opened code=/nZMOVEINBHU current_tx=ZMOVEINBHU
07:47:08 [INFO] core.sap_client — phase1_ready — ctxtP_HU confirmed
07:47:13 [INFO] core.sap_client — hu_phase1_ok hu=ELPS000083171
07:47:13 [WARNING] core.sap_client — phase2_wrong_screen hu=ELPS000083171 — re-navigating
07:47:13 [INFO] core.sap_client — setup_phase2_start
07:47:18 [INFO] core.sap_client — tx_opened code=/nZMMTIJSEP current_tx=ZMMTIJSEP
07:47:19 [INFO] core.sap_client — phase2_ready — txtGV_HU confirmed
07:47:19 [INFO] core.sap_client — hu_phase2_ok hu=ELPS000083171 duration_ms=6127
07:47:19 [WARNING] core.sap_client — phase1_wrong_screen hu=ELPS000083137 — re-navigating
07:47:19 [INFO] core.sap_client — setup_phase1_start
07:47:25 [INFO] core.sap_client — tx_opened code=/nZMOVEINBHU current_tx=ZMOVEINBHU
07:47:25 [INFO] core.sap_client — phase1_ready — ctxtP_HU confirmed
07:47:31 [INFO] core.sap_client — hu_phase1_ok hu=ELPS000083137
07:47:31 [WARNING] core.sap_client — phase2_wrong_screen hu=ELPS000083137 — re-navigating
07:47:31 [INFO] core.sap_client — setup_phase2_start
07:47:36 [INFO] core.sap_client — tx_opened code=/nZMMTIJSEP current_tx=ZMMTIJSEP
07:47:36 [INFO] core.sap_client — phase2_ready — txtGV_HU confirmed
07:47:37 [INFO] core.sap_client — hu_phase2_ok hu=ELPS000083137 duration_ms=6472
07:47:37 [WARNING] core.sap_client — phase1_wrong_screen hu=ELPS000083147 — re-navigating
07:47:37 [INFO] core.sap_client — setup_phase1_start
07:47:43 [INFO] core.sap_client — tx_opened code=/nZMOVEINBHU current_tx=ZMOVEINBHU
07:47:43 [INFO] core.sap_client — phase1_ready — ctxtP_HU confirmed
07:47:47 [INFO] core.sap_client — hu_phase1_ok hu=ELPS000083147
07:47:47 [WARNING] core.sap_client — phase2_wrong_screen hu=ELPS000083147 — re-navigating
07:47:47 [INFO] core.sap_client — setup_phase2_start
07:47:53 [INFO] core.sap_client — tx_opened code=/nZMMTIJSEP current_tx=ZMMTIJSEP
07:47:53 [INFO] core.sap_client — phase2_ready — txtGV_HU confirmed
07:47:53 [INFO] core.sap_client — hu_phase2_ok hu=ELPS000083147 duration_ms=6056
07:47:53 [WARNING] core.sap_client — phase1_wrong_screen hu=ELPS000083189 — re-navigating
07:47:53 [INFO] core.sap_client — setup_phase1_start
07:47:59 [INFO] core.sap_client — tx_opened code=/nZMOVEINBHU current_tx=ZMOVEINBHU
07:47:59 [INFO] core.sap_client — phase1_ready — ctxtP_HU confirmed
07:48:04 [INFO] core.sap_client — hu_phase1_ok hu=ELPS000083189
07:48:04 [WARNING] core.sap_client — phase2_wrong_screen hu=ELPS000083189 — re-navigating
07:48:04 [INFO] core.sap_client — setup_phase2_start
07:48:10 [INFO] core.sap_client — tx_opened code=/nZMMTIJSEP current_tx=ZMMTIJSEP
07:48:10 [INFO] core.sap_client — phase2_ready — txtGV_HU confirmed
07:48:10 [INFO] core.sap_client — hu_phase2_ok hu=ELPS000083189 duration_ms=6268
07:48:10 [INFO] core.queue_model — pallet_boundary multi_hu pallet=1 count=10 hu_codes=['ELPS000083205', 'ELPS000083257', 'ELPS000083264', 'ELPS000083158', 'ELPS000083227', 'ELPS000083210', 'ELPS000083171', 'ELPS000083137', 'ELPS000083147', 'ELPS000083189']
07:48:16 [INFO] core.sap_client — tx_opened code=/nSP01 current_tx=SP01
07:48:21 [INFO] core.sap_client — sp01_row_marked row=4 title=CN-CON-003_ELPS000083147_20260401144753
07:48:21 [INFO] core.sap_client — sp01_row_marked row=6 title=CN-CON-003_ELPS000083137_20260401144737
07:48:21 [INFO] core.sap_client — sp01_row_marked row=8 title=CN-CON-003_ELPS000083171_20260401144719
07:48:21 [INFO] core.sap_client — sp01_row_marked row=10 title=CN-CON-003_ELPS000083210_20260401144702
07:48:21 [INFO] core.sap_client — sp01_row_marked row=12 title=CN-CON-003_ELPS000083227_20260401144646
07:48:21 [INFO] core.sap_client — sp01_row_marked row=14 title=CN-CON-003_ELPS000083158_20260401144630
07:48:21 [INFO] core.sap_client — sp01_row_marked row=16 title=CN-CON-003_ELPS000083264_20260401144612
07:48:21 [INFO] core.sap_client — sp01_row_marked row=18 title=CN-CON-003_ELPS000083257_20260401144555
07:48:21 [INFO] core.sap_client — sp01_row_marked row=20 title=CN-CON-003_ELPS000083205_20260401144538
07:48:23 [INFO] core.sap_client — sp01_print_confirmed via=btn[25] marked=9
07:48:25 [INFO] core.sap_client — sp01_pallet_done result={'status': 'ok', 'message': 'SP01 OK — 9 spool(s) impreso(s)', 'marked': 9} hu_codes=['ELPS000083205', 'ELPS000083257', 'ELPS000083264', 'ELPS000083158', 'ELPS000083227', 'ELPS000083210', 'ELPS000083171', 'ELPS000083137', 'ELPS000083147', 'ELPS000083189']
07:48:25 [INFO] core.queue_model — sp01_pallet_result={'status': 'ok', 'message': 'SP01 OK — 9 spool(s) impreso(s)', 'marked': 9}
07:49:50 [INFO] core.queue_model — queue_worker_resumed_by_ui
07:49:50 [INFO] core.queue_model — queue_worker_resumed_processing
07:49:50 [INFO] core.sap_client — setup_phase1_start
07:49:56 [INFO] core.sap_client — tx_opened code=/nZMOVEINBHU current_tx=ZMOVEINBHU
07:49:56 [INFO] core.sap_client — phase1_ready — ctxtP_HU confirmed
07:50:00 [INFO] core.sap_client — hu_phase1_ok hu=2972579934
07:50:00 [INFO] core.sap_client — setup_phase2_start
07:50:05 [INFO] core.sap_client — tx_opened code=/nZMMTIJSEP current_tx=ZMMTIJSEP
07:50:05 [INFO] core.sap_client — phase2_ready — txtGV_HU confirmed
07:50:06 [INFO] core.sap_client — hu_phase2_ok hu=2972579934 duration_ms=1001
07:50:06 [INFO] core.queue_model — pallet_boundary single_hu pallet=2 accumulated=[2]
07:50:06 [INFO] core.sap_client — setup_phase1_start
07:50:11 [INFO] core.sap_client — tx_opened code=/nZMOVEINBHU current_tx=ZMOVEINBHU
07:50:11 [INFO] core.sap_client — phase1_ready — ctxtP_HU confirmed
07:50:15 [INFO] core.sap_client — hu_phase1_ok hu=2972572493
07:50:15 [WARNING] core.sap_client — phase2_wrong_screen hu=2972572493 — re-navigating
07:50:15 [INFO] core.sap_client — setup_phase2_start
07:50:20 [INFO] core.sap_client — tx_opened code=/nZMMTIJSEP current_tx=ZMMTIJSEP
07:50:20 [INFO] core.sap_client — phase2_ready — txtGV_HU confirmed
07:50:21 [INFO] core.sap_client — hu_phase2_ok hu=2972572493 duration_ms=6089
07:50:21 [INFO] core.queue_model — pallet_boundary single_hu pallet=3 accumulated=[2, 3]
07:50:21 [WARNING] core.sap_client — phase1_wrong_screen hu=2972572495 — re-navigating
07:50:21 [INFO] core.sap_client — setup_phase1_start
07:50:27 [INFO] core.sap_client — tx_opened code=/nZMOVEINBHU current_tx=ZMOVEINBHU
07:50:27 [INFO] core.sap_client — phase1_ready — ctxtP_HU confirmed
07:50:30 [INFO] core.sap_client — hu_phase1_ok hu=2972572495
07:50:30 [WARNING] core.sap_client — phase2_wrong_screen hu=2972572495 — re-navigating
07:50:30 [INFO] core.sap_client — setup_phase2_start
07:50:35 [INFO] core.sap_client — tx_opened code=/nZMMTIJSEP current_tx=ZMMTIJSEP
07:50:35 [INFO] core.sap_client — phase2_ready — txtGV_HU confirmed
07:50:36 [INFO] core.sap_client — hu_phase2_ok hu=2972572495 duration_ms=6125
07:50:36 [INFO] core.queue_model — pallet_boundary single_hu pallet=4 accumulated=[2, 3, 4]
07:50:36 [WARNING] core.sap_client — phase1_wrong_screen hu=2972593298 — re-navigating
07:50:36 [INFO] core.sap_client — setup_phase1_start
07:50:42 [INFO] core.sap_client — tx_opened code=/nZMOVEINBHU current_tx=ZMOVEINBHU
07:50:42 [INFO] core.sap_client — phase1_ready — ctxtP_HU confirmed
07:50:45 [INFO] core.sap_client — hu_phase1_ok hu=2972593298
07:50:45 [WARNING] core.sap_client — phase2_wrong_screen hu=2972593298 — re-navigating
07:50:45 [INFO] core.sap_client — setup_phase2_start
07:50:50 [INFO] core.sap_client — tx_opened code=/nZMMTIJSEP current_tx=ZMMTIJSEP
07:50:50 [INFO] core.sap_client — phase2_ready — txtGV_HU confirmed
07:50:51 [INFO] core.sap_client — hu_phase2_ok hu=2972593298 duration_ms=6026
07:50:51 [INFO] core.queue_model — pallet_boundary single_hu pallet=5 accumulated=[2, 3, 4, 5]
07:50:51 [INFO] core.queue_model — flush_single_hu_pallets pallets=[2, 3, 4, 5] hu_codes=['2972579934', '2972572493', '2972572495', '2972593298']
07:50:56 [INFO] core.sap_client — tx_opened code=/nSP01 current_tx=SP01
07:51:01 [INFO] core.sap_client — sp01_row_marked row=4 title=CN-CON-003_00000000002972593298_20260401145051
07:51:01 [INFO] core.sap_client — sp01_row_marked row=6 title=CN-CON-003_00000000002972572495_20260401145036
07:51:01 [INFO] core.sap_client — sp01_row_marked row=8 title=CN-CON-003_00000000002972572493_20260401145021
07:51:01 [INFO] core.sap_client — sp01_row_marked row=10 title=CN-CON-003_00000000002972579934_20260401145006
07:51:03 [INFO] core.sap_client — sp01_print_confirmed via=btn[25] marked=4
07:51:05 [INFO] core.sap_client — sp01_global_done result={'status': 'ok', 'message': 'SP01 OK — 4 spool(s) impreso(s)', 'marked': 4}
07:51:05 [INFO] core.queue_model — queue_worker_stopped
07:51:06 [INFO] core.queue_model — queue_worker_stop_requested
08:38:41 [INFO] core.queue_model — new_pallet id=1
08:38:55 [INFO] core.queue_model — new_pallet id=1
08:39:08 [INFO] core.queue_model — new_pallet id=1
08:39:19 [INFO] core.queue_model — new_pallet id=1
08:39:30 [INFO] core.queue_model — new_pallet id=1
08:39:39 [INFO] core.queue_model — new_pallet id=1
08:41:57 [INFO] core.queue_model — new_pallet id=1
08:42:03 [INFO] core.queue_model — new_pallet id=1
08:43:16 [INFO] core.queue_model — new_pallet id=1
08:45:46 [INFO] core.queue_model — new_pallet id=1
08:45:49 [INFO] core.queue_model — hu_added hu=70382301 pallet=1 origin=UNK
08:45:57 [INFO] core.queue_model — new_pallet id=1
08:45:59 [INFO] core.queue_model — hu_added hu=ELPS000083205 pallet=1 origin=ELPS
09:00:29 [INFO] core.queue_model — new_pallet id=1
09:00:31 [INFO] core.queue_model — hu_added hu=C1012089473 pallet=1 origin=ATL/BRA
09:00:40 [INFO] core.queue_model — new_pallet id=1
09:00:42 [INFO] core.queue_model — hu_added hu=C1012089473 pallet=1 origin=BRA/CNA/ATL
09:01:24 [INFO] core.queue_model — new_pallet id=1
09:01:26 [INFO] core.queue_model — hu_added hu=C1012089473 pallet=1 origin=BRA/CNA/ATL
09:01:50 [INFO] core.queue_model — new_pallet id=1
09:01:51 [INFO] core.queue_model — hu_added hu=C1012089473 pallet=1 origin=BRA/CNA/ATL
09:09:07 [INFO] core.queue_model — new_pallet id=1
09:09:10 [INFO] core.queue_model — hu_added hu=ELPS000083205 pallet=2 origin=FHR
10:01:15 [INFO] core.queue_model — new_pallet id=1
10:01:20 [INFO] core.queue_model — hu_added hu=ELPS000083189 pallet=1 origin=FHR
10:01:25 [INFO] core.queue_model — hu_added hu=ELPS000083205 pallet=2 origin=FHR
10:01:44 [INFO] core.queue_model — new_pallet id=1
10:06:05 [INFO] core.queue_model — hu_added hu=ELPS000083181 pallet=1 origin=FHR
10:06:22 [INFO] core.queue_model — hu_added hu=ELPS000083279 pallet=2 origin=FHR
10:06:49 [INFO] core.queue_model — hu_added hu=ELPS000083217 pallet=3 origin=FHR
10:06:57 [INFO] core.queue_model — hu_added hu=ELPS000083242 pallet=4 origin=FHR
10:07:07 [INFO] core.queue_model — hu_added hu=ELPS000083257 pallet=5 origin=FHR
10:07:51 [INFO] core.queue_model — queue_worker_started dynamic_print_mode
10:07:52 [INFO] core.sap_client — sap_connected system=LUP user=LOPEZHJC
10:07:52 [INFO] core.queue_model — queue_worker_sap_connected
10:07:52 [INFO] core.sap_client — setup_phase1_start
10:07:57 [INFO] core.sap_client — tx_opened code=/nZMOVEINBHU current_tx=ZMOVEINBHU
10:07:57 [INFO] core.sap_client — phase1_ready — ctxtP_HU confirmed
10:08:02 [INFO] core.sap_client — hu_phase1_ok hu=ELPS000083181
10:08:02 [INFO] core.sap_client — setup_phase2_start
10:08:07 [INFO] core.sap_client — tx_opened code=/nZMMTIJSEP current_tx=ZMMTIJSEP
10:08:07 [INFO] core.sap_client — phase2_ready — txtGV_HU confirmed
10:08:09 [INFO] core.sap_client — hu_phase2_ok hu=ELPS000083181 duration_ms=1316
10:08:09 [INFO] core.queue_model — pallet_boundary single_hu pallet=1 accumulated=[1]
10:08:09 [INFO] core.sap_client — setup_phase1_start
10:08:14 [INFO] core.sap_client — tx_opened code=/nZMOVEINBHU current_tx=ZMOVEINBHU
10:08:14 [INFO] core.sap_client — phase1_ready — ctxtP_HU confirmed
10:08:20 [INFO] core.sap_client — hu_phase1_ok hu=ELPS000083279
10:08:20 [WARNING] core.sap_client — phase2_wrong_screen hu=ELPS000083279 — re-navigating
10:08:20 [INFO] core.sap_client — setup_phase2_start
10:08:25 [INFO] core.sap_client — tx_opened code=/nZMMTIJSEP current_tx=ZMMTIJSEP
10:08:25 [INFO] core.sap_client — phase2_ready — txtGV_HU confirmed
10:08:26 [INFO] core.sap_client — hu_phase2_ok hu=ELPS000083279 duration_ms=6103
10:08:26 [INFO] core.queue_model — pallet_boundary single_hu pallet=2 accumulated=[1, 2]
10:08:26 [WARNING] core.sap_client — phase1_wrong_screen hu=ELPS000083217 — re-navigating
10:08:26 [INFO] core.sap_client — setup_phase1_start
10:08:32 [INFO] core.sap_client — tx_opened code=/nZMOVEINBHU current_tx=ZMOVEINBHU
10:08:32 [INFO] core.sap_client — phase1_ready — ctxtP_HU confirmed
10:08:37 [INFO] core.sap_client — hu_phase1_ok hu=ELPS000083217
10:08:37 [WARNING] core.sap_client — phase2_wrong_screen hu=ELPS000083217 — re-navigating
10:08:37 [INFO] core.sap_client — setup_phase2_start
10:08:42 [INFO] core.sap_client — tx_opened code=/nZMMTIJSEP current_tx=ZMMTIJSEP
10:08:42 [INFO] core.sap_client — phase2_ready — txtGV_HU confirmed
10:08:43 [INFO] core.sap_client — hu_phase2_ok hu=ELPS000083217 duration_ms=6099
10:08:43 [INFO] core.queue_model — pallet_boundary single_hu pallet=3 accumulated=[1, 2, 3]
10:08:43 [WARNING] core.sap_client — phase1_wrong_screen hu=ELPS000083242 — re-navigating
10:08:43 [INFO] core.sap_client — setup_phase1_start
10:08:48 [INFO] core.sap_client — tx_opened code=/nZMOVEINBHU current_tx=ZMOVEINBHU
10:08:48 [INFO] core.sap_client — phase1_ready — ctxtP_HU confirmed
10:08:53 [INFO] core.sap_client — hu_phase1_ok hu=ELPS000083242
10:08:53 [WARNING] core.sap_client — phase2_wrong_screen hu=ELPS000083242 — re-navigating
10:08:53 [INFO] core.sap_client — setup_phase2_start
10:08:58 [INFO] core.sap_client — tx_opened code=/nZMMTIJSEP current_tx=ZMMTIJSEP
10:08:58 [INFO] core.sap_client — phase2_ready — txtGV_HU confirmed
10:08:59 [INFO] core.sap_client — hu_phase2_ok hu=ELPS000083242 duration_ms=6199
10:08:59 [INFO] core.queue_model — pallet_boundary single_hu pallet=4 accumulated=[1, 2, 3, 4]
10:08:59 [WARNING] core.sap_client — phase1_wrong_screen hu=ELPS000083257 — re-navigating
10:08:59 [INFO] core.sap_client — setup_phase1_start
10:09:04 [INFO] core.sap_client — tx_opened code=/nZMOVEINBHU current_tx=ZMOVEINBHU
10:09:04 [INFO] core.sap_client — phase1_ready — ctxtP_HU confirmed
10:09:07 [INFO] core.sap_client — hu_phase1_duplicate hu=ELPS000083257
10:09:07 [WARNING] core.sap_client — phase2_wrong_screen hu=ELPS000083257 — re-navigating
10:09:07 [INFO] core.sap_client — setup_phase2_start
10:09:12 [INFO] core.sap_client — tx_opened code=/nZMMTIJSEP current_tx=ZMMTIJSEP
10:09:13 [INFO] core.sap_client — phase2_ready — txtGV_HU confirmed
10:09:13 [INFO] core.sap_client — hu_phase2_ok hu=ELPS000083257 duration_ms=5741
10:09:13 [INFO] core.queue_model — pallet_boundary single_hu pallet=5 accumulated=[1, 2, 3, 4, 5]
10:09:13 [INFO] core.queue_model — flush_single_hu_pallets pallets=[1, 2, 3, 4, 5] hu_codes=['ELPS000083181', 'ELPS000083279', 'ELPS000083217', 'ELPS000083242', 'ELPS000083257']
10:09:18 [INFO] core.sap_client — tx_opened code=/nSP01 current_tx=SP01
10:09:23 [INFO] core.sap_client — sp01_row_marked row=4 title=CN-CON-003_ELPS000083257_20260401144555
10:09:23 [INFO] core.sap_client — sp01_row_marked row=6 title=CN-CON-003_ELPS000083242_20260401170858
10:09:23 [INFO] core.sap_client — sp01_row_marked row=8 title=CN-CON-003_ELPS000083217_20260401170843
10:09:23 [INFO] core.sap_client — sp01_row_marked row=10 title=CN-CON-003_ELPS000083279_20260401170826
10:09:23 [INFO] core.sap_client — sp01_row_marked row=12 title=CN-CON-003_ELPS000083181_20260401170808
10:09:25 [INFO] core.sap_client — sp01_print_confirmed via=btn[25] marked=5
10:09:27 [INFO] core.sap_client — sp01_global_done result={'status': 'ok', 'message': 'SP01 OK — 5 spool(s) impreso(s)', 'marked': 5}
10:09:27 [INFO] core.queue_model — queue_worker_stopped
10:09:27 [INFO] core.queue_model — queue_worker_stop_requested
10:15:35 [INFO] core.queue_model — new_pallet id=6
10:18:38 [INFO] core.queue_model — hu_added hu=T10045831746 pallet=6 origin=UNK
10:18:48 [INFO] core.queue_model — hu_added hu=T10045836194 pallet=6 origin=UNK
10:18:49 [INFO] core.queue_model — hu_added hu=T10045856597 pallet=6 origin=UNK
10:18:55 [INFO] core.queue_model — queue_worker_started dynamic_print_mode
10:18:55 [INFO] core.sap_client — sap_connected system=LUP user=LOPEZHJC
10:18:55 [INFO] core.queue_model — queue_worker_sap_connected
10:18:55 [INFO] core.sap_client — setup_phase1_start
10:19:01 [INFO] core.sap_client — tx_opened code=/nZMOVEINBHU current_tx=ZMOVEINBHU
10:19:01 [INFO] core.sap_client — phase1_ready — ctxtP_HU confirmed
10:19:02 [INFO] core.queue_model — hu_added hu=T10045831749 pallet=6 origin=UNK
10:19:05 [INFO] core.sap_client — hu_phase1_ok hu=T10045831746
10:19:05 [INFO] core.sap_client — setup_phase2_start
10:19:07 [INFO] core.queue_model — hu_added hu=T10045865320 pallet=6 origin=UNK
10:19:10 [INFO] core.sap_client — tx_opened code=/nZMMTIJSEP current_tx=ZMMTIJSEP
10:19:10 [INFO] core.sap_client — phase2_ready — txtGV_HU confirmed
10:19:11 [INFO] core.sap_client — hu_phase2_ok hu=T10045831746 duration_ms=1001
10:19:11 [INFO] core.sap_client — setup_phase1_start
10:19:12 [INFO] core.queue_model — hu_added hu=T10045831747 pallet=6 origin=UNK
10:19:17 [INFO] core.sap_client — tx_opened code=/nZMOVEINBHU current_tx=ZMOVEINBHU
10:19:17 [INFO] core.sap_client — phase1_ready — ctxtP_HU confirmed
10:19:20 [INFO] core.sap_client — hu_phase1_ok hu=T10045836194
10:19:20 [WARNING] core.sap_client — phase2_wrong_screen hu=T10045836194 — re-navigating
10:19:20 [INFO] core.sap_client — setup_phase2_start
10:19:21 [INFO] core.queue_model — hu_added hu=T10045865322 pallet=6 origin=UNK
10:19:26 [INFO] core.sap_client — tx_opened code=/nZMMTIJSEP current_tx=ZMMTIJSEP
10:19:26 [INFO] core.sap_client — phase2_ready — txtGV_HU confirmed
10:19:27 [INFO] core.sap_client — hu_phase2_ok hu=T10045836194 duration_ms=6344
10:19:27 [WARNING] core.sap_client — phase1_wrong_screen hu=T10045856597 — re-navigating
10:19:27 [INFO] core.sap_client — setup_phase1_start
10:19:32 [INFO] core.sap_client — tx_opened code=/nZMOVEINBHU current_tx=ZMOVEINBHU
10:19:32 [INFO] core.sap_client — phase1_ready — ctxtP_HU confirmed
10:19:36 [INFO] core.sap_client — hu_phase1_ok hu=T10045856597
10:19:36 [WARNING] core.sap_client — phase2_wrong_screen hu=T10045856597 — re-navigating
10:19:36 [INFO] core.sap_client — setup_phase2_start
10:19:37 [INFO] core.queue_model — hu_added hu=T10045850676 pallet=6 origin=UNK
10:19:38 [INFO] core.queue_model — hu_added hu=T10045831752 pallet=6 origin=UNK
10:19:39 [INFO] core.queue_model — hu_added hu=T10045865321 pallet=6 origin=UNK
10:19:40 [INFO] core.queue_model — hu_added hu=T10045856599 pallet=6 origin=UNK
10:19:41 [INFO] core.sap_client — tx_opened code=/nZMMTIJSEP current_tx=ZMMTIJSEP
10:19:41 [INFO] core.sap_client — phase2_ready — txtGV_HU confirmed
10:19:42 [INFO] core.queue_model — hu_added hu=T10045856601 pallet=6 origin=UNK
10:19:42 [INFO] core.sap_client — hu_phase2_ok hu=T10045856597 duration_ms=6251
10:19:42 [WARNING] core.sap_client — phase1_wrong_screen hu=T10045831749 — re-navigating
10:19:42 [INFO] core.sap_client — setup_phase1_start
10:19:47 [INFO] core.queue_model — hu_added hu=T10045856598 pallet=6 origin=UNK
10:19:48 [INFO] core.sap_client — tx_opened code=/nZMOVEINBHU current_tx=ZMOVEINBHU
10:19:48 [INFO] core.sap_client — phase1_ready — ctxtP_HU confirmed
10:19:50 [INFO] core.queue_model — hu_added hu=T10045864639 pallet=6 origin=UNK
10:19:51 [INFO] core.sap_client — hu_phase1_ok hu=T10045831749
10:19:51 [WARNING] core.sap_client — phase2_wrong_screen hu=T10045831749 — re-navigating
10:19:51 [INFO] core.sap_client — setup_phase2_start
10:19:56 [INFO] core.sap_client — tx_opened code=/nZMMTIJSEP current_tx=ZMMTIJSEP
10:19:56 [INFO] core.sap_client — phase2_ready — txtGV_HU confirmed
10:19:57 [INFO] core.sap_client — hu_phase2_ok hu=T10045831749 duration_ms=6222
10:19:57 [WARNING] core.sap_client — phase1_wrong_screen hu=T10045865320 — re-navigating
10:19:57 [INFO] core.sap_client — setup_phase1_start
10:20:03 [INFO] core.sap_client — tx_opened code=/nZMOVEINBHU current_tx=ZMOVEINBHU
10:20:03 [INFO] core.sap_client — phase1_ready — ctxtP_HU confirmed
10:20:07 [INFO] core.sap_client — hu_phase1_ok hu=T10045865320
10:20:07 [WARNING] core.sap_client — phase2_wrong_screen hu=T10045865320 — re-navigating
10:20:07 [INFO] core.sap_client — setup_phase2_start
10:20:12 [INFO] core.sap_client — tx_opened code=/nZMMTIJSEP current_tx=ZMMTIJSEP
10:20:12 [INFO] core.sap_client — phase2_ready — txtGV_HU confirmed
10:20:13 [INFO] core.sap_client — hu_phase2_ok hu=T10045865320 duration_ms=6266
10:20:13 [WARNING] core.sap_client — phase1_wrong_screen hu=T10045831747 — re-navigating
10:20:13 [INFO] core.sap_client — setup_phase1_start
10:20:18 [INFO] core.sap_client — tx_opened code=/nZMOVEINBHU current_tx=ZMOVEINBHU
10:20:18 [INFO] core.sap_client — phase1_ready — ctxtP_HU confirmed
10:20:22 [INFO] core.sap_client — hu_phase1_ok hu=T10045831747
10:20:22 [WARNING] core.sap_client — phase2_wrong_screen hu=T10045831747 — re-navigating
10:20:22 [INFO] core.sap_client — setup_phase2_start
10:20:27 [INFO] core.sap_client — tx_opened code=/nZMMTIJSEP current_tx=ZMMTIJSEP
10:20:27 [INFO] core.sap_client — phase2_ready — txtGV_HU confirmed
10:20:28 [INFO] core.sap_client — hu_phase2_ok hu=T10045831747 duration_ms=6112
10:20:28 [WARNING] core.sap_client — phase1_wrong_screen hu=T10045865322 — re-navigating
10:20:28 [INFO] core.sap_client — setup_phase1_start
10:20:33 [INFO] core.sap_client — tx_opened code=/nZMOVEINBHU current_tx=ZMOVEINBHU
10:20:33 [INFO] core.sap_client — phase1_ready — ctxtP_HU confirmed
10:20:37 [INFO] core.sap_client — hu_phase1_ok hu=T10045865322
10:20:37 [WARNING] core.sap_client — phase2_wrong_screen hu=T10045865322 — re-navigating
10:20:37 [INFO] core.sap_client — setup_phase2_start
10:20:42 [INFO] core.queue_model — hu_added hu=T10045831748 pallet=6 origin=UNK
10:20:42 [INFO] core.sap_client — tx_opened code=/nZMMTIJSEP current_tx=ZMMTIJSEP
10:20:42 [INFO] core.sap_client — phase2_ready — txtGV_HU confirmed
10:20:43 [INFO] core.sap_client — hu_phase2_ok hu=T10045865322 duration_ms=6099
10:20:43 [WARNING] core.sap_client — phase1_wrong_screen hu=T10045850676 — re-navigating
10:20:43 [INFO] core.sap_client — setup_phase1_start
10:20:48 [INFO] core.sap_client — tx_opened code=/nZMOVEINBHU current_tx=ZMOVEINBHU
10:20:48 [INFO] core.sap_client — phase1_ready — ctxtP_HU confirmed
10:20:52 [INFO] core.sap_client — hu_phase1_ok hu=T10045850676
10:20:52 [WARNING] core.sap_client — phase2_wrong_screen hu=T10045850676 — re-navigating
10:20:52 [INFO] core.sap_client — setup_phase2_start
10:20:58 [INFO] core.sap_client — tx_opened code=/nZMMTIJSEP current_tx=ZMMTIJSEP
10:20:58 [INFO] core.sap_client — phase2_ready — txtGV_HU confirmed
10:20:59 [INFO] core.sap_client — hu_phase2_ok hu=T10045850676 duration_ms=6150
10:20:59 [WARNING] core.sap_client — phase1_wrong_screen hu=T10045831752 — re-navigating
10:20:59 [INFO] core.sap_client — setup_phase1_start
10:21:04 [INFO] core.sap_client — tx_opened code=/nZMOVEINBHU current_tx=ZMOVEINBHU
10:21:04 [INFO] core.sap_client — phase1_ready — ctxtP_HU confirmed
10:21:07 [INFO] core.sap_client — hu_phase1_ok hu=T10045831752
10:21:07 [WARNING] core.sap_client — phase2_wrong_screen hu=T10045831752 — re-navigating
10:21:07 [INFO] core.sap_client — setup_phase2_start
10:21:13 [INFO] core.sap_client — tx_opened code=/nZMMTIJSEP current_tx=ZMMTIJSEP
10:21:13 [INFO] core.sap_client — phase2_ready — txtGV_HU confirmed
10:21:14 [INFO] core.sap_client — hu_phase2_ok hu=T10045831752 duration_ms=6327
10:21:14 [WARNING] core.sap_client — phase1_wrong_screen hu=T10045865321 — re-navigating
10:21:14 [INFO] core.sap_client — setup_phase1_start
10:21:19 [INFO] core.sap_client — tx_opened code=/nZMOVEINBHU current_tx=ZMOVEINBHU
10:21:19 [INFO] core.sap_client — phase1_ready — ctxtP_HU confirmed
10:21:23 [INFO] core.sap_client — hu_phase1_ok hu=T10045865321
10:21:23 [WARNING] core.sap_client — phase2_wrong_screen hu=T10045865321 — re-navigating
10:21:23 [INFO] core.sap_client — setup_phase2_start
10:21:28 [INFO] core.sap_client — tx_opened code=/nZMMTIJSEP current_tx=ZMMTIJSEP
10:21:28 [INFO] core.sap_client — phase2_ready — txtGV_HU confirmed
10:21:29 [INFO] core.sap_client — hu_phase2_ok hu=T10045865321 duration_ms=5994
10:21:29 [WARNING] core.sap_client — phase1_wrong_screen hu=T10045856599 — re-navigating
10:21:29 [INFO] core.sap_client — setup_phase1_start
10:21:34 [INFO] core.sap_client — tx_opened code=/nZMOVEINBHU current_tx=ZMOVEINBHU
10:21:34 [INFO] core.sap_client — phase1_ready — ctxtP_HU confirmed
10:21:37 [INFO] core.sap_client — hu_phase1_ok hu=T10045856599
10:21:37 [WARNING] core.sap_client — phase2_wrong_screen hu=T10045856599 — re-navigating
10:21:37 [INFO] core.sap_client — setup_phase2_start
10:21:43 [INFO] core.sap_client — tx_opened code=/nZMMTIJSEP current_tx=ZMMTIJSEP
10:21:43 [INFO] core.sap_client — phase2_ready — txtGV_HU confirmed
10:21:44 [INFO] core.sap_client — hu_phase2_ok hu=T10045856599 duration_ms=6328
10:21:44 [WARNING] core.sap_client — phase1_wrong_screen hu=T10045856601 — re-navigating
10:21:44 [INFO] core.sap_client — setup_phase1_start
10:21:49 [INFO] core.sap_client — tx_opened code=/nZMOVEINBHU current_tx=ZMOVEINBHU
10:21:49 [INFO] core.sap_client — phase1_ready — ctxtP_HU confirmed
10:21:53 [INFO] core.sap_client — hu_phase1_ok hu=T10045856601
10:21:53 [WARNING] core.sap_client — phase2_wrong_screen hu=T10045856601 — re-navigating
10:21:53 [INFO] core.sap_client — setup_phase2_start
10:21:59 [INFO] core.sap_client — tx_opened code=/nZMMTIJSEP current_tx=ZMMTIJSEP
10:21:59 [INFO] core.sap_client — phase2_ready — txtGV_HU confirmed
10:22:00 [INFO] core.sap_client — hu_phase2_ok hu=T10045856601 duration_ms=6223
10:22:00 [WARNING] core.sap_client — phase1_wrong_screen hu=T10045856598 — re-navigating
10:22:00 [INFO] core.sap_client — setup_phase1_start
10:22:05 [INFO] core.sap_client — tx_opened code=/nZMOVEINBHU current_tx=ZMOVEINBHU
10:22:05 [INFO] core.sap_client — phase1_ready — ctxtP_HU confirmed
10:22:08 [INFO] core.sap_client — hu_phase1_ok hu=T10045856598
10:22:08 [WARNING] core.sap_client — phase2_wrong_screen hu=T10045856598 — re-navigating
10:22:08 [INFO] core.sap_client — setup_phase2_start
10:22:14 [INFO] core.sap_client — tx_opened code=/nZMMTIJSEP current_tx=ZMMTIJSEP
10:22:14 [INFO] core.sap_client — phase2_ready — txtGV_HU confirmed
10:22:15 [INFO] core.sap_client — hu_phase2_ok hu=T10045856598 duration_ms=6217
10:22:15 [WARNING] core.sap_client — phase1_wrong_screen hu=T10045864639 — re-navigating
10:22:15 [INFO] core.sap_client — setup_phase1_start
10:22:20 [INFO] core.sap_client — tx_opened code=/nZMOVEINBHU current_tx=ZMOVEINBHU
10:22:20 [INFO] core.sap_client — phase1_ready — ctxtP_HU confirmed
10:22:24 [INFO] core.sap_client — hu_phase1_ok hu=T10045864639
10:22:24 [WARNING] core.sap_client — phase2_wrong_screen hu=T10045864639 — re-navigating
10:22:24 [INFO] core.sap_client — setup_phase2_start
10:22:29 [INFO] core.sap_client — tx_opened code=/nZMMTIJSEP current_tx=ZMMTIJSEP
10:22:29 [INFO] core.sap_client — phase2_ready — txtGV_HU confirmed
10:22:30 [INFO] core.sap_client — hu_phase2_ok hu=T10045864639 duration_ms=6124
10:22:30 [WARNING] core.sap_client — phase1_wrong_screen hu=T10045831748 — re-navigating
10:22:30 [INFO] core.sap_client — setup_phase1_start
10:22:35 [INFO] core.sap_client — tx_opened code=/nZMOVEINBHU current_tx=ZMOVEINBHU
10:22:35 [INFO] core.sap_client — phase1_ready — ctxtP_HU confirmed
10:22:39 [INFO] core.sap_client — hu_phase1_ok hu=T10045831748
10:22:39 [WARNING] core.sap_client — phase2_wrong_screen hu=T10045831748 — re-navigating
10:22:39 [INFO] core.sap_client — setup_phase2_start
10:22:44 [INFO] core.sap_client — tx_opened code=/nZMMTIJSEP current_tx=ZMMTIJSEP
10:22:44 [INFO] core.sap_client — phase2_ready — txtGV_HU confirmed
10:22:45 [INFO] core.sap_client — hu_phase2_ok hu=T10045831748 duration_ms=6095
10:22:45 [INFO] core.queue_model — pallet_boundary multi_hu pallet=6 count=15 hu_codes=['T10045831746', 'T10045836194', 'T10045856597', 'T10045831749', 'T10045865320', 'T10045831747', 'T10045865322', 'T10045850676', 'T10045831752', 'T10045865321', 'T10045856599', 'T10045856601', 'T10045856598', 'T10045864639', 'T10045831748']
10:22:50 [INFO] core.sap_client — tx_opened code=/nSP01 current_tx=SP01
10:22:55 [INFO] core.sap_client — sp01_row_marked row=4 title=CN-CON-003_T10045831748_20260401172245
10:22:55 [INFO] core.sap_client — sp01_row_marked row=6 title=CN-CON-003_T10045864639_20260401172230
10:22:55 [INFO] core.sap_client — sp01_row_marked row=8 title=CN-CON-003_T10045856598_20260401172214
10:22:55 [INFO] core.sap_client — sp01_row_marked row=10 title=CN-CON-003_T10045856601_20260401172159
10:22:55 [INFO] core.sap_client — sp01_row_marked row=12 title=CN-CON-003_T10045856599_20260401172144
10:22:55 [INFO] core.sap_client — sp01_row_marked row=14 title=CN-CON-003_T10045865321_20260401172128
10:22:55 [INFO] core.sap_client — sp01_row_marked row=16 title=CN-CON-003_T10045831752_20260401172113
10:22:55 [INFO] core.sap_client — sp01_row_marked row=18 title=CN-CON-003_T10045850676_20260401172058
10:22:55 [INFO] core.sap_client — sp01_row_marked row=20 title=CN-CON-003_T10045865322_20260401172043
10:22:55 [INFO] core.sap_client — sp01_row_marked row=22 title=CN-CON-003_T10045831747_20260401172028
10:22:55 [INFO] core.sap_client — sp01_row_marked row=24 title=CN-CON-003_T10045865320_20260401172012
10:22:55 [INFO] core.sap_client — sp01_row_marked row=26 title=CN-CON-003_T10045831749_20260401171957
10:22:55 [INFO] core.sap_client — sp01_row_marked row=28 title=CN-CON-003_T10045856597_20260401171942
10:22:55 [INFO] core.sap_client — sp01_row_marked row=30 title=CN-CON-003_T10045836194_20260401171927
10:22:55 [INFO] core.sap_client — sp01_row_marked row=32 title=CN-CON-003_T10045831746_20260401171911
10:22:58 [INFO] core.sap_client — sp01_print_confirmed via=btn[25] marked=15
10:23:00 [INFO] core.sap_client — sp01_pallet_done result={'status': 'ok', 'message': 'SP01 OK — 15 spool(s) impreso(s)', 'marked': 15} hu_codes=['T10045831746', 'T10045836194', 'T10045856597', 'T10045831749', 'T10045865320', 'T10045831747', 'T10045865322', 'T10045850676', 'T10045831752', 'T10045865321', 'T10045856599', 'T10045856601', 'T10045856598', 'T10045864639', 'T10045831748']
10:23:00 [INFO] core.queue_model — sp01_pallet_result={'status': 'ok', 'message': 'SP01 OK — 15 spool(s) impreso(s)', 'marked': 15}
10:23:00 [INFO] core.queue_model — queue_worker_stopped
10:23:00 [INFO] core.queue_model — queue_worker_stop_requested
10:31:41 [INFO] core.queue_model — new_pallet id=7
10:32:44 [INFO] core.queue_model — hu_added hu=T10045837390 pallet=7 origin=UNK
10:32:45 [INFO] core.queue_model — hu_added hu=T10045850675 pallet=7 origin=UNK
10:32:46 [INFO] core.queue_model — hu_added hu=T10045837391 pallet=7 origin=UNK
10:32:58 [INFO] core.queue_model — hu_added hu=T10045869348 pallet=7 origin=UNK
10:33:24 [INFO] core.queue_model — hu_added hu=T10045831761 pallet=7 origin=UNK
10:33:30 [INFO] core.queue_model — hu_added hu=T10045869346 pallet=7 origin=UNK
10:33:32 [INFO] core.queue_model — hu_added hu=T10045869360 pallet=7 origin=UNK
10:33:35 [WARNING] core.queue_model — hu_duplicate_scan hu=T10045869348
10:33:38 [WARNING] core.queue_model — hu_duplicate_scan hu=T10045850675
10:33:39 [WARNING] core.queue_model — hu_duplicate_scan hu=T10045837391
10:33:41 [WARNING] core.queue_model — hu_duplicate_scan hu=T10045837390
10:33:45 [INFO] core.queue_model — hu_added hu=T10045831751 pallet=7 origin=UNK
10:34:30 [INFO] core.queue_model — hu_added hu=T10045835331 pallet=7 origin=UNK
10:35:12 [INFO] core.queue_model — hu_added hu=T10045836181 pallet=7 origin=UNK
10:35:13 [INFO] core.queue_model — hu_added hu=T10045831743 pallet=7 origin=UNK
10:35:14 [INFO] core.queue_model — hu_added hu=T10045836184 pallet=7 origin=UNK
10:35:15 [INFO] core.queue_model — hu_added hu=T10045856621 pallet=7 origin=UNK
10:35:20 [INFO] core.queue_model — hu_added hu=T10045850685 pallet=7 origin=UNK
10:35:24 [WARNING] core.queue_model — hu_duplicate_scan hu=T10045831751
10:35:56 [INFO] core.queue_model — hu_added hu=T10045831729 pallet=7 origin=UNK
10:37:10 [INFO] core.queue_model — queue_worker_started dynamic_print_mode
10:37:10 [INFO] core.sap_client — sap_connected system=LUP user=LOPEZHJC
10:37:10 [INFO] core.queue_model — queue_worker_sap_connected
10:37:10 [INFO] core.sap_client — setup_phase1_start
10:37:16 [INFO] core.sap_client — tx_opened code=/nZMOVEINBHU current_tx=ZMOVEINBHU
10:37:16 [INFO] core.sap_client — phase1_ready — ctxtP_HU confirmed
10:37:20 [INFO] core.sap_client — hu_phase1_ok hu=T10045837390
10:37:20 [INFO] core.sap_client — setup_phase2_start
10:37:26 [INFO] core.sap_client — tx_opened code=/nZMMTIJSEP current_tx=ZMMTIJSEP
10:37:26 [INFO] core.sap_client — phase2_ready — txtGV_HU confirmed
10:37:27 [INFO] core.sap_client — hu_phase2_ok hu=T10045837390 duration_ms=1086
10:37:27 [INFO] core.sap_client — setup_phase1_start
10:37:32 [INFO] core.sap_client — tx_opened code=/nZMOVEINBHU current_tx=ZMOVEINBHU
10:37:32 [INFO] core.sap_client — phase1_ready — ctxtP_HU confirmed
10:37:36 [INFO] core.sap_client — hu_phase1_ok hu=T10045850675
10:37:36 [WARNING] core.sap_client — phase2_wrong_screen hu=T10045850675 — re-navigating
10:37:36 [INFO] core.sap_client — setup_phase2_start
10:37:41 [INFO] core.sap_client — tx_opened code=/nZMMTIJSEP current_tx=ZMMTIJSEP
10:37:41 [INFO] core.sap_client — phase2_ready — txtGV_HU confirmed
10:37:42 [INFO] core.sap_client — hu_phase2_ok hu=T10045850675 duration_ms=6095
10:37:42 [WARNING] core.sap_client — phase1_wrong_screen hu=T10045837391 — re-navigating
10:37:42 [INFO] core.sap_client — setup_phase1_start
10:37:47 [INFO] core.sap_client — tx_opened code=/nZMOVEINBHU current_tx=ZMOVEINBHU
10:37:47 [INFO] core.sap_client — phase1_ready — ctxtP_HU confirmed
10:37:51 [INFO] core.sap_client — hu_phase1_ok hu=T10045837391
10:37:51 [WARNING] core.sap_client — phase2_wrong_screen hu=T10045837391 — re-navigating
10:37:51 [INFO] core.sap_client — setup_phase2_start
10:37:56 [INFO] core.sap_client — tx_opened code=/nZMMTIJSEP current_tx=ZMMTIJSEP
10:37:57 [INFO] core.sap_client — phase2_ready — txtGV_HU confirmed
10:37:57 [INFO] core.sap_client — hu_phase2_ok hu=T10045837391 duration_ms=6183
10:37:57 [WARNING] core.sap_client — phase1_wrong_screen hu=T10045869348 — re-navigating
10:37:57 [INFO] core.sap_client — setup_phase1_start
10:38:03 [INFO] core.sap_client — tx_opened code=/nZMOVEINBHU current_tx=ZMOVEINBHU
10:38:03 [INFO] core.sap_client — phase1_ready — ctxtP_HU confirmed
10:38:07 [INFO] core.sap_client — hu_phase1_ok hu=T10045869348
10:38:07 [WARNING] core.sap_client — phase2_wrong_screen hu=T10045869348 — re-navigating
10:38:07 [INFO] core.sap_client — setup_phase2_start
10:38:12 [INFO] core.sap_client — tx_opened code=/nZMMTIJSEP current_tx=ZMMTIJSEP
10:38:12 [INFO] core.sap_client — phase2_ready — txtGV_HU confirmed
10:38:13 [INFO] core.sap_client — hu_phase2_ok hu=T10045869348 duration_ms=6174
10:38:13 [WARNING] core.sap_client — phase1_wrong_screen hu=T10045831761 — re-navigating
10:38:13 [INFO] core.sap_client — setup_phase1_start
10:38:18 [INFO] core.sap_client — tx_opened code=/nZMOVEINBHU current_tx=ZMOVEINBHU
10:38:18 [INFO] core.sap_client — phase1_ready — ctxtP_HU confirmed
10:38:22 [INFO] core.sap_client — hu_phase1_ok hu=T10045831761
10:38:22 [WARNING] core.sap_client — phase2_wrong_screen hu=T10045831761 — re-navigating
10:38:22 [INFO] core.sap_client — setup_phase2_start
10:38:28 [INFO] core.sap_client — tx_opened code=/nZMMTIJSEP current_tx=ZMMTIJSEP
10:38:28 [INFO] core.sap_client — phase2_ready — txtGV_HU confirmed
10:38:29 [INFO] core.sap_client — hu_phase2_ok hu=T10045831761 duration_ms=6287
10:38:29 [WARNING] core.sap_client — phase1_wrong_screen hu=T10045869346 — re-navigating
10:38:29 [INFO] core.sap_client — setup_phase1_start
10:38:34 [INFO] core.sap_client — tx_opened code=/nZMOVEINBHU current_tx=ZMOVEINBHU
10:38:34 [INFO] core.sap_client — phase1_ready — ctxtP_HU confirmed
10:38:38 [INFO] core.sap_client — hu_phase1_ok hu=T10045869346
10:38:38 [WARNING] core.sap_client — phase2_wrong_screen hu=T10045869346 — re-navigating
10:38:38 [INFO] core.sap_client — setup_phase2_start
10:38:43 [INFO] core.sap_client — tx_opened code=/nZMMTIJSEP current_tx=ZMMTIJSEP
10:38:43 [INFO] core.sap_client — phase2_ready — txtGV_HU confirmed
10:38:44 [INFO] core.sap_client — hu_phase2_ok hu=T10045869346 duration_ms=6433
10:38:44 [WARNING] core.sap_client — phase1_wrong_screen hu=T10045869360 — re-navigating
10:38:44 [INFO] core.sap_client — setup_phase1_start
10:38:45 [INFO] core.queue_model — new_pallet id=8
10:38:50 [INFO] core.sap_client — tx_opened code=/nZMOVEINBHU current_tx=ZMOVEINBHU
10:38:50 [INFO] core.sap_client — phase1_ready — ctxtP_HU confirmed
10:38:53 [INFO] core.queue_model — hu_added hu=T10045831745 pallet=8 origin=UNK
10:38:54 [INFO] core.sap_client — hu_phase1_ok hu=T10045869360
10:38:54 [WARNING] core.sap_client — phase2_wrong_screen hu=T10045869360 — re-navigating
10:38:54 [INFO] core.sap_client — setup_phase2_start
10:38:54 [INFO] core.queue_model — hu_added hu=T10045853653 pallet=8 origin=UNK
10:38:55 [INFO] core.queue_model — hu_added hu=T10045831762 pallet=8 origin=UNK
10:38:56 [INFO] core.queue_model — hu_added hu=T10045850684 pallet=8 origin=UNK
10:38:58 [INFO] core.queue_model — hu_added hu=T10045869363 pallet=8 origin=UNK
10:38:59 [INFO] core.queue_model — hu_added hu=T10045836167 pallet=8 origin=UNK
10:38:59 [INFO] core.sap_client — tx_opened code=/nZMMTIJSEP current_tx=ZMMTIJSEP
10:38:59 [INFO] core.sap_client — phase2_ready — txtGV_HU confirmed
10:39:00 [INFO] core.sap_client — hu_phase2_ok hu=T10045869360 duration_ms=6209
10:39:00 [WARNING] core.sap_client — phase1_wrong_screen hu=T10045831751 — re-navigating
10:39:00 [INFO] core.sap_client — setup_phase1_start
10:39:02 [INFO] core.queue_model — hu_added hu=T10045853654 pallet=8 origin=UNK
10:39:04 [INFO] core.queue_model — hu_added hu=T10045856596 pallet=8 origin=UNK
10:39:06 [INFO] core.sap_client — tx_opened code=/nZMOVEINBHU current_tx=ZMOVEINBHU
10:39:06 [INFO] core.sap_client — phase1_ready — ctxtP_HU confirmed
10:39:09 [INFO] core.sap_client — hu_phase1_ok hu=T10045831751
10:39:09 [WARNING] core.sap_client — phase2_wrong_screen hu=T10045831751 — re-navigating
10:39:09 [INFO] core.sap_client — setup_phase2_start
10:39:13 [INFO] core.queue_model — hu_added hu=T10045850683 pallet=8 origin=UNK
10:39:15 [INFO] core.sap_client — tx_opened code=/nZMMTIJSEP current_tx=ZMMTIJSEP
10:39:15 [INFO] core.sap_client — phase2_ready — txtGV_HU confirmed
10:39:16 [INFO] core.sap_client — hu_phase2_ok hu=T10045831751 duration_ms=6176
10:39:16 [WARNING] core.sap_client — phase1_wrong_screen hu=T10045835331 — re-navigating
10:39:16 [INFO] core.sap_client — setup_phase1_start
10:39:16 [WARNING] core.queue_model — hu_duplicate_scan hu=T10045850684
10:39:17 [WARNING] core.queue_model — hu_duplicate_scan hu=T10045853654
10:39:18 [WARNING] core.queue_model — hu_duplicate_scan hu=T10045856596
10:39:21 [INFO] core.sap_client — tx_opened code=/nZMOVEINBHU current_tx=ZMOVEINBHU
10:39:21 [INFO] core.sap_client — phase1_ready — ctxtP_HU confirmed
10:39:24 [INFO] core.queue_model — hu_added hu=T10045869359 pallet=8 origin=UNK
10:39:26 [INFO] core.queue_model — hu_added hu=T10045865330 pallet=8 origin=UNK
10:39:26 [INFO] core.sap_client — hu_phase1_ok hu=T10045835331
10:39:26 [WARNING] core.sap_client — phase2_wrong_screen hu=T10045835331 — re-navigating
10:39:26 [INFO] core.sap_client — setup_phase2_start
10:39:27 [INFO] core.queue_model — hu_added hu=T10045850686 pallet=8 origin=UNK
10:39:29 [INFO] core.queue_model — hu_added hu=T10045839882 pallet=8 origin=UNK
10:39:31 [INFO] core.queue_model — hu_added hu=T10045864568 pallet=8 origin=UNK
10:39:32 [INFO] core.sap_client — tx_opened code=/nZMMTIJSEP current_tx=ZMMTIJSEP
10:39:32 [INFO] core.sap_client — phase2_ready — txtGV_HU confirmed
10:39:33 [INFO] core.sap_client — hu_phase2_ok hu=T10045835331 duration_ms=6192
10:39:33 [WARNING] core.sap_client — phase1_wrong_screen hu=T10045836181 — re-navigating
10:39:33 [INFO] core.sap_client — setup_phase1_start
10:39:34 [INFO] core.queue_model — hu_added hu=T10045831763 pallet=8 origin=UNK
10:39:38 [INFO] core.sap_client — tx_opened code=/nZMOVEINBHU current_tx=ZMOVEINBHU
10:39:38 [INFO] core.sap_client — phase1_ready — ctxtP_HU confirmed
10:39:42 [INFO] core.sap_client — hu_phase1_ok hu=T10045836181
10:39:42 [WARNING] core.sap_client — phase2_wrong_screen hu=T10045836181 — re-navigating
10:39:42 [INFO] core.sap_client — setup_phase2_start
10:39:48 [INFO] core.sap_client — tx_opened code=/nZMMTIJSEP current_tx=ZMMTIJSEP
10:39:48 [INFO] core.sap_client — phase2_ready — txtGV_HU confirmed
10:39:49 [INFO] core.sap_client — hu_phase2_ok hu=T10045836181 duration_ms=6383
10:39:49 [WARNING] core.sap_client — phase1_wrong_screen hu=T10045831743 — re-navigating
10:39:49 [INFO] core.sap_client — setup_phase1_start
10:39:54 [INFO] core.sap_client — tx_opened code=/nZMOVEINBHU current_tx=ZMOVEINBHU
10:39:54 [INFO] core.sap_client — phase1_ready — ctxtP_HU confirmed
10:39:58 [INFO] core.sap_client — hu_phase1_ok hu=T10045831743
10:39:58 [WARNING] core.sap_client — phase2_wrong_screen hu=T10045831743 — re-navigating
10:39:58 [INFO] core.sap_client — setup_phase2_start
10:40:03 [INFO] core.sap_client — tx_opened code=/nZMMTIJSEP current_tx=ZMMTIJSEP
10:40:03 [INFO] core.sap_client — phase2_ready — txtGV_HU confirmed
10:40:05 [INFO] core.sap_client — hu_phase2_ok hu=T10045831743 duration_ms=7184
10:40:05 [WARNING] core.sap_client — phase1_wrong_screen hu=T10045836184 — re-navigating
10:40:05 [INFO] core.sap_client — setup_phase1_start
10:40:11 [INFO] core.sap_client — tx_opened code=/nZMOVEINBHU current_tx=ZMOVEINBHU
10:40:11 [INFO] core.sap_client — phase1_ready — ctxtP_HU confirmed
10:40:16 [INFO] core.sap_client — hu_phase1_ok hu=T10045836184
10:40:16 [WARNING] core.sap_client — phase2_wrong_screen hu=T10045836184 — re-navigating
10:40:16 [INFO] core.sap_client — setup_phase2_start
10:40:21 [INFO] core.sap_client — tx_opened code=/nZMMTIJSEP current_tx=ZMMTIJSEP
10:40:21 [INFO] core.sap_client — phase2_ready — txtGV_HU confirmed
10:40:22 [INFO] core.sap_client — hu_phase2_ok hu=T10045836184 duration_ms=6254
10:40:22 [WARNING] core.sap_client — phase1_wrong_screen hu=T10045856621 — re-navigating
10:40:22 [INFO] core.sap_client — setup_phase1_start
10:40:28 [INFO] core.sap_client — tx_opened code=/nZMOVEINBHU current_tx=ZMOVEINBHU
10:40:28 [INFO] core.sap_client — phase1_ready — ctxtP_HU confirmed
10:40:32 [INFO] core.sap_client — hu_phase1_ok hu=T10045856621
10:40:32 [WARNING] core.sap_client — phase2_wrong_screen hu=T10045856621 — re-navigating
10:40:32 [INFO] core.sap_client — setup_phase2_start
10:40:37 [INFO] core.sap_client — tx_opened code=/nZMMTIJSEP current_tx=ZMMTIJSEP
10:40:37 [INFO] core.sap_client — phase2_ready — txtGV_HU confirmed
10:40:38 [INFO] core.sap_client — hu_phase2_ok hu=T10045856621 duration_ms=6309
10:40:38 [WARNING] core.sap_client — phase1_wrong_screen hu=T10045850685 — re-navigating
10:40:38 [INFO] core.sap_client — setup_phase1_start
10:40:43 [INFO] core.sap_client — tx_opened code=/nZMOVEINBHU current_tx=ZMOVEINBHU
10:40:43 [INFO] core.sap_client — phase1_ready — ctxtP_HU confirmed
10:40:47 [INFO] core.sap_client — hu_phase1_ok hu=T10045850685
10:40:47 [WARNING] core.sap_client — phase2_wrong_screen hu=T10045850685 — re-navigating
10:40:47 [INFO] core.sap_client — setup_phase2_start
10:40:53 [INFO] core.sap_client — tx_opened code=/nZMMTIJSEP current_tx=ZMMTIJSEP
10:40:53 [INFO] core.sap_client — phase2_ready — txtGV_HU confirmed
10:40:54 [INFO] core.sap_client — hu_phase2_ok hu=T10045850685 duration_ms=6215
10:40:54 [WARNING] core.sap_client — phase1_wrong_screen hu=T10045831729 — re-navigating
10:40:54 [INFO] core.sap_client — setup_phase1_start
10:40:59 [INFO] core.sap_client — tx_opened code=/nZMOVEINBHU current_tx=ZMOVEINBHU
10:40:59 [INFO] core.sap_client — phase1_ready — ctxtP_HU confirmed
10:41:00 [INFO] core.queue_model — new_pallet id=9
10:41:03 [INFO] core.sap_client — hu_phase1_ok hu=T10045831729
10:41:03 [WARNING] core.sap_client — phase2_wrong_screen hu=T10045831729 — re-navigating
10:41:03 [INFO] core.sap_client — setup_phase2_start
10:41:06 [INFO] core.queue_model — hu_added hu=T10045856637 pallet=9 origin=UNK
10:41:07 [INFO] core.queue_model — hu_added hu=T10045831797 pallet=9 origin=UNK
10:41:08 [INFO] core.sap_client — tx_opened code=/nZMMTIJSEP current_tx=ZMMTIJSEP
10:41:08 [INFO] core.sap_client — phase2_ready — txtGV_HU confirmed
10:41:09 [INFO] core.sap_client — hu_phase2_ok hu=T10045831729 duration_ms=6472
10:41:09 [INFO] core.queue_model — pallet_boundary multi_hu pallet=7 count=15 hu_codes=['T10045837390', 'T10045850675', 'T10045837391', 'T10045869348', 'T10045831761', 'T10045869346', 'T10045869360', 'T10045831751', 'T10045835331', 'T10045836181', 'T10045831743', 'T10045836184', 'T10045856621', 'T10045850685', 'T10045831729']
10:41:10 [INFO] core.queue_model — hu_added hu=T10045863021 pallet=9 origin=UNK
10:41:11 [INFO] core.queue_model — hu_added hu=T10045864897 pallet=9 origin=UNK
10:41:13 [INFO] core.queue_model — hu_added hu=T10045850721 pallet=9 origin=UNK
10:41:14 [INFO] core.queue_model — hu_added hu=T10045863111 pallet=9 origin=UNK
10:41:15 [INFO] core.sap_client — tx_opened code=/nSP01 current_tx=SP01
10:41:19 [INFO] core.queue_model — hu_added hu=T10045865409 pallet=9 origin=UNK
10:41:20 [INFO] core.sap_client — sp01_row_marked row=4 title=CN-CON-003_T10045831729_20260401174109
10:41:20 [INFO] core.sap_client — sp01_row_marked row=6 title=CN-CON-003_T10045850685_20260401174053
10:41:20 [INFO] core.sap_client — sp01_row_marked row=8 title=CN-CON-003_T10045856621_20260401174038
10:41:20 [INFO] core.sap_client — sp01_row_marked row=10 title=CN-CON-003_T10045836184_20260401174022
10:41:20 [INFO] core.sap_client — sp01_row_marked row=12 title=CN-CON-003_T10045831743_20260401174004
10:41:20 [INFO] core.sap_client — sp01_row_marked row=14 title=CN-CON-003_T10045836181_20260401173948
10:41:20 [INFO] core.sap_client — sp01_row_marked row=16 title=CN-CON-003_T10045835331_20260401173932
10:41:20 [INFO] core.sap_client — sp01_row_marked row=18 title=CN-CON-003_T10045831751_20260401173915
10:41:20 [INFO] core.sap_client — sp01_row_marked row=20 title=CN-CON-003_T10045869360_20260401173900
10:41:20 [INFO] core.sap_client — sp01_row_marked row=22 title=CN-CON-003_T10045869346_20260401173844
10:41:20 [INFO] core.sap_client — sp01_row_marked row=24 title=CN-CON-003_T10045831761_20260401173828
10:41:20 [INFO] core.queue_model — hu_added hu=T10045850719 pallet=9 origin=UNK
10:41:20 [INFO] core.sap_client — sp01_row_marked row=26 title=CN-CON-003_T10045869348_20260401173812
10:41:20 [INFO] core.sap_client — sp01_row_marked row=28 title=CN-CON-003_T10045837391_20260401173757
10:41:20 [INFO] core.sap_client — sp01_row_marked row=30 title=CN-CON-003_T10045850675_20260401173742
10:41:20 [INFO] core.sap_client — sp01_row_marked row=32 title=CN-CON-003_T10045837390_20260401173726
10:41:21 [INFO] core.queue_model — hu_added hu=T10045850718 pallet=9 origin=UNK
10:41:22 [INFO] core.sap_client — sp01_print_confirmed via=btn[25] marked=15
10:41:22 [INFO] core.queue_model — hu_added hu=T10045835426 pallet=9 origin=UNK
10:41:24 [INFO] core.sap_client — sp01_pallet_done result={'status': 'ok', 'message': 'SP01 OK — 15 spool(s) impreso(s)', 'marked': 15} hu_codes=['T10045837390', 'T10045850675', 'T10045837391', 'T10045869348', 'T10045831761', 'T10045869346', 'T10045869360', 'T10045831751', 'T10045835331', 'T10045836181', 'T10045831743', 'T10045836184', 'T10045856621', 'T10045850685', 'T10045831729']
10:41:24 [INFO] core.queue_model — sp01_pallet_result={'status': 'ok', 'message': 'SP01 OK — 15 spool(s) impreso(s)', 'marked': 15}
10:42:10 [INFO] core.queue_model — queue_worker_resumed_by_ui
10:42:10 [INFO] core.queue_model — queue_worker_resumed_processing
10:42:10 [INFO] core.sap_client — setup_phase1_start
10:42:15 [INFO] core.sap_client — tx_opened code=/nZMOVEINBHU current_tx=ZMOVEINBHU
10:42:15 [INFO] core.sap_client — phase1_ready — ctxtP_HU confirmed
10:42:19 [INFO] core.sap_client — hu_phase1_ok hu=T10045831745
10:42:19 [INFO] core.sap_client — setup_phase2_start
10:42:24 [INFO] core.sap_client — tx_opened code=/nZMMTIJSEP current_tx=ZMMTIJSEP
10:42:24 [INFO] core.sap_client — phase2_ready — txtGV_HU confirmed
10:42:25 [INFO] core.sap_client — hu_phase2_ok hu=T10045831745 duration_ms=1001
10:42:25 [INFO] core.sap_client — setup_phase1_start
10:42:31 [INFO] core.sap_client — tx_opened code=/nZMOVEINBHU current_tx=ZMOVEINBHU
10:42:31 [INFO] core.sap_client — phase1_ready — ctxtP_HU confirmed
10:42:35 [INFO] core.sap_client — hu_phase1_ok hu=T10045853653
10:42:35 [WARNING] core.sap_client — phase2_wrong_screen hu=T10045853653 — re-navigating
10:42:35 [INFO] core.sap_client — setup_phase2_start
10:42:40 [INFO] core.sap_client — tx_opened code=/nZMMTIJSEP current_tx=ZMMTIJSEP
10:42:40 [INFO] core.sap_client — phase2_ready — txtGV_HU confirmed
10:42:41 [INFO] core.sap_client — hu_phase2_ok hu=T10045853653 duration_ms=6323
10:42:41 [WARNING] core.sap_client — phase1_wrong_screen hu=T10045831762 — re-navigating
10:42:41 [INFO] core.sap_client — setup_phase1_start
10:42:46 [INFO] core.sap_client — tx_opened code=/nZMOVEINBHU current_tx=ZMOVEINBHU
10:42:46 [INFO] core.sap_client — phase1_ready — ctxtP_HU confirmed
10:42:50 [INFO] core.sap_client — hu_phase1_ok hu=T10045831762
10:42:50 [WARNING] core.sap_client — phase2_wrong_screen hu=T10045831762 — re-navigating
10:42:50 [INFO] core.sap_client — setup_phase2_start
10:42:56 [INFO] core.sap_client — tx_opened code=/nZMMTIJSEP current_tx=ZMMTIJSEP
10:42:56 [INFO] core.sap_client — phase2_ready — txtGV_HU confirmed
10:42:56 [INFO] core.sap_client — hu_phase2_ok hu=T10045831762 duration_ms=6384
10:42:56 [WARNING] core.sap_client — phase1_wrong_screen hu=T10045850684 — re-navigating
10:42:56 [INFO] core.sap_client — setup_phase1_start
10:43:02 [INFO] core.sap_client — tx_opened code=/nZMOVEINBHU current_tx=ZMOVEINBHU
10:43:02 [INFO] core.sap_client — phase1_ready — ctxtP_HU confirmed
10:43:06 [INFO] core.sap_client — hu_phase1_ok hu=T10045850684
10:43:06 [WARNING] core.sap_client — phase2_wrong_screen hu=T10045850684 — re-navigating
10:43:06 [INFO] core.sap_client — setup_phase2_start
10:43:11 [INFO] core.sap_client — tx_opened code=/nZMMTIJSEP current_tx=ZMMTIJSEP
10:43:11 [INFO] core.sap_client — phase2_ready — txtGV_HU confirmed
10:43:12 [INFO] core.sap_client — hu_phase2_ok hu=T10045850684 duration_ms=6066
10:43:12 [WARNING] core.sap_client — phase1_wrong_screen hu=T10045869363 — re-navigating
10:43:12 [INFO] core.sap_client — setup_phase1_start
10:43:17 [INFO] core.sap_client — tx_opened code=/nZMOVEINBHU current_tx=ZMOVEINBHU
10:43:17 [INFO] core.sap_client — phase1_ready — ctxtP_HU confirmed
10:43:22 [INFO] core.sap_client — hu_phase1_ok hu=T10045869363
10:43:22 [WARNING] core.sap_client — phase2_wrong_screen hu=T10045869363 — re-navigating
10:43:22 [INFO] core.sap_client — setup_phase2_start
10:43:27 [INFO] core.sap_client — tx_opened code=/nZMMTIJSEP current_tx=ZMMTIJSEP
10:43:27 [INFO] core.sap_client — phase2_ready — txtGV_HU confirmed
10:43:28 [INFO] core.sap_client — hu_phase2_ok hu=T10045869363 duration_ms=6234
10:43:28 [WARNING] core.sap_client — phase1_wrong_screen hu=T10045836167 — re-navigating
10:43:28 [INFO] core.sap_client — setup_phase1_start
10:43:34 [INFO] core.sap_client — tx_opened code=/nZMOVEINBHU current_tx=ZMOVEINBHU
10:43:34 [INFO] core.sap_client — phase1_ready — ctxtP_HU confirmed
10:43:38 [INFO] core.sap_client — hu_phase1_ok hu=T10045836167
10:43:38 [WARNING] core.sap_client — phase2_wrong_screen hu=T10045836167 — re-navigating
10:43:38 [INFO] core.sap_client — setup_phase2_start
10:43:44 [INFO] core.sap_client — tx_opened code=/nZMMTIJSEP current_tx=ZMMTIJSEP
10:43:44 [INFO] core.sap_client — phase2_ready — txtGV_HU confirmed
10:43:45 [INFO] core.sap_client — hu_phase2_ok hu=T10045836167 duration_ms=6373
10:43:45 [WARNING] core.sap_client — phase1_wrong_screen hu=T10045853654 — re-navigating
10:43:45 [INFO] core.sap_client — setup_phase1_start
10:43:50 [INFO] core.sap_client — tx_opened code=/nZMOVEINBHU current_tx=ZMOVEINBHU
10:43:50 [INFO] core.sap_client — phase1_ready — ctxtP_HU confirmed
10:43:54 [INFO] core.sap_client — hu_phase1_ok hu=T10045853654
10:43:54 [WARNING] core.sap_client — phase2_wrong_screen hu=T10045853654 — re-navigating
10:43:54 [INFO] core.sap_client — setup_phase2_start
10:44:00 [INFO] core.sap_client — tx_opened code=/nZMMTIJSEP current_tx=ZMMTIJSEP
10:44:00 [INFO] core.sap_client — phase2_ready — txtGV_HU confirmed
10:44:00 [INFO] core.sap_client — hu_phase2_ok hu=T10045853654 duration_ms=6415
10:44:00 [WARNING] core.sap_client — phase1_wrong_screen hu=T10045856596 — re-navigating
10:44:00 [INFO] core.sap_client — setup_phase1_start
10:44:06 [INFO] core.sap_client — tx_opened code=/nZMOVEINBHU current_tx=ZMOVEINBHU
10:44:06 [INFO] core.sap_client — phase1_ready — ctxtP_HU confirmed
10:44:10 [INFO] core.sap_client — hu_phase1_ok hu=T10045856596
10:44:10 [WARNING] core.sap_client — phase2_wrong_screen hu=T10045856596 — re-navigating
10:44:10 [INFO] core.sap_client — setup_phase2_start
10:44:15 [INFO] core.sap_client — tx_opened code=/nZMMTIJSEP current_tx=ZMMTIJSEP
10:44:15 [INFO] core.sap_client — phase2_ready — txtGV_HU confirmed
10:44:16 [INFO] core.sap_client — hu_phase2_ok hu=T10045856596 duration_ms=6171
10:44:16 [WARNING] core.sap_client — phase1_wrong_screen hu=T10045850683 — re-navigating
10:44:16 [INFO] core.sap_client — setup_phase1_start
10:44:21 [INFO] core.sap_client — tx_opened code=/nZMOVEINBHU current_tx=ZMOVEINBHU
10:44:21 [INFO] core.sap_client — phase1_ready — ctxtP_HU confirmed
10:44:25 [INFO] core.sap_client — hu_phase1_ok hu=T10045850683
10:44:25 [WARNING] core.sap_client — phase2_wrong_screen hu=T10045850683 — re-navigating
10:44:25 [INFO] core.sap_client — setup_phase2_start
10:44:30 [INFO] core.sap_client — tx_opened code=/nZMMTIJSEP current_tx=ZMMTIJSEP
10:44:30 [INFO] core.sap_client — phase2_ready — txtGV_HU confirmed
10:44:31 [INFO] core.sap_client — hu_phase2_ok hu=T10045850683 duration_ms=6345
10:44:31 [WARNING] core.sap_client — phase1_wrong_screen hu=T10045869359 — re-navigating
10:44:31 [INFO] core.sap_client — setup_phase1_start
10:44:37 [INFO] core.sap_client — tx_opened code=/nZMOVEINBHU current_tx=ZMOVEINBHU
10:44:37 [INFO] core.sap_client — phase1_ready — ctxtP_HU confirmed
10:44:41 [INFO] core.sap_client — hu_phase1_ok hu=T10045869359
10:44:41 [WARNING] core.sap_client — phase2_wrong_screen hu=T10045869359 — re-navigating
10:44:41 [INFO] core.sap_client — setup_phase2_start
10:44:46 [INFO] core.sap_client — tx_opened code=/nZMMTIJSEP current_tx=ZMMTIJSEP
10:44:46 [INFO] core.sap_client — phase2_ready — txtGV_HU confirmed
10:44:47 [INFO] core.sap_client — hu_phase2_ok hu=T10045869359 duration_ms=6180
10:44:47 [WARNING] core.sap_client — phase1_wrong_screen hu=T10045865330 — re-navigating
10:44:47 [INFO] core.sap_client — setup_phase1_start
10:44:52 [INFO] core.sap_client — tx_opened code=/nZMOVEINBHU current_tx=ZMOVEINBHU
10:44:52 [INFO] core.sap_client — phase1_ready — ctxtP_HU confirmed
10:44:56 [INFO] core.sap_client — hu_phase1_ok hu=T10045865330
10:44:56 [WARNING] core.sap_client — phase2_wrong_screen hu=T10045865330 — re-navigating
10:44:56 [INFO] core.sap_client — setup_phase2_start
10:45:01 [INFO] core.sap_client — tx_opened code=/nZMMTIJSEP current_tx=ZMMTIJSEP
10:45:01 [INFO] core.sap_client — phase2_ready — txtGV_HU confirmed
10:45:02 [INFO] core.sap_client — hu_phase2_ok hu=T10045865330 duration_ms=6151
10:45:02 [WARNING] core.sap_client — phase1_wrong_screen hu=T10045850686 — re-navigating
10:45:02 [INFO] core.sap_client — setup_phase1_start
10:45:08 [INFO] core.sap_client — tx_opened code=/nZMOVEINBHU current_tx=ZMOVEINBHU
10:45:08 [INFO] core.sap_client — phase1_ready — ctxtP_HU confirmed
10:45:11 [INFO] core.sap_client — hu_phase1_ok hu=T10045850686
10:45:11 [WARNING] core.sap_client — phase2_wrong_screen hu=T10045850686 — re-navigating
10:45:11 [INFO] core.sap_client — setup_phase2_start
10:45:17 [INFO] core.sap_client — tx_opened code=/nZMMTIJSEP current_tx=ZMMTIJSEP
10:45:17 [INFO] core.sap_client — phase2_ready — txtGV_HU confirmed
10:45:18 [INFO] core.sap_client — hu_phase2_ok hu=T10045850686 duration_ms=6232
10:45:18 [WARNING] core.sap_client — phase1_wrong_screen hu=T10045839882 — re-navigating
10:45:18 [INFO] core.sap_client — setup_phase1_start
10:45:23 [INFO] core.sap_client — tx_opened code=/nZMOVEINBHU current_tx=ZMOVEINBHU
10:45:23 [INFO] core.sap_client — phase1_ready — ctxtP_HU confirmed
10:45:29 [INFO] core.sap_client — hu_phase1_ok hu=T10045839882
10:45:29 [WARNING] core.sap_client — phase2_wrong_screen hu=T10045839882 — re-navigating
10:45:29 [INFO] core.sap_client — setup_phase2_start
10:45:34 [INFO] core.sap_client — tx_opened code=/nZMMTIJSEP current_tx=ZMMTIJSEP
10:45:34 [INFO] core.sap_client — phase2_ready — txtGV_HU confirmed
10:45:35 [INFO] core.sap_client — hu_phase2_ok hu=T10045839882 duration_ms=6462
10:45:35 [WARNING] core.sap_client — phase1_wrong_screen hu=T10045864568 — re-navigating
10:45:35 [INFO] core.sap_client — setup_phase1_start
10:45:40 [INFO] core.sap_client — tx_opened code=/nZMOVEINBHU current_tx=ZMOVEINBHU
10:45:40 [INFO] core.sap_client — phase1_ready — ctxtP_HU confirmed
10:45:44 [INFO] core.sap_client — hu_phase1_ok hu=T10045864568
10:45:44 [WARNING] core.sap_client — phase2_wrong_screen hu=T10045864568 — re-navigating
10:45:44 [INFO] core.sap_client — setup_phase2_start
10:45:49 [INFO] core.sap_client — tx_opened code=/nZMMTIJSEP current_tx=ZMMTIJSEP
10:45:50 [INFO] core.sap_client — phase2_ready — txtGV_HU confirmed
10:45:50 [INFO] core.sap_client — hu_phase2_ok hu=T10045864568 duration_ms=6198
10:45:50 [WARNING] core.sap_client — phase1_wrong_screen hu=T10045831763 — re-navigating
10:45:50 [INFO] core.sap_client — setup_phase1_start
10:45:56 [INFO] core.sap_client — tx_opened code=/nZMOVEINBHU current_tx=ZMOVEINBHU
10:45:56 [INFO] core.sap_client — phase1_ready — ctxtP_HU confirmed
10:46:00 [INFO] core.sap_client — hu_phase1_ok hu=T10045831763
10:46:00 [WARNING] core.sap_client — phase2_wrong_screen hu=T10045831763 — re-navigating
10:46:00 [INFO] core.sap_client — setup_phase2_start
10:46:05 [INFO] core.sap_client — tx_opened code=/nZMMTIJSEP current_tx=ZMMTIJSEP
10:46:05 [INFO] core.sap_client — phase2_ready — txtGV_HU confirmed
10:46:06 [INFO] core.sap_client — hu_phase2_ok hu=T10045831763 duration_ms=6059
10:46:06 [INFO] core.queue_model — pallet_boundary multi_hu pallet=8 count=15 hu_codes=['T10045831745', 'T10045853653', 'T10045831762', 'T10045850684', 'T10045869363', 'T10045836167', 'T10045853654', 'T10045856596', 'T10045850683', 'T10045869359', 'T10045865330', 'T10045850686', 'T10045839882', 'T10045864568', 'T10045831763']
10:46:11 [INFO] core.sap_client — tx_opened code=/nSP01 current_tx=SP01
10:46:16 [INFO] core.sap_client — sp01_row_marked row=4 title=CN-CON-003_T10045864568_20260401174550
10:46:16 [INFO] core.sap_client — sp01_row_marked row=6 title=CN-CON-003_T10045839882_20260401174534
10:46:16 [INFO] core.sap_client — sp01_row_marked row=8 title=CN-CON-003_T10045850686_20260401174517
10:46:16 [INFO] core.sap_client — sp01_row_marked row=10 title=CN-CON-003_T10045865330_20260401174502
10:46:16 [INFO] core.sap_client — sp01_row_marked row=12 title=CN-CON-003_T10045869359_20260401174447
10:46:16 [INFO] core.sap_client — sp01_row_marked row=14 title=CN-CON-003_T10045850683_20260401174431
10:46:16 [INFO] core.sap_client — sp01_row_marked row=16 title=CN-CON-003_T10045856596_20260401174415
10:46:16 [INFO] core.sap_client — sp01_row_marked row=18 title=CN-CON-003_T10045853654_20260401174400
10:46:16 [INFO] core.sap_client — sp01_row_marked row=20 title=CN-CON-003_T10045836167_20260401174344
10:46:16 [INFO] core.sap_client — sp01_row_marked row=22 title=CN-CON-003_T10045869363_20260401174328
10:46:16 [INFO] core.sap_client — sp01_row_marked row=24 title=CN-CON-003_T10045850684_20260401174312
10:46:16 [INFO] core.sap_client — sp01_row_marked row=26 title=CN-CON-003_T10045831762_20260401174256
10:46:16 [INFO] core.sap_client — sp01_row_marked row=28 title=CN-CON-003_T10045853653_20260401174241
10:46:16 [INFO] core.sap_client — sp01_row_marked row=30 title=CN-CON-003_T10045831745_20260401174225
10:46:18 [INFO] core.sap_client — sp01_print_confirmed via=btn[25] marked=14
10:46:20 [INFO] core.sap_client — sp01_pallet_done result={'status': 'ok', 'message': 'SP01 OK — 14 spool(s) impreso(s)', 'marked': 14} hu_codes=['T10045831745', 'T10045853653', 'T10045831762', 'T10045850684', 'T10045869363', 'T10045836167', 'T10045853654', 'T10045856596', 'T10045850683', 'T10045869359', 'T10045865330', 'T10045850686', 'T10045839882', 'T10045864568', 'T10045831763']
10:46:20 [INFO] core.queue_model — sp01_pallet_result={'status': 'ok', 'message': 'SP01 OK — 14 spool(s) impreso(s)', 'marked': 14}
10:47:41 [INFO] core.queue_model — queue_worker_resumed_by_ui
10:47:41 [INFO] core.queue_model — queue_worker_resumed_processing
10:47:41 [INFO] core.sap_client — setup_phase1_start
10:47:46 [INFO] core.sap_client — tx_opened code=/nZMOVEINBHU current_tx=ZMOVEINBHU
10:47:46 [INFO] core.sap_client — phase1_ready — ctxtP_HU confirmed
10:47:49 [INFO] core.sap_client — hu_phase1_ok hu=T10045856637
10:47:49 [INFO] core.sap_client — setup_phase2_start
10:47:54 [INFO] core.sap_client — tx_opened code=/nZMMTIJSEP current_tx=ZMMTIJSEP
10:47:54 [INFO] core.sap_client — phase2_ready — txtGV_HU confirmed
10:47:55 [INFO] core.sap_client — hu_phase2_ok hu=T10045856637 duration_ms=1002
10:47:55 [INFO] core.sap_client — setup_phase1_start
10:48:01 [INFO] core.sap_client — tx_opened code=/nZMOVEINBHU current_tx=ZMOVEINBHU
10:48:01 [INFO] core.sap_client — phase1_ready — ctxtP_HU confirmed
10:48:04 [INFO] core.sap_client — hu_phase1_ok hu=T10045831797
10:48:04 [WARNING] core.sap_client — phase2_wrong_screen hu=T10045831797 — re-navigating
10:48:04 [INFO] core.sap_client — setup_phase2_start
10:48:10 [INFO] core.sap_client — tx_opened code=/nZMMTIJSEP current_tx=ZMMTIJSEP
10:48:10 [INFO] core.sap_client — phase2_ready — txtGV_HU confirmed
10:48:11 [INFO] core.sap_client — hu_phase2_ok hu=T10045831797 duration_ms=6151
10:48:11 [WARNING] core.sap_client — phase1_wrong_screen hu=T10045863021 — re-navigating
10:48:11 [INFO] core.sap_client — setup_phase1_start
10:48:16 [INFO] core.sap_client — tx_opened code=/nZMOVEINBHU current_tx=ZMOVEINBHU
10:48:16 [INFO] core.sap_client — phase1_ready — ctxtP_HU confirmed
10:48:20 [INFO] core.sap_client — hu_phase1_ok hu=T10045863021
10:48:20 [WARNING] core.sap_client — phase2_wrong_screen hu=T10045863021 — re-navigating
10:48:20 [INFO] core.sap_client — setup_phase2_start
10:48:25 [INFO] core.sap_client — tx_opened code=/nZMMTIJSEP current_tx=ZMMTIJSEP
10:48:25 [INFO] core.sap_client — phase2_ready — txtGV_HU confirmed
10:48:26 [INFO] core.sap_client — hu_phase2_ok hu=T10045863021 duration_ms=6066
10:48:26 [WARNING] core.sap_client — phase1_wrong_screen hu=T10045864897 — re-navigating
10:48:26 [INFO] core.sap_client — setup_phase1_start
10:48:31 [INFO] core.sap_client — tx_opened code=/nZMOVEINBHU current_tx=ZMOVEINBHU
10:48:31 [INFO] core.sap_client — phase1_ready — ctxtP_HU confirmed
10:48:36 [INFO] core.sap_client — hu_phase1_ok hu=T10045864897
10:48:36 [WARNING] core.sap_client — phase2_wrong_screen hu=T10045864897 — re-navigating
10:48:36 [INFO] core.sap_client — setup_phase2_start
10:48:41 [INFO] core.sap_client — tx_opened code=/nZMMTIJSEP current_tx=ZMMTIJSEP
10:48:41 [INFO] core.sap_client — phase2_ready — txtGV_HU confirmed
10:48:42 [INFO] core.sap_client — hu_phase2_ok hu=T10045864897 duration_ms=6069
10:48:42 [WARNING] core.sap_client — phase1_wrong_screen hu=T10045850721 — re-navigating
10:48:42 [INFO] core.sap_client — setup_phase1_start
10:48:47 [INFO] core.sap_client — tx_opened code=/nZMOVEINBHU current_tx=ZMOVEINBHU
10:48:47 [INFO] core.sap_client — phase1_ready — ctxtP_HU confirmed
10:48:51 [INFO] core.sap_client — hu_phase1_ok hu=T10045850721
10:48:51 [WARNING] core.sap_client — phase2_wrong_screen hu=T10045850721 — re-navigating
10:48:51 [INFO] core.sap_client — setup_phase2_start
10:48:56 [INFO] core.sap_client — tx_opened code=/nZMMTIJSEP current_tx=ZMMTIJSEP
10:48:56 [INFO] core.sap_client — phase2_ready — txtGV_HU confirmed
10:48:57 [INFO] core.sap_client — hu_phase2_ok hu=T10045850721 duration_ms=6065
10:48:57 [WARNING] core.sap_client — phase1_wrong_screen hu=T10045863111 — re-navigating
10:48:57 [INFO] core.sap_client — setup_phase1_start
10:49:02 [INFO] core.sap_client — tx_opened code=/nZMOVEINBHU current_tx=ZMOVEINBHU
10:49:02 [INFO] core.sap_client — phase1_ready — ctxtP_HU confirmed
10:49:08 [INFO] core.sap_client — hu_phase1_ok hu=T10045863111
10:49:08 [WARNING] core.sap_client — phase2_wrong_screen hu=T10045863111 — re-navigating
10:49:08 [INFO] core.sap_client — setup_phase2_start
10:49:13 [INFO] core.sap_client — tx_opened code=/nZMMTIJSEP current_tx=ZMMTIJSEP
10:49:13 [INFO] core.sap_client — phase2_ready — txtGV_HU confirmed
10:49:14 [INFO] core.sap_client — hu_phase2_ok hu=T10045863111 duration_ms=6280
10:49:14 [WARNING] core.sap_client — phase1_wrong_screen hu=T10045865409 — re-navigating
10:49:14 [INFO] core.sap_client — setup_phase1_start
10:49:19 [INFO] core.sap_client — tx_opened code=/nZMOVEINBHU current_tx=ZMOVEINBHU
10:49:19 [INFO] core.sap_client — phase1_ready — ctxtP_HU confirmed
10:49:23 [INFO] core.sap_client — hu_phase1_ok hu=T10045865409
10:49:23 [WARNING] core.sap_client — phase2_wrong_screen hu=T10045865409 — re-navigating
10:49:23 [INFO] core.sap_client — setup_phase2_start
10:49:28 [INFO] core.sap_client — tx_opened code=/nZMMTIJSEP current_tx=ZMMTIJSEP
10:49:28 [INFO] core.sap_client — phase2_ready — txtGV_HU confirmed
10:49:29 [INFO] core.sap_client — hu_phase2_ok hu=T10045865409 duration_ms=6212
10:49:29 [WARNING] core.sap_client — phase1_wrong_screen hu=T10045850719 — re-navigating
10:49:29 [INFO] core.sap_client — setup_phase1_start
10:49:34 [INFO] core.sap_client — tx_opened code=/nZMOVEINBHU current_tx=ZMOVEINBHU
10:49:34 [INFO] core.sap_client — phase1_ready — ctxtP_HU confirmed
10:49:38 [INFO] core.sap_client — hu_phase1_ok hu=T10045850719
10:49:38 [WARNING] core.sap_client — phase2_wrong_screen hu=T10045850719 — re-navigating
10:49:38 [INFO] core.sap_client — setup_phase2_start
10:49:43 [INFO] core.sap_client — tx_opened code=/nZMMTIJSEP current_tx=ZMMTIJSEP
10:49:43 [INFO] core.sap_client — phase2_ready — txtGV_HU confirmed
10:49:44 [INFO] core.sap_client — hu_phase2_ok hu=T10045850719 duration_ms=6154
10:49:44 [WARNING] core.sap_client — phase1_wrong_screen hu=T10045850718 — re-navigating
10:49:44 [INFO] core.sap_client — setup_phase1_start
10:49:49 [INFO] core.sap_client — tx_opened code=/nZMOVEINBHU current_tx=ZMOVEINBHU
10:49:49 [INFO] core.sap_client — phase1_ready — ctxtP_HU confirmed
10:49:53 [INFO] core.sap_client — hu_phase1_ok hu=T10045850718
10:49:53 [WARNING] core.sap_client — phase2_wrong_screen hu=T10045850718 — re-navigating
10:49:53 [INFO] core.sap_client — setup_phase2_start
10:49:58 [INFO] core.sap_client — tx_opened code=/nZMMTIJSEP current_tx=ZMMTIJSEP
10:49:58 [INFO] core.sap_client — phase2_ready — txtGV_HU confirmed
10:49:59 [INFO] core.sap_client — hu_phase2_ok hu=T10045850718 duration_ms=6102
10:49:59 [WARNING] core.sap_client — phase1_wrong_screen hu=T10045835426 — re-navigating
10:49:59 [INFO] core.sap_client — setup_phase1_start
10:50:04 [INFO] core.sap_client — tx_opened code=/nZMOVEINBHU current_tx=ZMOVEINBHU
10:50:04 [INFO] core.sap_client — phase1_ready — ctxtP_HU confirmed
10:50:08 [INFO] core.sap_client — hu_phase1_ok hu=T10045835426
10:50:08 [WARNING] core.sap_client — phase2_wrong_screen hu=T10045835426 — re-navigating
10:50:08 [INFO] core.sap_client — setup_phase2_start
10:50:13 [INFO] core.sap_client — tx_opened code=/nZMMTIJSEP current_tx=ZMMTIJSEP
10:50:13 [INFO] core.sap_client — phase2_ready — txtGV_HU confirmed
10:50:14 [INFO] core.sap_client — hu_phase2_ok hu=T10045835426 duration_ms=6264
10:50:14 [INFO] core.queue_model — pallet_boundary multi_hu pallet=9 count=10 hu_codes=['T10045856637', 'T10045831797', 'T10045863021', 'T10045864897', 'T10045850721', 'T10045863111', 'T10045865409', 'T10045850719', 'T10045850718', 'T10045835426']
10:50:20 [INFO] core.sap_client — tx_opened code=/nSP01 current_tx=SP01
10:50:24 [INFO] core.sap_client — sp01_row_marked row=4 title=CN-CON-003_T10045835426_20260401175014
10:50:24 [INFO] core.sap_client — sp01_row_marked row=6 title=CN-CON-003_T10045850718_20260401174959
10:50:24 [INFO] core.sap_client — sp01_row_marked row=8 title=CN-CON-003_T10045850719_20260401174943
10:50:24 [INFO] core.sap_client — sp01_row_marked row=10 title=CN-CON-003_T10045865409_20260401174928
10:50:24 [INFO] core.sap_client — sp01_row_marked row=12 title=CN-CON-003_T10045863111_20260401174914
10:50:24 [INFO] core.sap_client — sp01_row_marked row=14 title=CN-CON-003_T10045850721_20260401174857
10:50:24 [INFO] core.sap_client — sp01_row_marked row=16 title=CN-CON-003_T10045864897_20260401174842
10:50:24 [INFO] core.sap_client — sp01_row_marked row=18 title=CN-CON-003_T10045863021_20260401174825
10:50:24 [INFO] core.sap_client — sp01_row_marked row=20 title=CN-CON-003_T10045831797_20260401174810
10:50:24 [INFO] core.sap_client — sp01_row_marked row=22 title=CN-CON-003_T10045856637_20260401174755
10:50:27 [INFO] core.sap_client — sp01_print_confirmed via=btn[25] marked=10
10:50:29 [INFO] core.sap_client — sp01_pallet_done result={'status': 'ok', 'message': 'SP01 OK — 10 spool(s) impreso(s)', 'marked': 10} hu_codes=['T10045856637', 'T10045831797', 'T10045863021', 'T10045864897', 'T10045850721', 'T10045863111', 'T10045865409', 'T10045850719', 'T10045850718', 'T10045835426']
10:50:29 [INFO] core.queue_model — sp01_pallet_result={'status': 'ok', 'message': 'SP01 OK — 10 spool(s) impreso(s)', 'marked': 10}
10:50:29 [INFO] core.queue_model — queue_worker_stopped
10:50:29 [INFO] core.queue_model — queue_worker_stop_requested
11:09:37 [INFO] core.queue_model — new_pallet id=1
11:09:42 [INFO] core.queue_model — hu_added hu=2972642040 pallet=1 origin=ITA
11:10:49 [INFO] core.queue_model — new_pallet id=1
11:10:55 [INFO] core.queue_model — hu_added hu=2972642040 pallet=1 origin=ITA
11:11:17 [INFO] core.queue_model — new_pallet id=2
11:11:27 [INFO] core.queue_model — hu_added hu=T10045865320 pallet=2 origin=CNA
11:11:31 [INFO] core.queue_model — hu_added hu=T10045831749 pallet=2 origin=CNA
11:11:35 [INFO] core.queue_model — hu_added hu=T10045836194 pallet=2 origin=CNA
11:11:39 [INFO] core.queue_model — hu_added hu=T10045831746 pallet=2 origin=CNA
11:11:44 [INFO] core.queue_model — new_pallet id=3
11:11:49 [WARNING] core.queue_model — hu_duplicate_scan hu=2972642040
11:12:02 [INFO] core.queue_model — hu_added hu=T10045831752 pallet=3 origin=CNA
11:12:07 [INFO] core.queue_model — new_pallet id=1
11:12:10 [INFO] core.queue_model — hu_added hu=2972642040 pallet=1 origin=ITA
11:12:14 [INFO] core.queue_model — new_pallet id=2
11:12:21 [INFO] core.queue_model — hu_added hu=T10045865320 pallet=2 origin=CNA
11:12:25 [INFO] core.queue_model — hu_added hu=T10045831749 pallet=2 origin=CNA
11:12:30 [INFO] core.queue_model — new_pallet id=1
11:13:15 [INFO] core.queue_model — hu_added hu=2972642040 pallet=1 origin=ITA
11:13:23 [INFO] core.queue_model — hu_added hu=ELPS000083181 pallet=2 origin=FHR
11:13:28 [INFO] core.queue_model — hu_added hu=ELPS000083279 pallet=3 origin=FHR
11:13:43 [INFO] core.queue_model — new_pallet id=1
11:27:20 [INFO] core.queue_model — new_pallet id=1
11:29:03 [INFO] core.queue_model — new_pallet id=1
11:29:30 [INFO] core.queue_model — hu_added hu=2972642040 pallet=1 origin=ITA
11:29:42 [INFO] core.queue_model — hu_added hu=ELPS000083279 pallet=2 origin=FHR
11:29:47 [INFO] core.queue_model — hu_added hu=T10045865320 pallet=2 origin=CNA
11:29:56 [INFO] core.queue_model — new_pallet id=3
11:30:03 [WARNING] core.queue_model — hu_duplicate_scan hu=T10045865320
11:30:09 [INFO] core.queue_model — hu_added hu=T10045831749 pallet=3 origin=CNA
11:30:13 [INFO] core.queue_model — hu_added hu=T10045831746 pallet=3 origin=CNA
11:30:19 [WARNING] core.queue_model — hu_duplicate_scan hu=T10045831746
11:30:26 [INFO] core.queue_model — hu_added hu=T10045836194 pallet=3 origin=CNA
11:33:45 [INFO] core.queue_model — new_pallet id=1
11:33:49 [INFO] core.queue_model — hu_added hu=2972642040 pallet=1 origin=ITA
11:34:00 [INFO] core.queue_model — hu_added hu=T10045865320 pallet=2 origin=CNA
11:34:05 [INFO] core.queue_model — hu_added hu=T10045831749 pallet=2 origin=CNA
11:34:13 [INFO] core.queue_model — hu_added hu=T10045831746 pallet=2 origin=CNA
11:34:20 [INFO] core.queue_model — hu_added hu=ELPS000083279 pallet=3 origin=FHR
11:34:26 [WARNING] core.queue_model — hu_duplicate_scan hu=ELPS000083279
11:34:29 [INFO] core.queue_model — hu_added hu=ELPS000083181 pallet=4 origin=FHR
11:34:44 [INFO] core.queue_model — hu_added hu=T10045836194 pallet=5 origin=CNA
11:35:11 [WARNING] core.queue_model — hu_duplicate_scan hu=ELPS000083181
11:35:14 [INFO] core.queue_model — hu_added hu=ELPS000083242 pallet=6 origin=FHR
11:36:21 [INFO] core.queue_model — new_pallet id=1
11:36:28 [INFO] core.queue_model — hu_added hu=T10045831749 pallet=1 origin=CNA
11:36:31 [WARNING] core.queue_model — hu_duplicate_scan hu=T10045831749
11:36:36 [INFO] core.queue_model — hu_added hu=T10045865320 pallet=1 origin=CNA
11:36:41 [INFO] core.queue_model — hu_added hu=T10045836194 pallet=1 origin=CNA
11:36:55 [INFO] core.queue_model — hu_added hu=C1012089483 pallet=2 origin=BRA/CNA/ATL
11:37:00 [INFO] core.queue_model — hu_added hu=TH0000268021 pallet=3 origin=THA
11:40:18 [INFO] core.queue_model — new_pallet id=1
11:40:23 [INFO] core.queue_model — hu_added hu=2972642040 pallet=1 origin=ITA
11:40:34 [INFO] core.queue_model — hu_added hu=ELPS000083181
   pallet=2 origin=FHR
11:40:45 [INFO] core.queue_model — hu_added hu=T10045865320 pallet=3 origin=CNA
11:41:42 [INFO] core.queue_model — hu_added hu=T10045831749 pallet=3 origin=CNA
11:41:52 [INFO] core.queue_model — hu_added hu=TH0000268021 pallet=4 origin=THA
11:42:08 [INFO] core.queue_model — new_pallet id=1
11:42:35 [INFO] core.queue_model — new_pallet id=1
11:42:40 [INFO] core.queue_model — hu_added hu=ELPS000083181 pallet=1 origin=FHR
11:42:45 [WARNING] core.queue_model — hu_duplicate_scan hu=ELPS000083181
11:42:48 [INFO] core.queue_model — hu_added hu=ELPS000083242 pallet=2 origin=FHR
11:43:12 [INFO] core.queue_model — new_pallet id=1
11:44:39 [INFO] core.queue_model — new_pallet id=1
11:48:37 [INFO] core.queue_model — new_pallet id=1
11:48:53 [INFO] core.queue_model — hu_added hu=T10045853657 pallet=1 origin=CNA
11:49:06 [INFO] core.queue_model — new_pallet id=1
11:49:13 [INFO] core.queue_model — hu_added hu=T10045830655 pallet=1 origin=CNA
11:49:14 [INFO] core.queue_model — queue_worker_started dynamic_print_mode
11:49:14 [INFO] core.sap_client — sap_connected system=LUP user=LOPEZHJC
11:49:14 [INFO] core.queue_model — queue_worker_sap_connected
11:49:14 [INFO] core.sap_client — setup_phase1_start
11:49:17 [INFO] core.queue_model — hu_added hu=T10045836507 pallet=1 origin=CNA
11:49:19 [INFO] core.queue_model — hu_added hu=T10045863024 pallet=1 origin=CNA
11:49:20 [INFO] core.sap_client — tx_opened code=/nZMOVEINBHU current_tx=ZMOVEINBHU
11:49:20 [INFO] core.sap_client — phase1_ready — ctxtP_HU confirmed
11:49:20 [INFO] core.queue_model — hu_added hu=T10045830241 pallet=1 origin=CNA
11:49:24 [INFO] core.queue_model — hu_added hu=T10045864895 pallet=1 origin=CNA
11:49:24 [INFO] core.sap_client — hu_phase1_ok hu=T10045830655
11:49:24 [INFO] core.sap_client — setup_phase2_start
11:49:27 [INFO] core.queue_model — hu_added hu=T10045830244 pallet=1 origin=CNA
11:49:30 [INFO] core.sap_client — tx_opened code=/nZMMTIJSEP current_tx=ZMMTIJSEP
11:49:30 [INFO] core.sap_client — phase2_ready — txtGV_HU confirmed
11:49:31 [INFO] core.sap_client — hu_phase2_ok hu=T10045830655 duration_ms=1168
11:49:31 [INFO] core.sap_client — setup_phase1_start
11:49:36 [INFO] core.sap_client — tx_opened code=/nZMOVEINBHU current_tx=ZMOVEINBHU
11:49:36 [INFO] core.sap_client — phase1_ready — ctxtP_HU confirmed
11:49:36 [INFO] core.queue_model — new_pallet id=2
11:49:40 [INFO] core.sap_client — hu_phase1_ok hu=T10045836507
11:49:40 [WARNING] core.sap_client — phase2_wrong_screen hu=T10045836507 — re-navigating
11:49:40 [INFO] core.sap_client — setup_phase2_start
11:49:46 [INFO] core.sap_client — tx_opened code=/nZMMTIJSEP current_tx=ZMMTIJSEP
11:49:46 [INFO] core.sap_client — phase2_ready — txtGV_HU confirmed
11:49:47 [INFO] core.sap_client — hu_phase2_ok hu=T10045836507 duration_ms=6062
11:49:47 [WARNING] core.sap_client — phase1_wrong_screen hu=T10045863024 — re-navigating
11:49:47 [INFO] core.sap_client — setup_phase1_start
11:49:49 [INFO] core.queue_model — hu_added hu=T10045853657 pallet=2 origin=CNA
11:49:51 [INFO] core.queue_model — hu_added hu=T10045869361 pallet=2 origin=CNA
11:49:52 [INFO] core.sap_client — tx_opened code=/nZMOVEINBHU current_tx=ZMOVEINBHU
11:49:52 [INFO] core.sap_client — phase1_ready — ctxtP_HU confirmed
11:49:57 [INFO] core.sap_client — hu_phase1_ok hu=T10045863024
11:49:57 [WARNING] core.sap_client — phase2_wrong_screen hu=T10045863024 — re-navigating
11:49:57 [INFO] core.sap_client — setup_phase2_start
11:50:03 [INFO] core.sap_client — tx_opened code=/nZMMTIJSEP current_tx=ZMMTIJSEP
11:50:03 [INFO] core.sap_client — phase2_ready — txtGV_HU confirmed
11:50:04 [INFO] core.sap_client — hu_phase2_ok hu=T10045863024 duration_ms=6247
11:50:04 [WARNING] core.sap_client — phase1_wrong_screen hu=T10045830241 — re-navigating
11:50:04 [INFO] core.sap_client — setup_phase1_start
11:50:09 [INFO] core.sap_client — tx_opened code=/nZMOVEINBHU current_tx=ZMOVEINBHU
11:50:09 [INFO] core.sap_client — phase1_ready — ctxtP_HU confirmed
11:50:12 [INFO] core.queue_model — hu_added hu=T10045831753 pallet=2 origin=CNA
11:50:14 [INFO] core.sap_client — hu_phase1_ok hu=T10045830241
11:50:14 [WARNING] core.sap_client — phase2_wrong_screen hu=T10045830241 — re-navigating
11:50:14 [INFO] core.sap_client — setup_phase2_start
11:50:19 [INFO] core.sap_client — tx_opened code=/nZMMTIJSEP current_tx=ZMMTIJSEP
11:50:19 [INFO] core.sap_client — phase2_ready — txtGV_HU confirmed
11:50:20 [INFO] core.sap_client — hu_phase2_ok hu=T10045830241 duration_ms=6219
11:50:20 [WARNING] core.sap_client — phase1_wrong_screen hu=T10045864895 — re-navigating
11:50:20 [INFO] core.sap_client — setup_phase1_start
11:50:25 [INFO] core.sap_client — tx_opened code=/nZMOVEINBHU current_tx=ZMOVEINBHU
11:50:26 [INFO] core.sap_client — phase1_ready — ctxtP_HU confirmed
11:50:28 [INFO] core.queue_model — hu_added hu=T10045865333 pallet=2 origin=CNA
11:50:30 [INFO] core.sap_client — hu_phase1_ok hu=T10045864895
11:50:30 [WARNING] core.sap_client — phase2_wrong_screen hu=T10045864895 — re-navigating
11:50:30 [INFO] core.sap_client — setup_phase2_start
11:50:35 [INFO] core.sap_client — tx_opened code=/nZMMTIJSEP current_tx=ZMMTIJSEP
11:50:35 [INFO] core.sap_client — phase2_ready — txtGV_HU confirmed
11:50:36 [INFO] core.sap_client — hu_phase2_ok hu=T10045864895 duration_ms=6084
11:50:36 [WARNING] core.sap_client — phase1_wrong_screen hu=T10045830244 — re-navigating
11:50:36 [INFO] core.sap_client — setup_phase1_start
11:50:41 [INFO] core.sap_client — tx_opened code=/nZMOVEINBHU current_tx=ZMOVEINBHU
11:50:42 [INFO] core.sap_client — phase1_ready — ctxtP_HU confirmed
11:50:46 [INFO] core.sap_client — hu_phase1_ok hu=T10045830244
11:50:46 [WARNING] core.sap_client — phase2_wrong_screen hu=T10045830244 — re-navigating
11:50:46 [INFO] core.sap_client — setup_phase2_start
11:50:51 [INFO] core.sap_client — tx_opened code=/nZMMTIJSEP current_tx=ZMMTIJSEP
11:50:51 [INFO] core.sap_client — phase2_ready — txtGV_HU confirmed
11:50:52 [INFO] core.sap_client — hu_phase2_ok hu=T10045830244 duration_ms=6241
11:50:52 [INFO] core.queue_model — pallet_boundary multi_hu pallet=1 count=6 hu_codes=['T10045830655', 'T10045836507', 'T10045863024', 'T10045830241', 'T10045864895', 'T10045830244']
11:50:57 [INFO] core.sap_client — tx_opened code=/nSP01 current_tx=SP01
11:51:02 [INFO] core.sap_client — sp01_row_marked row=4 title=CN-CON-003_T10045864895_20260401185036
11:51:02 [INFO] core.sap_client — sp01_row_marked row=6 title=CN-CON-003_T10045830241_20260401185020
11:51:02 [INFO] core.sap_client — sp01_row_marked row=8 title=CN-CON-003_T10045863024_20260401185003
11:51:02 [INFO] core.sap_client — sp01_row_marked row=10 title=CN-CON-003_T10045836507_20260401184946
11:51:02 [INFO] core.sap_client — sp01_row_marked row=12 title=CN-CON-003_T10045830655_20260401184931
11:51:04 [INFO] core.sap_client — sp01_print_confirmed via=btn[25] marked=5
11:51:06 [INFO] core.sap_client — sp01_pallet_done result={'status': 'ok', 'message': 'SP01 OK — 5 spool(s) impreso(s)', 'marked': 5} hu_codes=['T10045830655', 'T10045836507', 'T10045863024', 'T10045830241', 'T10045864895', 'T10045830244']
11:51:06 [INFO] core.queue_model — sp01_pallet_result={'status': 'ok', 'message': 'SP01 OK — 5 spool(s) impreso(s)', 'marked': 5}
11:56:54 [INFO] core.queue_model — hu_added hu=T10045831750 pallet=2 origin=CNA
11:56:56 [WARNING] core.queue_model — hu_duplicate_scan hu=T10045869361
11:57:01 [WARNING] core.queue_model — hu_duplicate_scan hu=T10045853657
11:57:05 [WARNING] core.queue_model — hu_duplicate_scan hu=T10045831753
11:57:09 [INFO] core.queue_model — hu_added hu=T10045853656 pallet=2 origin=CNA
11:57:10 [INFO] core.queue_model — hu_added hu=T10045865332 pallet=2 origin=CNA
11:57:11 [WARNING] core.queue_model — hu_duplicate_scan hu=T10045865333
11:57:13 [INFO] core.queue_model — hu_added hu=T10045850681 pallet=2 origin=CNA
11:57:18 [INFO] core.queue_model — hu_added hu=T10045865331 pallet=2 origin=CNA
11:57:24 [INFO] core.queue_model — queue_worker_resumed_by_ui
11:57:24 [INFO] core.queue_model — queue_worker_resumed_processing
11:57:24 [INFO] core.sap_client — setup_phase1_start
11:57:28 [INFO] core.queue_model — hu_added hu=T10045853655 pallet=2 origin=CNA
11:57:30 [INFO] core.sap_client — tx_opened code=/nZMOVEINBHU current_tx=ZMOVEINBHU
11:57:30 [INFO] core.sap_client — phase1_ready — ctxtP_HU confirmed
11:57:31 [INFO] core.queue_model — hu_added hu=T10045865334 pallet=2 origin=CNA
11:57:32 [INFO] core.queue_model — hu_added hu=T10045869362 pallet=2 origin=CNA
11:57:33 [INFO] core.sap_client — hu_phase1_ok hu=T10045853657
11:57:33 [INFO] core.sap_client — setup_phase2_start
11:57:34 [INFO] core.queue_model — hu_added hu=T10045831760 pallet=2 origin=CNA
11:57:35 [INFO] core.queue_model — hu_added hu=T10045831742 pallet=2 origin=CNA
11:57:38 [INFO] core.sap_client — tx_opened code=/nZMMTIJSEP current_tx=ZMMTIJSEP
11:57:39 [INFO] core.sap_client — phase2_ready — txtGV_HU confirmed
11:57:40 [INFO] core.sap_client — hu_phase2_ok hu=T10045853657 duration_ms=1001
11:57:40 [INFO] core.sap_client — setup_phase1_start
11:57:45 [INFO] core.sap_client — tx_opened code=/nZMOVEINBHU current_tx=ZMOVEINBHU
11:57:45 [INFO] core.sap_client — phase1_ready — ctxtP_HU confirmed
11:57:49 [INFO] core.sap_client — hu_phase1_ok hu=T10045869361
11:57:49 [WARNING] core.sap_client — phase2_wrong_screen hu=T10045869361 — re-navigating
11:57:49 [INFO] core.sap_client — setup_phase2_start
11:57:51 [INFO] core.queue_model — new_pallet id=3
11:57:54 [INFO] core.sap_client — tx_opened code=/nZMMTIJSEP current_tx=ZMMTIJSEP
11:57:54 [INFO] core.sap_client — phase2_ready — txtGV_HU confirmed
11:57:55 [INFO] core.queue_model — hu_added hu=T10045839880 pallet=3 origin=CNA
11:57:55 [INFO] core.sap_client — hu_phase2_ok hu=T10045869361 duration_ms=6188
11:57:55 [WARNING] core.sap_client — phase1_wrong_screen hu=T10045831753 — re-navigating
11:57:55 [INFO] core.sap_client — setup_phase1_start
11:57:57 [INFO] core.queue_model — hu_added hu=T10045869347 pallet=3 origin=CNA
11:57:59 [INFO] core.queue_model — hu_added hu=T10045839879 pallet=3 origin=CNA
11:58:00 [INFO] core.sap_client — tx_opened code=/nZMOVEINBHU current_tx=ZMOVEINBHU
11:58:00 [INFO] core.sap_client — phase1_ready — ctxtP_HU confirmed
11:58:04 [INFO] core.queue_model — hu_added hu=T10045856600 pallet=3 origin=CNA
11:58:04 [INFO] core.sap_client — hu_phase1_ok hu=T10045831753
11:58:04 [WARNING] core.sap_client — phase2_wrong_screen hu=T10045831753 — re-navigating
11:58:04 [INFO] core.sap_client — setup_phase2_start
11:58:05 [INFO] core.queue_model — hu_added hu=T10045837392 pallet=3 origin=CNA
11:58:08 [INFO] core.queue_model — hu_added hu=T10045839881 pallet=3 origin=CNA
11:58:10 [INFO] core.sap_client — tx_opened code=/nZMMTIJSEP current_tx=ZMMTIJSEP
11:58:10 [INFO] core.sap_client — phase2_ready — txtGV_HU confirmed
11:58:11 [INFO] core.sap_client — hu_phase2_ok hu=T10045831753 duration_ms=6124
11:58:11 [WARNING] core.sap_client — phase1_wrong_screen hu=T10045865333 — re-navigating
11:58:11 [INFO] core.sap_client — setup_phase1_start
11:58:12 [INFO] core.queue_model — hu_added hu=T10045865354 pallet=3 origin=CNA
11:58:16 [INFO] core.sap_client — tx_opened code=/nZMOVEINBHU current_tx=ZMOVEINBHU
11:58:16 [INFO] core.sap_client — phase1_ready — ctxtP_HU confirmed
11:58:18 [INFO] core.queue_model — new_pallet id=4
11:58:19 [INFO] core.sap_client — hu_phase1_ok hu=T10045865333
11:58:19 [WARNING] core.sap_client — phase2_wrong_screen hu=T10045865333 — re-navigating
11:58:19 [INFO] core.sap_client — setup_phase2_start
11:58:25 [INFO] core.sap_client — tx_opened code=/nZMMTIJSEP current_tx=ZMMTIJSEP
11:58:25 [INFO] core.sap_client — phase2_ready — txtGV_HU confirmed
11:58:26 [INFO] core.sap_client — hu_phase2_ok hu=T10045865333 duration_ms=6230
11:58:26 [WARNING] core.sap_client — phase1_wrong_screen hu=T10045831750 — re-navigating
11:58:26 [INFO] core.sap_client — setup_phase1_start
11:58:26 [INFO] core.queue_model — hu_added hu=T10045830219 pallet=4 origin=CNA
11:58:28 [INFO] core.queue_model — hu_added hu=T10045863022 pallet=4 origin=CNA
11:58:30 [INFO] core.queue_model — hu_added hu=T10045864809 pallet=4 origin=CNA
11:58:31 [INFO] core.sap_client — tx_opened code=/nZMOVEINBHU current_tx=ZMOVEINBHU
11:58:31 [INFO] core.sap_client — phase1_ready — ctxtP_HU confirmed
11:58:33 [INFO] core.queue_model — hu_added hu=T10045864896 pallet=4 origin=CNA
11:58:35 [INFO] core.sap_client — hu_phase1_ok hu=T10045831750
11:58:35 [WARNING] core.sap_client — phase2_wrong_screen hu=T10045831750 — re-navigating
11:58:35 [INFO] core.sap_client — setup_phase2_start
11:58:36 [INFO] core.queue_model — hu_added hu=T10045856660 pallet=4 origin=CNA
11:58:38 [INFO] core.queue_model — hu_added hu=T10045836513 pallet=4 origin=CNA
11:58:40 [INFO] core.queue_model — hu_added hu=T10045836490 pallet=4 origin=CNA
11:58:40 [INFO] core.sap_client — tx_opened code=/nZMMTIJSEP current_tx=ZMMTIJSEP
11:58:40 [INFO] core.sap_client — phase2_ready — txtGV_HU confirmed
11:58:41 [INFO] core.sap_client — hu_phase2_ok hu=T10045831750 duration_ms=6175
11:58:41 [WARNING] core.sap_client — phase1_wrong_screen hu=T10045853656 — re-navigating
11:58:41 [INFO] core.sap_client — setup_phase1_start
11:58:44 [INFO] core.queue_model — hu_added hu=T10045863179 pallet=4 origin=CNA
11:58:46 [INFO] core.sap_client — tx_opened code=/nZMOVEINBHU current_tx=ZMOVEINBHU
11:58:46 [INFO] core.sap_client — phase1_ready — ctxtP_HU confirmed
11:58:50 [INFO] core.sap_client — hu_phase1_ok hu=T10045853656
11:58:50 [WARNING] core.sap_client — phase2_wrong_screen hu=T10045853656 — re-navigating
11:58:50 [INFO] core.sap_client — setup_phase2_start
11:58:55 [INFO] core.sap_client — tx_opened code=/nZMMTIJSEP current_tx=ZMMTIJSEP
11:58:55 [INFO] core.sap_client — phase2_ready — txtGV_HU confirmed
11:58:57 [INFO] core.sap_client — hu_phase2_ok hu=T10045853656 duration_ms=7164
11:58:57 [WARNING] core.sap_client — phase1_wrong_screen hu=T10045865332 — re-navigating
11:58:57 [INFO] core.sap_client — setup_phase1_start
11:59:03 [INFO] core.sap_client — tx_opened code=/nZMOVEINBHU current_tx=ZMOVEINBHU
11:59:03 [INFO] core.sap_client — phase1_ready — ctxtP_HU confirmed
11:59:06 [INFO] core.queue_model — hu_added hu=T10045836505 pallet=4 origin=CNA
11:59:06 [INFO] core.sap_client — hu_phase1_ok hu=T10045865332
11:59:06 [WARNING] core.sap_client — phase2_wrong_screen hu=T10045865332 — re-navigating
11:59:06 [INFO] core.sap_client — setup_phase2_start
11:59:11 [INFO] core.sap_client — tx_opened code=/nZMMTIJSEP current_tx=ZMMTIJSEP
11:59:11 [INFO] core.sap_client — phase2_ready — txtGV_HU confirmed
11:59:12 [INFO] core.sap_client — hu_phase2_ok hu=T10045865332 duration_ms=6163
11:59:12 [WARNING] core.sap_client — phase1_wrong_screen hu=T10045850681 — re-navigating
11:59:12 [INFO] core.sap_client — setup_phase1_start
11:59:17 [INFO] core.sap_client — tx_opened code=/nZMOVEINBHU current_tx=ZMOVEINBHU
11:59:17 [INFO] core.sap_client — phase1_ready — ctxtP_HU confirmed
11:59:21 [INFO] core.sap_client — hu_phase1_ok hu=T10045850681
11:59:21 [WARNING] core.sap_client — phase2_wrong_screen hu=T10045850681 — re-navigating
11:59:21 [INFO] core.sap_client — setup_phase2_start
11:59:27 [INFO] core.sap_client — tx_opened code=/nZMMTIJSEP current_tx=ZMMTIJSEP
11:59:27 [INFO] core.sap_client — phase2_ready — txtGV_HU confirmed
11:59:27 [INFO] core.sap_client — hu_phase2_ok hu=T10045850681 duration_ms=6148
11:59:27 [WARNING] core.sap_client — phase1_wrong_screen hu=T10045865331 — re-navigating
11:59:27 [INFO] core.sap_client — setup_phase1_start
11:59:33 [INFO] core.sap_client — tx_opened code=/nZMOVEINBHU current_tx=ZMOVEINBHU
11:59:33 [INFO] core.sap_client — phase1_ready — ctxtP_HU confirmed
11:59:37 [INFO] core.sap_client — hu_phase1_ok hu=T10045865331
11:59:37 [WARNING] core.sap_client — phase2_wrong_screen hu=T10045865331 — re-navigating
11:59:37 [INFO] core.sap_client — setup_phase2_start
11:59:42 [INFO] core.sap_client — tx_opened code=/nZMMTIJSEP current_tx=ZMMTIJSEP
11:59:42 [INFO] core.sap_client — phase2_ready — txtGV_HU confirmed
11:59:43 [INFO] core.sap_client — hu_phase2_ok hu=T10045865331 duration_ms=6077
11:59:43 [WARNING] core.sap_client — phase1_wrong_screen hu=T10045853655 — re-navigating
11:59:43 [INFO] core.sap_client — setup_phase1_start
11:59:48 [INFO] core.sap_client — tx_opened code=/nZMOVEINBHU current_tx=ZMOVEINBHU
11:59:48 [INFO] core.sap_client — phase1_ready — ctxtP_HU confirmed
11:59:51 [INFO] core.queue_model — new_pallet id=5
11:59:52 [INFO] core.sap_client — hu_phase1_ok hu=T10045853655
11:59:52 [WARNING] core.sap_client — phase2_wrong_screen hu=T10045853655 — re-navigating
11:59:52 [INFO] core.sap_client — setup_phase2_start
11:59:55 [INFO] core.queue_model — hu_added hu=T10045831744 pallet=5 origin=CNA
11:59:56 [INFO] core.queue_model — hu_added hu=T10045856622 pallet=5 origin=CNA
11:59:57 [INFO] core.queue_model — hu_added hu=T10045850682 pallet=5 origin=CNA
11:59:57 [INFO] core.sap_client — tx_opened code=/nZMMTIJSEP current_tx=ZMMTIJSEP
11:59:57 [INFO] core.sap_client — phase2_ready — txtGV_HU confirmed
11:59:58 [INFO] core.sap_client — hu_phase2_ok hu=T10045853655 duration_ms=6139
11:59:58 [WARNING] core.sap_client — phase1_wrong_screen hu=T10045865334 — re-navigating
11:59:58 [INFO] core.sap_client — setup_phase1_start
11:59:58 [INFO] core.queue_model — hu_added hu=T10045831764 pallet=5 origin=CNA
12:00:00 [INFO] core.queue_model — new_pallet id=6
12:00:04 [INFO] core.sap_client — tx_opened code=/nZMOVEINBHU current_tx=ZMOVEINBHU
12:00:04 [INFO] core.sap_client — phase1_ready — ctxtP_HU confirmed
12:00:07 [INFO] core.sap_client — hu_phase1_ok hu=T10045865334
12:00:07 [WARNING] core.sap_client — phase2_wrong_screen hu=T10045865334 — re-navigating
12:00:07 [INFO] core.sap_client — setup_phase2_start
12:00:13 [INFO] core.sap_client — tx_opened code=/nZMMTIJSEP current_tx=ZMMTIJSEP
12:00:13 [INFO] core.sap_client — phase2_ready — txtGV_HU confirmed
12:00:14 [INFO] core.sap_client — hu_phase2_ok hu=T10045865334 duration_ms=7111
12:00:14 [WARNING] core.sap_client — phase1_wrong_screen hu=T10045869362 — re-navigating
12:00:14 [INFO] core.sap_client — setup_phase1_start
12:00:20 [INFO] core.sap_client — tx_opened code=/nZMOVEINBHU current_tx=ZMOVEINBHU
12:00:20 [INFO] core.sap_client — phase1_ready — ctxtP_HU confirmed
12:00:23 [INFO] core.sap_client — hu_phase1_ok hu=T10045869362
12:00:23 [WARNING] core.sap_client — phase2_wrong_screen hu=T10045869362 — re-navigating
12:00:23 [INFO] core.sap_client — setup_phase2_start
12:00:28 [INFO] core.sap_client — tx_opened code=/nZMMTIJSEP current_tx=ZMMTIJSEP
12:00:28 [INFO] core.sap_client — phase2_ready — txtGV_HU confirmed
12:00:29 [INFO] core.sap_client — hu_phase2_ok hu=T10045869362 duration_ms=6133
12:00:29 [WARNING] core.sap_client — phase1_wrong_screen hu=T10045831760 — re-navigating
12:00:29 [INFO] core.sap_client — setup_phase1_start
12:00:35 [INFO] core.sap_client — tx_opened code=/nZMOVEINBHU current_tx=ZMOVEINBHU
12:00:35 [INFO] core.sap_client — phase1_ready — ctxtP_HU confirmed
12:00:38 [INFO] core.sap_client — hu_phase1_ok hu=T10045831760
12:00:38 [WARNING] core.sap_client — phase2_wrong_screen hu=T10045831760 — re-navigating
12:00:38 [INFO] core.sap_client — setup_phase2_start
12:00:44 [INFO] core.sap_client — tx_opened code=/nZMMTIJSEP current_tx=ZMMTIJSEP
12:00:44 [INFO] core.sap_client — phase2_ready — txtGV_HU confirmed
12:00:45 [INFO] core.sap_client — hu_phase2_ok hu=T10045831760 duration_ms=6274
12:00:45 [WARNING] core.sap_client — phase1_wrong_screen hu=T10045831742 — re-navigating
12:00:45 [INFO] core.sap_client — setup_phase1_start
12:00:50 [INFO] core.sap_client — tx_opened code=/nZMOVEINBHU current_tx=ZMOVEINBHU
12:00:50 [INFO] core.sap_client — phase1_ready — ctxtP_HU confirmed
12:00:54 [INFO] core.sap_client — hu_phase1_ok hu=T10045831742
12:00:54 [WARNING] core.sap_client — phase2_wrong_screen hu=T10045831742 — re-navigating
12:00:54 [INFO] core.sap_client — setup_phase2_start
12:00:59 [INFO] core.sap_client — tx_opened code=/nZMMTIJSEP current_tx=ZMMTIJSEP
12:00:59 [INFO] core.sap_client — phase2_ready — txtGV_HU confirmed
12:01:00 [INFO] core.sap_client — hu_phase2_ok hu=T10045831742 duration_ms=6180
12:01:00 [INFO] core.queue_model — pallet_boundary multi_hu pallet=2 count=14 hu_codes=['T10045853657', 'T10045869361', 'T10045831753', 'T10045865333', 'T10045831750', 'T10045853656', 'T10045865332', 'T10045850681', 'T10045865331', 'T10045853655', 'T10045865334', 'T10045869362', 'T10045831760', 'T10045831742']
12:01:05 [INFO] core.sap_client — tx_opened code=/nSP01 current_tx=SP01
12:01:10 [INFO] core.sap_client — sp01_row_marked row=4 title=CN-CON-003_T10045831742_20260401190100
12:01:10 [INFO] core.sap_client — sp01_row_marked row=6 title=CN-CON-003_T10045831760_20260401190044
12:01:10 [INFO] core.sap_client — sp01_row_marked row=8 title=CN-CON-003_T10045869362_20260401190029
12:01:10 [INFO] core.sap_client — sp01_row_marked row=10 title=CN-CON-003_T10045865334_20260401190013
12:01:10 [INFO] core.sap_client — sp01_row_marked row=12 title=CN-CON-003_T10045853655_20260401185958
12:01:10 [INFO] core.sap_client — sp01_row_marked row=14 title=CN-CON-003_T10045865331_20260401185942
12:01:10 [INFO] core.sap_client — sp01_row_marked row=16 title=CN-CON-003_T10045850681_20260401185927
12:01:10 [INFO] core.sap_client — sp01_row_marked row=18 title=CN-CON-003_T10045865332_20260401185912
12:01:10 [INFO] core.sap_client — sp01_row_marked row=20 title=CN-CON-003_T10045853656_20260401185856
12:01:10 [INFO] core.sap_client — sp01_row_marked row=22 title=CN-CON-003_T10045831750_20260401185841
12:01:10 [INFO] core.sap_client — sp01_row_marked row=24 title=CN-CON-003_T10045865333_20260401185825
12:01:10 [INFO] core.sap_client — sp01_row_marked row=26 title=CN-CON-003_T10045831753_20260401185810
12:01:10 [INFO] core.sap_client — sp01_row_marked row=28 title=CN-CON-003_T10045869361_20260401185755
12:01:10 [INFO] core.sap_client — sp01_row_marked row=30 title=CN-CON-003_T10045853657_20260401185739
12:01:12 [INFO] core.sap_client — sp01_print_confirmed via=btn[25] marked=14
12:01:14 [INFO] core.sap_client — sp01_pallet_done result={'status': 'ok', 'message': 'SP01 OK — 14 spool(s) impreso(s)', 'marked': 14} hu_codes=['T10045853657', 'T10045869361', 'T10045831753', 'T10045865333', 'T10045831750', 'T10045853656', 'T10045865332', 'T10045850681', 'T10045865331', 'T10045853655', 'T10045865334', 'T10045869362', 'T10045831760', 'T10045831742']
12:01:14 [INFO] core.queue_model — sp01_pallet_result={'status': 'ok', 'message': 'SP01 OK — 14 spool(s) impreso(s)', 'marked': 14}
12:02:59 [INFO] core.queue_model — queue_worker_resumed_by_ui
12:02:59 [INFO] core.queue_model — queue_worker_resumed_processing
12:02:59 [INFO] core.sap_client — setup_phase1_start
12:03:05 [INFO] core.sap_client — tx_opened code=/nZMOVEINBHU current_tx=ZMOVEINBHU
12:03:05 [INFO] core.sap_client — phase1_ready — ctxtP_HU confirmed
12:03:09 [INFO] core.sap_client — hu_phase1_ok hu=T10045839880
12:03:09 [INFO] core.sap_client — setup_phase2_start
12:03:15 [INFO] core.sap_client — tx_opened code=/nZMMTIJSEP current_tx=ZMMTIJSEP
12:03:15 [INFO] core.sap_client — phase2_ready — txtGV_HU confirmed
12:03:16 [INFO] core.sap_client — hu_phase2_ok hu=T10045839880 duration_ms=1002
12:03:16 [INFO] core.sap_client — setup_phase1_start
12:03:21 [INFO] core.sap_client — tx_opened code=/nZMOVEINBHU current_tx=ZMOVEINBHU
12:03:21 [INFO] core.sap_client — phase1_ready — ctxtP_HU confirmed
12:03:25 [INFO] core.sap_client — hu_phase1_ok hu=T10045869347
12:03:25 [WARNING] core.sap_client — phase2_wrong_screen hu=T10045869347 — re-navigating
12:03:25 [INFO] core.sap_client — setup_phase2_start
12:03:30 [INFO] core.sap_client — tx_opened code=/nZMMTIJSEP current_tx=ZMMTIJSEP
12:03:30 [INFO] core.sap_client — phase2_ready — txtGV_HU confirmed
12:03:31 [INFO] core.sap_client — hu_phase2_ok hu=T10045869347 duration_ms=6170
12:03:31 [WARNING] core.sap_client — phase1_wrong_screen hu=T10045839879 — re-navigating
12:03:31 [INFO] core.sap_client — setup_phase1_start
12:03:36 [INFO] core.sap_client — tx_opened code=/nZMOVEINBHU current_tx=ZMOVEINBHU
12:03:36 [INFO] core.sap_client — phase1_ready — ctxtP_HU confirmed
12:03:41 [INFO] core.sap_client — hu_phase1_ok hu=T10045839879
12:03:41 [WARNING] core.sap_client — phase2_wrong_screen hu=T10045839879 — re-navigating
12:03:41 [INFO] core.sap_client — setup_phase2_start
12:03:46 [INFO] core.queue_model — hu_added hu=T10045869407 pallet=6 origin=CNA
12:03:46 [INFO] core.sap_client — tx_opened code=/nZMMTIJSEP current_tx=ZMMTIJSEP
12:03:46 [INFO] core.sap_client — phase2_ready — txtGV_HU confirmed
12:03:47 [INFO] core.sap_client — hu_phase2_ok hu=T10045839879 duration_ms=6392
12:03:47 [WARNING] core.sap_client — phase1_wrong_screen hu=T10045856600 — re-navigating
12:03:47 [INFO] core.sap_client — setup_phase1_start
12:03:48 [INFO] core.queue_model — hu_added hu=T10045865378 pallet=6 origin=CNA
12:03:52 [INFO] core.queue_model — hu_added hu=T10045869379 pallet=6 origin=CNA
12:03:53 [INFO] core.sap_client — tx_opened code=/nZMOVEINBHU current_tx=ZMOVEINBHU
12:03:53 [INFO] core.sap_client — phase1_ready — ctxtP_HU confirmed
12:03:54 [INFO] core.queue_model — hu_added hu=T10045865377 pallet=6 origin=CNA
12:03:56 [INFO] core.queue_model — hu_added hu=T10045850726 pallet=6 origin=CNA
12:03:56 [INFO] core.sap_client — hu_phase1_ok hu=T10045856600
12:03:56 [WARNING] core.sap_client — phase2_wrong_screen hu=T10045856600 — re-navigating
12:03:56 [INFO] core.sap_client — setup_phase2_start
12:03:58 [INFO] core.queue_model — hu_added hu=T10045863110 pallet=6 origin=CNA
12:03:59 [INFO] core.queue_model — hu_added hu=T10045865407 pallet=6 origin=CNA
12:04:02 [INFO] core.sap_client — tx_opened code=/nZMMTIJSEP current_tx=ZMMTIJSEP
12:04:02 [INFO] core.sap_client — phase2_ready — txtGV_HU confirmed
12:04:02 [INFO] core.sap_client — hu_phase2_ok hu=T10045856600 duration_ms=6329
12:04:02 [WARNING] core.sap_client — phase1_wrong_screen hu=T10045837392 — re-navigating
12:04:02 [INFO] core.sap_client — setup_phase1_start
12:04:08 [INFO] core.sap_client — tx_opened code=/nZMOVEINBHU current_tx=ZMOVEINBHU
12:04:08 [INFO] core.sap_client — phase1_ready — ctxtP_HU confirmed
12:04:11 [INFO] core.sap_client — hu_phase1_ok hu=T10045837392
12:04:11 [WARNING] core.sap_client — phase2_wrong_screen hu=T10045837392 — re-navigating
12:04:11 [INFO] core.sap_client — setup_phase2_start
12:04:17 [INFO] core.sap_client — tx_opened code=/nZMMTIJSEP current_tx=ZMMTIJSEP
12:04:17 [INFO] core.sap_client — phase2_ready — txtGV_HU confirmed
12:04:18 [INFO] core.sap_client — hu_phase2_ok hu=T10045837392 duration_ms=6197
12:04:18 [WARNING] core.sap_client — phase1_wrong_screen hu=T10045839881 — re-navigating
12:04:18 [INFO] core.sap_client — setup_phase1_start
12:04:23 [INFO] core.sap_client — tx_opened code=/nZMOVEINBHU current_tx=ZMOVEINBHU
12:04:23 [INFO] core.sap_client — phase1_ready — ctxtP_HU confirmed
12:04:28 [INFO] core.sap_client — hu_phase1_ok hu=T10045839881
12:04:28 [WARNING] core.sap_client — phase2_wrong_screen hu=T10045839881 — re-navigating
12:04:28 [INFO] core.sap_client — setup_phase2_start
12:04:33 [INFO] core.sap_client — tx_opened code=/nZMMTIJSEP current_tx=ZMMTIJSEP
12:04:33 [INFO] core.sap_client — phase2_ready — txtGV_HU confirmed
12:04:34 [INFO] core.sap_client — hu_phase2_ok hu=T10045839881 duration_ms=6314
12:04:34 [WARNING] core.sap_client — phase1_wrong_screen hu=T10045865354 — re-navigating
12:04:34 [INFO] core.sap_client — setup_phase1_start
12:04:38 [INFO] core.queue_model — hu_added hu=T10045853808 pallet=6 origin=CNA
12:04:39 [INFO] core.sap_client — tx_opened code=/nZMOVEINBHU current_tx=ZMOVEINBHU
12:04:39 [INFO] core.sap_client — phase1_ready — ctxtP_HU confirmed
12:04:40 [INFO] core.queue_model — hu_added hu=T10045869403 pallet=6 origin=CNA
12:04:42 [INFO] core.queue_model — hu_added hu=T10045836398 pallet=6 origin=CNA
12:04:43 [INFO] core.sap_client — hu_phase1_ok hu=T10045865354
12:04:43 [WARNING] core.sap_client — phase2_wrong_screen hu=T10045865354 — re-navigating
12:04:43 [INFO] core.sap_client — setup_phase2_start
12:04:45 [INFO] core.queue_model — hu_added hu=T10045869408 pallet=6 origin=CNA
12:04:47 [INFO] core.queue_model — hu_added hu=T10045865406 pallet=6 origin=CNA
12:04:49 [INFO] core.sap_client — tx_opened code=/nZMMTIJSEP current_tx=ZMMTIJSEP
12:04:49 [INFO] core.sap_client — phase2_ready — txtGV_HU confirmed
12:04:49 [INFO] core.sap_client — hu_phase2_ok hu=T10045865354 duration_ms=6224
12:04:49 [INFO] core.queue_model — pallet_boundary multi_hu pallet=3 count=7 hu_codes=['T10045839880', 'T10045869347', 'T10045839879', 'T10045856600', 'T10045837392', 'T10045839881', 'T10045865354']
12:04:50 [INFO] core.queue_model — hu_added hu=T10045869405 pallet=6 origin=CNA
12:04:52 [INFO] core.queue_model — hu_added hu=T10045853801 pallet=6 origin=CNA
12:04:55 [INFO] core.sap_client — tx_opened code=/nSP01 current_tx=SP01
12:05:00 [INFO] core.sap_client — sp01_row_marked row=4 title=CN-CON-003_T10045865354_20260401190449
12:05:00 [INFO] core.sap_client — sp01_row_marked row=6 title=CN-CON-003_T10045839881_20260401190434
12:05:00 [INFO] core.sap_client — sp01_row_marked row=8 title=CN-CON-003_T10045837392_20260401190417
12:05:00 [INFO] core.sap_client — sp01_row_marked row=10 title=CN-CON-003_T10045856600_20260401190402
12:05:00 [INFO] core.sap_client — sp01_row_marked row=12 title=CN-CON-003_T10045839879_20260401190347
12:05:00 [INFO] core.sap_client — sp01_row_marked row=14 title=CN-CON-003_T10045869347_20260401190331
12:05:00 [INFO] core.sap_client — sp01_row_marked row=16 title=CN-CON-003_T10045839880_20260401190315
12:05:02 [INFO] core.sap_client — sp01_print_confirmed via=btn[25] marked=7
12:05:04 [INFO] core.sap_client — sp01_pallet_done result={'status': 'ok', 'message': 'SP01 OK — 7 spool(s) impreso(s)', 'marked': 7} hu_codes=['T10045839880', 'T10045869347', 'T10045839879', 'T10045856600', 'T10045837392', 'T10045839881', 'T10045865354']
12:05:04 [INFO] core.queue_model — sp01_pallet_result={'status': 'ok', 'message': 'SP01 OK — 7 spool(s) impreso(s)', 'marked': 7}
12:05:25 [INFO] core.queue_model — queue_worker_resumed_by_ui
12:05:25 [INFO] core.queue_model — queue_worker_resumed_processing
12:05:25 [INFO] core.sap_client — setup_phase1_start
12:05:31 [INFO] core.sap_client — tx_opened code=/nZMOVEINBHU current_tx=ZMOVEINBHU
12:05:31 [INFO] core.sap_client — phase1_ready — ctxtP_HU confirmed
12:05:35 [INFO] core.sap_client — hu_phase1_ok hu=T10045830219
12:05:35 [INFO] core.sap_client — setup_phase2_start
12:05:41 [INFO] core.sap_client — tx_opened code=/nZMMTIJSEP current_tx=ZMMTIJSEP
12:05:41 [INFO] core.sap_client — phase2_ready — txtGV_HU confirmed
12:05:42 [INFO] core.sap_client — hu_phase2_ok hu=T10045830219 duration_ms=1021
12:05:42 [INFO] core.sap_client — setup_phase1_start
12:05:47 [INFO] core.sap_client — tx_opened code=/nZMOVEINBHU current_tx=ZMOVEINBHU
12:05:47 [INFO] core.sap_client — phase1_ready — ctxtP_HU confirmed
12:05:52 [INFO] core.sap_client — hu_phase1_ok hu=T10045863022
12:05:52 [WARNING] core.sap_client — phase2_wrong_screen hu=T10045863022 — re-navigating
12:05:52 [INFO] core.sap_client — setup_phase2_start
12:05:57 [INFO] core.sap_client — tx_opened code=/nZMMTIJSEP current_tx=ZMMTIJSEP
12:05:57 [INFO] core.sap_client — phase2_ready — txtGV_HU confirmed
12:05:58 [INFO] core.sap_client — hu_phase2_ok hu=T10045863022 duration_ms=6400
12:05:58 [WARNING] core.sap_client — phase1_wrong_screen hu=T10045864809 — re-navigating
12:05:58 [INFO] core.sap_client — setup_phase1_start
12:06:04 [INFO] core.sap_client — tx_opened code=/nZMOVEINBHU current_tx=ZMOVEINBHU
12:06:04 [INFO] core.sap_client — phase1_ready — ctxtP_HU confirmed
12:06:08 [INFO] core.sap_client — hu_phase1_ok hu=T10045864809
12:06:08 [WARNING] core.sap_client — phase2_wrong_screen hu=T10045864809 — re-navigating
12:06:08 [INFO] core.sap_client — setup_phase2_start
12:06:14 [INFO] core.sap_client — tx_opened code=/nZMMTIJSEP current_tx=ZMMTIJSEP
12:06:14 [INFO] core.sap_client — phase2_ready — txtGV_HU confirmed
12:06:15 [INFO] core.sap_client — hu_phase2_ok hu=T10045864809 duration_ms=6480
12:06:15 [WARNING] core.sap_client — phase1_wrong_screen hu=T10045864896 — re-navigating
12:06:15 [INFO] core.sap_client — setup_phase1_start
12:06:20 [INFO] core.sap_client — tx_opened code=/nZMOVEINBHU current_tx=ZMOVEINBHU
12:06:20 [INFO] core.sap_client — phase1_ready — ctxtP_HU confirmed
12:06:25 [INFO] core.sap_client — hu_phase1_ok hu=T10045864896
12:06:25 [WARNING] core.sap_client — phase2_wrong_screen hu=T10045864896 — re-navigating
12:06:25 [INFO] core.sap_client — setup_phase2_start
12:06:31 [INFO] core.sap_client — tx_opened code=/nZMMTIJSEP current_tx=ZMMTIJSEP
12:06:31 [INFO] core.sap_client — phase2_ready — txtGV_HU confirmed
12:06:32 [INFO] core.sap_client — hu_phase2_ok hu=T10045864896 duration_ms=6302
12:06:32 [WARNING] core.sap_client — phase1_wrong_screen hu=T10045856660 — re-navigating
12:06:32 [INFO] core.sap_client — setup_phase1_start
12:06:37 [INFO] core.sap_client — tx_opened code=/nZMOVEINBHU current_tx=ZMOVEINBHU
12:06:37 [INFO] core.sap_client — phase1_ready — ctxtP_HU confirmed
12:06:41 [INFO] core.sap_client — hu_phase1_ok hu=T10045856660
12:06:41 [WARNING] core.sap_client — phase2_wrong_screen hu=T10045856660 — re-navigating
12:06:41 [INFO] core.sap_client — setup_phase2_start
12:06:47 [INFO] core.sap_client — tx_opened code=/nZMMTIJSEP current_tx=ZMMTIJSEP
12:06:47 [INFO] core.sap_client — phase2_ready — txtGV_HU confirmed
12:06:47 [INFO] core.sap_client — hu_phase2_ok hu=T10045856660 duration_ms=6247
12:06:47 [WARNING] core.sap_client — phase1_wrong_screen hu=T10045836513 — re-navigating
12:06:47 [INFO] core.sap_client — setup_phase1_start
12:06:53 [INFO] core.sap_client — tx_opened code=/nZMOVEINBHU current_tx=ZMOVEINBHU
12:06:53 [INFO] core.sap_client — phase1_ready — ctxtP_HU confirmed
12:06:57 [INFO] core.sap_client — hu_phase1_ok hu=T10045836513
12:06:57 [WARNING] core.sap_client — phase2_wrong_screen hu=T10045836513 — re-navigating
12:06:57 [INFO] core.sap_client — setup_phase2_start
12:07:02 [INFO] core.sap_client — tx_opened code=/nZMMTIJSEP current_tx=ZMMTIJSEP
12:07:02 [INFO] core.sap_client — phase2_ready — txtGV_HU confirmed
12:07:03 [INFO] core.sap_client — hu_phase2_ok hu=T10045836513 duration_ms=6288
12:07:03 [WARNING] core.sap_client — phase1_wrong_screen hu=T10045836490 — re-navigating
12:07:03 [INFO] core.sap_client — setup_phase1_start
12:07:09 [INFO] core.sap_client — tx_opened code=/nZMOVEINBHU current_tx=ZMOVEINBHU
12:07:09 [INFO] core.sap_client — phase1_ready — ctxtP_HU confirmed
12:07:13 [INFO] core.sap_client — hu_phase1_ok hu=T10045836490
12:07:13 [WARNING] core.sap_client — phase2_wrong_screen hu=T10045836490 — re-navigating
12:07:13 [INFO] core.sap_client — setup_phase2_start
12:07:19 [INFO] core.sap_client — tx_opened code=/nZMMTIJSEP current_tx=ZMMTIJSEP
12:07:19 [INFO] core.sap_client — phase2_ready — txtGV_HU confirmed
12:07:19 [INFO] core.sap_client — hu_phase2_ok hu=T10045836490 duration_ms=6165
12:07:20 [WARNING] core.sap_client — phase1_wrong_screen hu=T10045863179 — re-navigating
12:07:20 [INFO] core.sap_client — setup_phase1_start
12:07:25 [INFO] core.sap_client — tx_opened code=/nZMOVEINBHU current_tx=ZMOVEINBHU
12:07:25 [INFO] core.sap_client — phase1_ready — ctxtP_HU confirmed
12:07:29 [INFO] core.sap_client — hu_phase1_ok hu=T10045863179
12:07:29 [WARNING] core.sap_client — phase2_wrong_screen hu=T10045863179 — re-navigating
12:07:29 [INFO] core.sap_client — setup_phase2_start
12:07:34 [INFO] core.sap_client — tx_opened code=/nZMMTIJSEP current_tx=ZMMTIJSEP
12:07:34 [INFO] core.sap_client — phase2_ready — txtGV_HU confirmed
12:07:35 [INFO] core.sap_client — hu_phase2_ok hu=T10045863179 duration_ms=6222
12:07:35 [WARNING] core.sap_client — phase1_wrong_screen hu=T10045836505 — re-navigating
12:07:35 [INFO] core.sap_client — setup_phase1_start
12:07:41 [INFO] core.sap_client — tx_opened code=/nZMOVEINBHU current_tx=ZMOVEINBHU
12:07:41 [INFO] core.sap_client — phase1_ready — ctxtP_HU confirmed
12:07:45 [INFO] core.sap_client — hu_phase1_ok hu=T10045836505
12:07:45 [WARNING] core.sap_client — phase2_wrong_screen hu=T10045836505 — re-navigating
12:07:45 [INFO] core.sap_client — setup_phase2_start
12:07:50 [INFO] core.sap_client — tx_opened code=/nZMMTIJSEP current_tx=ZMMTIJSEP
12:07:50 [INFO] core.sap_client — phase2_ready — txtGV_HU confirmed
12:07:51 [INFO] core.sap_client — hu_phase2_ok hu=T10045836505 duration_ms=6275
12:07:51 [INFO] core.queue_model — pallet_boundary multi_hu pallet=4 count=9 hu_codes=['T10045830219', 'T10045863022', 'T10045864809', 'T10045864896', 'T10045856660', 'T10045836513', 'T10045836490', 'T10045863179', 'T10045836505']
12:07:57 [INFO] core.sap_client — tx_opened code=/nSP01 current_tx=SP01
12:08:01 [INFO] core.sap_client — sp01_row_marked row=4 title=CN-CON-003_T10045836505_20260401190751
12:08:01 [INFO] core.sap_client — sp01_row_marked row=6 title=CN-CON-003_T10045863179_20260401190735
12:08:01 [INFO] core.sap_client — sp01_row_marked row=8 title=CN-CON-003_T10045836490_20260401190719
12:08:01 [INFO] core.sap_client — sp01_row_marked row=10 title=CN-CON-003_T10045836513_20260401190703
12:08:02 [INFO] core.sap_client — sp01_row_marked row=12 title=CN-CON-003_T10045856660_20260401190647
12:08:02 [INFO] core.sap_client — sp01_row_marked row=14 title=CN-CON-003_T10045864896_20260401190631
12:08:02 [INFO] core.sap_client — sp01_row_marked row=16 title=CN-CON-003_T10045864809_20260401190614
12:08:02 [INFO] core.sap_client — sp01_row_marked row=18 title=CN-CON-003_T10045830219_20260401190541
12:08:02 [INFO] core.sap_client — sp01_row_marked row=20 title=CN-CON-003_T10045863022_20260401190558
12:08:03 [INFO] core.sap_client — sp01_print_confirmed via=btn[25] marked=9
12:08:05 [INFO] core.sap_client — sp01_pallet_done result={'status': 'ok', 'message': 'SP01 OK — 9 spool(s) impreso(s)', 'marked': 9} hu_codes=['T10045830219', 'T10045863022', 'T10045864809', 'T10045864896', 'T10045856660', 'T10045836513', 'T10045836490', 'T10045863179', 'T10045836505']
12:08:05 [INFO] core.queue_model — sp01_pallet_result={'status': 'ok', 'message': 'SP01 OK — 9 spool(s) impreso(s)', 'marked': 9}
12:10:31 [INFO] core.queue_model — queue_worker_resumed_by_ui
12:10:31 [INFO] core.queue_model — queue_worker_resumed_processing
12:10:31 [INFO] core.sap_client — setup_phase1_start
12:10:37 [INFO] core.sap_client — tx_opened code=/nZMOVEINBHU current_tx=ZMOVEINBHU
12:10:37 [INFO] core.sap_client — phase1_ready — ctxtP_HU confirmed
12:10:40 [INFO] core.sap_client — hu_phase1_ok hu=T10045831744
12:10:40 [INFO] core.sap_client — setup_phase2_start
12:10:45 [INFO] core.sap_client — tx_opened code=/nZMMTIJSEP current_tx=ZMMTIJSEP
12:10:45 [INFO] core.sap_client — phase2_ready — txtGV_HU confirmed
12:10:46 [INFO] core.sap_client — hu_phase2_ok hu=T10045831744 duration_ms=1001
12:10:46 [INFO] core.sap_client — setup_phase1_start
12:10:52 [INFO] core.sap_client — tx_opened code=/nZMOVEINBHU current_tx=ZMOVEINBHU
12:10:52 [INFO] core.sap_client — phase1_ready — ctxtP_HU confirmed
12:10:55 [INFO] core.sap_client — hu_phase1_ok hu=T10045856622
12:10:55 [WARNING] core.sap_client — phase2_wrong_screen hu=T10045856622 — re-navigating
12:10:55 [INFO] core.sap_client — setup_phase2_start
12:11:00 [INFO] core.sap_client — tx_opened code=/nZMMTIJSEP current_tx=ZMMTIJSEP
12:11:00 [INFO] core.sap_client — phase2_ready — txtGV_HU confirmed
12:11:01 [INFO] core.sap_client — hu_phase2_ok hu=T10045856622 duration_ms=5973
12:11:01 [WARNING] core.sap_client — phase1_wrong_screen hu=T10045850682 — re-navigating
12:11:01 [INFO] core.sap_client — setup_phase1_start
12:11:06 [INFO] core.sap_client — tx_opened code=/nZMOVEINBHU current_tx=ZMOVEINBHU
12:11:06 [INFO] core.sap_client — phase1_ready — ctxtP_HU confirmed
12:11:10 [INFO] core.sap_client — hu_phase1_ok hu=T10045850682
12:11:10 [WARNING] core.sap_client — phase2_wrong_screen hu=T10045850682 — re-navigating
12:11:10 [INFO] core.sap_client — setup_phase2_start
12:11:15 [INFO] core.sap_client — tx_opened code=/nZMMTIJSEP current_tx=ZMMTIJSEP
12:11:15 [INFO] core.sap_client — phase2_ready — txtGV_HU confirmed
12:11:16 [INFO] core.sap_client — hu_phase2_ok hu=T10045850682 duration_ms=6213
12:11:16 [WARNING] core.sap_client — phase1_wrong_screen hu=T10045831764 — re-navigating
12:11:16 [INFO] core.sap_client — setup_phase1_start
12:11:21 [INFO] core.sap_client — tx_opened code=/nZMOVEINBHU current_tx=ZMOVEINBHU
12:11:21 [INFO] core.sap_client — phase1_ready — ctxtP_HU confirmed
12:11:25 [INFO] core.sap_client — hu_phase1_ok hu=T10045831764
12:11:25 [WARNING] core.sap_client — phase2_wrong_screen hu=T10045831764 — re-navigating
12:11:25 [INFO] core.sap_client — setup_phase2_start
12:11:30 [INFO] core.sap_client — tx_opened code=/nZMMTIJSEP current_tx=ZMMTIJSEP
12:11:30 [INFO] core.sap_client — phase2_ready — txtGV_HU confirmed
12:11:31 [INFO] core.sap_client — hu_phase2_ok hu=T10045831764 duration_ms=6188
12:11:31 [INFO] core.queue_model — pallet_boundary multi_hu pallet=5 count=4 hu_codes=['T10045831744', 'T10045856622', 'T10045850682', 'T10045831764']
12:11:36 [INFO] core.sap_client — tx_opened code=/nSP01 current_tx=SP01
12:11:41 [INFO] core.sap_client — sp01_row_marked row=4 title=CN-CON-003_T10045831764_20260401191131
12:11:41 [INFO] core.sap_client — sp01_row_marked row=6 title=CN-CON-003_T10045850682_20260401191116
12:11:41 [INFO] core.sap_client — sp01_row_marked row=8 title=CN-CON-003_T10045856622_20260401191101
12:11:41 [INFO] core.sap_client — sp01_row_marked row=10 title=CN-CON-003_T10045831744_20260401191046
12:11:43 [INFO] core.sap_client — sp01_print_confirmed via=btn[25] marked=4
12:11:45 [INFO] core.sap_client — sp01_pallet_done result={'status': 'ok', 'message': 'SP01 OK — 4 spool(s) impreso(s)', 'marked': 4} hu_codes=['T10045831744', 'T10045856622', 'T10045850682', 'T10045831764']
12:11:45 [INFO] core.queue_model — sp01_pallet_result={'status': 'ok', 'message': 'SP01 OK — 4 spool(s) impreso(s)', 'marked': 4}
12:12:56 [INFO] core.queue_model — queue_worker_resumed_by_ui
12:12:56 [INFO] core.queue_model — queue_worker_resumed_processing
12:12:56 [INFO] core.sap_client — setup_phase1_start
12:13:01 [INFO] core.sap_client — tx_opened code=/nZMOVEINBHU current_tx=ZMOVEINBHU
12:13:01 [INFO] core.sap_client — phase1_ready — ctxtP_HU confirmed
12:13:05 [INFO] core.sap_client — hu_phase1_ok hu=T10045869407
12:13:05 [INFO] core.sap_client — setup_phase2_start
12:13:05 [INFO] core.queue_model — new_pallet id=7
12:13:10 [INFO] core.sap_client — tx_opened code=/nZMMTIJSEP current_tx=ZMMTIJSEP
12:13:10 [INFO] core.sap_client — phase2_ready — txtGV_HU confirmed
12:13:11 [INFO] core.sap_client — hu_phase2_ok hu=T10045869407 duration_ms=1002
12:13:11 [INFO] core.sap_client — setup_phase1_start
12:13:14 [INFO] core.queue_model — hu_added hu=T10045853809 pallet=7 origin=CNA
12:13:15 [INFO] core.queue_model — hu_added hu=T10045835394 pallet=7 origin=CNA
12:13:17 [INFO] core.sap_client — tx_opened code=/nZMOVEINBHU current_tx=ZMOVEINBHU
12:13:17 [INFO] core.sap_client — phase1_ready — ctxtP_HU confirmed
12:13:17 [INFO] core.queue_model — hu_added hu=T10045830652 pallet=7 origin=CNA
12:13:19 [INFO] core.queue_model — hu_added hu=T10045831795 pallet=7 origin=CNA
12:13:21 [INFO] core.sap_client — hu_phase1_ok hu=T10045865378
12:13:21 [WARNING] core.sap_client — phase2_wrong_screen hu=T10045865378 — re-navigating
12:13:21 [INFO] core.sap_client — setup_phase2_start
12:13:23 [INFO] core.queue_model — hu_added hu=T10045869404 pallet=7 origin=CNA
12:13:26 [INFO] core.sap_client — tx_opened code=/nZMMTIJSEP current_tx=ZMMTIJSEP
12:13:26 [INFO] core.sap_client — phase2_ready — txtGV_HU confirmed
12:13:27 [INFO] core.sap_client — hu_phase2_ok hu=T10045865378 duration_ms=6259
12:13:27 [WARNING] core.sap_client — phase1_wrong_screen hu=T10045869379 — re-navigating
12:13:27 [INFO] core.sap_client — setup_phase1_start
12:13:28 [INFO] core.queue_model — hu_added hu=T10045835393 pallet=7 origin=CNA
12:13:33 [INFO] core.sap_client — tx_opened code=/nZMOVEINBHU current_tx=ZMOVEINBHU
12:13:33 [INFO] core.sap_client — phase1_ready — ctxtP_HU confirmed
12:13:37 [INFO] core.sap_client — hu_phase1_ok hu=T10045869379
12:13:37 [WARNING] core.sap_client — phase2_wrong_screen hu=T10045869379 — re-navigating
12:13:37 [INFO] core.sap_client — setup_phase2_start
12:13:40 [INFO] core.queue_model — hu_added hu=T10045835392 pallet=7 origin=CNA
12:13:42 [INFO] core.queue_model — hu_added hu=T10045836400 pallet=7 origin=CNA
12:13:42 [INFO] core.sap_client — tx_opened code=/nZMMTIJSEP current_tx=ZMMTIJSEP
12:13:42 [INFO] core.sap_client — phase2_ready — txtGV_HU confirmed
12:13:43 [INFO] core.sap_client — hu_phase2_ok hu=T10045869379 duration_ms=6361
12:13:43 [WARNING] core.sap_client — phase1_wrong_screen hu=T10045865377 — re-navigating
12:13:43 [INFO] core.sap_client — setup_phase1_start
12:13:43 [INFO] core.queue_model — hu_added hu=T10045864916 pallet=7 origin=CNA
12:13:49 [INFO] core.sap_client — tx_opened code=/nZMOVEINBHU current_tx=ZMOVEINBHU
12:13:49 [INFO] core.sap_client — phase1_ready — ctxtP_HU confirmed
12:13:50 [INFO] core.queue_model — hu_added hu=T10045865382 pallet=7 origin=CNA
12:13:52 [INFO] core.sap_client — hu_phase1_ok hu=T10045865377
12:13:52 [WARNING] core.sap_client — phase2_wrong_screen hu=T10045865377 — re-navigating
12:13:52 [INFO] core.sap_client — setup_phase2_start
12:13:55 [INFO] core.queue_model — hu_added hu=T10045835395 pallet=7 origin=CNA
12:13:58 [INFO] core.queue_model — hu_added hu=T10045865379 pallet=7 origin=CNA
12:13:58 [INFO] core.sap_client — tx_opened code=/nZMMTIJSEP current_tx=ZMMTIJSEP
12:13:58 [INFO] core.sap_client — phase2_ready — txtGV_HU confirmed
12:13:58 [INFO] core.sap_client — hu_phase2_ok hu=T10045865377 duration_ms=6179
12:13:59 [WARNING] core.sap_client — phase1_wrong_screen hu=T10045850726 — re-navigating
12:13:59 [INFO] core.sap_client — setup_phase1_start
12:14:04 [INFO] core.sap_client — tx_opened code=/nZMOVEINBHU current_tx=ZMOVEINBHU
12:14:04 [INFO] core.sap_client — phase1_ready — ctxtP_HU confirmed
12:14:04 [INFO] core.queue_model — hu_added hu=T10045856659 pallet=7 origin=CNA
12:14:08 [INFO] core.sap_client — hu_phase1_ok hu=T10045850726
12:14:08 [WARNING] core.sap_client — phase2_wrong_screen hu=T10045850726 — re-navigating
12:14:08 [INFO] core.sap_client — setup_phase2_start
12:14:13 [INFO] core.sap_client — tx_opened code=/nZMMTIJSEP current_tx=ZMMTIJSEP
12:14:13 [INFO] core.sap_client — phase2_ready — txtGV_HU confirmed
12:14:14 [INFO] core.sap_client — hu_phase2_ok hu=T10045850726 duration_ms=6277
12:14:14 [WARNING] core.sap_client — phase1_wrong_screen hu=T10045863110 — re-navigating
12:14:14 [INFO] core.sap_client — setup_phase1_start
12:14:20 [INFO] core.sap_client — tx_opened code=/nZMOVEINBHU current_tx=ZMOVEINBHU
12:14:20 [INFO] core.sap_client — phase1_ready — ctxtP_HU confirmed
12:14:26 [INFO] core.sap_client — hu_phase1_ok hu=T10045863110
12:14:26 [WARNING] core.sap_client — phase2_wrong_screen hu=T10045863110 — re-navigating
12:14:26 [INFO] core.sap_client — setup_phase2_start
12:14:31 [INFO] core.sap_client — tx_opened code=/nZMMTIJSEP current_tx=ZMMTIJSEP
12:14:31 [INFO] core.sap_client — phase2_ready — txtGV_HU confirmed
12:14:32 [INFO] core.sap_client — hu_phase2_ok hu=T10045863110 duration_ms=6280
12:14:32 [WARNING] core.sap_client — phase1_wrong_screen hu=T10045865407 — re-navigating
12:14:32 [INFO] core.sap_client — setup_phase1_start
12:14:38 [INFO] core.sap_client — tx_opened code=/nZMOVEINBHU current_tx=ZMOVEINBHU
12:14:38 [INFO] core.sap_client — phase1_ready — ctxtP_HU confirmed
12:14:41 [INFO] core.sap_client — hu_phase1_ok hu=T10045865407
12:14:42 [WARNING] core.sap_client — phase2_wrong_screen hu=T10045865407 — re-navigating
12:14:42 [INFO] core.sap_client — setup_phase2_start
12:14:47 [INFO] core.sap_client — tx_opened code=/nZMMTIJSEP current_tx=ZMMTIJSEP
12:14:47 [INFO] core.sap_client — phase2_ready — txtGV_HU confirmed
12:14:48 [INFO] core.sap_client — hu_phase2_ok hu=T10045865407 duration_ms=6248
12:14:48 [WARNING] core.sap_client — phase1_wrong_screen hu=T10045853808 — re-navigating
12:14:48 [INFO] core.sap_client — setup_phase1_start
12:14:53 [INFO] core.sap_client — tx_opened code=/nZMOVEINBHU current_tx=ZMOVEINBHU
12:14:53 [INFO] core.sap_client — phase1_ready — ctxtP_HU confirmed
12:14:58 [INFO] core.sap_client — hu_phase1_ok hu=T10045853808
12:14:58 [WARNING] core.sap_client — phase2_wrong_screen hu=T10045853808 — re-navigating
12:14:58 [INFO] core.sap_client — setup_phase2_start
12:14:58 [INFO] core.queue_model — hu_added hu=T10045865408 pallet=7 origin=CNA
12:15:03 [INFO] core.sap_client — tx_opened code=/nZMMTIJSEP current_tx=ZMMTIJSEP
12:15:03 [INFO] core.sap_client — phase2_ready — txtGV_HU confirmed
12:15:04 [INFO] core.sap_client — hu_phase2_ok hu=T10045853808 duration_ms=6212
12:15:04 [WARNING] core.sap_client — phase1_wrong_screen hu=T10045869403 — re-navigating
12:15:04 [INFO] core.sap_client — setup_phase1_start
12:15:09 [INFO] core.sap_client — tx_opened code=/nZMOVEINBHU current_tx=ZMOVEINBHU
12:15:09 [INFO] core.sap_client — phase1_ready — ctxtP_HU confirmed
12:15:13 [INFO] core.sap_client — hu_phase1_ok hu=T10045869403
12:15:13 [WARNING] core.sap_client — phase2_wrong_screen hu=T10045869403 — re-navigating
12:15:13 [INFO] core.sap_client — setup_phase2_start
12:15:19 [INFO] core.sap_client — tx_opened code=/nZMMTIJSEP current_tx=ZMMTIJSEP
12:15:19 [INFO] core.sap_client — phase2_ready — txtGV_HU confirmed
12:15:19 [INFO] core.sap_client — hu_phase2_ok hu=T10045869403 duration_ms=6279
12:15:19 [WARNING] core.sap_client — phase1_wrong_screen hu=T10045836398 — re-navigating
12:15:19 [INFO] core.sap_client — setup_phase1_start
12:15:25 [INFO] core.sap_client — tx_opened code=/nZMOVEINBHU current_tx=ZMOVEINBHU
12:15:25 [INFO] core.sap_client — phase1_ready — ctxtP_HU confirmed
12:15:29 [INFO] core.sap_client — hu_phase1_ok hu=T10045836398
12:15:29 [WARNING] core.sap_client — phase2_wrong_screen hu=T10045836398 — re-navigating
12:15:29 [INFO] core.sap_client — setup_phase2_start
12:15:34 [INFO] core.sap_client — tx_opened code=/nZMMTIJSEP current_tx=ZMMTIJSEP
12:15:34 [INFO] core.sap_client — phase2_ready — txtGV_HU confirmed
12:15:35 [INFO] core.sap_client — hu_phase2_ok hu=T10045836398 duration_ms=6065
12:15:35 [WARNING] core.sap_client — phase1_wrong_screen hu=T10045869408 — re-navigating
12:15:35 [INFO] core.sap_client — setup_phase1_start
12:15:40 [INFO] core.sap_client — tx_opened code=/nZMOVEINBHU current_tx=ZMOVEINBHU
12:15:40 [INFO] core.sap_client — phase1_ready — ctxtP_HU confirmed
12:15:44 [INFO] core.sap_client — hu_phase1_ok hu=T10045869408
12:15:44 [WARNING] core.sap_client — phase2_wrong_screen hu=T10045869408 — re-navigating
12:15:44 [INFO] core.sap_client — setup_phase2_start
12:15:49 [INFO] core.sap_client — tx_opened code=/nZMMTIJSEP current_tx=ZMMTIJSEP
12:15:49 [INFO] core.sap_client — phase2_ready — txtGV_HU confirmed
12:15:50 [INFO] core.sap_client — hu_phase2_ok hu=T10045869408 duration_ms=6087
12:15:50 [WARNING] core.sap_client — phase1_wrong_screen hu=T10045865406 — re-navigating
12:15:50 [INFO] core.sap_client — setup_phase1_start
12:15:55 [INFO] core.sap_client — tx_opened code=/nZMOVEINBHU current_tx=ZMOVEINBHU
12:15:55 [INFO] core.sap_client — phase1_ready — ctxtP_HU confirmed
12:15:59 [INFO] core.sap_client — hu_phase1_ok hu=T10045865406
12:15:59 [WARNING] core.sap_client — phase2_wrong_screen hu=T10045865406 — re-navigating
12:15:59 [INFO] core.sap_client — setup_phase2_start
12:16:05 [INFO] core.sap_client — tx_opened code=/nZMMTIJSEP current_tx=ZMMTIJSEP
12:16:05 [INFO] core.sap_client — phase2_ready — txtGV_HU confirmed
12:16:05 [INFO] core.sap_client — hu_phase2_ok hu=T10045865406 duration_ms=6153
12:16:05 [WARNING] core.sap_client — phase1_wrong_screen hu=T10045869405 — re-navigating
12:16:05 [INFO] core.sap_client — setup_phase1_start
12:16:11 [INFO] core.sap_client — tx_opened code=/nZMOVEINBHU current_tx=ZMOVEINBHU
12:16:11 [INFO] core.sap_client — phase1_ready — ctxtP_HU confirmed
12:16:14 [INFO] core.sap_client — hu_phase1_ok hu=T10045869405
12:16:14 [WARNING] core.sap_client — phase2_wrong_screen hu=T10045869405 — re-navigating
12:16:14 [INFO] core.sap_client — setup_phase2_start
12:16:20 [INFO] core.sap_client — tx_opened code=/nZMMTIJSEP current_tx=ZMMTIJSEP
12:16:20 [INFO] core.sap_client — phase2_ready — txtGV_HU confirmed
12:16:21 [INFO] core.sap_client — hu_phase2_ok hu=T10045869405 duration_ms=6145
12:16:21 [WARNING] core.sap_client — phase1_wrong_screen hu=T10045853801 — re-navigating
12:16:21 [INFO] core.sap_client — setup_phase1_start
12:16:26 [INFO] core.sap_client — tx_opened code=/nZMOVEINBHU current_tx=ZMOVEINBHU
12:16:26 [INFO] core.sap_client — phase1_ready — ctxtP_HU confirmed
12:16:30 [INFO] core.sap_client — hu_phase1_ok hu=T10045853801
12:16:30 [WARNING] core.sap_client — phase2_wrong_screen hu=T10045853801 — re-navigating
12:16:30 [INFO] core.sap_client — setup_phase2_start
12:16:35 [INFO] core.sap_client — tx_opened code=/nZMMTIJSEP current_tx=ZMMTIJSEP
12:16:35 [INFO] core.sap_client — phase2_ready — txtGV_HU confirmed
12:16:36 [INFO] core.sap_client — hu_phase2_ok hu=T10045853801 duration_ms=6153
12:16:36 [INFO] core.queue_model — pallet_boundary multi_hu pallet=6 count=14 hu_codes=['T10045869407', 'T10045865378', 'T10045869379', 'T10045865377', 'T10045850726', 'T10045863110', 'T10045865407', 'T10045853808', 'T10045869403', 'T10045836398', 'T10045869408', 'T10045865406', 'T10045869405', 'T10045853801']
12:16:41 [INFO] core.sap_client — tx_opened code=/nSP01 current_tx=SP01
12:16:46 [INFO] core.sap_client — sp01_row_marked row=4 title=CN-CON-003_T10045869405_20260401191620
12:16:46 [INFO] core.sap_client — sp01_row_marked row=6 title=CN-CON-003_T10045865406_20260401191605
12:16:46 [INFO] core.sap_client — sp01_row_marked row=8 title=CN-CON-003_T10045869408_20260401191550
12:16:46 [INFO] core.sap_client — sp01_row_marked row=10 title=CN-CON-003_T10045836398_20260401191534
12:16:46 [INFO] core.sap_client — sp01_row_marked row=12 title=CN-CON-003_T10045869403_20260401191519
12:16:46 [INFO] core.sap_client — sp01_row_marked row=14 title=CN-CON-003_T10045853808_20260401191504
12:16:46 [INFO] core.sap_client — sp01_row_marked row=16 title=CN-CON-003_T10045865407_20260401191448
12:16:46 [INFO] core.sap_client — sp01_row_marked row=18 title=CN-CON-003_T10045863110_20260401191432
12:16:46 [INFO] core.sap_client — sp01_row_marked row=20 title=CN-CON-003_T10045850726_20260401191414
12:16:46 [INFO] core.sap_client — sp01_row_marked row=22 title=CN-CON-003_T10045865377_20260401191358
12:16:46 [INFO] core.sap_client — sp01_row_marked row=24 title=CN-CON-003_T10045869379_20260401191343
12:16:46 [INFO] core.sap_client — sp01_row_marked row=26 title=CN-CON-003_T10045865378_20260401191327
12:16:46 [INFO] core.sap_client — sp01_row_marked row=28 title=CN-CON-003_T10045869407_20260401191311
12:16:48 [INFO] core.sap_client — sp01_print_confirmed via=btn[25] marked=13
12:16:50 [INFO] core.sap_client — sp01_pallet_done result={'status': 'ok', 'message': 'SP01 OK — 13 spool(s) impreso(s)', 'marked': 13} hu_codes=['T10045869407', 'T10045865378', 'T10045869379', 'T10045865377', 'T10045850726', 'T10045863110', 'T10045865407', 'T10045853808', 'T10045869403', 'T10045836398', 'T10045869408', 'T10045865406', 'T10045869405', 'T10045853801']
12:16:50 [INFO] core.queue_model — sp01_pallet_result={'status': 'ok', 'message': 'SP01 OK — 13 spool(s) impreso(s)', 'marked': 13}
12:17:35 [INFO] core.queue_model — queue_worker_resumed_by_ui
12:17:35 [INFO] core.queue_model — queue_worker_resumed_processing
12:17:35 [INFO] core.sap_client — setup_phase1_start
12:17:40 [INFO] core.sap_client — tx_opened code=/nZMOVEINBHU current_tx=ZMOVEINBHU
12:17:40 [INFO] core.sap_client — phase1_ready — ctxtP_HU confirmed
12:17:44 [INFO] core.sap_client — hu_phase1_ok hu=T10045853809
12:17:44 [INFO] core.sap_client — setup_phase2_start
12:17:49 [INFO] core.sap_client — tx_opened code=/nZMMTIJSEP current_tx=ZMMTIJSEP
12:17:49 [INFO] core.sap_client — phase2_ready — txtGV_HU confirmed
12:17:50 [INFO] core.sap_client — hu_phase2_ok hu=T10045853809 duration_ms=1003
12:17:50 [INFO] core.sap_client — setup_phase1_start
12:17:56 [INFO] core.sap_client — tx_opened code=/nZMOVEINBHU current_tx=ZMOVEINBHU
12:17:56 [INFO] core.sap_client — phase1_ready — ctxtP_HU confirmed
12:17:59 [INFO] core.sap_client — hu_phase1_ok hu=T10045835394
12:17:59 [WARNING] core.sap_client — phase2_wrong_screen hu=T10045835394 — re-navigating
12:17:59 [INFO] core.sap_client — setup_phase2_start
12:18:04 [INFO] core.sap_client — tx_opened code=/nZMMTIJSEP current_tx=ZMMTIJSEP
12:18:05 [INFO] core.sap_client — phase2_ready — txtGV_HU confirmed
12:18:05 [INFO] core.sap_client — hu_phase2_ok hu=T10045835394 duration_ms=6170
12:18:05 [WARNING] core.sap_client — phase1_wrong_screen hu=T10045830652 — re-navigating
12:18:05 [INFO] core.sap_client — setup_phase1_start
12:18:08 [INFO] core.queue_model — new_pallet id=8
12:18:11 [INFO] core.sap_client — tx_opened code=/nZMOVEINBHU current_tx=ZMOVEINBHU
12:18:11 [INFO] core.sap_client — phase1_ready — ctxtP_HU confirmed
12:18:15 [INFO] core.sap_client — hu_phase1_ok hu=T10045830652
12:18:15 [WARNING] core.sap_client — phase2_wrong_screen hu=T10045830652 — re-navigating
12:18:15 [INFO] core.sap_client — setup_phase2_start
12:18:20 [INFO] core.sap_client — tx_opened code=/nZMMTIJSEP current_tx=ZMMTIJSEP
12:18:20 [INFO] core.sap_client — phase2_ready — txtGV_HU confirmed
12:18:21 [INFO] core.sap_client — hu_phase2_ok hu=T10045830652 duration_ms=6227
12:18:21 [WARNING] core.sap_client — phase1_wrong_screen hu=T10045831795 — re-navigating
12:18:21 [INFO] core.sap_client — setup_phase1_start
12:18:26 [INFO] core.sap_client — tx_opened code=/nZMOVEINBHU current_tx=ZMOVEINBHU
12:18:26 [INFO] core.sap_client — phase1_ready — ctxtP_HU confirmed
12:18:31 [INFO] core.sap_client — hu_phase1_ok hu=T10045831795
12:18:31 [WARNING] core.sap_client — phase2_wrong_screen hu=T10045831795 — re-navigating
12:18:31 [INFO] core.sap_client — setup_phase2_start
12:18:36 [INFO] core.sap_client — tx_opened code=/nZMMTIJSEP current_tx=ZMMTIJSEP
12:18:36 [INFO] core.sap_client — phase2_ready — txtGV_HU confirmed
12:18:37 [INFO] core.sap_client — hu_phase2_ok hu=T10045831795 duration_ms=6161
12:18:37 [WARNING] core.sap_client — phase1_wrong_screen hu=T10045869404 — re-navigating
12:18:37 [INFO] core.sap_client — setup_phase1_start
12:18:42 [INFO] core.sap_client — tx_opened code=/nZMOVEINBHU current_tx=ZMOVEINBHU
12:18:42 [INFO] core.sap_client — phase1_ready — ctxtP_HU confirmed
12:18:46 [INFO] core.sap_client — hu_phase1_ok hu=T10045869404
12:18:46 [WARNING] core.sap_client — phase2_wrong_screen hu=T10045869404 — re-navigating
12:18:46 [INFO] core.sap_client — setup_phase2_start
12:18:51 [INFO] core.sap_client — tx_opened code=/nZMMTIJSEP current_tx=ZMMTIJSEP
12:18:51 [INFO] core.sap_client — phase2_ready — txtGV_HU confirmed
12:18:52 [INFO] core.sap_client — hu_phase2_ok hu=T10045869404 duration_ms=6113
12:18:52 [WARNING] core.sap_client — phase1_wrong_screen hu=T10045835393 — re-navigating
12:18:52 [INFO] core.sap_client — setup_phase1_start
12:18:57 [INFO] core.sap_client — tx_opened code=/nZMOVEINBHU current_tx=ZMOVEINBHU
12:18:57 [INFO] core.sap_client — phase1_ready — ctxtP_HU confirmed
12:19:01 [INFO] core.sap_client — hu_phase1_ok hu=T10045835393
12:19:01 [WARNING] core.sap_client — phase2_wrong_screen hu=T10045835393 — re-navigating
12:19:01 [INFO] core.sap_client — setup_phase2_start
12:19:04 [INFO] core.queue_model — hu_added hu=T10045831794 pallet=8 origin=CNA
12:19:05 [INFO] core.queue_model — hu_added hu=T10045836397 pallet=8 origin=CNA
12:19:06 [INFO] core.sap_client — tx_opened code=/nZMMTIJSEP current_tx=ZMMTIJSEP
12:19:06 [INFO] core.sap_client — phase2_ready — txtGV_HU confirmed
12:19:07 [INFO] core.sap_client — hu_phase2_ok hu=T10045835393 duration_ms=6108
12:19:07 [WARNING] core.sap_client — phase1_wrong_screen hu=T10045835392 — re-navigating
12:19:07 [INFO] core.sap_client — setup_phase1_start
12:19:09 [INFO] core.queue_model — hu_added hu=T10045850725 pallet=8 origin=CNA
12:19:12 [INFO] core.queue_model — hu_added hu=T10045836399 pallet=8 origin=CNA
12:19:13 [INFO] core.sap_client — tx_opened code=/nZMOVEINBHU current_tx=ZMOVEINBHU
12:19:13 [INFO] core.sap_client — phase1_ready — ctxtP_HU confirmed
12:19:15 [INFO] core.queue_model — hu_added hu=T10045850720 pallet=8 origin=CNA
12:19:16 [INFO] core.sap_client — hu_phase1_ok hu=T10045835392
12:19:16 [WARNING] core.sap_client — phase2_wrong_screen hu=T10045835392 — re-navigating
12:19:16 [INFO] core.sap_client — setup_phase2_start
12:19:17 [INFO] core.queue_model — hu_added hu=T10045830225 pallet=8 origin=CNA
12:19:18 [INFO] core.queue_model — hu_added hu=T10045836438 pallet=8 origin=CNA
12:19:20 [INFO] core.queue_model — hu_added hu=T10045836295 pallet=8 origin=CNA
12:19:22 [INFO] core.sap_client — tx_opened code=/nZMMTIJSEP current_tx=ZMMTIJSEP
12:19:22 [INFO] core.sap_client — phase2_ready — txtGV_HU confirmed
12:19:22 [INFO] core.sap_client — hu_phase2_ok hu=T10045835392 duration_ms=6145
12:19:22 [WARNING] core.sap_client — phase1_wrong_screen hu=T10045836400 — re-navigating
12:19:22 [INFO] core.sap_client — setup_phase1_start
12:19:28 [INFO] core.sap_client — tx_opened code=/nZMOVEINBHU current_tx=ZMOVEINBHU
12:19:28 [INFO] core.sap_client — phase1_ready — ctxtP_HU confirmed
12:19:31 [INFO] core.sap_client — hu_phase1_ok hu=T10045836400
12:19:31 [WARNING] core.sap_client — phase2_wrong_screen hu=T10045836400 — re-navigating
12:19:31 [INFO] core.sap_client — setup_phase2_start
12:19:37 [INFO] core.sap_client — tx_opened code=/nZMMTIJSEP current_tx=ZMMTIJSEP
12:19:37 [INFO] core.sap_client — phase2_ready — txtGV_HU confirmed
12:19:38 [INFO] core.sap_client — hu_phase2_ok hu=T10045836400 duration_ms=6188
12:19:38 [WARNING] core.sap_client — phase1_wrong_screen hu=T10045864916 — re-navigating
12:19:38 [INFO] core.sap_client — setup_phase1_start
12:19:43 [INFO] core.sap_client — tx_opened code=/nZMOVEINBHU current_tx=ZMOVEINBHU
12:19:43 [INFO] core.sap_client — phase1_ready — ctxtP_HU confirmed
12:19:47 [INFO] core.sap_client — hu_phase1_ok hu=T10045864916
12:19:47 [WARNING] core.sap_client — phase2_wrong_screen hu=T10045864916 — re-navigating
12:19:47 [INFO] core.sap_client — setup_phase2_start
12:19:51 [WARNING] core.queue_model — hu_duplicate_scan hu=T10045836438
12:19:52 [WARNING] core.queue_model — hu_duplicate_scan hu=T10045830225
12:19:53 [INFO] core.sap_client — tx_opened code=/nZMMTIJSEP current_tx=ZMMTIJSEP
12:19:53 [INFO] core.sap_client — phase2_ready — txtGV_HU confirmed
12:19:53 [WARNING] core.queue_model — hu_duplicate_scan hu=T10045850720
12:19:54 [INFO] core.sap_client — hu_phase2_ok hu=T10045864916 duration_ms=6177
12:19:54 [WARNING] core.sap_client — phase1_wrong_screen hu=T10045865382 — re-navigating
12:19:54 [INFO] core.sap_client — setup_phase1_start
12:19:57 [WARNING] core.queue_model — hu_duplicate_scan hu=T10045836295
12:19:59 [INFO] core.sap_client — tx_opened code=/nZMOVEINBHU current_tx=ZMOVEINBHU
12:19:59 [INFO] core.sap_client — phase1_ready — ctxtP_HU confirmed
12:20:03 [INFO] core.sap_client — hu_phase1_ok hu=T10045865382
12:20:03 [WARNING] core.sap_client — phase2_wrong_screen hu=T10045865382 — re-navigating
12:20:03 [INFO] core.sap_client — setup_phase2_start
12:20:05 [INFO] core.queue_model — hu_added hu=T10045865381 pallet=8 origin=CNA
12:20:08 [INFO] core.sap_client — tx_opened code=/nZMMTIJSEP current_tx=ZMMTIJSEP
12:20:08 [INFO] core.sap_client — phase2_ready — txtGV_HU confirmed
12:20:09 [INFO] core.sap_client — hu_phase2_ok hu=T10045865382 duration_ms=6212
12:20:09 [WARNING] core.sap_client — phase1_wrong_screen hu=T10045835395 — re-navigating
12:20:09 [INFO] core.sap_client — setup_phase1_start
12:20:14 [INFO] core.sap_client — tx_opened code=/nZMOVEINBHU current_tx=ZMOVEINBHU
12:20:14 [INFO] core.sap_client — phase1_ready — ctxtP_HU confirmed
12:20:18 [INFO] core.sap_client — hu_phase1_ok hu=T10045835395
12:20:18 [WARNING] core.sap_client — phase2_wrong_screen hu=T10045835395 — re-navigating
12:20:18 [INFO] core.sap_client — setup_phase2_start
12:20:23 [INFO] core.sap_client — tx_opened code=/nZMMTIJSEP current_tx=ZMMTIJSEP
12:20:23 [INFO] core.sap_client — phase2_ready — txtGV_HU confirmed
12:20:24 [INFO] core.sap_client — hu_phase2_ok hu=T10045835395 duration_ms=6231
12:20:24 [WARNING] core.sap_client — phase1_wrong_screen hu=T10045865379 — re-navigating
12:20:24 [INFO] core.sap_client — setup_phase1_start
12:20:29 [INFO] core.sap_client — tx_opened code=/nZMOVEINBHU current_tx=ZMOVEINBHU
12:20:29 [INFO] core.sap_client — phase1_ready — ctxtP_HU confirmed
12:20:33 [INFO] core.sap_client — hu_phase1_ok hu=T10045865379
12:20:33 [WARNING] core.sap_client — phase2_wrong_screen hu=T10045865379 — re-navigating
12:20:33 [INFO] core.sap_client — setup_phase2_start
12:20:39 [INFO] core.sap_client — tx_opened code=/nZMMTIJSEP current_tx=ZMMTIJSEP
12:20:39 [INFO] core.sap_client — phase2_ready — txtGV_HU confirmed
12:20:40 [INFO] core.sap_client — hu_phase2_ok hu=T10045865379 duration_ms=6201
12:20:40 [WARNING] core.sap_client — phase1_wrong_screen hu=T10045856659 — re-navigating
12:20:40 [INFO] core.sap_client — setup_phase1_start
12:20:45 [INFO] core.sap_client — tx_opened code=/nZMOVEINBHU current_tx=ZMOVEINBHU
12:20:45 [INFO] core.sap_client — phase1_ready — ctxtP_HU confirmed
12:20:49 [INFO] core.sap_client — hu_phase1_ok hu=T10045856659
12:20:49 [WARNING] core.sap_client — phase2_wrong_screen hu=T10045856659 — re-navigating
12:20:49 [INFO] core.sap_client — setup_phase2_start
12:20:54 [INFO] core.sap_client — tx_opened code=/nZMMTIJSEP current_tx=ZMMTIJSEP
12:20:54 [INFO] core.sap_client — phase2_ready — txtGV_HU confirmed
12:20:55 [INFO] core.sap_client — hu_phase2_ok hu=T10045856659 duration_ms=6078
12:20:55 [WARNING] core.sap_client — phase1_wrong_screen hu=T10045865408 — re-navigating
12:20:55 [INFO] core.sap_client — setup_phase1_start
12:21:01 [INFO] core.sap_client — tx_opened code=/nZMOVEINBHU current_tx=ZMOVEINBHU
12:21:01 [INFO] core.sap_client — phase1_ready — ctxtP_HU confirmed
12:21:04 [INFO] core.sap_client — hu_phase1_ok hu=T10045865408
12:21:04 [WARNING] core.sap_client — phase2_wrong_screen hu=T10045865408 — re-navigating
12:21:04 [INFO] core.sap_client — setup_phase2_start
12:21:10 [INFO] core.sap_client — tx_opened code=/nZMMTIJSEP current_tx=ZMMTIJSEP
12:21:10 [INFO] core.sap_client — phase2_ready — txtGV_HU confirmed
12:21:10 [INFO] core.sap_client — hu_phase2_ok hu=T10045865408 duration_ms=6130
12:21:10 [INFO] core.queue_model — pallet_boundary multi_hu pallet=7 count=14 hu_codes=['T10045853809', 'T10045835394', 'T10045830652', 'T10045831795', 'T10045869404', 'T10045835393', 'T10045835392', 'T10045836400', 'T10045864916', 'T10045865382', 'T10045835395', 'T10045865379', 'T10045856659', 'T10045865408']
12:21:16 [INFO] core.sap_client — tx_opened code=/nSP01 current_tx=SP01
12:21:21 [INFO] core.sap_client — sp01_row_marked row=4 title=CN-CON-003_T10045856659_20260401192055
12:21:21 [INFO] core.sap_client — sp01_row_marked row=6 title=CN-CON-003_T10045865379_20260401192039
12:21:21 [INFO] core.sap_client — sp01_row_marked row=8 title=CN-CON-003_T10045835395_20260401192024
12:21:21 [INFO] core.sap_client — sp01_row_marked row=10 title=CN-CON-003_T10045865382_20260401192009
12:21:21 [INFO] core.sap_client — sp01_row_marked row=12 title=CN-CON-003_T10045864916_20260401191953
12:21:21 [INFO] core.sap_client — sp01_row_marked row=14 title=CN-CON-003_T10045836400_20260401191937
12:21:21 [INFO] core.sap_client — sp01_row_marked row=16 title=CN-CON-003_T10045835392_20260401191922
12:21:21 [INFO] core.sap_client — sp01_row_marked row=18 title=CN-CON-003_T10045835393_20260401191907
12:21:21 [INFO] core.sap_client — sp01_row_marked row=20 title=CN-CON-003_T10045869404_20260401191852
12:21:21 [INFO] core.sap_client — sp01_row_marked row=22 title=CN-CON-003_T10045831795_20260401191836
12:21:21 [INFO] core.sap_client — sp01_row_marked row=24 title=CN-CON-003_T10045830652_20260401191821
12:21:21 [INFO] core.sap_client — sp01_row_marked row=26 title=CN-CON-003_T10045835394_20260401191805
12:21:21 [INFO] core.sap_client — sp01_row_marked row=28 title=CN-CON-003_T10045853809_20260401191750
12:21:23 [INFO] core.sap_client — sp01_print_confirmed via=btn[25] marked=13
12:21:25 [INFO] core.sap_client — sp01_pallet_done result={'status': 'ok', 'message': 'SP01 OK — 13 spool(s) impreso(s)', 'marked': 13} hu_codes=['T10045853809', 'T10045835394', 'T10045830652', 'T10045831795', 'T10045869404', 'T10045835393', 'T10045835392', 'T10045836400', 'T10045864916', 'T10045865382', 'T10045835395', 'T10045865379', 'T10045856659', 'T10045865408']
12:21:25 [INFO] core.queue_model — sp01_pallet_result={'status': 'ok', 'message': 'SP01 OK — 13 spool(s) impreso(s)', 'marked': 13}
12:23:13 [WARNING] core.queue_model — hu_duplicate_scan hu=T10045831794
12:23:14 [WARNING] core.queue_model — hu_duplicate_scan hu=T10045836397
12:23:16 [INFO] core.queue_model — hu_added hu=T10045869380 pallet=8 origin=CNA
12:23:17 [INFO] core.queue_model — hu_added hu=T10045865380 pallet=8 origin=CNA
12:23:19 [INFO] core.queue_model — hu_added hu=T10045869406 pallet=8 origin=CNA
12:23:31 [WARNING] core.queue_model — hu_duplicate_scan hu=T10045850725
12:23:33 [WARNING] core.queue_model — hu_duplicate_scan hu=T10045850720
12:23:34 [INFO] core.queue_model — hu_added hu=T10045850724 pallet=8 origin=CNA
12:23:36 [WARNING] core.queue_model — hu_duplicate_scan hu=T10045836295
12:23:39 [WARNING] core.queue_model — hu_duplicate_scan hu=T10045836438
12:23:40 [WARNING] core.queue_model — hu_duplicate_scan hu=T10045830225
12:24:04 [WARNING] core.queue_model — hu_duplicate_scan hu=T10045831794
12:24:05 [WARNING] core.queue_model — hu_duplicate_scan hu=T10045836397
12:24:06 [WARNING] core.queue_model — hu_duplicate_scan hu=T10045869380
12:24:08 [INFO] core.queue_model — hu_added hu=T10045856638 pallet=8 origin=CNA
12:24:09 [WARNING] core.queue_model — hu_duplicate_scan hu=T10045869406
12:24:11 [WARNING] core.queue_model — hu_duplicate_scan hu=T10045865380
12:24:20 [WARNING] core.queue_model — hu_duplicate_scan hu=T10045850725
12:24:22 [WARNING] core.queue_model — hu_duplicate_scan hu=T10045850720
12:24:23 [WARNING] core.queue_model — hu_duplicate_scan hu=T10045850724
12:24:26 [WARNING] core.queue_model — hu_duplicate_scan hu=T10045836295
12:24:27 [WARNING] core.queue_model — hu_duplicate_scan hu=T10045836438
12:24:29 [WARNING] core.queue_model — hu_duplicate_scan hu=T10045830225
12:25:12 [INFO] core.queue_model — queue_worker_resumed_by_ui
12:25:12 [INFO] core.queue_model — queue_worker_resumed_processing
12:25:12 [INFO] core.sap_client — setup_phase1_start
12:25:17 [INFO] core.sap_client — tx_opened code=/nZMOVEINBHU current_tx=ZMOVEINBHU
12:25:17 [INFO] core.sap_client — phase1_ready — ctxtP_HU confirmed
12:25:21 [INFO] core.sap_client — hu_phase1_ok hu=T10045831794
12:25:21 [INFO] core.sap_client — setup_phase2_start
12:25:27 [INFO] core.sap_client — tx_opened code=/nZMMTIJSEP current_tx=ZMMTIJSEP
12:25:27 [INFO] core.sap_client — phase2_ready — txtGV_HU confirmed
12:25:28 [INFO] core.sap_client — hu_phase2_ok hu=T10045831794 duration_ms=1001
12:25:28 [INFO] core.sap_client — setup_phase1_start
12:25:33 [INFO] core.sap_client — tx_opened code=/nZMOVEINBHU current_tx=ZMOVEINBHU
12:25:33 [INFO] core.sap_client — phase1_ready — ctxtP_HU confirmed
12:25:37 [INFO] core.sap_client — hu_phase1_ok hu=T10045836397
12:25:37 [WARNING] core.sap_client — phase2_wrong_screen hu=T10045836397 — re-navigating
12:25:37 [INFO] core.sap_client — setup_phase2_start
12:25:42 [INFO] core.sap_client — tx_opened code=/nZMMTIJSEP current_tx=ZMMTIJSEP
12:25:42 [INFO] core.sap_client — phase2_ready — txtGV_HU confirmed
12:25:43 [INFO] core.sap_client — hu_phase2_ok hu=T10045836397 duration_ms=6105
12:25:43 [WARNING] core.sap_client — phase1_wrong_screen hu=T10045850725 — re-navigating
12:25:43 [INFO] core.sap_client — setup_phase1_start
12:25:48 [INFO] core.sap_client — tx_opened code=/nZMOVEINBHU current_tx=ZMOVEINBHU
12:25:48 [INFO] core.sap_client — phase1_ready — ctxtP_HU confirmed
12:25:52 [INFO] core.sap_client — hu_phase1_ok hu=T10045850725
12:25:52 [WARNING] core.sap_client — phase2_wrong_screen hu=T10045850725 — re-navigating
12:25:52 [INFO] core.sap_client — setup_phase2_start
12:25:58 [INFO] core.sap_client — tx_opened code=/nZMMTIJSEP current_tx=ZMMTIJSEP
12:25:58 [INFO] core.sap_client — phase2_ready — txtGV_HU confirmed
12:25:58 [INFO] core.sap_client — hu_phase2_ok hu=T10045850725 duration_ms=6275
12:25:58 [WARNING] core.sap_client — phase1_wrong_screen hu=T10045836399 — re-navigating
12:25:58 [INFO] core.sap_client — setup_phase1_start
12:26:04 [INFO] core.sap_client — tx_opened code=/nZMOVEINBHU current_tx=ZMOVEINBHU
12:26:04 [INFO] core.sap_client — phase1_ready — ctxtP_HU confirmed
12:26:08 [INFO] core.sap_client — hu_phase1_ok hu=T10045836399
12:26:08 [WARNING] core.sap_client — phase2_wrong_screen hu=T10045836399 — re-navigating
12:26:08 [INFO] core.sap_client — setup_phase2_start
12:26:13 [INFO] core.sap_client — tx_opened code=/nZMMTIJSEP current_tx=ZMMTIJSEP
12:26:13 [INFO] core.sap_client — phase2_ready — txtGV_HU confirmed
12:26:14 [INFO] core.sap_client — hu_phase2_ok hu=T10045836399 duration_ms=6197
12:26:14 [WARNING] core.sap_client — phase1_wrong_screen hu=T10045850720 — re-navigating
12:26:14 [INFO] core.sap_client — setup_phase1_start
12:26:19 [INFO] core.sap_client — tx_opened code=/nZMOVEINBHU current_tx=ZMOVEINBHU
12:26:19 [INFO] core.sap_client — phase1_ready — ctxtP_HU confirmed
12:26:23 [INFO] core.sap_client — hu_phase1_ok hu=T10045850720
12:26:23 [WARNING] core.sap_client — phase2_wrong_screen hu=T10045850720 — re-navigating
12:26:23 [INFO] core.sap_client — setup_phase2_start
12:26:28 [INFO] core.sap_client — tx_opened code=/nZMMTIJSEP current_tx=ZMMTIJSEP
12:26:28 [INFO] core.sap_client — phase2_ready — txtGV_HU confirmed
12:26:29 [INFO] core.sap_client — hu_phase2_ok hu=T10045850720 duration_ms=6231
12:26:29 [WARNING] core.sap_client — phase1_wrong_screen hu=T10045830225 — re-navigating
12:26:29 [INFO] core.sap_client — setup_phase1_start
12:26:35 [INFO] core.sap_client — tx_opened code=/nZMOVEINBHU current_tx=ZMOVEINBHU
12:26:35 [INFO] core.sap_client — phase1_ready — ctxtP_HU confirmed
12:26:38 [INFO] core.sap_client — hu_phase1_ok hu=T10045830225
12:26:38 [WARNING] core.sap_client — phase2_wrong_screen hu=T10045830225 — re-navigating
12:26:38 [INFO] core.sap_client — setup_phase2_start
12:26:44 [INFO] core.sap_client — tx_opened code=/nZMMTIJSEP current_tx=ZMMTIJSEP
12:26:44 [INFO] core.sap_client — phase2_ready — txtGV_HU confirmed
12:26:45 [INFO] core.sap_client — hu_phase2_ok hu=T10045830225 duration_ms=6348
12:26:45 [WARNING] core.sap_client — phase1_wrong_screen hu=T10045836438 — re-navigating
12:26:45 [INFO] core.sap_client — setup_phase1_start
12:26:50 [INFO] core.sap_client — tx_opened code=/nZMOVEINBHU current_tx=ZMOVEINBHU
12:26:50 [INFO] core.sap_client — phase1_ready — ctxtP_HU confirmed
12:26:55 [INFO] core.sap_client — hu_phase1_ok hu=T10045836438
12:26:55 [WARNING] core.sap_client — phase2_wrong_screen hu=T10045836438 — re-navigating
12:26:55 [INFO] core.sap_client — setup_phase2_start
12:27:00 [INFO] core.sap_client — tx_opened code=/nZMMTIJSEP current_tx=ZMMTIJSEP
12:27:00 [INFO] core.sap_client — phase2_ready — txtGV_HU confirmed
12:27:01 [INFO] core.sap_client — hu_phase2_ok hu=T10045836438 duration_ms=6163
12:27:01 [WARNING] core.sap_client — phase1_wrong_screen hu=T10045836295 — re-navigating
12:27:01 [INFO] core.sap_client — setup_phase1_start
12:27:06 [INFO] core.sap_client — tx_opened code=/nZMOVEINBHU current_tx=ZMOVEINBHU
12:27:06 [INFO] core.sap_client — phase1_ready — ctxtP_HU confirmed
12:27:11 [INFO] core.sap_client — hu_phase1_ok hu=T10045836295
12:27:11 [WARNING] core.sap_client — phase2_wrong_screen hu=T10045836295 — re-navigating
12:27:11 [INFO] core.sap_client — setup_phase2_start
12:27:16 [INFO] core.sap_client — tx_opened code=/nZMMTIJSEP current_tx=ZMMTIJSEP
12:27:16 [INFO] core.sap_client — phase2_ready — txtGV_HU confirmed
12:27:17 [INFO] core.sap_client — hu_phase2_ok hu=T10045836295 duration_ms=6445
12:27:17 [WARNING] core.sap_client — phase1_wrong_screen hu=T10045865381 — re-navigating
12:27:17 [INFO] core.sap_client — setup_phase1_start
12:27:23 [INFO] core.sap_client — tx_opened code=/nZMOVEINBHU current_tx=ZMOVEINBHU
12:27:23 [INFO] core.sap_client — phase1_ready — ctxtP_HU confirmed
12:27:26 [INFO] core.sap_client — hu_phase1_ok hu=T10045865381
12:27:26 [WARNING] core.sap_client — phase2_wrong_screen hu=T10045865381 — re-navigating
12:27:26 [INFO] core.sap_client — setup_phase2_start
12:27:32 [INFO] core.sap_client — tx_opened code=/nZMMTIJSEP current_tx=ZMMTIJSEP
12:27:32 [INFO] core.sap_client — phase2_ready — txtGV_HU confirmed
12:27:32 [INFO] core.sap_client — hu_phase2_ok hu=T10045865381 duration_ms=6146
12:27:32 [WARNING] core.sap_client — phase1_wrong_screen hu=T10045869380 — re-navigating
12:27:32 [INFO] core.sap_client — setup_phase1_start
12:27:38 [INFO] core.sap_client — tx_opened code=/nZMOVEINBHU current_tx=ZMOVEINBHU
12:27:38 [INFO] core.sap_client — phase1_ready — ctxtP_HU confirmed
12:27:42 [INFO] core.sap_client — hu_phase1_ok hu=T10045869380
12:27:42 [WARNING] core.sap_client — phase2_wrong_screen hu=T10045869380 — re-navigating
12:27:42 [INFO] core.sap_client — setup_phase2_start
12:27:47 [INFO] core.sap_client — tx_opened code=/nZMMTIJSEP current_tx=ZMMTIJSEP
12:27:47 [INFO] core.sap_client — phase2_ready — txtGV_HU confirmed
12:27:48 [INFO] core.sap_client — hu_phase2_ok hu=T10045869380 duration_ms=6119
12:27:48 [WARNING] core.sap_client — phase1_wrong_screen hu=T10045865380 — re-navigating
12:27:48 [INFO] core.sap_client — setup_phase1_start
12:27:54 [INFO] core.sap_client — tx_opened code=/nZMOVEINBHU current_tx=ZMOVEINBHU
12:27:54 [INFO] core.sap_client — phase1_ready — ctxtP_HU confirmed
12:27:58 [INFO] core.sap_client — hu_phase1_ok hu=T10045865380
12:27:58 [WARNING] core.sap_client — phase2_wrong_screen hu=T10045865380 — re-navigating
12:27:58 [INFO] core.sap_client — setup_phase2_start
12:28:03 [INFO] core.sap_client — tx_opened code=/nZMMTIJSEP current_tx=ZMMTIJSEP
12:28:03 [INFO] core.sap_client — phase2_ready — txtGV_HU confirmed
12:28:04 [INFO] core.sap_client — hu_phase2_ok hu=T10045865380 duration_ms=6191
12:28:04 [WARNING] core.sap_client — phase1_wrong_screen hu=T10045869406 — re-navigating
12:28:04 [INFO] core.sap_client — setup_phase1_start
12:28:09 [INFO] core.sap_client — tx_opened code=/nZMOVEINBHU current_tx=ZMOVEINBHU
12:28:09 [INFO] core.sap_client — phase1_ready — ctxtP_HU confirmed
12:28:13 [INFO] core.sap_client — hu_phase1_ok hu=T10045869406
12:28:13 [WARNING] core.sap_client — phase2_wrong_screen hu=T10045869406 — re-navigating
12:28:13 [INFO] core.sap_client — setup_phase2_start
12:28:19 [INFO] core.sap_client — tx_opened code=/nZMMTIJSEP current_tx=ZMMTIJSEP
12:28:19 [INFO] core.sap_client — phase2_ready — txtGV_HU confirmed
12:28:19 [INFO] core.sap_client — hu_phase2_ok hu=T10045869406 duration_ms=6231
12:28:20 [WARNING] core.sap_client — phase1_wrong_screen hu=T10045850724 — re-navigating
12:28:20 [INFO] core.sap_client — setup_phase1_start
12:28:25 [INFO] core.sap_client — tx_opened code=/nZMOVEINBHU current_tx=ZMOVEINBHU
12:28:25 [INFO] core.sap_client — phase1_ready — ctxtP_HU confirmed
12:28:28 [INFO] core.sap_client — hu_phase1_ok hu=T10045850724
12:28:28 [WARNING] core.sap_client — phase2_wrong_screen hu=T10045850724 — re-navigating
12:28:28 [INFO] core.sap_client — setup_phase2_start
12:28:34 [INFO] core.sap_client — tx_opened code=/nZMMTIJSEP current_tx=ZMMTIJSEP
12:28:34 [INFO] core.sap_client — phase2_ready — txtGV_HU confirmed
12:28:35 [INFO] core.sap_client — hu_phase2_ok hu=T10045850724 duration_ms=6185
12:28:35 [WARNING] core.sap_client — phase1_wrong_screen hu=T10045856638 — re-navigating
12:28:35 [INFO] core.sap_client — setup_phase1_start
12:28:40 [INFO] core.sap_client — tx_opened code=/nZMOVEINBHU current_tx=ZMOVEINBHU
12:28:40 [INFO] core.sap_client — phase1_ready — ctxtP_HU confirmed
12:28:44 [INFO] core.sap_client — hu_phase1_ok hu=T10045856638
12:28:44 [WARNING] core.sap_client — phase2_wrong_screen hu=T10045856638 — re-navigating
12:28:44 [INFO] core.sap_client — setup_phase2_start
12:28:49 [INFO] core.sap_client — tx_opened code=/nZMMTIJSEP current_tx=ZMMTIJSEP
12:28:50 [INFO] core.sap_client — phase2_ready — txtGV_HU confirmed
12:28:50 [INFO] core.sap_client — hu_phase2_ok hu=T10045856638 duration_ms=6176
12:28:50 [INFO] core.queue_model — pallet_boundary multi_hu pallet=8 count=14 hu_codes=['T10045831794', 'T10045836397', 'T10045850725', 'T10045836399', 'T10045850720', 'T10045830225', 'T10045836438', 'T10045836295', 'T10045865381', 'T10045869380', 'T10045865380', 'T10045869406', 'T10045850724', 'T10045856638']
12:28:56 [INFO] core.sap_client — tx_opened code=/nSP01 current_tx=SP01
12:29:00 [INFO] core.sap_client — sp01_row_marked row=4 title=CN-CON-003_T10045850724_20260401192834
12:29:00 [INFO] core.sap_client — sp01_row_marked row=6 title=CN-CON-003_T10045869406_20260401192819
12:29:01 [INFO] core.sap_client — sp01_row_marked row=8 title=CN-CON-003_T10045865380_20260401192804
12:29:01 [INFO] core.sap_client — sp01_row_marked row=10 title=CN-CON-003_T10045869380_20260401192748
12:29:01 [INFO] core.sap_client — sp01_row_marked row=12 title=CN-CON-003_T10045865381_20260401192732
12:29:01 [INFO] core.sap_client — sp01_row_marked row=14 title=CN-CON-003_T10045836295_20260401192717
12:29:01 [INFO] core.sap_client — sp01_row_marked row=16 title=CN-CON-003_T10045836438_20260401192701
12:29:01 [INFO] core.sap_client — sp01_row_marked row=18 title=CN-CON-003_T10045830225_20260401192644
12:29:01 [INFO] core.sap_client — sp01_row_marked row=20 title=CN-CON-003_T10045850720_20260401192629
12:29:01 [INFO] core.sap_client — sp01_row_marked row=22 title=CN-CON-003_T10045836399_20260401192614
12:29:01 [INFO] core.sap_client — sp01_row_marked row=24 title=CN-CON-003_T10045850725_20260401192558
12:29:01 [INFO] core.sap_client — sp01_row_marked row=26 title=CN-CON-003_T10045836397_20260401192542
12:29:01 [INFO] core.sap_client — sp01_row_marked row=28 title=CN-CON-003_T10045831794_20260401192527
12:29:02 [INFO] core.sap_client — sp01_print_confirmed via=btn[25] marked=13
12:29:05 [INFO] core.sap_client — sp01_pallet_done result={'status': 'ok', 'message': 'SP01 OK — 13 spool(s) impreso(s)', 'marked': 13} hu_codes=['T10045831794', 'T10045836397', 'T10045850725', 'T10045836399', 'T10045850720', 'T10045830225', 'T10045836438', 'T10045836295', 'T10045865381', 'T10045869380', 'T10045865380', 'T10045869406', 'T10045850724', 'T10045856638']
12:29:05 [INFO] core.queue_model — sp01_pallet_result={'status': 'ok', 'message': 'SP01 OK — 13 spool(s) impreso(s)', 'marked': 13}
12:29:05 [INFO] core.queue_model — queue_worker_stopped
12:29:05 [INFO] core.queue_model — queue_worker_stop_requested
12:31:35 [INFO] core.queue_model — hu_added hu=2972594434 pallet=9 origin=ITA
12:31:39 [INFO] core.queue_model — hu_added hu=2972554539 pallet=10 origin=ITA
12:31:59 [INFO] core.queue_model — queue_worker_started dynamic_print_mode
12:31:59 [INFO] core.sap_client — sap_connected system=LUP user=LOPEZHJC
12:31:59 [INFO] core.queue_model — queue_worker_sap_connected
12:31:59 [INFO] core.sap_client — setup_phase1_start
12:32:04 [INFO] core.sap_client — tx_opened code=/nZMOVEINBHU current_tx=ZMOVEINBHU
12:32:04 [INFO] core.sap_client — phase1_ready — ctxtP_HU confirmed
12:32:08 [INFO] core.sap_client — hu_phase1_ok hu=2972594434
12:32:08 [INFO] core.sap_client — setup_phase2_start
12:32:09 [INFO] core.queue_model — hu_added hu=2972633107 pallet=11 origin=ITA
12:32:12 [INFO] core.queue_model — hu_added hu=2972632991 pallet=12 origin=ITA
12:32:13 [INFO] core.sap_client — tx_opened code=/nZMMTIJSEP current_tx=ZMMTIJSEP
12:32:13 [INFO] core.sap_client — phase2_ready — txtGV_HU confirmed
12:32:14 [INFO] core.queue_model — hu_added hu=2972633009 pallet=13 origin=ITA
12:32:14 [INFO] core.sap_client — hu_phase2_ok hu=2972594434 duration_ms=1003
12:32:14 [INFO] core.queue_model — pallet_boundary single_hu pallet=9 accumulated=[9]
12:32:14 [INFO] core.sap_client — setup_phase1_start
12:32:20 [INFO] core.sap_client — tx_opened code=/nZMOVEINBHU current_tx=ZMOVEINBHU
12:32:20 [INFO] core.sap_client — phase1_ready — ctxtP_HU confirmed
12:32:22 [INFO] core.queue_model — hu_added hu=2972577105 pallet=14 origin=ITA
12:32:24 [INFO] core.sap_client — hu_phase1_ok hu=2972554539
12:32:24 [WARNING] core.sap_client — phase2_wrong_screen hu=2972554539 — re-navigating
12:32:24 [INFO] core.sap_client — setup_phase2_start
12:32:29 [INFO] core.queue_model — hu_added hu=2972575478 pallet=15 origin=ITA
12:32:29 [INFO] core.sap_client — tx_opened code=/nZMMTIJSEP current_tx=ZMMTIJSEP
12:32:29 [INFO] core.sap_client — phase2_ready — txtGV_HU confirmed
12:32:30 [INFO] core.sap_client — hu_phase2_ok hu=2972554539 duration_ms=6282
12:32:30 [INFO] core.queue_model — pallet_boundary single_hu pallet=10 accumulated=[9, 10]
12:32:30 [WARNING] core.sap_client — phase1_wrong_screen hu=2972633107 — re-navigating
12:32:30 [INFO] core.sap_client — setup_phase1_start
12:32:36 [INFO] core.sap_client — tx_opened code=/nZMOVEINBHU current_tx=ZMOVEINBHU
12:32:36 [INFO] core.sap_client — phase1_ready — ctxtP_HU confirmed
12:32:44 [INFO] core.sap_client — hu_phase1_ok hu=2972633107
12:32:44 [WARNING] core.sap_client — phase2_wrong_screen hu=2972633107 — re-navigating
12:32:44 [INFO] core.sap_client — setup_phase2_start
12:32:50 [INFO] core.sap_client — tx_opened code=/nZMMTIJSEP current_tx=ZMMTIJSEP
12:32:50 [INFO] core.sap_client — phase2_ready — txtGV_HU confirmed
12:32:51 [INFO] core.sap_client — hu_phase2_ok hu=2972633107 duration_ms=6381
12:32:51 [INFO] core.queue_model — pallet_boundary single_hu pallet=11 accumulated=[9, 10, 11]
12:32:51 [WARNING] core.sap_client — phase1_wrong_screen hu=2972632991 — re-navigating
12:32:51 [INFO] core.sap_client — setup_phase1_start
12:32:54 [INFO] core.queue_model — hu_added hu=2972631264 pallet=16 origin=ITA
12:32:56 [INFO] core.sap_client — tx_opened code=/nZMOVEINBHU current_tx=ZMOVEINBHU
12:32:56 [INFO] core.sap_client — phase1_ready — ctxtP_HU confirmed
12:33:03 [INFO] core.sap_client — hu_phase1_ok hu=2972632991
12:33:03 [WARNING] core.sap_client — phase2_wrong_screen hu=2972632991 — re-navigating
12:33:03 [INFO] core.sap_client — setup_phase2_start
12:33:04 [WARNING] core.queue_model — hu_duplicate_scan hu=2972577105
12:33:08 [INFO] core.sap_client — tx_opened code=/nZMMTIJSEP current_tx=ZMMTIJSEP
12:33:08 [INFO] core.sap_client — phase2_ready — txtGV_HU confirmed
12:33:09 [INFO] core.sap_client — hu_phase2_ok hu=2972632991 duration_ms=6479
12:33:09 [INFO] core.queue_model — pallet_boundary single_hu pallet=12 accumulated=[9, 10, 11, 12]
12:33:09 [WARNING] core.sap_client — phase1_wrong_screen hu=2972633009 — re-navigating
12:33:09 [INFO] core.sap_client — setup_phase1_start
12:33:10 [INFO] core.queue_model — hu_added hu=2972632992 pallet=17 origin=ITA
12:33:13 [INFO] core.queue_model — hu_added hu=2972641817 pallet=18 origin=ITA
12:33:14 [INFO] core.queue_model — hu_added hu=2972645156 pallet=19 origin=ITA
12:33:15 [INFO] core.sap_client — tx_opened code=/nZMOVEINBHU current_tx=ZMOVEINBHU
12:33:15 [INFO] core.sap_client — phase1_ready — ctxtP_HU confirmed
12:33:22 [INFO] core.sap_client — hu_phase1_ok hu=2972633009
12:33:22 [WARNING] core.sap_client — phase2_wrong_screen hu=2972633009 — re-navigating
12:33:22 [INFO] core.sap_client — setup_phase2_start
12:33:27 [INFO] core.sap_client — tx_opened code=/nZMMTIJSEP current_tx=ZMMTIJSEP
12:33:27 [INFO] core.sap_client — phase2_ready — txtGV_HU confirmed
12:33:28 [INFO] core.sap_client — hu_phase2_ok hu=2972633009 duration_ms=6159
12:33:28 [INFO] core.queue_model — pallet_boundary single_hu pallet=13 accumulated=[9, 10, 11, 12, 13]
12:33:28 [WARNING] core.sap_client — phase1_wrong_screen hu=2972577105 — re-navigating
12:33:28 [INFO] core.sap_client — setup_phase1_start
12:33:33 [INFO] core.sap_client — tx_opened code=/nZMOVEINBHU current_tx=ZMOVEINBHU
12:33:33 [INFO] core.sap_client — phase1_ready — ctxtP_HU confirmed
12:33:37 [INFO] core.sap_client — hu_phase1_duplicate hu=2972577105
12:33:37 [WARNING] core.sap_client — phase2_wrong_screen hu=2972577105 — re-navigating
12:33:37 [INFO] core.sap_client — setup_phase2_start
12:33:42 [INFO] core.sap_client — tx_opened code=/nZMMTIJSEP current_tx=ZMMTIJSEP
12:33:42 [INFO] core.sap_client — phase2_ready — txtGV_HU confirmed
12:33:42 [INFO] core.sap_client — hu_phase2_ok hu=2972577105 duration_ms=5803
12:33:42 [INFO] core.queue_model — pallet_boundary single_hu pallet=14 accumulated=[9, 10, 11, 12, 13, 14]
12:33:42 [WARNING] core.sap_client — phase1_wrong_screen hu=2972575478 — re-navigating
12:33:42 [INFO] core.sap_client — setup_phase1_start
12:33:48 [INFO] core.sap_client — tx_opened code=/nZMOVEINBHU current_tx=ZMOVEINBHU
12:33:48 [INFO] core.sap_client — phase1_ready — ctxtP_HU confirmed
12:33:51 [INFO] core.sap_client — hu_phase1_duplicate hu=2972575478
12:33:51 [WARNING] core.sap_client — phase2_wrong_screen hu=2972575478 — re-navigating
12:33:51 [INFO] core.sap_client — setup_phase2_start
12:33:56 [INFO] core.sap_client — tx_opened code=/nZMMTIJSEP current_tx=ZMMTIJSEP
12:33:56 [INFO] core.sap_client — phase2_ready — txtGV_HU confirmed
12:33:57 [INFO] core.sap_client — hu_phase2_ok hu=2972575478 duration_ms=5795
12:33:57 [INFO] core.queue_model — pallet_boundary single_hu pallet=15 accumulated=[9, 10, 11, 12, 13, 14, 15]
12:33:57 [WARNING] core.sap_client — phase1_wrong_screen hu=2972631264 — re-navigating
12:33:57 [INFO] core.sap_client — setup_phase1_start
12:34:02 [INFO] core.sap_client — tx_opened code=/nZMOVEINBHU current_tx=ZMOVEINBHU
12:34:02 [INFO] core.sap_client — phase1_ready — ctxtP_HU confirmed
12:34:06 [INFO] core.sap_client — hu_phase1_ok hu=2972631264
12:34:06 [WARNING] core.sap_client — phase2_wrong_screen hu=2972631264 — re-navigating
12:34:06 [INFO] core.sap_client — setup_phase2_start
12:34:11 [INFO] core.sap_client — tx_opened code=/nZMMTIJSEP current_tx=ZMMTIJSEP
12:34:11 [INFO] core.sap_client — phase2_ready — txtGV_HU confirmed
12:34:12 [INFO] core.sap_client — hu_phase2_ok hu=2972631264 duration_ms=6368
12:34:12 [INFO] core.queue_model — pallet_boundary single_hu pallet=16 accumulated=[9, 10, 11, 12, 13, 14, 15, 16]
12:34:12 [WARNING] core.sap_client — phase1_wrong_screen hu=2972632992 — re-navigating
12:34:12 [INFO] core.sap_client — setup_phase1_start
12:34:17 [INFO] core.sap_client — tx_opened code=/nZMOVEINBHU current_tx=ZMOVEINBHU
12:34:17 [INFO] core.sap_client — phase1_ready — ctxtP_HU confirmed
12:34:25 [INFO] core.sap_client — hu_phase1_ok hu=2972632992
12:34:25 [WARNING] core.sap_client — phase2_wrong_screen hu=2972632992 — re-navigating
12:34:25 [INFO] core.sap_client — setup_phase2_start
12:34:31 [INFO] core.sap_client — tx_opened code=/nZMMTIJSEP current_tx=ZMMTIJSEP
12:34:31 [INFO] core.sap_client — phase2_ready — txtGV_HU confirmed
12:34:32 [INFO] core.sap_client — hu_phase2_ok hu=2972632992 duration_ms=6391
12:34:32 [INFO] core.queue_model — pallet_boundary single_hu pallet=17 accumulated=[9, 10, 11, 12, 13, 14, 15, 16, 17]
12:34:32 [WARNING] core.sap_client — phase1_wrong_screen hu=2972641817 — re-navigating
12:34:32 [INFO] core.sap_client — setup_phase1_start
12:34:37 [INFO] core.sap_client — tx_opened code=/nZMOVEINBHU current_tx=ZMOVEINBHU
12:34:37 [INFO] core.sap_client — phase1_ready — ctxtP_HU confirmed
12:34:44 [INFO] core.sap_client — hu_phase1_ok hu=2972641817
12:34:44 [WARNING] core.sap_client — phase2_wrong_screen hu=2972641817 — re-navigating
12:34:44 [INFO] core.sap_client — setup_phase2_start
12:34:50 [INFO] core.sap_client — tx_opened code=/nZMMTIJSEP current_tx=ZMMTIJSEP
12:34:50 [INFO] core.sap_client — phase2_ready — txtGV_HU confirmed
12:34:50 [INFO] core.sap_client — hu_phase2_ok hu=2972641817 duration_ms=6361
12:34:50 [INFO] core.queue_model — pallet_boundary single_hu pallet=18 accumulated=[9, 10, 11, 12, 13, 14, 15, 16, 17, 18]
12:34:51 [WARNING] core.sap_client — phase1_wrong_screen hu=2972645156 — re-navigating
12:34:51 [INFO] core.sap_client — setup_phase1_start
12:34:56 [INFO] core.sap_client — tx_opened code=/nZMOVEINBHU current_tx=ZMOVEINBHU
12:34:56 [INFO] core.sap_client — phase1_ready — ctxtP_HU confirmed
12:34:59 [INFO] core.sap_client — hu_phase1_ok hu=2972645156
12:35:00 [WARNING] core.sap_client — phase2_wrong_screen hu=2972645156 — re-navigating
12:35:00 [INFO] core.sap_client — setup_phase2_start
12:35:05 [INFO] core.sap_client — tx_opened code=/nZMMTIJSEP current_tx=ZMMTIJSEP
12:35:05 [INFO] core.sap_client — phase2_ready — txtGV_HU confirmed
12:35:06 [INFO] core.sap_client — hu_phase2_ok hu=2972645156 duration_ms=6388
12:35:06 [INFO] core.queue_model — pallet_boundary single_hu pallet=19 accumulated=[9, 10, 11, 12, 13, 14, 15, 16, 17, 18, 19]
12:35:06 [INFO] core.queue_model — flush_single_hu_pallets pallets=[9, 10, 11, 12, 13, 14, 15, 16, 17, 18, 19] hu_codes=['2972594434', '2972554539', '2972633107', '2972632991', '2972633009', '2972577105', '2972575478', '2972631264', '2972632992', '2972641817', '2972645156']
12:35:11 [INFO] core.sap_client — tx_opened code=/nSP01 current_tx=SP01
12:35:16 [INFO] core.sap_client — sp01_row_marked row=4 title=CN-CON-003_00000000002972641817_20260401193450
12:35:16 [INFO] core.sap_client — sp01_row_marked row=6 title=CN-CON-003_00000000002972632992_20260401193431
12:35:16 [INFO] core.sap_client — sp01_row_marked row=8 title=CN-CON-003_00000000002972631264_20260401193411
12:35:16 [INFO] core.sap_client — sp01_row_marked row=10 title=CN-CON-003_00000000002972575478_20260401115847
12:35:16 [INFO] core.sap_client — sp01_row_marked row=12 title=CN-CON-003_00000000002972633009_20260401193328
12:35:16 [INFO] core.sap_client — sp01_row_marked row=14 title=CN-CON-003_00000000002972577105_20260401115902
12:35:16 [INFO] core.sap_client — sp01_row_marked row=16 title=CN-CON-003_00000000002972632991_20260401193309
12:35:16 [INFO] core.sap_client — sp01_row_marked row=18 title=CN-CON-003_00000000002972633107_20260401193250
12:35:16 [INFO] core.sap_client — sp01_row_marked row=20 title=CN-CON-003_00000000002972554539_20260401193230
12:35:16 [INFO] core.sap_client — sp01_row_marked row=22 title=CN-CON-003_00000000002972594434_20260401193214
12:35:18 [INFO] core.sap_client — sp01_print_confirmed via=btn[25] marked=10
12:35:20 [INFO] core.sap_client — sp01_global_done result={'status': 'ok', 'message': 'SP01 OK — 10 spool(s) impreso(s)', 'marked': 10}
12:35:20 [INFO] core.queue_model — queue_worker_stopped
12:35:20 [INFO] core.queue_model — queue_worker_stop_requested
12:48:59 [INFO] core.queue_model — hu_added hu=TH0000298277 pallet=20 origin=THA
12:49:01 [INFO] core.queue_model — hu_added hu=TH0000298269 pallet=20 origin=THA
12:49:03 [INFO] core.queue_model — hu_added hu=TH0000298375 pallet=20 origin=THA
12:49:09 [INFO] core.queue_model — hu_added hu=TH0000298358 pallet=20 origin=THA
12:49:10 [INFO] core.queue_model — hu_added hu=TH0000298354 pallet=20 origin=THA
12:49:11 [INFO] core.queue_model — hu_added hu=TH0000298291 pallet=20 origin=THA
12:49:28 [INFO] core.queue_model — new_pallet id=21
12:49:39 [INFO] core.queue_model — hu_added hu=TH0000298253 pallet=21 origin=THA
12:49:40 [INFO] core.queue_model — hu_added hu=TH0000298254 pallet=21 origin=THA
12:49:42 [INFO] core.queue_model — hu_added hu=TH0000298264 pallet=21 origin=THA
12:49:43 [INFO] core.queue_model — hu_added hu=TH0000298284 pallet=21 origin=THA
12:49:44 [INFO] core.queue_model — hu_added hu=TH0000298356 pallet=21 origin=THA
12:49:45 [INFO] core.queue_model — hu_added hu=TH0000298260 pallet=21 origin=THA
12:49:49 [INFO] core.queue_model — hu_added hu=TH0000298288 pallet=21 origin=THA
12:49:50 [INFO] core.queue_model — hu_added hu=TH0000298286 pallet=21 origin=THA
12:50:03 [INFO] core.queue_model — queue_worker_started dynamic_print_mode
12:50:03 [INFO] core.sap_client — sap_connected system=LUP user=LOPEZHJC
12:50:03 [INFO] core.queue_model — queue_worker_sap_connected
12:50:03 [INFO] core.sap_client — setup_phase1_start
12:50:09 [INFO] core.sap_client — tx_opened code=/nZMOVEINBHU current_tx=ZMOVEINBHU
12:50:09 [INFO] core.sap_client — phase1_ready — ctxtP_HU confirmed
12:50:11 [INFO] core.queue_model — new_pallet id=22
12:50:14 [INFO] core.sap_client — hu_phase1_ok hu=TH0000298277
12:50:14 [INFO] core.sap_client — setup_phase2_start
12:50:19 [INFO] core.sap_client — tx_opened code=/nZMMTIJSEP current_tx=ZMMTIJSEP
12:50:19 [INFO] core.sap_client — phase2_ready — txtGV_HU confirmed
12:50:20 [INFO] core.sap_client — hu_phase2_ok hu=TH0000298277 duration_ms=1001
12:50:20 [INFO] core.sap_client — setup_phase1_start
12:50:23 [INFO] core.queue_model — hu_added hu=TH0000298168 pallet=22 origin=THA
12:50:24 [INFO] core.queue_model — hu_added hu=TH0000298217 pallet=22 origin=THA
12:50:25 [INFO] core.sap_client — tx_opened code=/nZMOVEINBHU current_tx=ZMOVEINBHU
12:50:25 [INFO] core.sap_client — phase1_ready — ctxtP_HU confirmed
12:50:29 [INFO] core.sap_client — hu_phase1_ok hu=TH0000298269
12:50:29 [WARNING] core.sap_client — phase2_wrong_screen hu=TH0000298269 — re-navigating
12:50:29 [INFO] core.sap_client — setup_phase2_start
12:50:29 [INFO] core.queue_model — hu_added hu=TH0000298192 pallet=22 origin=THA
12:50:32 [INFO] core.queue_model — hu_added hu=TH0000298228 pallet=22 origin=THA
12:50:34 [INFO] core.sap_client — tx_opened code=/nZMMTIJSEP current_tx=ZMMTIJSEP
12:50:34 [INFO] core.sap_client — phase2_ready — txtGV_HU confirmed
12:50:35 [INFO] core.sap_client — hu_phase2_ok hu=TH0000298269 duration_ms=6163
12:50:35 [WARNING] core.sap_client — phase1_wrong_screen hu=TH0000298375 — re-navigating
12:50:35 [INFO] core.sap_client — setup_phase1_start
12:50:41 [INFO] core.sap_client — tx_opened code=/nZMOVEINBHU current_tx=ZMOVEINBHU
12:50:41 [INFO] core.sap_client — phase1_ready — ctxtP_HU confirmed
12:50:44 [INFO] core.sap_client — hu_phase1_ok hu=TH0000298375
12:50:44 [WARNING] core.sap_client — phase2_wrong_screen hu=TH0000298375 — re-navigating
12:50:44 [INFO] core.sap_client — setup_phase2_start
12:50:45 [INFO] core.queue_model — hu_added hu=TH0000298222 pallet=22 origin=THA
12:50:49 [INFO] core.sap_client — tx_opened code=/nZMMTIJSEP current_tx=ZMMTIJSEP
12:50:49 [INFO] core.sap_client — phase2_ready — txtGV_HU confirmed
12:50:50 [INFO] core.sap_client — hu_phase2_ok hu=TH0000298375 duration_ms=6083
12:50:50 [WARNING] core.sap_client — phase1_wrong_screen hu=TH0000298358 — re-navigating
12:50:50 [INFO] core.sap_client — setup_phase1_start
12:50:55 [INFO] core.sap_client — tx_opened code=/nZMOVEINBHU current_tx=ZMOVEINBHU
12:50:55 [INFO] core.sap_client — phase1_ready — ctxtP_HU confirmed
12:50:59 [INFO] core.sap_client — hu_phase1_ok hu=TH0000298358
12:50:59 [WARNING] core.sap_client — phase2_wrong_screen hu=TH0000298358 — re-navigating
12:50:59 [INFO] core.sap_client — setup_phase2_start
12:51:03 [INFO] core.queue_model — new_pallet id=23
12:51:04 [INFO] core.sap_client — tx_opened code=/nZMMTIJSEP current_tx=ZMMTIJSEP
12:51:04 [INFO] core.sap_client — phase2_ready — txtGV_HU confirmed
12:51:05 [INFO] core.sap_client — hu_phase2_ok hu=TH0000298358 duration_ms=6152
12:51:05 [WARNING] core.sap_client — phase1_wrong_screen hu=TH0000298354 — re-navigating
12:51:05 [INFO] core.sap_client — setup_phase1_start
12:51:10 [INFO] core.sap_client — tx_opened code=/nZMOVEINBHU current_tx=ZMOVEINBHU
12:51:10 [INFO] core.sap_client — phase1_ready — ctxtP_HU confirmed
12:51:14 [INFO] core.sap_client — hu_phase1_ok hu=TH0000298354
12:51:14 [WARNING] core.sap_client — phase2_wrong_screen hu=TH0000298354 — re-navigating
12:51:14 [INFO] core.sap_client — setup_phase2_start
12:51:20 [INFO] core.sap_client — tx_opened code=/nZMMTIJSEP current_tx=ZMMTIJSEP
12:51:20 [INFO] core.sap_client — phase2_ready — txtGV_HU confirmed
12:51:20 [INFO] core.sap_client — hu_phase2_ok hu=TH0000298354 duration_ms=6263
12:51:21 [WARNING] core.sap_client — phase1_wrong_screen hu=TH0000298291 — re-navigating
12:51:21 [INFO] core.sap_client — setup_phase1_start
12:51:26 [INFO] core.sap_client — tx_opened code=/nZMOVEINBHU current_tx=ZMOVEINBHU
12:51:26 [INFO] core.sap_client — phase1_ready — ctxtP_HU confirmed
12:51:30 [INFO] core.sap_client — hu_phase1_ok hu=TH0000298291
12:51:30 [WARNING] core.sap_client — phase2_wrong_screen hu=TH0000298291 — re-navigating
12:51:30 [INFO] core.sap_client — setup_phase2_start
12:51:34 [INFO] core.queue_model — hu_added hu=TH0000298297 pallet=23 origin=THA
12:51:34 [INFO] core.queue_model — hu_added hu=TH0000298265 pallet=23 origin=THA
12:51:35 [INFO] core.sap_client — tx_opened code=/nZMMTIJSEP current_tx=ZMMTIJSEP
12:51:35 [INFO] core.sap_client — phase2_ready — txtGV_HU confirmed
12:51:36 [INFO] core.queue_model — hu_added hu=TH0000298266 pallet=23 origin=THA
12:51:37 [INFO] core.sap_client — hu_phase2_ok hu=TH0000298291 duration_ms=6454
12:51:37 [INFO] core.queue_model — pallet_boundary multi_hu pallet=20 count=6 hu_codes=['TH0000298277', 'TH0000298269', 'TH0000298375', 'TH0000298358', 'TH0000298354', 'TH0000298291']
12:51:42 [INFO] core.sap_client — tx_opened code=/nSP01 current_tx=SP01
12:51:42 [INFO] core.queue_model — hu_added hu=TH0000298267 pallet=23 origin=THA
12:51:43 [INFO] core.queue_model — hu_added hu=TH0000298261 pallet=23 origin=THA
12:51:45 [INFO] core.queue_model — hu_added hu=TH0000298357 pallet=23 origin=THA
12:51:47 [INFO] core.sap_client — sp01_row_marked row=4 title=CN-CON-003_TH0000298354_20260401195120
12:51:47 [INFO] core.sap_client — sp01_row_marked row=6 title=CN-CON-003_TH0000298358_20260401195105
12:51:47 [INFO] core.sap_client — sp01_row_marked row=8 title=CN-CON-003_TH0000298375_20260401195050
12:51:47 [INFO] core.sap_client — sp01_row_marked row=10 title=CN-CON-003_TH0000298269_20260401195035
12:51:47 [INFO] core.sap_client — sp01_row_marked row=12 title=CN-CON-003_TH0000298277_20260401195019
12:51:47 [INFO] core.queue_model — new_pallet id=24
12:51:49 [INFO] core.queue_model — hu_added hu=TH0000298474 pallet=24 origin=THA
12:51:49 [INFO] core.sap_client — sp01_print_confirmed via=btn[25] marked=5
12:51:51 [INFO] core.queue_model — hu_added hu=TH0000298480 pallet=24 origin=THA
12:51:51 [INFO] core.sap_client — sp01_pallet_done result={'status': 'ok', 'message': 'SP01 OK — 5 spool(s) impreso(s)', 'marked': 5} hu_codes=['TH0000298277', 'TH0000298269', 'TH0000298375', 'TH0000298358', 'TH0000298354', 'TH0000298291']
12:51:51 [INFO] core.queue_model — sp01_pallet_result={'status': 'ok', 'message': 'SP01 OK — 5 spool(s) impreso(s)', 'marked': 5}
12:52:00 [INFO] core.queue_model — hu_added hu=TH0000298430 pallet=24 origin=THA
12:52:09 [INFO] core.queue_model — hu_added hu=TH0000298459 pallet=24 origin=THA
12:53:17 [INFO] core.queue_model — queue_worker_resumed_by_ui
12:53:17 [INFO] core.queue_model — queue_worker_resumed_processing
12:53:17 [INFO] core.sap_client — setup_phase1_start
12:53:23 [INFO] core.sap_client — tx_opened code=/nZMOVEINBHU current_tx=ZMOVEINBHU
12:53:23 [INFO] core.sap_client — phase1_ready — ctxtP_HU confirmed
12:53:26 [INFO] core.sap_client — hu_phase1_ok hu=TH0000298253
12:53:26 [INFO] core.sap_client — setup_phase2_start
12:53:31 [INFO] core.sap_client — tx_opened code=/nZMMTIJSEP current_tx=ZMMTIJSEP
12:53:31 [INFO] core.sap_client — phase2_ready — txtGV_HU confirmed
12:53:32 [INFO] core.sap_client — hu_phase2_ok hu=TH0000298253 duration_ms=1001
12:53:32 [INFO] core.sap_client — setup_phase1_start
12:53:38 [INFO] core.sap_client — tx_opened code=/nZMOVEINBHU current_tx=ZMOVEINBHU
12:53:38 [INFO] core.sap_client — phase1_ready — ctxtP_HU confirmed
12:53:41 [INFO] core.sap_client — hu_phase1_ok hu=TH0000298254
12:53:41 [WARNING] core.sap_client — phase2_wrong_screen hu=TH0000298254 — re-navigating
12:53:41 [INFO] core.sap_client — setup_phase2_start
12:53:47 [INFO] core.sap_client — tx_opened code=/nZMMTIJSEP current_tx=ZMMTIJSEP
12:53:47 [INFO] core.sap_client — phase2_ready — txtGV_HU confirmed
12:53:47 [INFO] core.sap_client — hu_phase2_ok hu=TH0000298254 duration_ms=6193
12:53:47 [WARNING] core.sap_client — phase1_wrong_screen hu=TH0000298264 — re-navigating
12:53:47 [INFO] core.sap_client — setup_phase1_start
12:53:53 [INFO] core.sap_client — tx_opened code=/nZMOVEINBHU current_tx=ZMOVEINBHU
12:53:53 [INFO] core.sap_client — phase1_ready — ctxtP_HU confirmed
12:53:57 [INFO] core.sap_client — hu_phase1_ok hu=TH0000298264
12:53:57 [WARNING] core.sap_client — phase2_wrong_screen hu=TH0000298264 — re-navigating
12:53:57 [INFO] core.sap_client — setup_phase2_start
12:54:02 [INFO] core.sap_client — tx_opened code=/nZMMTIJSEP current_tx=ZMMTIJSEP
12:54:02 [INFO] core.sap_client — phase2_ready — txtGV_HU confirmed
12:54:03 [INFO] core.sap_client — hu_phase2_ok hu=TH0000298264 duration_ms=6226
12:54:03 [WARNING] core.sap_client — phase1_wrong_screen hu=TH0000298284 — re-navigating
12:54:03 [INFO] core.sap_client — setup_phase1_start
12:54:09 [INFO] core.sap_client — tx_opened code=/nZMOVEINBHU current_tx=ZMOVEINBHU
12:54:09 [INFO] core.sap_client — phase1_ready — ctxtP_HU confirmed
12:54:12 [INFO] core.sap_client — hu_phase1_ok hu=TH0000298284
12:54:12 [WARNING] core.sap_client — phase2_wrong_screen hu=TH0000298284 — re-navigating
12:54:12 [INFO] core.sap_client — setup_phase2_start
12:54:18 [INFO] core.sap_client — tx_opened code=/nZMMTIJSEP current_tx=ZMMTIJSEP
12:54:18 [INFO] core.sap_client — phase2_ready — txtGV_HU confirmed
12:54:18 [INFO] core.sap_client — hu_phase2_ok hu=TH0000298284 duration_ms=6056
12:54:18 [WARNING] core.sap_client — phase1_wrong_screen hu=TH0000298356 — re-navigating
12:54:18 [INFO] core.sap_client — setup_phase1_start
12:54:24 [INFO] core.sap_client — tx_opened code=/nZMOVEINBHU current_tx=ZMOVEINBHU
12:54:24 [INFO] core.sap_client — phase1_ready — ctxtP_HU confirmed
12:54:28 [INFO] core.sap_client — hu_phase1_ok hu=TH0000298356
12:54:28 [WARNING] core.sap_client — phase2_wrong_screen hu=TH0000298356 — re-navigating
12:54:28 [INFO] core.sap_client — setup_phase2_start
12:54:33 [INFO] core.sap_client — tx_opened code=/nZMMTIJSEP current_tx=ZMMTIJSEP
12:54:33 [INFO] core.sap_client — phase2_ready — txtGV_HU confirmed
12:54:34 [INFO] core.sap_client — hu_phase2_ok hu=TH0000298356 duration_ms=6042
12:54:34 [WARNING] core.sap_client — phase1_wrong_screen hu=TH0000298260 — re-navigating
12:54:34 [INFO] core.sap_client — setup_phase1_start
12:54:39 [INFO] core.sap_client — tx_opened code=/nZMOVEINBHU current_tx=ZMOVEINBHU
12:54:39 [INFO] core.sap_client — phase1_ready — ctxtP_HU confirmed
12:54:43 [INFO] core.sap_client — hu_phase1_ok hu=TH0000298260
12:54:43 [WARNING] core.sap_client — phase2_wrong_screen hu=TH0000298260 — re-navigating
12:54:43 [INFO] core.sap_client — setup_phase2_start
12:54:48 [INFO] core.sap_client — tx_opened code=/nZMMTIJSEP current_tx=ZMMTIJSEP
12:54:48 [INFO] core.sap_client — phase2_ready — txtGV_HU confirmed
12:54:49 [INFO] core.sap_client — hu_phase2_ok hu=TH0000298260 duration_ms=6215
12:54:49 [WARNING] core.sap_client — phase1_wrong_screen hu=TH0000298288 — re-navigating
12:54:49 [INFO] core.sap_client — setup_phase1_start
12:54:54 [INFO] core.sap_client — tx_opened code=/nZMOVEINBHU current_tx=ZMOVEINBHU
12:54:54 [INFO] core.sap_client — phase1_ready — ctxtP_HU confirmed
12:54:58 [INFO] core.sap_client — hu_phase1_ok hu=TH0000298288
12:54:58 [WARNING] core.sap_client — phase2_wrong_screen hu=TH0000298288 — re-navigating
12:54:58 [INFO] core.sap_client — setup_phase2_start
12:54:59 [INFO] core.queue_model — hu_added hu=TH0000298262 pallet=24 origin=THA
12:55:03 [INFO] core.sap_client — tx_opened code=/nZMMTIJSEP current_tx=ZMMTIJSEP
12:55:03 [INFO] core.sap_client — phase2_ready — txtGV_HU confirmed
12:55:04 [INFO] core.sap_client — hu_phase2_ok hu=TH0000298288 duration_ms=6084
12:55:04 [WARNING] core.sap_client — phase1_wrong_screen hu=TH0000298286 — re-navigating
12:55:04 [INFO] core.sap_client — setup_phase1_start
12:55:09 [INFO] core.sap_client — tx_opened code=/nZMOVEINBHU current_tx=ZMOVEINBHU
12:55:09 [INFO] core.sap_client — phase1_ready — ctxtP_HU confirmed
12:55:14 [INFO] core.sap_client — hu_phase1_ok hu=TH0000298286
12:55:14 [WARNING] core.sap_client — phase2_wrong_screen hu=TH0000298286 — re-navigating
12:55:14 [INFO] core.sap_client — setup_phase2_start
12:55:19 [INFO] core.sap_client — tx_opened code=/nZMMTIJSEP current_tx=ZMMTIJSEP
12:55:19 [INFO] core.sap_client — phase2_ready — txtGV_HU confirmed
12:55:20 [INFO] core.sap_client — hu_phase2_ok hu=TH0000298286 duration_ms=6192
12:55:20 [INFO] core.queue_model — pallet_boundary multi_hu pallet=21 count=8 hu_codes=['TH0000298253', 'TH0000298254', 'TH0000298264', 'TH0000298284', 'TH0000298356', 'TH0000298260', 'TH0000298288', 'TH0000298286']
12:55:25 [INFO] core.sap_client — tx_opened code=/nSP01 current_tx=SP01
12:55:30 [INFO] core.sap_client — sp01_row_marked row=4 title=CN-CON-003_TH0000298288_20260401195504
12:55:30 [INFO] core.sap_client — sp01_row_marked row=6 title=CN-CON-003_TH0000298260_20260401195449
12:55:30 [INFO] core.sap_client — sp01_row_marked row=8 title=CN-CON-003_TH0000298356_20260401195433
12:55:30 [INFO] core.sap_client — sp01_row_marked row=10 title=CN-CON-003_TH0000298284_20260401195418
12:55:30 [INFO] core.sap_client — sp01_row_marked row=12 title=CN-CON-003_TH0000298264_20260401195403
12:55:30 [INFO] core.sap_client — sp01_row_marked row=14 title=CN-CON-003_TH0000298254_20260401195347
12:55:30 [INFO] core.sap_client — sp01_row_marked row=16 title=CN-CON-003_TH0000298253_20260401195332
12:55:32 [INFO] core.sap_client — sp01_print_confirmed via=btn[25] marked=7
12:55:34 [INFO] core.sap_client — sp01_pallet_done result={'status': 'ok', 'message': 'SP01 OK — 7 spool(s) impreso(s)', 'marked': 7} hu_codes=['TH0000298253', 'TH0000298254', 'TH0000298264', 'TH0000298284', 'TH0000298356', 'TH0000298260', 'TH0000298288', 'TH0000298286']
12:55:34 [INFO] core.queue_model — sp01_pallet_result={'status': 'ok', 'message': 'SP01 OK — 7 spool(s) impreso(s)', 'marked': 7}
12:56:24 [INFO] core.queue_model — queue_worker_resumed_by_ui
12:56:24 [INFO] core.queue_model — queue_worker_resumed_processing
12:56:24 [INFO] core.sap_client — setup_phase1_start
12:56:29 [INFO] core.sap_client — tx_opened code=/nZMOVEINBHU current_tx=ZMOVEINBHU
12:56:29 [INFO] core.sap_client — phase1_ready — ctxtP_HU confirmed
12:56:33 [INFO] core.sap_client — hu_phase1_ok hu=TH0000298168
12:56:33 [INFO] core.sap_client — setup_phase2_start
12:56:38 [INFO] core.sap_client — tx_opened code=/nZMMTIJSEP current_tx=ZMMTIJSEP
12:56:38 [INFO] core.sap_client — phase2_ready — txtGV_HU confirmed
12:56:39 [INFO] core.sap_client — hu_phase2_ok hu=TH0000298168 duration_ms=1000
12:56:39 [INFO] core.sap_client — setup_phase1_start
12:56:45 [INFO] core.sap_client — tx_opened code=/nZMOVEINBHU current_tx=ZMOVEINBHU
12:56:45 [INFO] core.sap_client — phase1_ready — ctxtP_HU confirmed
12:56:48 [INFO] core.sap_client — hu_phase1_ok hu=TH0000298217
12:56:48 [WARNING] core.sap_client — phase2_wrong_screen hu=TH0000298217 — re-navigating
12:56:48 [INFO] core.sap_client — setup_phase2_start
12:56:54 [INFO] core.sap_client — tx_opened code=/nZMMTIJSEP current_tx=ZMMTIJSEP
12:56:54 [INFO] core.sap_client — phase2_ready — txtGV_HU confirmed
12:56:54 [INFO] core.sap_client — hu_phase2_ok hu=TH0000298217 duration_ms=6195
12:56:54 [WARNING] core.sap_client — phase1_wrong_screen hu=TH0000298192 — re-navigating
12:56:54 [INFO] core.sap_client — setup_phase1_start
12:57:00 [INFO] core.sap_client — tx_opened code=/nZMOVEINBHU current_tx=ZMOVEINBHU
12:57:00 [INFO] core.sap_client — phase1_ready — ctxtP_HU confirmed
12:57:04 [INFO] core.sap_client — hu_phase1_ok hu=TH0000298192
12:57:04 [WARNING] core.sap_client — phase2_wrong_screen hu=TH0000298192 — re-navigating
12:57:04 [INFO] core.sap_client — setup_phase2_start
12:57:09 [INFO] core.sap_client — tx_opened code=/nZMMTIJSEP current_tx=ZMMTIJSEP
12:57:09 [INFO] core.sap_client — phase2_ready — txtGV_HU confirmed
12:57:10 [INFO] core.sap_client — hu_phase2_ok hu=TH0000298192 duration_ms=6167
12:57:10 [WARNING] core.sap_client — phase1_wrong_screen hu=TH0000298228 — re-navigating
12:57:10 [INFO] core.sap_client — setup_phase1_start
12:57:16 [INFO] core.sap_client — tx_opened code=/nZMOVEINBHU current_tx=ZMOVEINBHU
12:57:16 [INFO] core.sap_client — phase1_ready — ctxtP_HU confirmed
12:57:19 [INFO] core.sap_client — hu_phase1_ok hu=TH0000298228
12:57:19 [WARNING] core.sap_client — phase2_wrong_screen hu=TH0000298228 — re-navigating
12:57:19 [INFO] core.sap_client — setup_phase2_start
12:57:24 [INFO] core.sap_client — tx_opened code=/nZMMTIJSEP current_tx=ZMMTIJSEP
12:57:24 [INFO] core.sap_client — phase2_ready — txtGV_HU confirmed
12:57:25 [INFO] core.sap_client — hu_phase2_ok hu=TH0000298228 duration_ms=6025
12:57:25 [WARNING] core.sap_client — phase1_wrong_screen hu=TH0000298222 — re-navigating
12:57:25 [INFO] core.sap_client — setup_phase1_start
12:57:30 [INFO] core.sap_client — tx_opened code=/nZMOVEINBHU current_tx=ZMOVEINBHU
12:57:30 [INFO] core.sap_client — phase1_ready — ctxtP_HU confirmed
12:57:34 [INFO] core.sap_client — hu_phase1_ok hu=TH0000298222
12:57:34 [WARNING] core.sap_client — phase2_wrong_screen hu=TH0000298222 — re-navigating
12:57:34 [INFO] core.sap_client — setup_phase2_start
12:57:39 [INFO] core.sap_client — tx_opened code=/nZMMTIJSEP current_tx=ZMMTIJSEP
12:57:39 [INFO] core.sap_client — phase2_ready — txtGV_HU confirmed
12:57:40 [INFO] core.sap_client — hu_phase2_ok hu=TH0000298222 duration_ms=6357
12:57:40 [INFO] core.queue_model — pallet_boundary multi_hu pallet=22 count=5 hu_codes=['TH0000298168', 'TH0000298217', 'TH0000298192', 'TH0000298228', 'TH0000298222']
12:57:46 [INFO] core.sap_client — tx_opened code=/nSP01 current_tx=SP01
12:57:50 [INFO] core.sap_client — sp01_row_marked row=4 title=CN-CON-003_TH0000298228_20260401195725
12:57:50 [INFO] core.sap_client — sp01_row_marked row=6 title=CN-CON-003_TH0000298192_20260401195710
12:57:50 [INFO] core.sap_client — sp01_row_marked row=8 title=CN-CON-003_TH0000298217_20260401195654
12:57:50 [INFO] core.sap_client — sp01_row_marked row=10 title=CN-CON-003_TH0000298168_20260401195639
12:57:53 [INFO] core.sap_client — sp01_print_confirmed via=btn[25] marked=4
12:57:55 [INFO] core.sap_client — sp01_pallet_done result={'status': 'ok', 'message': 'SP01 OK — 4 spool(s) impreso(s)', 'marked': 4} hu_codes=['TH0000298168', 'TH0000298217', 'TH0000298192', 'TH0000298228', 'TH0000298222']
12:57:55 [INFO] core.queue_model — sp01_pallet_result={'status': 'ok', 'message': 'SP01 OK — 4 spool(s) impreso(s)', 'marked': 4}
12:58:36 [INFO] core.queue_model — queue_worker_resumed_by_ui
12:58:36 [INFO] core.queue_model — queue_worker_resumed_processing
12:58:36 [INFO] core.sap_client — setup_phase1_start
12:58:41 [INFO] core.sap_client — tx_opened code=/nZMOVEINBHU current_tx=ZMOVEINBHU
12:58:41 [INFO] core.sap_client — phase1_ready — ctxtP_HU confirmed
12:58:45 [INFO] core.sap_client — hu_phase1_ok hu=TH0000298297
12:58:45 [INFO] core.sap_client — setup_phase2_start
12:58:50 [INFO] core.sap_client — tx_opened code=/nZMMTIJSEP current_tx=ZMMTIJSEP
12:58:50 [INFO] core.sap_client — phase2_ready — txtGV_HU confirmed
12:58:51 [INFO] core.sap_client — hu_phase2_ok hu=TH0000298297 duration_ms=1000
12:58:51 [INFO] core.sap_client — setup_phase1_start
12:58:57 [INFO] core.sap_client — tx_opened code=/nZMOVEINBHU current_tx=ZMOVEINBHU
12:58:57 [INFO] core.sap_client — phase1_ready — ctxtP_HU confirmed
12:59:01 [INFO] core.sap_client — hu_phase1_ok hu=TH0000298265
12:59:01 [WARNING] core.sap_client — phase2_wrong_screen hu=TH0000298265 — re-navigating
12:59:01 [INFO] core.sap_client — setup_phase2_start
12:59:06 [INFO] core.sap_client — tx_opened code=/nZMMTIJSEP current_tx=ZMMTIJSEP
12:59:06 [INFO] core.sap_client — phase2_ready — txtGV_HU confirmed
12:59:07 [INFO] core.sap_client — hu_phase2_ok hu=TH0000298265 duration_ms=6049
12:59:07 [WARNING] core.sap_client — phase1_wrong_screen hu=TH0000298266 — re-navigating
12:59:07 [INFO] core.sap_client — setup_phase1_start
12:59:12 [INFO] core.sap_client — tx_opened code=/nZMOVEINBHU current_tx=ZMOVEINBHU
12:59:12 [INFO] core.sap_client — phase1_ready — ctxtP_HU confirmed
12:59:16 [INFO] core.sap_client — hu_phase1_ok hu=TH0000298266
12:59:16 [WARNING] core.sap_client — phase2_wrong_screen hu=TH0000298266 — re-navigating
12:59:16 [INFO] core.sap_client — setup_phase2_start
12:59:21 [INFO] core.sap_client — tx_opened code=/nZMMTIJSEP current_tx=ZMMTIJSEP
12:59:21 [INFO] core.sap_client — phase2_ready — txtGV_HU confirmed
12:59:22 [INFO] core.sap_client — hu_phase2_ok hu=TH0000298266 duration_ms=6155
12:59:22 [WARNING] core.sap_client — phase1_wrong_screen hu=TH0000298267 — re-navigating
12:59:22 [INFO] core.sap_client — setup_phase1_start
12:59:27 [INFO] core.sap_client — tx_opened code=/nZMOVEINBHU current_tx=ZMOVEINBHU
12:59:27 [INFO] core.sap_client — phase1_ready — ctxtP_HU confirmed
12:59:31 [INFO] core.sap_client — hu_phase1_ok hu=TH0000298267
12:59:31 [WARNING] core.sap_client — phase2_wrong_screen hu=TH0000298267 — re-navigating
12:59:31 [INFO] core.sap_client — setup_phase2_start
12:59:37 [INFO] core.sap_client — tx_opened code=/nZMMTIJSEP current_tx=ZMMTIJSEP
12:59:37 [INFO] core.sap_client — phase2_ready — txtGV_HU confirmed
12:59:37 [INFO] core.sap_client — hu_phase2_ok hu=TH0000298267 duration_ms=6228
12:59:37 [WARNING] core.sap_client — phase1_wrong_screen hu=TH0000298261 — re-navigating
12:59:37 [INFO] core.sap_client — setup_phase1_start
12:59:43 [INFO] core.sap_client — tx_opened code=/nZMOVEINBHU current_tx=ZMOVEINBHU
12:59:43 [INFO] core.sap_client — phase1_ready — ctxtP_HU confirmed
12:59:47 [INFO] core.sap_client — hu_phase1_ok hu=TH0000298261
12:59:47 [WARNING] core.sap_client — phase2_wrong_screen hu=TH0000298261 — re-navigating
12:59:47 [INFO] core.sap_client — setup_phase2_start
12:59:52 [INFO] core.sap_client — tx_opened code=/nZMMTIJSEP current_tx=ZMMTIJSEP
12:59:52 [INFO] core.sap_client — phase2_ready — txtGV_HU confirmed
12:59:53 [INFO] core.sap_client — hu_phase2_ok hu=TH0000298261 duration_ms=6155
12:59:53 [WARNING] core.sap_client — phase1_wrong_screen hu=TH0000298357 — re-navigating
12:59:53 [INFO] core.sap_client — setup_phase1_start
12:59:58 [INFO] core.sap_client — tx_opened code=/nZMOVEINBHU current_tx=ZMOVEINBHU
12:59:58 [INFO] core.sap_client — phase1_ready — ctxtP_HU confirmed
13:00:01 [INFO] core.sap_client — hu_phase1_ok hu=TH0000298357
13:00:01 [WARNING] core.sap_client — phase2_wrong_screen hu=TH0000298357 — re-navigating
13:00:01 [INFO] core.sap_client — setup_phase2_start
13:00:07 [INFO] core.sap_client — tx_opened code=/nZMMTIJSEP current_tx=ZMMTIJSEP
13:00:07 [INFO] core.sap_client — phase2_ready — txtGV_HU confirmed
13:00:08 [INFO] core.sap_client — hu_phase2_ok hu=TH0000298357 duration_ms=6138
13:00:08 [INFO] core.queue_model — pallet_boundary multi_hu pallet=23 count=6 hu_codes=['TH0000298297', 'TH0000298265', 'TH0000298266', 'TH0000298267', 'TH0000298261', 'TH0000298357']
13:00:13 [INFO] core.sap_client — tx_opened code=/nSP01 current_tx=SP01
13:00:18 [INFO] core.sap_client — sp01_row_marked row=4 title=CN-CON-003_TH0000298357_20260401200007
13:00:18 [INFO] core.sap_client — sp01_row_marked row=6 title=CN-CON-003_TH0000298261_20260401195952
13:00:18 [INFO] core.sap_client — sp01_row_marked row=8 title=CN-CON-003_TH0000298267_20260401195937
13:00:18 [INFO] core.sap_client — sp01_row_marked row=10 title=CN-CON-003_TH0000298266_20260401195921
13:00:18 [INFO] core.sap_client — sp01_row_marked row=12 title=CN-CON-003_TH0000298265_20260401195906
13:00:18 [INFO] core.sap_client — sp01_row_marked row=14 title=CN-CON-003_TH0000298297_20260401195851
13:00:20 [INFO] core.sap_client — sp01_print_confirmed via=btn[25] marked=6
13:00:22 [INFO] core.sap_client — sp01_pallet_done result={'status': 'ok', 'message': 'SP01 OK — 6 spool(s) impreso(s)', 'marked': 6} hu_codes=['TH0000298297', 'TH0000298265', 'TH0000298266', 'TH0000298267', 'TH0000298261', 'TH0000298357']
13:00:22 [INFO] core.queue_model — sp01_pallet_result={'status': 'ok', 'message': 'SP01 OK — 6 spool(s) impreso(s)', 'marked': 6}
13:01:39 [INFO] core.queue_model — queue_worker_resumed_by_ui
13:01:39 [INFO] core.queue_model — queue_worker_resumed_processing
13:01:39 [INFO] core.sap_client — setup_phase1_start
13:01:44 [INFO] core.sap_client — tx_opened code=/nZMOVEINBHU current_tx=ZMOVEINBHU
13:01:44 [INFO] core.sap_client — phase1_ready — ctxtP_HU confirmed
13:01:48 [INFO] core.sap_client — hu_phase1_ok hu=TH0000298474
13:01:48 [INFO] core.sap_client — setup_phase2_start
13:01:53 [INFO] core.sap_client — tx_opened code=/nZMMTIJSEP current_tx=ZMMTIJSEP
13:01:53 [INFO] core.sap_client — phase2_ready — txtGV_HU confirmed
13:01:54 [INFO] core.sap_client — hu_phase2_ok hu=TH0000298474 duration_ms=1001
13:01:54 [INFO] core.sap_client — setup_phase1_start
13:02:00 [INFO] core.sap_client — tx_opened code=/nZMOVEINBHU current_tx=ZMOVEINBHU
13:02:00 [INFO] core.sap_client — phase1_ready — ctxtP_HU confirmed
13:02:03 [INFO] core.sap_client — hu_phase1_ok hu=TH0000298480
13:02:03 [WARNING] core.sap_client — phase2_wrong_screen hu=TH0000298480 — re-navigating
13:02:03 [INFO] core.sap_client — setup_phase2_start
13:02:08 [INFO] core.sap_client — tx_opened code=/nZMMTIJSEP current_tx=ZMMTIJSEP
13:02:08 [INFO] core.sap_client — phase2_ready — txtGV_HU confirmed
13:02:09 [INFO] core.sap_client — hu_phase2_ok hu=TH0000298480 duration_ms=6100
13:02:09 [WARNING] core.sap_client — phase1_wrong_screen hu=TH0000298430 — re-navigating
13:02:09 [INFO] core.sap_client — setup_phase1_start
13:02:15 [INFO] core.sap_client — tx_opened code=/nZMOVEINBHU current_tx=ZMOVEINBHU
13:02:15 [INFO] core.sap_client — phase1_ready — ctxtP_HU confirmed
13:02:18 [INFO] core.sap_client — hu_phase1_ok hu=TH0000298430
13:02:18 [WARNING] core.sap_client — phase2_wrong_screen hu=TH0000298430 — re-navigating
13:02:18 [INFO] core.sap_client — setup_phase2_start
13:02:24 [INFO] core.sap_client — tx_opened code=/nZMMTIJSEP current_tx=ZMMTIJSEP
13:02:24 [INFO] core.sap_client — phase2_ready — txtGV_HU confirmed
13:02:24 [INFO] core.sap_client — hu_phase2_ok hu=TH0000298430 duration_ms=6113
13:02:24 [WARNING] core.sap_client — phase1_wrong_screen hu=TH0000298459 — re-navigating
13:02:24 [INFO] core.sap_client — setup_phase1_start
13:02:30 [INFO] core.sap_client — tx_opened code=/nZMOVEINBHU current_tx=ZMOVEINBHU
13:02:30 [INFO] core.sap_client — phase1_ready — ctxtP_HU confirmed
13:02:34 [INFO] core.sap_client — hu_phase1_ok hu=TH0000298459
13:02:34 [WARNING] core.sap_client — phase2_wrong_screen hu=TH0000298459 — re-navigating
13:02:34 [INFO] core.sap_client — setup_phase2_start
13:02:39 [INFO] core.sap_client — tx_opened code=/nZMMTIJSEP current_tx=ZMMTIJSEP
13:02:39 [INFO] core.sap_client — phase2_ready — txtGV_HU confirmed
13:02:40 [INFO] core.sap_client — hu_phase2_ok hu=TH0000298459 duration_ms=6156
13:02:40 [WARNING] core.sap_client — phase1_wrong_screen hu=TH0000298262 — re-navigating
13:02:40 [INFO] core.sap_client — setup_phase1_start
13:02:45 [INFO] core.sap_client — tx_opened code=/nZMOVEINBHU current_tx=ZMOVEINBHU
13:02:45 [INFO] core.sap_client — phase1_ready — ctxtP_HU confirmed
13:02:50 [INFO] core.sap_client — hu_phase1_ok hu=TH0000298262
13:02:50 [WARNING] core.sap_client — phase2_wrong_screen hu=TH0000298262 — re-navigating
13:02:50 [INFO] core.sap_client — setup_phase2_start
13:02:55 [INFO] core.sap_client — tx_opened code=/nZMMTIJSEP current_tx=ZMMTIJSEP
13:02:55 [INFO] core.sap_client — phase2_ready — txtGV_HU confirmed
13:02:56 [INFO] core.sap_client — hu_phase2_ok hu=TH0000298262 duration_ms=6089
13:02:56 [INFO] core.queue_model — pallet_boundary multi_hu pallet=24 count=5 hu_codes=['TH0000298474', 'TH0000298480', 'TH0000298430', 'TH0000298459', 'TH0000298262']
13:03:01 [INFO] core.sap_client — tx_opened code=/nSP01 current_tx=SP01
13:03:06 [INFO] core.sap_client — sp01_row_marked row=4 title=CN-CON-003_TH0000298459_20260401200240
13:03:06 [INFO] core.sap_client — sp01_row_marked row=6 title=CN-CON-003_TH0000298430_20260401200224
13:03:06 [INFO] core.sap_client — sp01_row_marked row=8 title=CN-CON-003_TH0000298480_20260401200209
13:03:06 [INFO] core.sap_client — sp01_row_marked row=10 title=CN-CON-003_TH0000298474_20260401200154
13:03:08 [INFO] core.sap_client — sp01_print_confirmed via=btn[25] marked=4
13:03:10 [INFO] core.sap_client — sp01_pallet_done result={'status': 'ok', 'message': 'SP01 OK — 4 spool(s) impreso(s)', 'marked': 4} hu_codes=['TH0000298474', 'TH0000298480', 'TH0000298430', 'TH0000298459', 'TH0000298262']
13:03:10 [INFO] core.queue_model — sp01_pallet_result={'status': 'ok', 'message': 'SP01 OK — 4 spool(s) impreso(s)', 'marked': 4}
13:03:10 [INFO] core.queue_model — queue_worker_stopped
13:03:10 [INFO] core.queue_model — queue_worker_stop_requested
13:17:02 [INFO] core.queue_model — new_pallet id=1
13:17:13 [INFO] core.queue_model — hu_added hu=T10045836194 pallet=1 origin=CNA
13:49:36 [INFO] core.queue_model — new_pallet id=1
13:52:03 [INFO] core.queue_model — new_pallet id=1
13:54:51 [INFO] core.queue_model — new_pallet id=1
13:56:09 [INFO] core.queue_model — new_pallet id=1
13:56:28 [INFO] core.queue_model — hu_added hu=T10045831746 pallet=1 origin=CNA
13:56:30 [INFO] core.queue_model — hu_added hu=T10045836194 pallet=1 origin=CNA
13:56:34 [INFO] core.queue_model — hu_added hu=T10045856597 pallet=1 origin=CNA
13:56:37 [INFO] core.queue_model — hu_added hu=T10045831749 pallet=1 origin=CNA
13:56:40 [INFO] core.queue_model — hu_added hu=T10045865320 pallet=1 origin=CNA
13:56:44 [INFO] core.queue_model — hu_added hu=T10045831747 pallet=1 origin=CNA
13:56:47 [INFO] core.queue_model — hu_added hu=T10045865322 pallet=1 origin=CNA
13:56:50 [INFO] core.queue_model — hu_added hu=T10045850676 pallet=1 origin=CNA
13:56:52 [INFO] core.queue_model — hu_added hu=T10045831752 pallet=1 origin=CNA
13:56:55 [INFO] core.queue_model — hu_added hu=T10045865321 pallet=1 origin=CNA
13:56:58 [INFO] core.queue_model — hu_added hu=T10045856599 pallet=1 origin=CNA
13:57:01 [INFO] core.queue_model — hu_added hu=T10045856601 pallet=1 origin=CNA
13:57:05 [INFO] core.queue_model — hu_added hu=T10045856598 pallet=1 origin=CNA
13:57:08 [INFO] core.queue_model — hu_added hu=T10045864639 pallet=1 origin=CNA
13:57:11 [INFO] core.queue_model — hu_added hu=T10045831748 pallet=1 origin=CNA
13:57:14 [INFO] core.queue_model — hu_added hu=T10045837390 pallet=1 origin=CNA
13:57:17 [INFO] core.queue_model — hu_added hu=T10045850675 pallet=1 origin=CNA
13:57:20 [INFO] core.queue_model — hu_added hu=T10045837391 pallet=1 origin=CNA
13:57:23 [INFO] core.queue_model — hu_added hu=T10045869348 pallet=1 origin=CNA
13:57:26 [INFO] core.queue_model — hu_added hu=T10045831761 pallet=1 origin=CNA
13:57:30 [INFO] core.queue_model — hu_added hu=T10045869346 pallet=1 origin=CNA
13:57:36 [INFO] core.queue_model — queue_worker_started dynamic_print_mode
13:57:36 [INFO] core.sap_client — sap_connected system=LUP user=LOPEZHJC
13:57:36 [INFO] core.queue_model — queue_worker_sap_connected
13:57:36 [INFO] core.sap_client — setup_phase1_start
13:57:41 [INFO] core.sap_client — tx_opened code=/nZMOVEINBHU current_tx=ZMOVEINBHU
13:57:41 [INFO] core.sap_client — phase1_ready — ctxtP_HU confirmed
13:57:44 [INFO] core.sap_client — hu_phase1_duplicate hu=T10045831746
13:57:44 [INFO] core.sap_client — setup_phase2_start
13:57:50 [INFO] core.sap_client — tx_opened code=/nZMMTIJSEP current_tx=ZMMTIJSEP
13:57:50 [INFO] core.sap_client — phase2_ready — txtGV_HU confirmed
13:57:51 [INFO] core.sap_client — hu_phase2_ok hu=T10045831746 duration_ms=1017
13:57:51 [INFO] core.sap_client — setup_phase1_start
13:57:56 [INFO] core.sap_client — tx_opened code=/nZMOVEINBHU current_tx=ZMOVEINBHU
13:57:56 [INFO] core.sap_client — phase1_ready — ctxtP_HU confirmed
13:57:59 [INFO] core.sap_client — hu_phase1_duplicate hu=T10045836194
13:57:59 [WARNING] core.sap_client — phase2_wrong_screen hu=T10045836194 — re-navigating
13:57:59 [INFO] core.sap_client — setup_phase2_start
13:58:04 [INFO] core.sap_client — tx_opened code=/nZMMTIJSEP current_tx=ZMMTIJSEP
13:58:04 [INFO] core.sap_client — phase2_ready — txtGV_HU confirmed
13:58:05 [INFO] core.sap_client — hu_phase2_ok hu=T10045836194 duration_ms=5778
13:58:05 [WARNING] core.sap_client — phase1_wrong_screen hu=T10045856597 — re-navigating
13:58:05 [INFO] core.sap_client — setup_phase1_start
13:58:10 [INFO] core.sap_client — tx_opened code=/nZMOVEINBHU current_tx=ZMOVEINBHU
13:58:10 [INFO] core.sap_client — phase1_ready — ctxtP_HU confirmed
13:58:13 [INFO] core.sap_client — hu_phase1_duplicate hu=T10045856597
13:58:13 [WARNING] core.sap_client — phase2_wrong_screen hu=T10045856597 — re-navigating
13:58:13 [INFO] core.sap_client — setup_phase2_start
13:58:18 [INFO] core.sap_client — tx_opened code=/nZMMTIJSEP current_tx=ZMMTIJSEP
13:58:18 [INFO] core.sap_client — phase2_ready — txtGV_HU confirmed
13:58:19 [INFO] core.sap_client — hu_phase2_ok hu=T10045856597 duration_ms=5780
13:58:19 [WARNING] core.sap_client — phase1_wrong_screen hu=T10045831749 — re-navigating
13:58:19 [INFO] core.sap_client — setup_phase1_start
13:58:24 [INFO] core.sap_client — tx_opened code=/nZMOVEINBHU current_tx=ZMOVEINBHU
13:58:24 [INFO] core.sap_client — phase1_ready — ctxtP_HU confirmed
13:58:27 [INFO] core.sap_client — hu_phase1_duplicate hu=T10045831749
13:58:27 [WARNING] core.sap_client — phase2_wrong_screen hu=T10045831749 — re-navigating
13:58:27 [INFO] core.sap_client — setup_phase2_start
13:58:32 [INFO] core.sap_client — tx_opened code=/nZMMTIJSEP current_tx=ZMMTIJSEP
13:58:32 [INFO] core.sap_client — phase2_ready — txtGV_HU confirmed
13:58:33 [INFO] core.sap_client — hu_phase2_ok hu=T10045831749 duration_ms=5732
13:58:33 [WARNING] core.sap_client — phase1_wrong_screen hu=T10045865320 — re-navigating
13:58:33 [INFO] core.sap_client — setup_phase1_start
13:58:38 [INFO] core.sap_client — tx_opened code=/nZMOVEINBHU current_tx=ZMOVEINBHU
13:58:38 [INFO] core.sap_client — phase1_ready — ctxtP_HU confirmed
13:58:41 [INFO] core.sap_client — hu_phase1_duplicate hu=T10045865320
13:58:41 [WARNING] core.sap_client — phase2_wrong_screen hu=T10045865320 — re-navigating
13:58:41 [INFO] core.sap_client — setup_phase2_start
13:58:46 [INFO] core.sap_client — tx_opened code=/nZMMTIJSEP current_tx=ZMMTIJSEP
13:58:46 [INFO] core.sap_client — phase2_ready — txtGV_HU confirmed
13:58:47 [INFO] core.sap_client — hu_phase2_ok hu=T10045865320 duration_ms=5787
13:58:47 [WARNING] core.sap_client — phase1_wrong_screen hu=T10045831747 — re-navigating
13:58:47 [INFO] core.sap_client — setup_phase1_start
13:58:52 [INFO] core.sap_client — tx_opened code=/nZMOVEINBHU current_tx=ZMOVEINBHU
13:58:52 [INFO] core.sap_client — phase1_ready — ctxtP_HU confirmed
13:58:55 [INFO] core.sap_client — hu_phase1_duplicate hu=T10045831747
13:58:55 [WARNING] core.sap_client — phase2_wrong_screen hu=T10045831747 — re-navigating
13:58:55 [INFO] core.sap_client — setup_phase2_start
13:59:00 [INFO] core.sap_client — tx_opened code=/nZMMTIJSEP current_tx=ZMMTIJSEP
13:59:00 [INFO] core.sap_client — phase2_ready — txtGV_HU confirmed
13:59:01 [INFO] core.sap_client — hu_phase2_ok hu=T10045831747 duration_ms=5778
13:59:01 [WARNING] core.sap_client — phase1_wrong_screen hu=T10045865322 — re-navigating
13:59:01 [INFO] core.sap_client — setup_phase1_start
13:59:06 [INFO] core.sap_client — tx_opened code=/nZMOVEINBHU current_tx=ZMOVEINBHU
13:59:06 [INFO] core.sap_client — phase1_ready — ctxtP_HU confirmed
13:59:09 [INFO] core.sap_client — hu_phase1_duplicate hu=T10045865322
13:59:09 [WARNING] core.sap_client — phase2_wrong_screen hu=T10045865322 — re-navigating
13:59:09 [INFO] core.sap_client — setup_phase2_start
13:59:14 [INFO] core.sap_client — tx_opened code=/nZMMTIJSEP current_tx=ZMMTIJSEP
13:59:14 [INFO] core.sap_client — phase2_ready — txtGV_HU confirmed
13:59:15 [INFO] core.sap_client — hu_phase2_ok hu=T10045865322 duration_ms=5818
13:59:15 [WARNING] core.sap_client — phase1_wrong_screen hu=T10045850676 — re-navigating
13:59:15 [INFO] core.sap_client — setup_phase1_start
13:59:20 [INFO] core.sap_client — tx_opened code=/nZMOVEINBHU current_tx=ZMOVEINBHU
13:59:20 [INFO] core.sap_client — phase1_ready — ctxtP_HU confirmed
13:59:23 [INFO] core.sap_client — hu_phase1_duplicate hu=T10045850676
13:59:23 [WARNING] core.sap_client — phase2_wrong_screen hu=T10045850676 — re-navigating
13:59:23 [INFO] core.sap_client — setup_phase2_start
13:59:28 [INFO] core.sap_client — tx_opened code=/nZMMTIJSEP current_tx=ZMMTIJSEP
13:59:28 [INFO] core.sap_client — phase2_ready — txtGV_HU confirmed
13:59:29 [INFO] core.sap_client — hu_phase2_ok hu=T10045850676 duration_ms=5762
13:59:29 [WARNING] core.sap_client — phase1_wrong_screen hu=T10045831752 — re-navigating
13:59:29 [INFO] core.sap_client — setup_phase1_start
13:59:34 [INFO] core.sap_client — tx_opened code=/nZMOVEINBHU current_tx=ZMOVEINBHU
13:59:34 [INFO] core.sap_client — phase1_ready — ctxtP_HU confirmed
13:59:37 [INFO] core.sap_client — hu_phase1_duplicate hu=T10045831752
13:59:37 [WARNING] core.sap_client — phase2_wrong_screen hu=T10045831752 — re-navigating
13:59:37 [INFO] core.sap_client — setup_phase2_start
13:59:42 [INFO] core.sap_client — tx_opened code=/nZMMTIJSEP current_tx=ZMMTIJSEP
13:59:42 [INFO] core.sap_client — phase2_ready — txtGV_HU confirmed
13:59:43 [INFO] core.sap_client — hu_phase2_ok hu=T10045831752 duration_ms=5796
13:59:43 [WARNING] core.sap_client — phase1_wrong_screen hu=T10045865321 — re-navigating
13:59:43 [INFO] core.sap_client — setup_phase1_start
13:59:48 [INFO] core.sap_client — tx_opened code=/nZMOVEINBHU current_tx=ZMOVEINBHU
13:59:48 [INFO] core.sap_client — phase1_ready — ctxtP_HU confirmed
13:59:51 [INFO] core.sap_client — hu_phase1_duplicate hu=T10045865321
13:59:51 [WARNING] core.sap_client — phase2_wrong_screen hu=T10045865321 — re-navigating
13:59:51 [INFO] core.sap_client — setup_phase2_start
13:59:56 [INFO] core.sap_client — tx_opened code=/nZMMTIJSEP current_tx=ZMMTIJSEP
13:59:56 [INFO] core.sap_client — phase2_ready — txtGV_HU confirmed
13:59:57 [INFO] core.sap_client — hu_phase2_ok hu=T10045865321 duration_ms=5749
13:59:57 [WARNING] core.sap_client — phase1_wrong_screen hu=T10045856599 — re-navigating
13:59:57 [INFO] core.sap_client — setup_phase1_start
14:00:02 [INFO] core.sap_client — tx_opened code=/nZMOVEINBHU current_tx=ZMOVEINBHU
14:00:02 [INFO] core.sap_client — phase1_ready — ctxtP_HU confirmed
14:00:05 [INFO] core.sap_client — hu_phase1_duplicate hu=T10045856599
14:00:05 [WARNING] core.sap_client — phase2_wrong_screen hu=T10045856599 — re-navigating
14:00:05 [INFO] core.sap_client — setup_phase2_start
14:00:10 [INFO] core.sap_client — tx_opened code=/nZMMTIJSEP current_tx=ZMMTIJSEP
14:00:10 [INFO] core.sap_client — phase2_ready — txtGV_HU confirmed
14:00:10 [INFO] core.sap_client — hu_phase2_ok hu=T10045856599 duration_ms=5775
14:00:11 [WARNING] core.sap_client — phase1_wrong_screen hu=T10045856601 — re-navigating
14:00:11 [INFO] core.sap_client — setup_phase1_start
14:00:16 [INFO] core.sap_client — tx_opened code=/nZMOVEINBHU current_tx=ZMOVEINBHU
14:00:16 [INFO] core.sap_client — phase1_ready — ctxtP_HU confirmed
14:00:19 [INFO] core.sap_client — hu_phase1_duplicate hu=T10045856601
14:00:19 [WARNING] core.sap_client — phase2_wrong_screen hu=T10045856601 — re-navigating
14:00:19 [INFO] core.sap_client — setup_phase2_start
14:00:24 [INFO] core.sap_client — tx_opened code=/nZMMTIJSEP current_tx=ZMMTIJSEP
14:00:24 [INFO] core.sap_client — phase2_ready — txtGV_HU confirmed
14:00:24 [INFO] core.sap_client — hu_phase2_ok hu=T10045856601 duration_ms=5777
14:00:24 [WARNING] core.sap_client — phase1_wrong_screen hu=T10045856598 — re-navigating
14:00:24 [INFO] core.sap_client — setup_phase1_start
14:00:30 [INFO] core.sap_client — tx_opened code=/nZMOVEINBHU current_tx=ZMOVEINBHU
14:00:30 [INFO] core.sap_client — phase1_ready — ctxtP_HU confirmed
14:00:33 [INFO] core.sap_client — hu_phase1_duplicate hu=T10045856598
14:00:33 [WARNING] core.sap_client — phase2_wrong_screen hu=T10045856598 — re-navigating
14:00:33 [INFO] core.sap_client — setup_phase2_start
14:00:38 [INFO] core.sap_client — tx_opened code=/nZMMTIJSEP current_tx=ZMMTIJSEP
14:00:38 [INFO] core.sap_client — phase2_ready — txtGV_HU confirmed
14:00:38 [INFO] core.sap_client — hu_phase2_ok hu=T10045856598 duration_ms=5807
14:00:38 [WARNING] core.sap_client — phase1_wrong_screen hu=T10045864639 — re-navigating
14:00:38 [INFO] core.sap_client — setup_phase1_start
14:00:44 [INFO] core.sap_client — tx_opened code=/nZMOVEINBHU current_tx=ZMOVEINBHU
14:00:44 [INFO] core.sap_client — phase1_ready — ctxtP_HU confirmed
14:00:47 [INFO] core.sap_client — hu_phase1_duplicate hu=T10045864639
14:00:47 [WARNING] core.sap_client — phase2_wrong_screen hu=T10045864639 — re-navigating
14:00:47 [INFO] core.sap_client — setup_phase2_start
14:00:52 [INFO] core.sap_client — tx_opened code=/nZMMTIJSEP current_tx=ZMMTIJSEP
14:00:52 [INFO] core.sap_client — phase2_ready — txtGV_HU confirmed
14:00:52 [INFO] core.sap_client — hu_phase2_ok hu=T10045864639 duration_ms=5810
14:00:52 [WARNING] core.sap_client — phase1_wrong_screen hu=T10045831748 — re-navigating
14:00:52 [INFO] core.sap_client — setup_phase1_start
14:00:58 [INFO] core.sap_client — tx_opened code=/nZMOVEINBHU current_tx=ZMOVEINBHU
14:00:58 [INFO] core.sap_client — phase1_ready — ctxtP_HU confirmed
14:01:01 [INFO] core.sap_client — hu_phase1_duplicate hu=T10045831748
14:01:01 [WARNING] core.sap_client — phase2_wrong_screen hu=T10045831748 — re-navigating
14:01:01 [INFO] core.sap_client — setup_phase2_start
14:01:06 [INFO] core.sap_client — tx_opened code=/nZMMTIJSEP current_tx=ZMMTIJSEP
14:01:06 [INFO] core.sap_client — phase2_ready — txtGV_HU confirmed
14:01:07 [INFO] core.sap_client — hu_phase2_ok hu=T10045831748 duration_ms=5907
14:01:07 [WARNING] core.sap_client — phase1_wrong_screen hu=T10045837390 — re-navigating
14:01:07 [INFO] core.sap_client — setup_phase1_start
14:01:12 [INFO] core.sap_client — tx_opened code=/nZMOVEINBHU current_tx=ZMOVEINBHU
14:01:12 [INFO] core.sap_client — phase1_ready — ctxtP_HU confirmed
14:01:15 [INFO] core.sap_client — hu_phase1_duplicate hu=T10045837390
14:01:15 [WARNING] core.sap_client — phase2_wrong_screen hu=T10045837390 — re-navigating
14:01:15 [INFO] core.sap_client — setup_phase2_start
14:01:20 [INFO] core.sap_client — tx_opened code=/nZMMTIJSEP current_tx=ZMMTIJSEP
14:01:20 [INFO] core.sap_client — phase2_ready — txtGV_HU confirmed
14:01:21 [INFO] core.sap_client — hu_phase2_ok hu=T10045837390 duration_ms=5877
14:01:21 [WARNING] core.sap_client — phase1_wrong_screen hu=T10045850675 — re-navigating
14:01:21 [INFO] core.sap_client — setup_phase1_start
14:01:26 [INFO] core.sap_client — tx_opened code=/nZMOVEINBHU current_tx=ZMOVEINBHU
14:01:26 [INFO] core.sap_client — phase1_ready — ctxtP_HU confirmed
14:01:29 [INFO] core.sap_client — hu_phase1_duplicate hu=T10045850675
14:01:29 [WARNING] core.sap_client — phase2_wrong_screen hu=T10045850675 — re-navigating
14:01:29 [INFO] core.sap_client — setup_phase2_start
14:01:34 [INFO] core.sap_client — tx_opened code=/nZMMTIJSEP current_tx=ZMMTIJSEP
14:01:34 [INFO] core.sap_client — phase2_ready — txtGV_HU confirmed
14:01:35 [INFO] core.sap_client — hu_phase2_ok hu=T10045850675 duration_ms=5749
14:01:35 [WARNING] core.sap_client — phase1_wrong_screen hu=T10045837391 — re-navigating
14:01:35 [INFO] core.sap_client — setup_phase1_start
14:01:40 [INFO] core.sap_client — tx_opened code=/nZMOVEINBHU current_tx=ZMOVEINBHU
14:01:40 [INFO] core.sap_client — phase1_ready — ctxtP_HU confirmed
14:01:43 [INFO] core.sap_client — hu_phase1_duplicate hu=T10045837391
14:01:43 [WARNING] core.sap_client — phase2_wrong_screen hu=T10045837391 — re-navigating
14:01:43 [INFO] core.sap_client — setup_phase2_start
14:01:48 [INFO] core.sap_client — tx_opened code=/nZMMTIJSEP current_tx=ZMMTIJSEP
14:01:48 [INFO] core.sap_client — phase2_ready — txtGV_HU confirmed
14:01:49 [INFO] core.sap_client — hu_phase2_ok hu=T10045837391 duration_ms=5754
14:01:49 [WARNING] core.sap_client — phase1_wrong_screen hu=T10045869348 — re-navigating
14:01:49 [INFO] core.sap_client — setup_phase1_start
14:01:54 [INFO] core.sap_client — tx_opened code=/nZMOVEINBHU current_tx=ZMOVEINBHU
14:01:54 [INFO] core.sap_client — phase1_ready — ctxtP_HU confirmed
14:01:57 [INFO] core.sap_client — hu_phase1_duplicate hu=T10045869348
14:01:57 [WARNING] core.sap_client — phase2_wrong_screen hu=T10045869348 — re-navigating
14:01:57 [INFO] core.sap_client — setup_phase2_start
14:02:02 [INFO] core.sap_client — tx_opened code=/nZMMTIJSEP current_tx=ZMMTIJSEP
14:02:02 [INFO] core.sap_client — phase2_ready — txtGV_HU confirmed
14:02:03 [INFO] core.sap_client — hu_phase2_ok hu=T10045869348 duration_ms=5760
14:02:03 [WARNING] core.sap_client — phase1_wrong_screen hu=T10045831761 — re-navigating
14:02:03 [INFO] core.sap_client — setup_phase1_start
14:02:08 [INFO] core.sap_client — tx_opened code=/nZMOVEINBHU current_tx=ZMOVEINBHU
14:02:08 [INFO] core.sap_client — phase1_ready — ctxtP_HU confirmed
14:02:11 [INFO] core.sap_client — hu_phase1_duplicate hu=T10045831761
14:02:11 [WARNING] core.sap_client — phase2_wrong_screen hu=T10045831761 — re-navigating
14:02:11 [INFO] core.sap_client — setup_phase2_start
14:02:16 [INFO] core.sap_client — tx_opened code=/nZMMTIJSEP current_tx=ZMMTIJSEP
14:02:16 [INFO] core.sap_client — phase2_ready — txtGV_HU confirmed
14:02:17 [INFO] core.sap_client — hu_phase2_ok hu=T10045831761 duration_ms=5731
14:02:17 [WARNING] core.sap_client — phase1_wrong_screen hu=T10045869346 — re-navigating
14:02:17 [INFO] core.sap_client — setup_phase1_start
14:02:22 [INFO] core.sap_client — tx_opened code=/nZMOVEINBHU current_tx=ZMOVEINBHU
14:02:22 [INFO] core.sap_client — phase1_ready — ctxtP_HU confirmed
14:02:25 [INFO] core.sap_client — hu_phase1_duplicate hu=T10045869346
14:02:25 [WARNING] core.sap_client — phase2_wrong_screen hu=T10045869346 — re-navigating
14:02:25 [INFO] core.sap_client — setup_phase2_start
14:02:30 [INFO] core.sap_client — tx_opened code=/nZMMTIJSEP current_tx=ZMMTIJSEP
14:02:30 [INFO] core.sap_client — phase2_ready — txtGV_HU confirmed
14:02:31 [INFO] core.sap_client — hu_phase2_ok hu=T10045869346 duration_ms=5739
14:02:31 [INFO] core.queue_model — pallet_boundary multi_hu pallet=1 count=21 hu_codes=['T10045831746', 'T10045836194', 'T10045856597', 'T10045831749', 'T10045865320', 'T10045831747', 'T10045865322', 'T10045850676', 'T10045831752', 'T10045865321', 'T10045856599', 'T10045856601', 'T10045856598', 'T10045864639', 'T10045831748', 'T10045837390', 'T10045850675', 'T10045837391', 'T10045869348', 'T10045831761', 'T10045869346']
14:02:36 [INFO] core.sap_client — tx_opened code=/nSP01 current_tx=SP01
14:02:41 [INFO] core.sap_client — sp01_row_marked row=4 title=CN-CON-003_T10045869346_20260401173844
14:02:41 [INFO] core.sap_client — sp01_row_marked row=6 title=CN-CON-003_T10045831761_20260401173828
14:02:41 [INFO] core.sap_client — sp01_row_marked row=8 title=CN-CON-003_T10045869348_20260401173812
14:02:41 [INFO] core.sap_client — sp01_row_marked row=10 title=CN-CON-003_T10045837391_20260401173757
14:02:41 [INFO] core.sap_client — sp01_row_marked row=12 title=CN-CON-003_T10045850675_20260401173742
14:02:41 [INFO] core.sap_client — sp01_row_marked row=14 title=CN-CON-003_T10045837390_20260401173726
14:02:41 [INFO] core.sap_client — sp01_row_marked row=16 title=CN-CON-003_T10045831748_20260401172245
14:02:41 [INFO] core.sap_client — sp01_row_marked row=18 title=CN-CON-003_T10045864639_20260401172230
14:02:41 [INFO] core.sap_client — sp01_row_marked row=20 title=CN-CON-003_T10045856598_20260401172214
14:02:41 [INFO] core.sap_client — sp01_row_marked row=22 title=CN-CON-003_T10045856601_20260401172159
14:02:41 [INFO] core.sap_client — sp01_row_marked row=24 title=CN-CON-003_T10045856599_20260401172144
14:02:41 [INFO] core.sap_client — sp01_row_marked row=26 title=CN-CON-003_T10045865321_20260401172128
14:02:41 [INFO] core.sap_client — sp01_row_marked row=28 title=CN-CON-003_T10045831752_20260401172113
14:02:41 [INFO] core.sap_client — sp01_row_marked row=30 title=CN-CON-003_T10045850676_20260401172058
14:02:41 [INFO] core.sap_client — sp01_row_marked row=32 title=CN-CON-003_T10045865322_20260401172043
14:02:41 [INFO] core.sap_client — sp01_row_marked row=34 title=CN-CON-003_T10045831747_20260401172028
14:02:41 [INFO] core.sap_client — sp01_row_marked row=36 title=CN-CON-003_T10045865320_20260401172012
14:02:41 [INFO] core.sap_client — sp01_row_marked row=38 title=CN-CON-003_T10045831749_20260401171957
14:02:41 [INFO] core.sap_client — sp01_row_marked row=40 title=CN-CON-003_T10045856597_20260401171942
14:02:41 [INFO] core.sap_client — sp01_row_marked row=42 title=CN-CON-003_T10045836194_20260401171927
14:02:41 [INFO] core.sap_client — sp01_row_marked row=44 title=CN-CON-003_T10045831746_20260401171911
14:02:43 [INFO] core.sap_client — sp01_print_confirmed via=btn[25] marked=21
14:02:45 [INFO] core.sap_client — sp01_pallet_done result={'status': 'ok', 'message': 'SP01 OK — 21 spool(s) impreso(s)', 'marked': 21} hu_codes=['T10045831746', 'T10045836194', 'T10045856597', 'T10045831749', 'T10045865320', 'T10045831747', 'T10045865322', 'T10045850676', 'T10045831752', 'T10045865321', 'T10045856599', 'T10045856601', 'T10045856598', 'T10045864639', 'T10045831748', 'T10045837390', 'T10045850675', 'T10045837391', 'T10045869348', 'T10045831761', 'T10045869346']
14:02:45 [INFO] core.queue_model — sp01_pallet_result={'status': 'ok', 'message': 'SP01 OK — 21 spool(s) impreso(s)', 'marked': 21}
14:02:45 [INFO] core.queue_model — queue_worker_stopped
14:02:45 [INFO] core.queue_model — queue_worker_stop_requested
15:16:35 [INFO] core.queue_model — hu_added hu=T10045831108 pallet=1 origin=CNA
15:16:45 [INFO] core.queue_model — hu_added hu=C1012089479 pallet=2 origin=BRA/CNA/ATL
15:26:17 [INFO] core.queue_model — new_pallet id=1
15:29:50 [INFO] core.queue_model — new_pallet id=1
15:30:09 [INFO] core.queue_model — hu_added hu=TH0000256700 pallet=1 origin=THA
15:30:32 [INFO] core.queue_model — hu_added hu=TH0000256700 pallet=1 origin=THA
15:30:44 [INFO] core.queue_model — hu_added hu=TH0000256700 pallet=1 origin=THA
15:31:46 [INFO] core.queue_model — new_pallet id=1
15:31:54 [INFO] core.queue_model — hu_added hu=TH0000256700 pallet=1 origin=THA
15:32:03 [INFO] core.queue_model — hu_added hu=TH0000256700 pallet=1 origin=THA
15:32:15 [INFO] core.queue_model — hu_added hu=T10045786743 pallet=2 origin=CNA
15:32:19 [INFO] core.queue_model — queue_worker_started dynamic_print_mode
15:32:19 [INFO] core.sap_client — sap_connected system=LUP user=LOPEZHJC
15:32:19 [INFO] core.queue_model — queue_worker_sap_connected
15:32:19 [INFO] core.sap_client — setup_phase1_start
15:32:24 [INFO] core.sap_client — tx_opened code=/nZMOVEINBHU current_tx=ZMOVEINBHU
15:32:24 [INFO] core.sap_client — phase1_ready — ctxtP_HU confirmed
15:32:28 [INFO] core.sap_client — hu_phase1_ok hu=TH0000256700
15:32:28 [INFO] core.sap_client — setup_phase2_start
15:32:33 [INFO] core.sap_client — tx_opened code=/nZMMTIJSEP current_tx=ZMMTIJSEP
15:32:33 [INFO] core.sap_client — phase2_ready — txtGV_HU confirmed
15:32:34 [INFO] core.sap_client — hu_phase2_ok hu=TH0000256700 duration_ms=1002
15:32:34 [INFO] core.sap_client — setup_phase1_start
15:32:40 [INFO] core.sap_client — tx_opened code=/nZMOVEINBHU current_tx=ZMOVEINBHU
15:32:40 [INFO] core.sap_client — phase1_ready — ctxtP_HU confirmed
15:32:43 [INFO] core.sap_client — hu_phase1_ok hu=TH0000256700
15:32:43 [WARNING] core.sap_client — phase2_wrong_screen hu=TH0000256700 — re-navigating
15:32:43 [INFO] core.sap_client — setup_phase2_start
15:32:49 [INFO] core.sap_client — tx_opened code=/nZMMTIJSEP current_tx=ZMMTIJSEP
15:32:49 [INFO] core.sap_client — phase2_ready — txtGV_HU confirmed
15:32:49 [INFO] core.sap_client — hu_phase2_ok hu=TH0000256700 duration_ms=5740
15:32:49 [INFO] core.queue_model — pallet_boundary single_hu pallet=1 accumulated=[1]
15:32:49 [WARNING] core.sap_client — phase1_wrong_screen hu=T10045786743 — re-navigating
15:32:49 [INFO] core.sap_client — setup_phase1_start
15:32:54 [INFO] core.sap_client — tx_opened code=/nZMOVEINBHU current_tx=ZMOVEINBHU
15:32:54 [INFO] core.sap_client — phase1_ready — ctxtP_HU confirmed
15:32:57 [INFO] core.sap_client — hu_phase1_duplicate hu=T10045786743
15:32:57 [WARNING] core.sap_client — phase2_wrong_screen hu=T10045786743 — re-navigating
15:32:57 [INFO] core.sap_client — setup_phase2_start
15:33:03 [INFO] core.sap_client — tx_opened code=/nZMMTIJSEP current_tx=ZMMTIJSEP
15:33:03 [INFO] core.sap_client — phase2_ready — txtGV_HU confirmed
15:33:03 [INFO] core.sap_client — hu_phase2_ok hu=T10045786743 duration_ms=5981
15:33:03 [INFO] core.queue_model — pallet_boundary single_hu pallet=2 accumulated=[1, 2]
15:33:03 [INFO] core.queue_model — flush_single_hu_pallets pallets=[1, 2] hu_codes=['TH0000256700', 'T10045786743']
15:33:09 [INFO] core.sap_client — tx_opened code=/nSP01 current_tx=SP01
15:33:14 [INFO] core.sap_client — sp01_row_marked row=4 title=CN-CON-003_T10045786743_20260311195451
15:33:16 [INFO] core.sap_client — sp01_print_confirmed via=btn[13] marked=1
15:33:18 [INFO] core.sap_client — sp01_global_done result={'status': 'ok', 'message': 'SP01 OK — 1 spool(s) impreso(s)', 'marked': 1}
15:33:18 [INFO] core.queue_model — queue_worker_stopped
15:33:18 [INFO] core.queue_model — queue_worker_stop_requested
15:33:38 [INFO] core.queue_model — queue_worker_started dynamic_print_mode
15:33:38 [INFO] core.sap_client — sap_connected system=LUP user=LOPEZHJC
15:33:38 [INFO] core.queue_model — queue_worker_sap_connected
15:33:39 [INFO] core.queue_model — queue_worker_stopped
15:33:43 [INFO] core.queue_model — queue_worker_stop_requested
15:33:46 [INFO] core.queue_model — new_pallet id=1
15:33:50 [INFO] core.queue_model — hu_added hu=TH0000256700 pallet=1 origin=THA
15:33:53 [INFO] core.queue_model — queue_worker_started dynamic_print_mode
15:33:54 [INFO] core.sap_client — sap_connected system=LUP user=LOPEZHJC
15:33:54 [INFO] core.queue_model — queue_worker_sap_connected
15:33:54 [INFO] core.sap_client — setup_phase1_start
15:33:59 [INFO] core.sap_client — tx_opened code=/nZMOVEINBHU current_tx=ZMOVEINBHU
15:33:59 [INFO] core.sap_client — phase1_ready — ctxtP_HU confirmed
15:34:03 [INFO] core.sap_client — hu_phase1_ok hu=TH0000256700
15:34:03 [INFO] core.sap_client — setup_phase2_start
15:34:08 [INFO] core.sap_client — tx_opened code=/nZMMTIJSEP current_tx=ZMMTIJSEP
15:34:08 [INFO] core.sap_client — phase2_ready — txtGV_HU confirmed
15:34:09 [INFO] core.sap_client — hu_phase2_ok hu=TH0000256700 duration_ms=1002
15:34:09 [INFO] core.queue_model — pallet_boundary single_hu pallet=1 accumulated=[1]
15:34:09 [INFO] core.queue_model — flush_single_hu_pallets pallets=[1] hu_codes=['TH0000256700']
15:34:14 [INFO] core.sap_client — tx_opened code=/nSP01 current_tx=SP01
15:34:19 [WARNING] core.sap_client — sp01_no_rows_found | filter=['TH0000256700'] | filas_leidas=[row=4 status='Compl.' title='CN-CON-003_T10045786743_20260311195451' | row=6 status='Compl.' title='CN-CON-003_T10045869346_20260401173844' | row=8 status='Compl.' title='CN-CON-003_T10045831761_20260401173828' | row=10 status='Compl.' title='CN-CON-003_T10045869348_20260401173812' | row=12 status='Compl.' title='CN-CON-003_T10045837391_20260401173757' | row=14 status='Compl.' title='CN-CON-003_T10045850675_20260401173742' | row=16 status='Compl.' title='CN-CON-003_T10045837390_20260401173726' | row=18 status='Compl.' title='CN-CON-003_T10045831748_20260401172245' | row=20 status='Compl.' title='CN-CON-003_T10045864639_20260401172230' | row=22 status='Compl.' title='CN-CON-003_T10045856598_20260401172214']
15:34:19 [INFO] core.sap_client — sp01_global_done result={'status': 'error', 'message': 'No se encontraron spools pendientes', 'marked': 0}
15:34:19 [INFO] core.queue_model — queue_worker_stopped
15:34:19 [INFO] core.queue_model — queue_worker_stop_requested
15:34:52 [INFO] core.queue_model — new_pallet id=1
15:45:11 [INFO] core.queue_model — new_pallet id=1
15:46:34 [INFO] core.queue_model — new_pallet id=1
15:46:39 [INFO] core.queue_model — hu_added hu=TH0000256700 pallet=1 origin=THA
15:46:42 [INFO] core.queue_model — queue_worker_started dynamic_print_mode
15:46:42 [INFO] core.sap_client — sap_connected system=LUP user=LOPEZHJC
15:46:42 [INFO] core.queue_model — queue_worker_sap_connected
15:46:42 [INFO] core.sap_client — setup_phase1_start
15:46:48 [INFO] core.sap_client — tx_opened code=/nZMOVEINBHU current_tx=ZMOVEINBHU
15:46:48 [INFO] core.sap_client — phase1_ready — ctxtP_HU confirmed
15:46:50 [INFO] core.sap_client — alv_data icon=@5C@ description=Object requested is currently locked by user LOPEZ
15:46:50 [INFO] core.sap_client — hu_phase1_result hu=TH0000256700 icon=@5C@ desc=Object requested is currently locked by user LOPEZ
15:46:52 [INFO] core.sap_client — hu_phase1_ok hu=TH0000256700 status=error
15:46:52 [WARNING] core.queue_model — hu_skipped_f2 hu=TH0000256700 reason=Object requested is currently locked by user LOPEZHJC
15:46:52 [INFO] core.queue_model — pallet_boundary single_hu pallet=1 accumulated=[1]
15:46:52 [INFO] core.queue_model — flush_single_hu_pallets pallets=[1] hu_codes=['TH0000256700']
15:46:57 [INFO] core.sap_client — tx_opened code=/nSP01 current_tx=SP01
15:47:02 [WARNING] core.sap_client — sp01_no_rows_found | filter=['TH0000256700'] | filas_leidas=[row=4 status='Compl.' title='CN-CON-003_T10045786743_20260311195451' | row=6 status='Compl.' title='CN-CON-003_T10045869346_20260401173844' | row=8 status='Compl.' title='CN-CON-003_T10045831761_20260401173828' | row=10 status='Compl.' title='CN-CON-003_T10045869348_20260401173812' | row=12 status='Compl.' title='CN-CON-003_T10045837391_20260401173757' | row=14 status='Compl.' title='CN-CON-003_T10045850675_20260401173742' | row=16 status='Compl.' title='CN-CON-003_T10045837390_20260401173726' | row=18 status='Compl.' title='CN-CON-003_T10045831748_20260401172245' | row=20 status='Compl.' title='CN-CON-003_T10045864639_20260401172230' | row=22 status='Compl.' title='CN-CON-003_T10045856598_20260401172214']
15:47:02 [INFO] core.sap_client — sp01_global_done result={'status': 'error', 'message': 'No se encontraron spools pendientes', 'marked': 0}
15:47:02 [INFO] core.queue_model — queue_worker_stopped
15:47:02 [INFO] core.queue_model — queue_worker_stop_requested
15:47:44 [INFO] core.queue_model — new_pallet id=1
15:47:48 [INFO] core.queue_model — hu_added hu=TH0000256700 pallet=1 origin=THA
15:48:01 [INFO] core.queue_model — queue_worker_started dynamic_print_mode
15:48:01 [INFO] core.sap_client — sap_connected system=LUP user=LOPEZHJC
15:48:01 [INFO] core.queue_model — queue_worker_sap_connected
15:48:01 [INFO] core.sap_client — setup_phase1_start
15:48:06 [INFO] core.sap_client — tx_opened code=/nZMOVEINBHU current_tx=ZMOVEINBHU
15:48:06 [INFO] core.sap_client — phase1_ready — ctxtP_HU confirmed
15:48:09 [INFO] core.sap_client — alv_data icon=@5C@ description=Deficit of BA Unrestricted-use 10.00 NR : 0RX3582V
15:48:09 [INFO] core.sap_client — hu_phase1_result hu=TH0000256700 icon=@5C@ desc=Deficit of BA Unrestricted-use 10.00 NR : 0RX3582V
15:48:10 [INFO] core.sap_client — hu_phase1_ok hu=TH0000256700 status=error
15:48:10 [WARNING] core.queue_model — hu_skipped_f2 hu=TH0000256700 reason=Deficit of BA Unrestricted-use 10.00 NR : 0RX3582V MX03 Z322 0107155709
15:48:10 [INFO] core.queue_model — pallet_boundary single_hu pallet=1 accumulated=[1]
15:48:10 [INFO] core.queue_model — flush_single_hu_pallets pallets=[1] hu_codes=['TH0000256700']
15:48:16 [INFO] core.sap_client — tx_opened code=/nSP01 current_tx=SP01
15:48:20 [WARNING] core.sap_client — sp01_no_rows_found | filter=['TH0000256700'] | filas_leidas=[row=4 status='Compl.' title='CN-CON-003_T10045786743_20260311195451' | row=6 status='Compl.' title='CN-CON-003_T10045869346_20260401173844' | row=8 status='Compl.' title='CN-CON-003_T10045831761_20260401173828' | row=10 status='Compl.' title='CN-CON-003_T10045869348_20260401173812' | row=12 status='Compl.' title='CN-CON-003_T10045837391_20260401173757' | row=14 status='Compl.' title='CN-CON-003_T10045850675_20260401173742' | row=16 status='Compl.' title='CN-CON-003_T10045837390_20260401173726' | row=18 status='Compl.' title='CN-CON-003_T10045831748_20260401172245' | row=20 status='Compl.' title='CN-CON-003_T10045864639_20260401172230' | row=22 status='Compl.' title='CN-CON-003_T10045856598_20260401172214']
15:48:20 [INFO] core.sap_client — sp01_global_done result={'status': 'error', 'message': 'No se encontraron spools pendientes', 'marked': 0}
15:48:20 [INFO] core.queue_model — queue_worker_stopped
15:48:20 [INFO] core.queue_model — queue_worker_stop_requested
15:48:37 [INFO] core.queue_model — queue_worker_started dynamic_print_mode
15:48:37 [INFO] core.sap_client — sap_connected system=LUP user=LOPEZHJC
15:48:37 [INFO] core.queue_model — queue_worker_sap_connected
15:48:37 [INFO] core.queue_model — queue_worker_stopped
15:48:50 [INFO] core.queue_model — queue_worker_stop_requested
15:48:51 [INFO] core.queue_model — new_pallet id=1
15:48:58 [INFO] core.queue_model — hu_added hu=TH0000256700 pallet=1 origin=THA
15:49:00 [INFO] core.queue_model — queue_worker_started dynamic_print_mode
15:49:00 [INFO] core.sap_client — sap_connected system=LUP user=LOPEZHJC
15:49:00 [INFO] core.queue_model — queue_worker_sap_connected
15:49:00 [INFO] core.sap_client — setup_phase1_start
15:49:06 [INFO] core.sap_client — tx_opened code=/nZMOVEINBHU current_tx=ZMOVEINBHU
15:49:06 [INFO] core.sap_client — phase1_ready — ctxtP_HU confirmed
15:49:08 [INFO] core.sap_client — alv_data icon=@5C@ description=Object requested is currently locked by user LOPEZ
15:49:08 [INFO] core.sap_client — hu_phase1_result hu=TH0000256700 icon=@5C@ desc=Object requested is currently locked by user LOPEZ
15:49:09 [INFO] core.sap_client — hu_phase1_ok hu=TH0000256700 status=error
15:49:09 [WARNING] core.queue_model — hu_skipped_f2 hu=TH0000256700 reason=Object requested is currently locked by user LOPEZHJC
15:49:09 [INFO] core.queue_model — pallet_boundary single_hu pallet=1 accumulated=[1]
15:49:09 [INFO] core.queue_model — flush_single_hu_pallets pallets=[1] hu_codes=['TH0000256700']
15:49:15 [INFO] core.sap_client — tx_opened code=/nSP01 current_tx=SP01
15:49:20 [WARNING] core.sap_client — sp01_no_rows_found | filter=['TH0000256700'] | filas_leidas=[row=4 status='Compl.' title='CN-CON-003_T10045786743_20260311195451' | row=6 status='Compl.' title='CN-CON-003_T10045869346_20260401173844' | row=8 status='Compl.' title='CN-CON-003_T10045831761_20260401173828' | row=10 status='Compl.' title='CN-CON-003_T10045869348_20260401173812' | row=12 status='Compl.' title='CN-CON-003_T10045837391_20260401173757' | row=14 status='Compl.' title='CN-CON-003_T10045850675_20260401173742' | row=16 status='Compl.' title='CN-CON-003_T10045837390_20260401173726' | row=18 status='Compl.' title='CN-CON-003_T10045831748_20260401172245' | row=20 status='Compl.' title='CN-CON-003_T10045864639_20260401172230' | row=22 status='Compl.' title='CN-CON-003_T10045856598_20260401172214']
15:49:20 [INFO] core.sap_client — sp01_global_done result={'status': 'error', 'message': 'No se encontraron spools pendientes', 'marked': 0}
15:49:20 [INFO] core.queue_model — queue_worker_stopped
15:49:20 [INFO] core.queue_model — queue_worker_stop_requested
15:54:08 [INFO] core.queue_model — new_pallet id=1
15:54:11 [INFO] core.queue_model — hu_added hu=TH0000256700 pallet=1 origin=THA
15:54:24 [INFO] core.queue_model — hu_added hu=T10045831789 pallet=2 origin=CNA
15:54:26 [INFO] core.queue_model — hu_added hu=T10045856642 pallet=2 origin=CNA
15:54:30 [INFO] core.queue_model — hu_added hu=2972641817 pallet=3 origin=ITA
15:54:49 [INFO] core.queue_model — queue_worker_started dynamic_print_mode
15:54:49 [INFO] core.sap_client — sap_connected system=LUP user=LOPEZHJC
15:54:49 [INFO] core.queue_model — queue_worker_sap_connected
15:54:49 [INFO] core.sap_client — setup_phase1_start
15:54:55 [INFO] core.sap_client — tx_opened code=/nZMOVEINBHU current_tx=ZMOVEINBHU
15:54:55 [INFO] core.sap_client — phase1_ready — ctxtP_HU confirmed
15:54:57 [INFO] core.sap_client — alv_data icon=@5C@ description=Deficit of BA Unrestricted-use 10.00 NR : 0RX3582V
15:54:57 [INFO] core.sap_client — hu_phase1_result hu=TH0000256700 icon=@5C@ desc=Deficit of BA Unrestricted-use 10.00 NR : 0RX3582V
15:54:59 [INFO] core.sap_client — hu_phase1_ok hu=TH0000256700 status=error
15:54:59 [WARNING] core.queue_model — hu_skipped_f2 hu=TH0000256700 reason=Deficit of BA Unrestricted-use 10.00 NR : 0RX3582V MX03 Z322 0107155709
15:54:59 [INFO] core.queue_model — pallet_boundary skip_sp01_has_error pallet=1
15:55:01 [INFO] core.sap_client — alv_data icon=@5C@ description=HU Already In The Destination Storage Location
15:55:01 [INFO] core.sap_client — hu_phase1_result hu=T10045831789 icon=@5C@ desc=HU Already In The Destination Storage Location
15:55:03 [INFO] core.sap_client — hu_phase1_ok hu=T10045831789 status=error
15:55:03 [WARNING] core.queue_model — hu_skipped_f2 hu=T10045831789 reason=HU Already In The Destination Storage Location
15:55:06 [INFO] core.sap_client — alv_data icon=@5B@ description=Packaging data was saved. Material document 757052
15:55:06 [INFO] core.sap_client — hu_phase1_result hu=T10045856642 icon=@5B@ desc=Packaging data was saved. Material document 757052
15:55:07 [INFO] core.sap_client — hu_phase1_ok hu=T10045856642 status=ok
15:55:07 [INFO] core.sap_client — setup_phase2_start
15:55:13 [INFO] core.sap_client — tx_opened code=/nZMMTIJSEP current_tx=ZMMTIJSEP
15:55:13 [INFO] core.sap_client — phase2_ready — txtGV_HU confirmed
15:55:14 [INFO] core.sap_client — hu_phase2_ok hu=T10045856642 duration_ms=1382
15:55:14 [INFO] core.queue_model — pallet_boundary skip_sp01_has_error pallet=2
15:55:14 [INFO] core.sap_client — setup_phase1_start
15:55:19 [INFO] core.sap_client — tx_opened code=/nZMOVEINBHU current_tx=ZMOVEINBHU
15:55:19 [INFO] core.sap_client — phase1_ready — ctxtP_HU confirmed
15:55:22 [INFO] core.sap_client — hu_phase1_duplicate hu=2972641817
15:55:22 [WARNING] core.sap_client — phase2_wrong_screen hu=2972641817 — re-navigating
15:55:22 [INFO] core.sap_client — setup_phase2_start
15:55:28 [INFO] core.sap_client — tx_opened code=/nZMMTIJSEP current_tx=ZMMTIJSEP
15:55:28 [INFO] core.sap_client — phase2_ready — txtGV_HU confirmed
15:55:28 [INFO] core.sap_client — hu_phase2_ok hu=2972641817 duration_ms=5764
15:55:28 [INFO] core.queue_model — pallet_boundary single_hu pallet=3 accumulated=[3]
15:55:28 [INFO] core.queue_model — flush_single_hu_pallets pallets=[3] hu_codes=['2972641817']
15:55:33 [INFO] core.sap_client — tx_opened code=/nSP01 current_tx=SP01
15:55:38 [INFO] core.sap_client — sp01_row_marked row=4 title=CN-CON-003_00000000002972641817_20260401193450
15:55:40 [INFO] core.sap_client — sp01_print_confirmed via=btn[13] marked=1
15:55:42 [INFO] core.sap_client — sp01_global_done result={'status': 'ok', 'message': 'SP01 OK — 1 spool(s) impreso(s)', 'marked': 1}
15:55:42 [INFO] core.queue_model — queue_worker_stop_requested
15:55:42 [INFO] core.queue_model — queue_worker_stopped
15:56:33 [INFO] core.queue_model — new_pallet id=1
15:56:37 [INFO] core.queue_model — hu_added hu=TH0000256700 pallet=1 origin=THA
15:56:40 [INFO] core.queue_model — queue_worker_started dynamic_print_mode
15:56:41 [INFO] core.sap_client — sap_connected system=LUP user=LOPEZHJC
15:56:41 [INFO] core.queue_model — queue_worker_sap_connected
15:56:41 [INFO] core.sap_client — setup_phase1_start
15:56:46 [INFO] core.sap_client — tx_opened code=/nZMOVEINBHU current_tx=ZMOVEINBHU
15:56:46 [INFO] core.sap_client — phase1_ready — ctxtP_HU confirmed
15:56:49 [INFO] core.sap_client — hu_phase1_ok hu=TH0000256700
15:56:49 [INFO] core.sap_client — setup_phase2_start
15:56:55 [INFO] core.sap_client — tx_opened code=/nZMMTIJSEP current_tx=ZMMTIJSEP
15:56:55 [INFO] core.sap_client — phase2_ready — txtGV_HU confirmed
15:56:56 [INFO] core.sap_client — hu_phase2_ok hu=TH0000256700 duration_ms=1002
15:56:56 [INFO] core.queue_model — pallet_boundary single_hu pallet=1 accumulated=[1]
15:56:56 [INFO] core.queue_model — flush_single_hu_pallets pallets=[1] hu_codes=['TH0000256700']
16:14:44 [INFO] core.queue_model — new_pallet id=1
16:14:48 [INFO] core.queue_model — hu_added hu=TH0000256700 pallet=1 origin=THA
16:14:52 [INFO] core.queue_model — queue_worker_started dynamic_print_mode
16:14:52 [INFO] core.sap_client — sap_connected system=LUP user=LOPEZHJC
16:14:52 [INFO] core.queue_model — queue_worker_sap_connected
16:14:52 [INFO] core.sap_client — setup_phase1_start
16:14:57 [INFO] core.sap_client — tx_opened code=/nZMOVEINBHU current_tx=ZMOVEINBHU
16:14:57 [INFO] core.sap_client — phase1_ready — ctxtP_HU confirmed
16:15:01 [WARNING] core.sap_client — hu_phase1_error_alv hu=TH0000256700 msg='@5C@ Deficit of BA Unrestricted-use 10.00 NR : 0RX3582V MX03 Z322 0107155709'
16:15:02 [WARNING] core.queue_model — hu_skipped_f2 hu=TH0000256700 reason=@5C@ Deficit of BA Unrestricted-use 10.00 NR : 0RX3582V MX03 Z322 0107155709
16:47:19 [INFO] core.queue_model — new_pallet id=1
16:47:46 [INFO] core.queue_model — hu_added hu=TH0000256700 pallet=1 origin=THA
16:47:49 [INFO] core.queue_model — queue_worker_started dynamic_print_mode
16:47:49 [INFO] core.sap_client — sap_connected system=LUP user=LOPEZHJC
16:47:49 [INFO] core.queue_model — queue_worker_sap_connected
16:47:49 [INFO] core.sap_client — setup_phase1_start
16:47:56 [INFO] core.sap_client — tx_opened code=/nZMOVEINBHU current_tx=ZMOVEINBHU
16:47:56 [INFO] core.sap_client — phase1_ready — ctxtP_HU confirmed
16:47:59 [WARNING] core.sap_client — hu_phase1_error_alv hu=TH0000256700 msg='@5C@ Deficit of BA Unrestricted-use 10.00 NR : 0RX3582V MX03 Z322 0107155709'
16:48:00 [WARNING] core.queue_model — hu_skipped_f2 hu=TH0000256700 reason=@5C@ Deficit of BA Unrestricted-use 10.00 NR : 0RX3582V MX03 Z322 0107155709
16:48:00 [INFO] core.queue_model — pallet_boundary single_hu pallet=1 accumulated=[1]
16:48:00 [INFO] core.queue_model — flush_single_hu_pallets pallets=[1] hu_codes=['TH0000256700']
16:50:36 [INFO] core.queue_model — new_pallet id=1
16:50:39 [INFO] core.queue_model — hu_added hu=TH0000256700 pallet=1 origin=THA
16:50:41 [INFO] core.queue_model — queue_worker_started dynamic_print_mode
16:50:41 [INFO] core.sap_client — sap_connected system=LUP user=LOPEZHJC
16:50:41 [INFO] core.queue_model — queue_worker_sap_connected
16:50:41 [INFO] core.sap_client — setup_phase1_start
16:50:47 [INFO] core.sap_client — tx_opened code=/nZMOVEINBHU current_tx=ZMOVEINBHU
16:50:47 [INFO] core.sap_client — phase1_ready — ctxtP_HU confirmed
16:50:49 [WARNING] core.sap_client — hu_phase1_error_alv hu=TH0000256700 msg='@5C@ Deficit of BA Unrestricted-use 10.00 NR : 0RX3582V MX03 Z322 0107155709'
16:50:50 [WARNING] core.queue_model — hu_skipped_f2 hu=TH0000256700 reason=@5C@ Deficit of BA Unrestricted-use 10.00 NR : 0RX3582V MX03 Z322 0107155709
16:50:50 [INFO] core.queue_model — pallet_boundary single_hu pallet=1 accumulated=[1]
16:50:50 [INFO] core.queue_model — flush_single_hu_pallets pallets=[1] hu_codes=['TH0000256700']
16:56:37 [INFO] core.queue_model — new_pallet id=1
16:56:40 [INFO] core.queue_model — hu_added hu=TH0000256700 pallet=1 origin=THA
16:56:44 [INFO] core.queue_model — queue_worker_started dynamic_print_mode
16:56:44 [INFO] core.sap_client — sap_connected system=LUP user=LOPEZHJC
16:56:44 [INFO] core.queue_model — queue_worker_sap_connected
16:56:44 [INFO] core.sap_client — setup_phase1_start
16:56:49 [INFO] core.sap_client — tx_opened code=/nZMOVEINBHU current_tx=ZMOVEINBHU
16:56:49 [INFO] core.sap_client — phase1_ready — ctxtP_HU confirmed
16:56:52 [WARNING] core.sap_client — hu_phase1_error_alv hu=TH0000256700 msg='@5C@ Deficit of BA Unrestricted-use 10.00 NR : 0RX3582V MX03 Z322 0107155709'
16:56:53 [WARNING] core.queue_model — hu_skipped_f2 hu=TH0000256700 reason=@5C@ Deficit of BA Unrestricted-use 10.00 NR : 0RX3582V MX03 Z322 0107155709
16:56:53 [INFO] core.queue_model — pallet_boundary single_hu pallet=1 accumulated=[1]
16:56:53 [INFO] core.queue_model — flush_single_hu_pallets pallets=[1] hu_codes=['TH0000256700']
16:56:58 [INFO] core.sap_client — tx_opened code=/nSP01 current_tx=SP01
16:57:04 [WARNING] core.sap_client — sp01_no_rows_found | filter=['TH0000256700'] | filas_leidas=[row=4 status='Compl.' title='CN-CON-003_00000000002972641817_20260401193450' | row=6 status='   -' title='CN-CON-003_T10045856642_20260401225514' | row=8 status='Compl.' title='CN-CON-003_T10045786743_20260311195451' | row=10 status='Compl.' title='CN-CON-003_T10045869346_20260401173844' | row=12 status='Compl.' title='CN-CON-003_T10045831761_20260401173828' | row=14 status='Compl.' title='CN-CON-003_T10045869348_20260401173812' | row=16 status='Compl.' title='CN-CON-003_T10045837391_20260401173757' | row=18 status='Compl.' title='CN-CON-003_T10045850675_20260401173742' | row=20 status='Compl.' title='CN-CON-003_T10045837390_20260401173726' | row=22 status='Compl.' title='CN-CON-003_T10045831748_20260401172245']
16:57:04 [INFO] core.sap_client — sp01_global_done result={'status': 'error', 'message': 'No se encontraron spools pendientes', 'marked': 0}
16:57:04 [INFO] core.queue_model — queue_worker_stopped
16:57:04 [INFO] core.queue_model — queue_worker_stop_requested
