06:37:18 [INFO] core.queue_model — hu_added hu=2972610520 pallet=1 origin=ITA
06:37:32 [INFO] core.queue_model — hu_added hu=2972610527 pallet=2 origin=ITA
06:37:39 [INFO] core.queue_model — hu_added hu=2972610530 pallet=3 origin=ITA
06:37:42 [INFO] core.queue_model — hu_added hu=2972610496 pallet=4 origin=ITA
06:37:53 [INFO] core.queue_model — hu_added hu=2972610526 pallet=5 origin=ITA
06:38:20 [INFO] core.queue_model — hu_added hu=2972610511 pallet=6 origin=ITA
06:38:31 [INFO] core.queue_model — queue_worker_started
06:38:31 [INFO] ui.queue_window — worker_started_from_ui
06:38:31 [INFO] core.sap_client — sap_connected system=LUP user=LOPEZHJC
06:38:31 [INFO] core.queue_model — queue_worker_sap_connected
06:38:31 [INFO] core.sap_client — setup_phase1_start
06:38:38 [INFO] core.sap_client — tx_opened code=/nZMOVEINBHU current_tx=ZMOVEINBHU
06:38:38 [INFO] core.sap_client — phase1_ready — ctxtP_HU confirmed
06:38:50 [INFO] core.sap_client — hu_phase1_ok hu=2972610520
06:38:50 [INFO] core.sap_client — setup_phase2_start
06:38:55 [INFO] core.sap_client — tx_opened code=/nZMMTIJSEP current_tx=ZMMTIJSEP
06:38:55 [INFO] core.sap_client — phase2_ready — txtGV_HU confirmed
06:38:56 [INFO] core.sap_client — hu_phase2_ok hu=2972610520 duration_ms=1423
06:38:56 [INFO] core.sap_client — setup_phase1_start
06:39:02 [INFO] core.sap_client — tx_opened code=/nZMOVEINBHU current_tx=ZMOVEINBHU
06:39:02 [INFO] core.sap_client — phase1_ready — ctxtP_HU confirmed
06:39:06 [INFO] core.sap_client — hu_phase1_ok hu=2972610527
06:39:06 [WARNING] core.sap_client — phase2_wrong_screen hu=2972610527 — re-navigating
06:39:06 [INFO] core.sap_client — setup_phase2_start
06:39:12 [INFO] core.sap_client — tx_opened code=/nZMMTIJSEP current_tx=ZMMTIJSEP
06:39:12 [INFO] core.sap_client — phase2_ready — txtGV_HU confirmed
06:39:13 [INFO] core.sap_client — hu_phase2_ok hu=2972610527 duration_ms=6285
06:39:13 [WARNING] core.sap_client — phase1_wrong_screen hu=2972610530 — re-navigating
06:39:13 [INFO] core.sap_client — setup_phase1_start
06:39:18 [INFO] core.sap_client — tx_opened code=/nZMOVEINBHU current_tx=ZMOVEINBHU
06:39:18 [INFO] core.sap_client — phase1_ready — ctxtP_HU confirmed
06:39:22 [INFO] core.sap_client — hu_phase1_ok hu=2972610530
06:39:22 [WARNING] core.sap_client — phase2_wrong_screen hu=2972610530 — re-navigating
06:39:22 [INFO] core.sap_client — setup_phase2_start
06:39:26 [INFO] core.queue_model — hu_added hu=2972621882 pallet=7 origin=ITA
06:39:28 [INFO] core.sap_client — tx_opened code=/nZMMTIJSEP current_tx=ZMMTIJSEP
06:39:28 [INFO] core.sap_client — phase2_ready — txtGV_HU confirmed
06:39:29 [INFO] core.sap_client — hu_phase2_ok hu=2972610530 duration_ms=6686
06:39:29 [WARNING] core.sap_client — phase1_wrong_screen hu=2972610496 — re-navigating
06:39:29 [INFO] core.sap_client — setup_phase1_start
06:39:29 [INFO] core.queue_model — hu_added hu=2972610329 pallet=8 origin=ITA
06:39:34 [INFO] core.sap_client — tx_opened code=/nZMOVEINBHU current_tx=ZMOVEINBHU
06:39:34 [INFO] core.sap_client — phase1_ready — ctxtP_HU confirmed
06:39:39 [INFO] core.sap_client — hu_phase1_ok hu=2972610496
06:39:39 [WARNING] core.sap_client — phase2_wrong_screen hu=2972610496 — re-navigating
06:39:39 [INFO] core.sap_client — setup_phase2_start
06:39:44 [INFO] core.sap_client — tx_opened code=/nZMMTIJSEP current_tx=ZMMTIJSEP
06:39:44 [INFO] core.sap_client — phase2_ready — txtGV_HU confirmed
06:39:45 [INFO] core.sap_client — hu_phase2_ok hu=2972610496 duration_ms=6537
06:39:45 [WARNING] core.sap_client — phase1_wrong_screen hu=2972610526 — re-navigating
06:39:45 [INFO] core.sap_client — setup_phase1_start
06:39:51 [INFO] core.sap_client — tx_opened code=/nZMOVEINBHU current_tx=ZMOVEINBHU
06:39:51 [INFO] core.sap_client — phase1_ready — ctxtP_HU confirmed
06:39:56 [INFO] core.sap_client — hu_phase1_ok hu=2972610526
06:39:56 [WARNING] core.sap_client — phase2_wrong_screen hu=2972610526 — re-navigating
06:39:57 [INFO] core.sap_client — setup_phase2_start
06:40:02 [INFO] core.sap_client — tx_opened code=/nZMMTIJSEP current_tx=ZMMTIJSEP
06:40:02 [INFO] core.sap_client — phase2_ready — txtGV_HU confirmed
06:40:03 [INFO] core.sap_client — hu_phase2_ok hu=2972610526 duration_ms=6503
06:40:03 [WARNING] core.sap_client — phase1_wrong_screen hu=2972610511 — re-navigating
06:40:03 [INFO] core.sap_client — setup_phase1_start
06:40:09 [INFO] core.sap_client — tx_opened code=/nZMOVEINBHU current_tx=ZMOVEINBHU
06:40:09 [INFO] core.sap_client — phase1_ready — ctxtP_HU confirmed
06:40:13 [INFO] core.sap_client — hu_phase1_ok hu=2972610511
06:40:13 [WARNING] core.sap_client — phase2_wrong_screen hu=2972610511 — re-navigating
06:40:13 [INFO] core.sap_client — setup_phase2_start
06:40:19 [INFO] core.sap_client — tx_opened code=/nZMMTIJSEP current_tx=ZMMTIJSEP
06:40:19 [INFO] core.sap_client — phase2_ready — txtGV_HU confirmed
06:40:19 [INFO] core.sap_client — hu_phase2_ok hu=2972610511 duration_ms=6381
06:40:20 [WARNING] core.sap_client — phase1_wrong_screen hu=2972621882 — re-navigating
06:40:20 [INFO] core.sap_client — setup_phase1_start
06:40:25 [INFO] core.sap_client — tx_opened code=/nZMOVEINBHU current_tx=ZMOVEINBHU
06:40:25 [INFO] core.sap_client — phase1_ready — ctxtP_HU confirmed
06:40:29 [INFO] core.sap_client — hu_phase1_ok hu=2972621882
06:40:29 [WARNING] core.sap_client — phase2_wrong_screen hu=2972621882 — re-navigating
06:40:29 [INFO] core.sap_client — setup_phase2_start
06:40:35 [INFO] core.sap_client — tx_opened code=/nZMMTIJSEP current_tx=ZMMTIJSEP
06:40:35 [INFO] core.sap_client — phase2_ready — txtGV_HU confirmed
06:40:35 [INFO] core.sap_client — hu_phase2_ok hu=2972621882 duration_ms=6270
06:40:36 [WARNING] core.sap_client — phase1_wrong_screen hu=2972610329 — re-navigating
06:40:36 [INFO] core.sap_client — setup_phase1_start
06:40:41 [INFO] core.sap_client — tx_opened code=/nZMOVEINBHU current_tx=ZMOVEINBHU
06:40:41 [INFO] core.sap_client — phase1_ready — ctxtP_HU confirmed
06:40:45 [INFO] core.sap_client — hu_phase1_ok hu=2972610329
06:40:45 [WARNING] core.sap_client — phase2_wrong_screen hu=2972610329 — re-navigating
06:40:45 [INFO] core.sap_client — setup_phase2_start
06:40:50 [INFO] core.sap_client — tx_opened code=/nZMMTIJSEP current_tx=ZMMTIJSEP
06:40:50 [INFO] core.sap_client — phase2_ready — txtGV_HU confirmed
06:40:51 [INFO] core.sap_client — hu_phase2_ok hu=2972610329 duration_ms=6356
06:40:56 [INFO] core.queue_model — hu_added hu=2972610065 pallet=9 origin=ITA
06:40:56 [WARNING] core.sap_client — phase1_wrong_screen hu=2972610065 — re-navigating
06:40:56 [INFO] core.sap_client — setup_phase1_start
06:41:01 [INFO] core.sap_client — tx_opened code=/nZMOVEINBHU current_tx=ZMOVEINBHU
06:41:01 [INFO] core.sap_client — phase1_ready — ctxtP_HU confirmed
06:41:14 [INFO] core.queue_model — hu_added hu=2972610066 pallet=10 origin=ITA
06:41:16 [INFO] core.sap_client — hu_phase1_ok hu=2972610065
06:41:16 [WARNING] core.sap_client — phase2_wrong_screen hu=2972610065 — re-navigating
06:41:16 [INFO] core.sap_client — setup_phase2_start
06:41:21 [INFO] core.sap_client — tx_opened code=/nZMMTIJSEP current_tx=ZMMTIJSEP
06:41:21 [INFO] core.sap_client — phase2_ready — txtGV_HU confirmed
06:41:22 [INFO] core.sap_client — hu_phase2_ok hu=2972610065 duration_ms=6472
06:41:22 [WARNING] core.sap_client — phase1_wrong_screen hu=2972610066 — re-navigating
06:41:22 [INFO] core.sap_client — setup_phase1_start
06:41:28 [INFO] core.sap_client — tx_opened code=/nZMOVEINBHU current_tx=ZMOVEINBHU
06:41:28 [INFO] core.sap_client — phase1_ready — ctxtP_HU confirmed
06:41:36 [INFO] core.queue_model — new_pallet id=11
06:41:39 [INFO] core.sap_client — hu_phase1_ok hu=2972610066
06:41:39 [WARNING] core.sap_client — phase2_wrong_screen hu=2972610066 — re-navigating
06:41:39 [INFO] core.sap_client — setup_phase2_start
06:41:44 [INFO] core.sap_client — tx_opened code=/nZMMTIJSEP current_tx=ZMMTIJSEP
06:41:44 [INFO] core.sap_client — phase2_ready — txtGV_HU confirmed
06:41:45 [INFO] core.sap_client — hu_phase2_ok hu=2972610066 duration_ms=6528
06:47:35 [INFO] core.queue_model — queue_worker_stop_requested
06:47:35 [INFO] core.queue_model — executing_sp01
06:47:41 [INFO] core.sap_client — tx_opened code=/nSP01 current_tx=SP01
06:47:43 [INFO] core.sap_client — sp01_executed
06:47:43 [INFO] core.queue_model — queue_worker_stopped
06:47:43 [INFO] core.queue_model — queue_worker_stop_requested
06:47:59 [INFO] core.queue_model — hu_added hu=2972610316 pallet=1 origin=ITA
06:48:02 [INFO] core.queue_model — queue_worker_started
06:48:02 [INFO] ui.queue_window — worker_started_from_ui
06:48:03 [INFO] core.sap_client — sap_connected system=LUP user=LOPEZHJC
06:48:03 [INFO] core.queue_model — queue_worker_sap_connected
06:48:03 [INFO] core.sap_client — setup_phase1_start
06:48:08 [INFO] core.sap_client — tx_opened code=/nZMOVEINBHU current_tx=ZMOVEINBHU
06:48:08 [INFO] core.sap_client — phase1_ready — ctxtP_HU confirmed
06:48:08 [INFO] core.queue_model — hu_added hu=2972563479 pallet=2 origin=ITA
06:48:12 [INFO] core.sap_client — hu_phase1_ok hu=2972610316
06:48:12 [INFO] core.sap_client — setup_phase2_start
06:48:17 [INFO] core.sap_client — tx_opened code=/nZMMTIJSEP current_tx=ZMMTIJSEP
06:48:17 [INFO] core.sap_client — phase2_ready — txtGV_HU confirmed
06:48:19 [INFO] core.sap_client — hu_phase2_ok hu=2972610316 duration_ms=1054
06:48:19 [INFO] core.sap_client — setup_phase1_start
06:48:24 [INFO] core.sap_client — tx_opened code=/nZMOVEINBHU current_tx=ZMOVEINBHU
06:48:24 [INFO] core.sap_client — phase1_ready — ctxtP_HU confirmed
06:48:28 [INFO] core.sap_client — hu_phase1_ok hu=2972563479
06:48:28 [WARNING] core.sap_client — phase2_wrong_screen hu=2972563479 — re-navigating
06:48:28 [INFO] core.sap_client — setup_phase2_start
06:48:33 [INFO] core.sap_client — tx_opened code=/nZMMTIJSEP current_tx=ZMMTIJSEP
06:48:33 [INFO] core.sap_client — phase2_ready — txtGV_HU confirmed
06:48:34 [INFO] core.sap_client — hu_phase2_ok hu=2972563479 duration_ms=6193
06:48:42 [INFO] core.queue_model — queue_worker_stop_requested
06:48:42 [INFO] core.queue_model — executing_sp01
06:48:48 [INFO] core.sap_client — tx_opened code=/nSP01 current_tx=SP01
06:48:50 [INFO] core.sap_client — sp01_executed
06:48:50 [INFO] core.queue_model — queue_worker_stopped
06:48:50 [INFO] core.queue_model — queue_worker_stop_requested
06:50:32 [INFO] core.queue_model — hu_added hu=T10045839370 pallet=1 origin=THA
06:50:36 [INFO] core.queue_model — new_pallet id=2
06:51:41 [INFO] core.queue_model — queue_worker_started
06:51:41 [INFO] ui.queue_window — worker_started_from_ui
06:51:42 [INFO] core.sap_client — sap_connected system=LUP user=LOPEZHJC
06:51:42 [INFO] core.queue_model — queue_worker_sap_connected
06:51:42 [INFO] core.sap_client — setup_phase1_start
06:51:45 [INFO] core.queue_model — hu_added hu=T10045864449 pallet=2 origin=THA
06:51:47 [INFO] core.sap_client — tx_opened code=/nZMOVEINBHU current_tx=ZMOVEINBHU
06:51:47 [INFO] core.sap_client — phase1_ready — ctxtP_HU confirmed
06:51:50 [INFO] core.queue_model — new_pallet id=3
06:51:53 [INFO] core.sap_client — hu_phase1_ok hu=T10045839370
06:51:53 [INFO] core.sap_client — setup_phase2_start
06:51:58 [INFO] core.sap_client — tx_opened code=/nZMMTIJSEP current_tx=ZMMTIJSEP
06:51:58 [INFO] core.sap_client — phase2_ready — txtGV_HU confirmed
06:51:59 [INFO] core.sap_client — hu_phase2_ok hu=T10045839370 duration_ms=1000
06:51:59 [INFO] core.sap_client — setup_phase1_start
06:52:04 [INFO] core.sap_client — tx_opened code=/nZMOVEINBHU current_tx=ZMOVEINBHU
06:52:04 [INFO] core.sap_client — phase1_ready — ctxtP_HU confirmed
06:52:09 [INFO] core.sap_client — hu_phase1_ok hu=T10045864449
06:52:09 [WARNING] core.sap_client — phase2_wrong_screen hu=T10045864449 — re-navigating
06:52:09 [INFO] core.sap_client — setup_phase2_start
06:52:14 [INFO] core.sap_client — tx_opened code=/nZMMTIJSEP current_tx=ZMMTIJSEP
06:52:14 [INFO] core.sap_client — phase2_ready — txtGV_HU confirmed
06:52:15 [INFO] core.sap_client — hu_phase2_ok hu=T10045864449 duration_ms=6134
06:52:21 [INFO] core.queue_model — hu_added hu=T10045853594 pallet=3 origin=THA
06:52:21 [WARNING] core.sap_client — phase1_wrong_screen hu=T10045853594 — re-navigating
06:52:21 [INFO] core.sap_client — setup_phase1_start
06:52:24 [INFO] core.queue_model — hu_added hu=T10045835130 pallet=3 origin=THA
06:52:26 [INFO] core.queue_model — hu_added hu=T10045864475 pallet=3 origin=THA
06:52:27 [INFO] core.sap_client — tx_opened code=/nZMOVEINBHU current_tx=ZMOVEINBHU
06:52:27 [INFO] core.sap_client — phase1_ready — ctxtP_HU confirmed
06:52:30 [INFO] core.sap_client — hu_phase1_ok hu=T10045853594
06:52:30 [WARNING] core.sap_client — phase2_wrong_screen hu=T10045853594 — re-navigating
06:52:30 [INFO] core.sap_client — setup_phase2_start
06:52:31 [INFO] core.queue_model — hu_added hu=T10045835129 pallet=3 origin=THA
06:52:33 [INFO] core.queue_model — hu_added hu=T10045829996 pallet=3 origin=THA
06:52:36 [INFO] core.sap_client — tx_opened code=/nZMMTIJSEP current_tx=ZMMTIJSEP
06:52:36 [INFO] core.sap_client — phase2_ready — txtGV_HU confirmed
06:52:36 [INFO] core.sap_client — hu_phase2_ok hu=T10045853594 duration_ms=6037
06:52:36 [WARNING] core.sap_client — phase1_wrong_screen hu=T10045835130 — re-navigating
06:52:36 [INFO] core.sap_client — setup_phase1_start
06:52:40 [INFO] core.queue_model — hu_added hu=T10045864330 pallet=3 origin=THA
06:52:42 [INFO] core.sap_client — tx_opened code=/nZMOVEINBHU current_tx=ZMOVEINBHU
06:52:42 [INFO] core.sap_client — phase1_ready — ctxtP_HU confirmed
06:52:46 [INFO] core.sap_client — hu_phase1_ok hu=T10045835130
06:52:46 [WARNING] core.sap_client — phase2_wrong_screen hu=T10045835130 — re-navigating
06:52:46 [INFO] core.sap_client — setup_phase2_start
06:52:49 [INFO] core.queue_model — hu_added hu=T10045835985 pallet=3 origin=THA
06:52:51 [INFO] core.sap_client — tx_opened code=/nZMMTIJSEP current_tx=ZMMTIJSEP
06:52:51 [INFO] core.sap_client — phase2_ready — txtGV_HU confirmed
06:52:52 [INFO] core.sap_client — hu_phase2_ok hu=T10045835130 duration_ms=6197
06:52:52 [WARNING] core.sap_client — phase1_wrong_screen hu=T10045864475 — re-navigating
06:52:52 [INFO] core.sap_client — setup_phase1_start
06:52:58 [INFO] core.sap_client — tx_opened code=/nZMOVEINBHU current_tx=ZMOVEINBHU
06:52:58 [INFO] core.sap_client — phase1_ready — ctxtP_HU confirmed
06:52:59 [INFO] core.queue_model — hu_added hu=T10045853589 pallet=3 origin=THA
06:53:02 [INFO] core.sap_client — hu_phase1_ok hu=T10045864475
06:53:02 [WARNING] core.sap_client — phase2_wrong_screen hu=T10045864475 — re-navigating
06:53:02 [INFO] core.sap_client — setup_phase2_start
06:53:07 [INFO] core.sap_client — tx_opened code=/nZMMTIJSEP current_tx=ZMMTIJSEP
06:53:07 [INFO] core.sap_client — phase2_ready — txtGV_HU confirmed
06:53:08 [INFO] core.sap_client — hu_phase2_ok hu=T10045864475 duration_ms=6118
06:53:08 [WARNING] core.sap_client — phase1_wrong_screen hu=T10045835129 — re-navigating
06:53:08 [INFO] core.sap_client — setup_phase1_start
06:53:10 [INFO] core.queue_model — hu_added hu=T10045788930 pallet=3 origin=THA
06:53:11 [INFO] core.queue_model — hu_added hu=T10045836003 pallet=3 origin=THA
06:53:13 [INFO] core.sap_client — tx_opened code=/nZMOVEINBHU current_tx=ZMOVEINBHU
06:53:13 [INFO] core.sap_client — phase1_ready — ctxtP_HU confirmed
06:53:13 [INFO] core.queue_model — hu_added hu=T10045835217 pallet=3 origin=THA
06:53:17 [INFO] core.sap_client — hu_phase1_ok hu=T10045835129
06:53:17 [WARNING] core.sap_client — phase2_wrong_screen hu=T10045835129 — re-navigating
06:53:17 [INFO] core.sap_client — setup_phase2_start
06:53:22 [INFO] core.queue_model — hu_added hu=T10045850596 pallet=3 origin=THA
06:53:23 [INFO] core.sap_client — tx_opened code=/nZMMTIJSEP current_tx=ZMMTIJSEP
06:53:23 [INFO] core.sap_client — phase2_ready — txtGV_HU confirmed
06:53:23 [INFO] core.sap_client — hu_phase2_ok hu=T10045835129 duration_ms=6185
06:53:23 [WARNING] core.sap_client — phase1_wrong_screen hu=T10045829996 — re-navigating
06:53:23 [INFO] core.sap_client — setup_phase1_start
06:53:25 [INFO] core.queue_model — hu_added hu=T10045836033 pallet=3 origin=THA
06:53:29 [INFO] core.sap_client — tx_opened code=/nZMOVEINBHU current_tx=ZMOVEINBHU
06:53:29 [INFO] core.sap_client — phase1_ready — ctxtP_HU confirmed
06:53:33 [INFO] core.sap_client — hu_phase1_ok hu=T10045829996
06:53:33 [WARNING] core.sap_client — phase2_wrong_screen hu=T10045829996 — re-navigating
06:53:33 [INFO] core.sap_client — setup_phase2_start
06:53:38 [INFO] core.sap_client — tx_opened code=/nZMMTIJSEP current_tx=ZMMTIJSEP
06:53:38 [INFO] core.sap_client — phase2_ready — txtGV_HU confirmed
06:53:39 [INFO] core.sap_client — hu_phase2_ok hu=T10045829996 duration_ms=6210
06:53:39 [WARNING] core.sap_client — phase1_wrong_screen hu=T10045864330 — re-navigating
06:53:39 [INFO] core.sap_client — setup_phase1_start
06:53:44 [INFO] core.sap_client — tx_opened code=/nZMOVEINBHU current_tx=ZMOVEINBHU
06:53:44 [INFO] core.sap_client — phase1_ready — ctxtP_HU confirmed
06:53:48 [INFO] core.sap_client — hu_phase1_ok hu=T10045864330
06:53:48 [WARNING] core.sap_client — phase2_wrong_screen hu=T10045864330 — re-navigating
06:53:48 [INFO] core.sap_client — setup_phase2_start
06:53:53 [INFO] core.sap_client — tx_opened code=/nZMMTIJSEP current_tx=ZMMTIJSEP
06:53:53 [INFO] core.sap_client — phase2_ready — txtGV_HU confirmed
06:53:54 [INFO] core.sap_client — hu_phase2_ok hu=T10045864330 duration_ms=6272
06:53:54 [WARNING] core.sap_client — phase1_wrong_screen hu=T10045835985 — re-navigating
06:53:54 [INFO] core.sap_client — setup_phase1_start
06:54:00 [INFO] core.sap_client — tx_opened code=/nZMOVEINBHU current_tx=ZMOVEINBHU
06:54:00 [INFO] core.sap_client — phase1_ready — ctxtP_HU confirmed
06:54:04 [INFO] core.sap_client — hu_phase1_ok hu=T10045835985
06:54:04 [WARNING] core.sap_client — phase2_wrong_screen hu=T10045835985 — re-navigating
06:54:04 [INFO] core.sap_client — setup_phase2_start
06:54:09 [INFO] core.sap_client — tx_opened code=/nZMMTIJSEP current_tx=ZMMTIJSEP
06:54:09 [INFO] core.sap_client — phase2_ready — txtGV_HU confirmed
06:54:10 [INFO] core.sap_client — hu_phase2_ok hu=T10045835985 duration_ms=6177
06:54:10 [WARNING] core.sap_client — phase1_wrong_screen hu=T10045853589 — re-navigating
06:54:10 [INFO] core.sap_client — setup_phase1_start
06:54:15 [INFO] core.sap_client — tx_opened code=/nZMOVEINBHU current_tx=ZMOVEINBHU
06:54:15 [INFO] core.sap_client — phase1_ready — ctxtP_HU confirmed
06:54:19 [INFO] core.sap_client — hu_phase1_ok hu=T10045853589
06:54:19 [WARNING] core.sap_client — phase2_wrong_screen hu=T10045853589 — re-navigating
06:54:19 [INFO] core.sap_client — setup_phase2_start
06:54:24 [INFO] core.sap_client — tx_opened code=/nZMMTIJSEP current_tx=ZMMTIJSEP
06:54:24 [INFO] core.sap_client — phase2_ready — txtGV_HU confirmed
06:54:25 [INFO] core.sap_client — hu_phase2_ok hu=T10045853589 duration_ms=6255
06:54:25 [WARNING] core.sap_client — phase1_wrong_screen hu=T10045788930 — re-navigating
06:54:25 [INFO] core.sap_client — setup_phase1_start
06:54:31 [INFO] core.sap_client — tx_opened code=/nZMOVEINBHU current_tx=ZMOVEINBHU
06:54:31 [INFO] core.sap_client — phase1_ready — ctxtP_HU confirmed
06:54:35 [INFO] core.sap_client — hu_phase1_ok hu=T10045788930
06:54:35 [WARNING] core.sap_client — phase2_wrong_screen hu=T10045788930 — re-navigating
06:54:35 [INFO] core.sap_client — setup_phase2_start
06:54:40 [INFO] core.sap_client — tx_opened code=/nZMMTIJSEP current_tx=ZMMTIJSEP
06:54:40 [INFO] core.sap_client — phase2_ready — txtGV_HU confirmed
06:54:41 [INFO] core.sap_client — hu_phase2_ok hu=T10045788930 duration_ms=6396
06:54:41 [WARNING] core.sap_client — phase1_wrong_screen hu=T10045836003 — re-navigating
06:54:41 [INFO] core.sap_client — setup_phase1_start
06:54:47 [INFO] core.sap_client — tx_opened code=/nZMOVEINBHU current_tx=ZMOVEINBHU
06:54:47 [INFO] core.sap_client — phase1_ready — ctxtP_HU confirmed
06:54:52 [INFO] core.sap_client — hu_phase1_ok hu=T10045836003
06:54:52 [WARNING] core.sap_client — phase2_wrong_screen hu=T10045836003 — re-navigating
06:54:52 [INFO] core.sap_client — setup_phase2_start
06:54:57 [INFO] core.sap_client — tx_opened code=/nZMMTIJSEP current_tx=ZMMTIJSEP
06:54:57 [INFO] core.sap_client — phase2_ready — txtGV_HU confirmed
06:54:58 [INFO] core.sap_client — hu_phase2_ok hu=T10045836003 duration_ms=6394
06:54:58 [WARNING] core.sap_client — phase1_wrong_screen hu=T10045835217 — re-navigating
06:54:58 [INFO] core.sap_client — setup_phase1_start
06:55:04 [INFO] core.sap_client — tx_opened code=/nZMOVEINBHU current_tx=ZMOVEINBHU
06:55:04 [INFO] core.sap_client — phase1_ready — ctxtP_HU confirmed
06:55:07 [INFO] core.sap_client — hu_phase1_ok hu=T10045835217
06:55:07 [WARNING] core.sap_client — phase2_wrong_screen hu=T10045835217 — re-navigating
06:55:07 [INFO] core.sap_client — setup_phase2_start
06:55:12 [INFO] core.sap_client — tx_opened code=/nZMMTIJSEP current_tx=ZMMTIJSEP
06:55:12 [INFO] core.sap_client — phase2_ready — txtGV_HU confirmed
06:55:13 [INFO] core.sap_client — hu_phase2_ok hu=T10045835217 duration_ms=6235
06:55:13 [WARNING] core.sap_client — phase1_wrong_screen hu=T10045850596 — re-navigating
06:55:13 [INFO] core.sap_client — setup_phase1_start
06:55:19 [INFO] core.sap_client — tx_opened code=/nZMOVEINBHU current_tx=ZMOVEINBHU
06:55:19 [INFO] core.sap_client — phase1_ready — ctxtP_HU confirmed
06:55:21 [INFO] core.queue_model — hu_added hu=T10045788945 pallet=3 origin=THA
06:55:23 [INFO] core.sap_client — hu_phase1_ok hu=T10045850596
06:55:23 [WARNING] core.sap_client — phase2_wrong_screen hu=T10045850596 — re-navigating
06:55:23 [INFO] core.sap_client — setup_phase2_start
06:55:24 [INFO] core.queue_model — hu_added hu=T10045830021 pallet=3 origin=THA
06:55:28 [INFO] core.sap_client — tx_opened code=/nZMMTIJSEP current_tx=ZMMTIJSEP
06:55:28 [INFO] core.sap_client — phase2_ready — txtGV_HU confirmed
06:55:29 [INFO] core.sap_client — hu_phase2_ok hu=T10045850596 duration_ms=6224
06:55:29 [WARNING] core.sap_client — phase1_wrong_screen hu=T10045836033 — re-navigating
06:55:29 [INFO] core.sap_client — setup_phase1_start
06:55:35 [INFO] core.sap_client — tx_opened code=/nZMOVEINBHU current_tx=ZMOVEINBHU
06:55:35 [INFO] core.sap_client — phase1_ready — ctxtP_HU confirmed
06:55:38 [INFO] core.sap_client — hu_phase1_ok hu=T10045836033
06:55:38 [WARNING] core.sap_client — phase2_wrong_screen hu=T10045836033 — re-navigating
06:55:38 [INFO] core.sap_client — setup_phase2_start
06:55:44 [INFO] core.sap_client — tx_opened code=/nZMMTIJSEP current_tx=ZMMTIJSEP
06:55:44 [INFO] core.sap_client — phase2_ready — txtGV_HU confirmed
06:55:44 [INFO] core.sap_client — hu_phase2_ok hu=T10045836033 duration_ms=6098
06:55:44 [WARNING] core.sap_client — phase1_wrong_screen hu=T10045788945 — re-navigating
06:55:44 [INFO] core.sap_client — setup_phase1_start
06:55:50 [INFO] core.sap_client — tx_opened code=/nZMOVEINBHU current_tx=ZMOVEINBHU
06:55:50 [INFO] core.sap_client — phase1_ready — ctxtP_HU confirmed
06:55:53 [INFO] core.sap_client — hu_phase1_ok hu=T10045788945
06:55:53 [WARNING] core.sap_client — phase2_wrong_screen hu=T10045788945 — re-navigating
06:55:53 [INFO] core.sap_client — setup_phase2_start
06:55:59 [INFO] core.sap_client — tx_opened code=/nZMMTIJSEP current_tx=ZMMTIJSEP
06:55:59 [INFO] core.sap_client — phase2_ready — txtGV_HU confirmed
06:55:59 [INFO] core.sap_client — hu_phase2_ok hu=T10045788945 duration_ms=6083
06:55:59 [WARNING] core.sap_client — phase1_wrong_screen hu=T10045830021 — re-navigating
06:55:59 [INFO] core.sap_client — setup_phase1_start
06:56:05 [INFO] core.sap_client — tx_opened code=/nZMOVEINBHU current_tx=ZMOVEINBHU
06:56:05 [INFO] core.sap_client — phase1_ready — ctxtP_HU confirmed
06:56:07 [INFO] core.queue_model — hu_added hu=T10045850595 pallet=3 origin=THA
06:56:09 [INFO] core.sap_client — hu_phase1_ok hu=T10045830021
06:56:09 [WARNING] core.sap_client — phase2_wrong_screen hu=T10045830021 — re-navigating
06:56:09 [INFO] core.sap_client — setup_phase2_start
06:56:14 [INFO] core.sap_client — tx_opened code=/nZMMTIJSEP current_tx=ZMMTIJSEP
06:56:15 [INFO] core.sap_client — phase2_ready — txtGV_HU confirmed
06:56:15 [INFO] core.sap_client — hu_phase2_ok hu=T10045830021 duration_ms=6101
06:56:15 [WARNING] core.sap_client — phase1_wrong_screen hu=T10045850595 — re-navigating
06:56:15 [INFO] core.sap_client — setup_phase1_start
06:56:21 [INFO] core.sap_client — tx_opened code=/nZMOVEINBHU current_tx=ZMOVEINBHU
06:56:21 [INFO] core.sap_client — phase1_ready — ctxtP_HU confirmed
06:56:25 [INFO] core.sap_client — hu_phase1_ok hu=T10045850595
06:56:25 [WARNING] core.sap_client — phase2_wrong_screen hu=T10045850595 — re-navigating
06:56:25 [INFO] core.sap_client — setup_phase2_start
06:56:30 [INFO] core.sap_client — tx_opened code=/nZMMTIJSEP current_tx=ZMMTIJSEP
06:56:30 [INFO] core.sap_client — phase2_ready — txtGV_HU confirmed
06:56:31 [INFO] core.sap_client — hu_phase2_ok hu=T10045850595 duration_ms=6165
06:56:36 [INFO] core.queue_model — hu_added hu=T20000112231 pallet=3 origin=UNK
06:56:36 [WARNING] core.sap_client — phase1_wrong_screen hu=T20000112231 — re-navigating
06:56:36 [INFO] core.sap_client — setup_phase1_start
06:56:42 [INFO] core.sap_client — tx_opened code=/nZMOVEINBHU current_tx=ZMOVEINBHU
06:56:42 [INFO] core.sap_client — phase1_ready — ctxtP_HU confirmed
06:56:45 [INFO] core.sap_client — hu_phase1_ok hu=T20000112231
06:56:45 [WARNING] core.sap_client — phase2_wrong_screen hu=T20000112231 — re-navigating
06:56:45 [INFO] core.sap_client — setup_phase2_start
06:56:51 [INFO] core.sap_client — tx_opened code=/nZMMTIJSEP current_tx=ZMMTIJSEP
06:56:51 [INFO] core.sap_client — phase2_ready — txtGV_HU confirmed
06:56:51 [INFO] core.sap_client — hu_phase2_ok hu=T20000112231 duration_ms=6094
06:57:29 [INFO] core.queue_model — new_pallet id=4
06:57:33 [INFO] core.queue_model — hu_added hu=T10045864395 pallet=4 origin=THA
06:57:33 [WARNING] core.sap_client — phase1_wrong_screen hu=T10045864395 — re-navigating
06:57:33 [INFO] core.sap_client — setup_phase1_start
06:57:36 [INFO] core.queue_model — hu_added hu=T10045839711 pallet=4 origin=THA
06:57:38 [INFO] core.queue_model — hu_added hu=T10045864405 pallet=4 origin=THA
06:57:38 [INFO] core.sap_client — tx_opened code=/nZMOVEINBHU current_tx=ZMOVEINBHU
06:57:38 [INFO] core.sap_client — phase1_ready — ctxtP_HU confirmed
06:57:42 [INFO] core.sap_client — hu_phase1_ok hu=T10045864395
06:57:42 [WARNING] core.sap_client — phase2_wrong_screen hu=T10045864395 — re-navigating
06:57:42 [INFO] core.sap_client — setup_phase2_start
06:57:42 [INFO] core.queue_model — hu_added hu=T10045839782 pallet=4 origin=THA
06:57:47 [INFO] core.sap_client — tx_opened code=/nZMMTIJSEP current_tx=ZMMTIJSEP
06:57:47 [INFO] core.sap_client — phase2_ready — txtGV_HU confirmed
06:57:48 [INFO] core.sap_client — hu_phase2_ok hu=T10045864395 duration_ms=6095
06:57:48 [WARNING] core.sap_client — phase1_wrong_screen hu=T10045839711 — re-navigating
06:57:48 [INFO] core.sap_client — setup_phase1_start
06:57:50 [INFO] core.queue_model — hu_added hu=T10045869242 pallet=4 origin=THA
06:57:53 [INFO] core.sap_client — tx_opened code=/nZMOVEINBHU current_tx=ZMOVEINBHU
06:57:53 [INFO] core.sap_client — phase1_ready — ctxtP_HU confirmed
06:57:57 [INFO] core.sap_client — hu_phase1_ok hu=T10045839711
06:57:57 [WARNING] core.sap_client — phase2_wrong_screen hu=T10045839711 — re-navigating
06:57:57 [INFO] core.sap_client — setup_phase2_start
06:58:02 [INFO] core.sap_client — tx_opened code=/nZMMTIJSEP current_tx=ZMMTIJSEP
06:58:02 [INFO] core.sap_client — phase2_ready — txtGV_HU confirmed
06:58:03 [INFO] core.sap_client — hu_phase2_ok hu=T10045839711 duration_ms=6152
06:58:03 [WARNING] core.sap_client — phase1_wrong_screen hu=T10045864405 — re-navigating
06:58:03 [INFO] core.sap_client — setup_phase1_start
06:58:08 [INFO] core.sap_client — tx_opened code=/nZMOVEINBHU current_tx=ZMOVEINBHU
06:58:08 [INFO] core.sap_client — phase1_ready — ctxtP_HU confirmed
06:58:10 [INFO] core.queue_model — hu_added hu=T10045835214 pallet=4 origin=THA
06:58:12 [INFO] core.sap_client — hu_phase1_ok hu=T10045864405
06:58:12 [WARNING] core.sap_client — phase2_wrong_screen hu=T10045864405 — re-navigating
06:58:12 [INFO] core.sap_client — setup_phase2_start
06:58:17 [INFO] core.sap_client — tx_opened code=/nZMMTIJSEP current_tx=ZMMTIJSEP
06:58:17 [INFO] core.sap_client — phase2_ready — txtGV_HU confirmed
06:58:18 [INFO] core.sap_client — hu_phase2_ok hu=T10045864405 duration_ms=6139
06:58:18 [WARNING] core.sap_client — phase1_wrong_screen hu=T10045839782 — re-navigating
06:58:18 [INFO] core.sap_client — setup_phase1_start
06:58:23 [INFO] core.sap_client — tx_opened code=/nZMOVEINBHU current_tx=ZMOVEINBHU
06:58:23 [INFO] core.sap_client — phase1_ready — ctxtP_HU confirmed
06:58:27 [INFO] core.queue_model — hu_added hu=T10045788943 pallet=4 origin=THA
06:58:27 [INFO] core.sap_client — hu_phase1_ok hu=T10045839782
06:58:27 [WARNING] core.sap_client — phase2_wrong_screen hu=T10045839782 — re-navigating
06:58:27 [INFO] core.sap_client — setup_phase2_start
06:58:32 [INFO] core.sap_client — tx_opened code=/nZMMTIJSEP current_tx=ZMMTIJSEP
06:58:32 [INFO] core.sap_client — phase2_ready — txtGV_HU confirmed
06:58:33 [INFO] core.sap_client — hu_phase2_ok hu=T10045839782 duration_ms=6130
06:58:33 [WARNING] core.sap_client — phase1_wrong_screen hu=T10045869242 — re-navigating
06:58:33 [INFO] core.sap_client — setup_phase1_start
06:58:38 [INFO] core.sap_client — tx_opened code=/nZMOVEINBHU current_tx=ZMOVEINBHU
06:58:38 [INFO] core.sap_client — phase1_ready — ctxtP_HU confirmed
06:58:42 [INFO] core.sap_client — hu_phase1_ok hu=T10045869242
06:58:42 [WARNING] core.sap_client — phase2_wrong_screen hu=T10045869242 — re-navigating
06:58:42 [INFO] core.sap_client — setup_phase2_start
06:58:47 [INFO] core.sap_client — tx_opened code=/nZMMTIJSEP current_tx=ZMMTIJSEP
06:58:47 [INFO] core.sap_client — phase2_ready — txtGV_HU confirmed
06:58:48 [INFO] core.sap_client — hu_phase2_ok hu=T10045869242 duration_ms=6159
06:58:48 [WARNING] core.sap_client — phase1_wrong_screen hu=T10045835214 — re-navigating
06:58:48 [INFO] core.sap_client — setup_phase1_start
06:58:54 [INFO] core.sap_client — tx_opened code=/nZMOVEINBHU current_tx=ZMOVEINBHU
06:58:54 [INFO] core.sap_client — phase1_ready — ctxtP_HU confirmed
06:58:56 [INFO] core.queue_model — hu_added hu=T10045864406 pallet=4 origin=THA
06:58:58 [INFO] core.sap_client — hu_phase1_ok hu=T10045835214
06:58:58 [WARNING] core.sap_client — phase2_wrong_screen hu=T10045835214 — re-navigating
06:58:58 [INFO] core.sap_client — setup_phase2_start
06:59:03 [INFO] core.sap_client — tx_opened code=/nZMMTIJSEP current_tx=ZMMTIJSEP
06:59:03 [INFO] core.sap_client — phase2_ready — txtGV_HU confirmed
06:59:04 [INFO] core.sap_client — hu_phase2_ok hu=T10045835214 duration_ms=6177
06:59:04 [WARNING] core.sap_client — phase1_wrong_screen hu=T10045788943 — re-navigating
06:59:04 [INFO] core.sap_client — setup_phase1_start
06:59:10 [INFO] core.sap_client — tx_opened code=/nZMOVEINBHU current_tx=ZMOVEINBHU
06:59:10 [INFO] core.sap_client — phase1_ready — ctxtP_HU confirmed
06:59:15 [INFO] core.sap_client — hu_phase1_ok hu=T10045788943
06:59:15 [WARNING] core.sap_client — phase2_wrong_screen hu=T10045788943 — re-navigating
06:59:15 [INFO] core.sap_client — setup_phase2_start
06:59:20 [INFO] core.sap_client — tx_opened code=/nZMMTIJSEP current_tx=ZMMTIJSEP
06:59:20 [INFO] core.sap_client — phase2_ready — txtGV_HU confirmed
06:59:21 [INFO] core.sap_client — hu_phase2_ok hu=T10045788943 duration_ms=6082
06:59:21 [WARNING] core.sap_client — phase1_wrong_screen hu=T10045864406 — re-navigating
06:59:21 [INFO] core.sap_client — setup_phase1_start
06:59:23 [WARNING] core.queue_model — hu_duplicate_scan hu=T10045788943
06:59:26 [INFO] core.sap_client — tx_opened code=/nZMOVEINBHU current_tx=ZMOVEINBHU
06:59:26 [INFO] core.sap_client — phase1_ready — ctxtP_HU confirmed
06:59:29 [INFO] core.sap_client — hu_phase1_ok hu=T10045864406
06:59:29 [WARNING] core.sap_client — phase2_wrong_screen hu=T10045864406 — re-navigating
06:59:29 [INFO] core.sap_client — setup_phase2_start
06:59:35 [INFO] core.sap_client — tx_opened code=/nZMMTIJSEP current_tx=ZMMTIJSEP
06:59:35 [INFO] core.sap_client — phase2_ready — txtGV_HU confirmed
06:59:36 [INFO] core.sap_client — hu_phase2_ok hu=T10045864406 duration_ms=6055
07:00:30 [INFO] core.queue_model — queue_worker_stop_requested
07:00:30 [INFO] core.queue_model — executing_sp01
07:00:36 [INFO] core.sap_client — tx_opened code=/nSP01 current_tx=SP01
07:00:38 [INFO] core.sap_client — sp01_executed
07:00:38 [INFO] core.queue_model — queue_worker_stopped
07:00:38 [INFO] core.queue_model — queue_worker_stop_requested
07:05:18 [INFO] core.queue_model — queue_worker_started
07:05:18 [INFO] ui.queue_window — worker_started_from_ui
07:05:18 [INFO] core.sap_client — sap_connected system=LUP user=LOPEZHJC
07:05:18 [INFO] core.queue_model — queue_worker_sap_connected
07:05:46 [INFO] core.queue_model — hu_added hu=C1015935606 pallet=4 origin=ATL
07:05:46 [INFO] core.sap_client — setup_phase1_start
07:05:52 [INFO] core.sap_client — tx_opened code=/nZMOVEINBHU current_tx=ZMOVEINBHU
07:05:52 [INFO] core.sap_client — phase1_ready — ctxtP_HU confirmed
07:05:56 [INFO] core.sap_client — hu_phase1_ok hu=C1015935606
07:05:56 [INFO] core.sap_client — setup_phase2_start
07:06:01 [INFO] core.sap_client — tx_opened code=/nZMMTIJSEP current_tx=ZMMTIJSEP
07:06:01 [INFO] core.sap_client — phase2_ready — txtGV_HU confirmed
07:06:02 [INFO] core.sap_client — hu_phase2_ok hu=C1015935606 duration_ms=1001
07:06:05 [INFO] core.queue_model — new_pallet id=5
07:06:28 [INFO] core.queue_model — hu_added hu=C1015537607 pallet=5 origin=ATL
07:06:28 [INFO] core.sap_client — setup_phase1_start
07:06:34 [INFO] core.sap_client — tx_opened code=/nZMOVEINBHU current_tx=ZMOVEINBHU
07:06:34 [INFO] core.sap_client — phase1_ready — ctxtP_HU confirmed
07:06:37 [INFO] core.sap_client — hu_phase1_ok hu=C1015537607
07:06:37 [WARNING] core.sap_client — phase2_wrong_screen hu=C1015537607 — re-navigating
07:06:37 [INFO] core.sap_client — setup_phase2_start
07:06:38 [INFO] core.queue_model — new_pallet id=6
07:06:43 [INFO] core.sap_client — tx_opened code=/nZMMTIJSEP current_tx=ZMMTIJSEP
07:06:43 [INFO] core.sap_client — phase2_ready — txtGV_HU confirmed
07:06:44 [INFO] core.sap_client — hu_phase2_ok hu=C1015537607 duration_ms=6182
07:06:59 [INFO] core.queue_model — hu_added hu=C1015914767 pallet=6 origin=ATL
07:06:59 [WARNING] core.sap_client — phase1_wrong_screen hu=C1015914767 — re-navigating
07:06:59 [INFO] core.sap_client — setup_phase1_start
07:07:04 [INFO] core.sap_client — tx_opened code=/nZMOVEINBHU current_tx=ZMOVEINBHU
07:07:05 [INFO] core.sap_client — phase1_ready — ctxtP_HU confirmed
07:07:09 [INFO] core.sap_client — hu_phase1_ok hu=C1015914767
07:07:09 [WARNING] core.sap_client — phase2_wrong_screen hu=C1015914767 — re-navigating
07:07:09 [INFO] core.sap_client — setup_phase2_start
07:07:10 [INFO] core.queue_model — new_pallet id=7
07:07:14 [INFO] core.sap_client — tx_opened code=/nZMMTIJSEP current_tx=ZMMTIJSEP
07:07:14 [INFO] core.sap_client — phase2_ready — txtGV_HU confirmed
07:07:15 [INFO] core.sap_client — hu_phase2_ok hu=C1015914767 duration_ms=6207
07:07:33 [INFO] core.queue_model — hu_added hu=C1015935608 pallet=7 origin=ATL
07:07:33 [WARNING] core.sap_client — phase1_wrong_screen hu=C1015935608 — re-navigating
07:07:33 [INFO] core.sap_client — setup_phase1_start
07:07:39 [INFO] core.sap_client — tx_opened code=/nZMOVEINBHU current_tx=ZMOVEINBHU
07:07:39 [INFO] core.sap_client — phase1_ready — ctxtP_HU confirmed
07:07:41 [INFO] core.queue_model — new_pallet id=8
07:07:41 [INFO] core.queue_model — hu_added hu=C1015935630 pallet=8 origin=ATL
07:07:43 [INFO] core.queue_model — new_pallet id=9
07:07:43 [INFO] core.sap_client — hu_phase1_ok hu=C1015935608
07:07:43 [WARNING] core.sap_client — phase2_wrong_screen hu=C1015935608 — re-navigating
07:07:43 [INFO] core.sap_client — setup_phase2_start
07:07:45 [INFO] core.queue_model — hu_added hu=C1015537600 pallet=9 origin=ATL
07:07:48 [INFO] core.sap_client — tx_opened code=/nZMMTIJSEP current_tx=ZMMTIJSEP
07:07:48 [INFO] core.sap_client — phase2_ready — txtGV_HU confirmed
07:07:49 [INFO] core.sap_client — hu_phase2_ok hu=C1015935608 duration_ms=6151
07:07:49 [WARNING] core.sap_client — phase1_wrong_screen hu=C1015935630 — re-navigating
07:07:49 [INFO] core.sap_client — setup_phase1_start
07:07:55 [INFO] core.sap_client — tx_opened code=/nZMOVEINBHU current_tx=ZMOVEINBHU
07:07:55 [INFO] core.sap_client — phase1_ready — ctxtP_HU confirmed
07:07:58 [INFO] core.sap_client — hu_phase1_ok hu=C1015935630
07:07:58 [WARNING] core.sap_client — phase2_wrong_screen hu=C1015935630 — re-navigating
07:07:58 [INFO] core.sap_client — setup_phase2_start
07:08:04 [INFO] core.sap_client — tx_opened code=/nZMMTIJSEP current_tx=ZMMTIJSEP
07:08:04 [INFO] core.sap_client — phase2_ready — txtGV_HU confirmed
07:08:04 [INFO] core.sap_client — hu_phase2_ok hu=C1015935630 duration_ms=6029
07:08:04 [WARNING] core.sap_client — phase1_wrong_screen hu=C1015537600 — re-navigating
07:08:04 [INFO] core.sap_client — setup_phase1_start
07:08:10 [INFO] core.sap_client — tx_opened code=/nZMOVEINBHU current_tx=ZMOVEINBHU
07:08:10 [INFO] core.sap_client — phase1_ready — ctxtP_HU confirmed
07:08:13 [INFO] core.sap_client — hu_phase1_ok hu=C1015537600
07:08:13 [WARNING] core.sap_client — phase2_wrong_screen hu=C1015537600 — re-navigating
07:08:13 [INFO] core.sap_client — setup_phase2_start
07:08:18 [INFO] core.sap_client — tx_opened code=/nZMMTIJSEP current_tx=ZMMTIJSEP
07:08:18 [INFO] core.sap_client — phase2_ready — txtGV_HU confirmed
07:08:19 [INFO] core.sap_client — hu_phase2_ok hu=C1015537600 duration_ms=6159
07:08:52 [INFO] core.queue_model — queue_worker_stop_requested
07:08:53 [INFO] core.queue_model — executing_sp01
07:08:58 [INFO] core.sap_client — tx_opened code=/nSP01 current_tx=SP01
07:09:00 [INFO] core.sap_client — sp01_executed
07:09:00 [INFO] core.queue_model — queue_worker_stopped
07:09:00 [INFO] core.queue_model — queue_worker_stop_requested
07:10:05 [INFO] core.queue_model — new_pallet id=1
07:10:05 [INFO] core.queue_model — new_pallet id=2
07:10:06 [INFO] core.queue_model — new_pallet id=3
07:10:07 [INFO] core.queue_model — new_pallet id=4
07:10:07 [INFO] core.queue_model — new_pallet id=5
07:10:07 [INFO] core.queue_model — new_pallet id=6
07:10:07 [INFO] core.queue_model — new_pallet id=7
07:10:07 [INFO] core.queue_model — new_pallet id=8
07:10:07 [INFO] core.queue_model — new_pallet id=9
10:57:08 [INFO] core.queue_model — hu_added hu=2972610495 pallet=1 origin=ITA
10:57:10 [INFO] core.queue_model — new_pallet id=2
11:00:16 [INFO] core.queue_model — hu_added hu=2972606768 pallet=3 origin=ITA
11:00:28 [INFO] core.queue_model — hu_added hu=2972610495 pallet=1 origin=ITA
11:00:36 [INFO] core.queue_model — hu_added hu=2972606768 pallet=2 origin=ITA
11:00:44 [INFO] core.queue_model — queue_worker_started
11:00:44 [INFO] ui.queue_window — worker_started_from_ui
11:00:44 [INFO] core.sap_client — sap_connected system=LUP user=LOPEZHJC
11:00:44 [INFO] core.queue_model — queue_worker_sap_connected
11:00:44 [INFO] core.sap_client — setup_phase1_start
11:00:50 [INFO] core.sap_client — tx_opened code=/nZMOVEINBHU current_tx=ZMOVEINBHU
11:00:50 [INFO] core.sap_client — phase1_ready — ctxtP_HU confirmed
11:00:53 [INFO] core.sap_client — hu_phase1_duplicate hu=2972610495
11:00:53 [INFO] core.sap_client — setup_phase2_start
11:00:58 [INFO] core.sap_client — tx_opened code=/nZMMTIJSEP current_tx=ZMMTIJSEP
11:00:58 [INFO] core.sap_client — phase2_ready — txtGV_HU confirmed
11:00:59 [INFO] core.sap_client — hu_phase2_ok hu=2972610495 duration_ms=1001
11:00:59 [INFO] core.queue_model — sp01_per_pallet - pallet=1
11:01:04 [INFO] core.sap_client — tx_opened code=/nSP01 current_tx=SP01
11:01:07 [INFO] core.sap_client — sp01_executed
11:01:39 [INFO] core.queue_model — queue_worker_stop_requested
11:05:50 [INFO] core.queue_model — hu_added hu=2972610495 pallet=1 origin=ITA
11:05:52 [INFO] core.queue_model — hu_added hu=2972606846 pallet=2 origin=ITA
11:05:54 [INFO] core.queue_model — hu_added hu=2972606768 pallet=3 origin=ITA
11:05:58 [INFO] core.queue_model — queue_worker_started
11:05:58 [INFO] ui.queue_window — worker_started_from_ui
11:05:58 [INFO] core.sap_client — sap_connected system=LUP user=LOPEZHJC
11:05:58 [INFO] core.queue_model — queue_worker_sap_connected
11:05:58 [INFO] core.sap_client — setup_phase1_start
11:06:04 [INFO] core.sap_client — tx_opened code=/nZMOVEINBHU current_tx=ZMOVEINBHU
11:06:04 [INFO] core.sap_client — phase1_ready — ctxtP_HU confirmed
11:06:07 [INFO] core.sap_client — hu_phase1_duplicate hu=2972610495
11:06:07 [INFO] core.sap_client — setup_phase2_start
11:06:12 [INFO] core.sap_client — tx_opened code=/nZMMTIJSEP current_tx=ZMMTIJSEP
11:06:12 [INFO] core.sap_client — phase2_ready — txtGV_HU confirmed
11:06:13 [INFO] core.sap_client — hu_phase2_ok hu=2972610495 duration_ms=1002
11:06:13 [INFO] core.queue_model — sp01_per_pallet - pallet=1
11:06:19 [INFO] core.sap_client — tx_opened code=/nSP01 current_tx=SP01
11:06:21 [INFO] core.sap_client — sp01_executed
11:06:52 [INFO] core.sap_client — setup_phase1_start
11:06:57 [INFO] core.sap_client — tx_opened code=/nZMOVEINBHU current_tx=ZMOVEINBHU
11:06:57 [INFO] core.sap_client — phase1_ready — ctxtP_HU confirmed
11:07:00 [INFO] core.sap_client — hu_phase1_duplicate hu=2972606846
11:07:00 [WARNING] core.sap_client — phase2_wrong_screen hu=2972606846 — re-navigating
11:07:00 [INFO] core.sap_client — setup_phase2_start
11:07:06 [INFO] core.sap_client — tx_opened code=/nZMMTIJSEP current_tx=ZMMTIJSEP
11:07:06 [INFO] core.sap_client — phase2_ready — txtGV_HU confirmed
11:07:06 [INFO] core.sap_client — hu_phase2_ok hu=2972606846 duration_ms=5771
11:07:06 [INFO] core.queue_model — sp01_per_pallet - pallet=2
11:07:11 [INFO] core.sap_client — tx_opened code=/nSP01 current_tx=SP01
11:07:14 [INFO] core.sap_client — sp01_executed
11:07:16 [INFO] core.queue_model — queue_worker_stop_requested
11:35:15 [INFO] core.queue_model — hu_added hu=2972606846 pallet=1 origin=ITA
11:35:18 [INFO] core.queue_model — hu_added hu=2972610495 pallet=2 origin=ITA
11:35:53 [INFO] core.queue_model — hu_added hu=2972606846 pallet=1 origin=ITA
11:35:54 [INFO] core.queue_model — hu_added hu=2972610495 pallet=2 origin=ITA
11:37:04 [INFO] core.queue_model — hu_added hu=2972606846 pallet=1 origin=ITA
11:37:06 [INFO] core.queue_model — hu_added hu=2972610495 pallet=2 origin=ITA
11:37:07 [INFO] core.queue_model — queue_worker_started print_per_pallet=True
11:37:07 [INFO] ui.queue_window — worker_started_from_ui
11:37:07 [INFO] core.sap_client — sap_connected system=LUP user=LOPEZHJC
11:37:07 [INFO] core.queue_model — queue_worker_sap_connected
11:37:07 [INFO] core.sap_client — setup_phase1_start
11:37:13 [INFO] core.sap_client — tx_opened code=/nZMOVEINBHU current_tx=ZMOVEINBHU
11:37:13 [INFO] core.sap_client — phase1_ready — ctxtP_HU confirmed
11:37:16 [INFO] core.sap_client — hu_phase1_duplicate hu=2972606846
11:37:16 [INFO] core.sap_client — setup_phase2_start
11:37:21 [INFO] core.sap_client — tx_opened code=/nZMMTIJSEP current_tx=ZMMTIJSEP
11:37:21 [INFO] core.sap_client — phase2_ready — txtGV_HU confirmed
11:37:22 [INFO] core.sap_client — hu_phase2_ok hu=2972606846 duration_ms=1004
11:37:22 [INFO] core.queue_model — pallet_done pallet=1 hu_codes=['2972606846']
11:37:27 [INFO] core.sap_client — tx_opened code=/nSP01 current_tx=SP01
11:37:29 [WARNING] core.sap_client — sp01_no_rows_found hu_codes=['2972606846']
11:37:30 [INFO] core.queue_model — sp01_pallet_result={'status': 'error', 'message': 'No se encontraron spools para el pallet (HUs: 2972606846)', 'marked': 0}
11:37:30 [INFO] ui.queue_window — ui_paused_after_pallet pallet_id=1
11:38:50 [INFO] core.queue_model — queue_worker_resumed_by_ui
11:38:50 [INFO] ui.queue_window — continue_pressed_by_user
11:38:50 [INFO] core.queue_model — queue_worker_resumed_processing
11:38:50 [INFO] core.sap_client — setup_phase1_start
11:38:50 [INFO] core.queue_model — queue_worker_stop_requested
11:39:36 [INFO] core.queue_model — hu_added hu=2972606846 pallet=1 origin=ITA
11:39:37 [INFO] core.queue_model — hu_added hu=2972610495 pallet=2 origin=ITA
11:39:39 [INFO] core.queue_model — queue_worker_started print_per_pallet=True
11:39:39 [INFO] ui.queue_window — worker_started_from_ui
11:39:39 [INFO] core.sap_client — sap_connected system=LUP user=LOPEZHJC
11:39:39 [INFO] core.queue_model — queue_worker_sap_connected
11:39:39 [INFO] core.sap_client — setup_phase1_start
11:39:44 [INFO] core.sap_client — tx_opened code=/nZMOVEINBHU current_tx=ZMOVEINBHU
11:39:44 [INFO] core.sap_client — phase1_ready — ctxtP_HU confirmed
11:39:47 [INFO] core.sap_client — hu_phase1_duplicate hu=2972606846
11:39:47 [INFO] core.sap_client — setup_phase2_start
11:39:53 [INFO] core.sap_client — tx_opened code=/nZMMTIJSEP current_tx=ZMMTIJSEP
11:39:53 [INFO] core.sap_client — phase2_ready — txtGV_HU confirmed
11:39:54 [INFO] core.sap_client — hu_phase2_ok hu=2972606846 duration_ms=1003
11:39:54 [INFO] core.queue_model — pallet_done pallet=1 hu_codes=['2972606846']
11:39:59 [INFO] core.sap_client — tx_opened code=/nSP01 current_tx=SP01
11:40:04 [WARNING] core.sap_client — sp01_no_rows_found hu_codes=['2972606846']
11:40:04 [INFO] core.queue_model — sp01_pallet_result={'status': 'error', 'message': 'No se encontraron spools para el pallet (HUs: 2972606846)', 'marked': 0}
11:40:04 [INFO] ui.queue_window — ui_paused_after_pallet pallet_id=1
11:40:17 [INFO] core.queue_model — queue_worker_resumed_by_ui
11:40:17 [INFO] ui.queue_window — continue_pressed_by_user
11:40:17 [INFO] core.queue_model — queue_worker_resumed_processing
11:40:17 [INFO] core.sap_client — setup_phase1_start
11:40:23 [INFO] core.sap_client — tx_opened code=/nZMOVEINBHU current_tx=ZMOVEINBHU
11:40:23 [INFO] core.sap_client — phase1_ready — ctxtP_HU confirmed
11:40:25 [INFO] core.sap_client — hu_phase1_duplicate hu=2972610495
11:40:25 [INFO] core.sap_client — setup_phase2_start
11:40:31 [INFO] core.sap_client — tx_opened code=/nZMMTIJSEP current_tx=ZMMTIJSEP
11:40:31 [INFO] core.sap_client — phase2_ready — txtGV_HU confirmed
11:40:32 [INFO] core.sap_client — hu_phase2_ok hu=2972610495 duration_ms=1003
11:40:32 [INFO] core.queue_model — pallet_done pallet=2 hu_codes=['2972610495']
11:40:37 [INFO] core.sap_client — tx_opened code=/nSP01 current_tx=SP01
11:40:42 [WARNING] core.sap_client — sp01_no_rows_found hu_codes=['2972610495']
11:40:42 [INFO] core.queue_model — sp01_pallet_result={'status': 'error', 'message': 'No se encontraron spools para el pallet (HUs: 2972610495)', 'marked': 0}
11:40:42 [INFO] core.queue_model — queue_worker_stopped
11:40:42 [INFO] core.queue_model — queue_worker_stop_requested
11:46:03 [INFO] core.queue_model — hu_added hu=2972606846 pallet=1 origin=ITA
11:46:04 [INFO] core.queue_model — hu_added hu=2972610495 pallet=2 origin=ITA
11:46:06 [INFO] core.queue_model — queue_worker_started print_per_pallet=True
11:46:06 [INFO] ui.queue_window — worker_started_from_ui
11:46:06 [INFO] core.sap_client — sap_connected system=LUP user=LOPEZHJC
11:46:06 [INFO] core.queue_model — queue_worker_sap_connected
11:46:06 [INFO] core.sap_client — setup_phase1_start
11:46:11 [INFO] core.sap_client — tx_opened code=/nZMOVEINBHU current_tx=ZMOVEINBHU
11:46:11 [INFO] core.sap_client — phase1_ready — ctxtP_HU confirmed
11:46:14 [INFO] core.sap_client — hu_phase1_duplicate hu=2972606846
11:46:14 [INFO] core.sap_client — setup_phase2_start
11:46:20 [INFO] core.sap_client — tx_opened code=/nZMMTIJSEP current_tx=ZMMTIJSEP
11:46:20 [INFO] core.sap_client — phase2_ready — txtGV_HU confirmed
11:46:21 [INFO] core.sap_client — hu_phase2_ok hu=2972606846 duration_ms=1002
11:46:21 [INFO] core.queue_model — pallet_done pallet=1 hu_codes=['2972606846']
11:46:26 [INFO] core.sap_client — tx_opened code=/nSP01 current_tx=SP01
11:46:31 [WARNING] core.sap_client — sp01_no_rows_found | buscando=['2972606846'] | filas_leidas=[row=4→'   -' | row=6→'   -' | row=8→'   -' | row=10→'   -' | row=12→'Compl.' | row=14→'Compl.' | row=16→'Compl.' | row=18→'Compl.' | row=20→'Compl.' | row=22→'Compl.']
11:46:31 [INFO] core.queue_model — sp01_pallet_result={'status': 'error', 'message': 'No se encontraron spools para el pallet (HUs: 2972606846)', 'marked': 0}
11:46:31 [INFO] ui.queue_window — ui_paused_after_pallet pallet_id=1
11:46:37 [INFO] core.queue_model — queue_worker_resumed_by_ui
11:46:37 [INFO] ui.queue_window — continue_pressed_by_user
11:46:37 [INFO] core.queue_model — queue_worker_resumed_processing
11:46:37 [INFO] core.sap_client — setup_phase1_start
11:46:42 [INFO] core.sap_client — tx_opened code=/nZMOVEINBHU current_tx=ZMOVEINBHU
11:46:42 [INFO] core.sap_client — phase1_ready — ctxtP_HU confirmed
11:46:45 [INFO] core.sap_client — hu_phase1_duplicate hu=2972610495
11:46:45 [INFO] core.sap_client — setup_phase2_start
11:46:50 [INFO] core.sap_client — tx_opened code=/nZMMTIJSEP current_tx=ZMMTIJSEP
11:46:50 [INFO] core.sap_client — phase2_ready — txtGV_HU confirmed
11:46:51 [INFO] core.sap_client — hu_phase2_ok hu=2972610495 duration_ms=1002
11:46:51 [INFO] core.queue_model — pallet_done pallet=2 hu_codes=['2972610495']
11:46:57 [INFO] core.sap_client — tx_opened code=/nSP01 current_tx=SP01
11:47:02 [WARNING] core.sap_client — sp01_no_rows_found | buscando=['2972610495'] | filas_leidas=[row=4→'   -' | row=6→'   -' | row=8→'   -' | row=10→'   -' | row=12→'   -' | row=14→'Compl.' | row=16→'Compl.' | row=18→'Compl.' | row=20→'Compl.' | row=22→'Compl.']
11:47:02 [INFO] core.queue_model — sp01_pallet_result={'status': 'error', 'message': 'No se encontraron spools para el pallet (HUs: 2972610495)', 'marked': 0}
11:47:02 [INFO] core.queue_model — queue_worker_stopped
11:47:02 [INFO] core.queue_model — queue_worker_stop_requested
11:58:12 [INFO] core.queue_model — hu_added hu=2972606846 pallet=1 origin=ITA
11:58:13 [INFO] core.queue_model — hu_added hu=2972610495 pallet=2 origin=ITA
11:58:15 [INFO] core.queue_model — queue_worker_started print_per_pallet=True
11:58:15 [INFO] ui.queue_window — worker_started_from_ui
11:58:15 [INFO] core.sap_client — sap_connected system=LUP user=LOPEZHJC
11:58:15 [INFO] core.queue_model — queue_worker_sap_connected
11:58:15 [INFO] core.sap_client — setup_phase1_start
11:58:20 [INFO] core.sap_client — tx_opened code=/nZMOVEINBHU current_tx=ZMOVEINBHU
11:58:20 [INFO] core.sap_client — phase1_ready — ctxtP_HU confirmed
11:58:23 [INFO] core.sap_client — hu_phase1_duplicate hu=2972606846
11:58:23 [INFO] core.sap_client — setup_phase2_start
11:58:28 [INFO] core.sap_client — tx_opened code=/nZMMTIJSEP current_tx=ZMMTIJSEP
11:58:28 [INFO] core.sap_client — phase2_ready — txtGV_HU confirmed
11:58:29 [INFO] core.sap_client — hu_phase2_ok hu=2972606846 duration_ms=1001
11:58:29 [INFO] core.queue_model — pallet_done pallet=1 hu_codes=['2972606846']
11:58:35 [INFO] core.sap_client — tx_opened code=/nSP01 current_tx=SP01
11:58:40 [INFO] core.sap_client — sp01_row_marked row=4 title=CN-CON-003_00000000002972606846_20260318172938
11:58:40 [INFO] core.sap_client — sp01_row_marked row=38 title=CN-CON-003_00000000002972606846_20260318172938
11:58:40 [INFO] core.sap_client — sp01_row_marked row=42 title=CN-CON-003_00000000002972606846_20260318172938
11:58:40 [INFO] core.sap_client — sp01_row_marked row=46 title=CN-CON-003_00000000002972606846_20260318172938
11:58:40 [INFO] core.sap_client — sp01_row_marked row=48 title=CN-CON-003_00000000002972606846_20260318172938
11:58:44 [INFO] core.sap_client — sp01_pallet_done marked=5 hu_codes=['2972606846']
11:58:44 [INFO] core.queue_model — sp01_pallet_result={'status': 'ok', 'message': 'SP01 OK — 5 spool(s) impreso(s)', 'marked': 5}
11:58:44 [INFO] ui.queue_window — ui_paused_after_pallet pallet_id=1
12:00:40 [INFO] core.queue_model — queue_worker_resumed_by_ui
12:00:40 [INFO] ui.queue_window — continue_pressed_by_user
12:00:40 [INFO] core.queue_model — queue_worker_resumed_processing
12:00:40 [INFO] core.sap_client — setup_phase1_start
12:00:40 [INFO] core.queue_model — queue_worker_stop_requested
12:00:45 [INFO] core.sap_client — tx_opened code=/nZMOVEINBHU current_tx=SESSION_MANAGER
12:00:45 [WARNING] core.sap_client — node_click_failed node=F00098 error=Property '<unknown>.selectedNode' can not be set.
12:00:45 [WARNING] core.sap_client — phase1_field_not_visible sbar=''
12:00:45 [WARNING] core.sap_client — phase1_wrong_screen hu=2972610495 — re-navigating
12:00:45 [INFO] core.sap_client — setup_phase1_start
12:00:51 [INFO] core.sap_client — tx_opened code=/nZMOVEINBHU current_tx=SP01
12:00:51 [WARNING] core.sap_client — tree_not_found path=wnd[0]/usr/cntlIMAGE_CONTAINER/shellcont/shell/shellcont[0]/shell
12:00:51 [WARNING] core.sap_client — phase1_field_not_visible sbar=''
12:00:51 [WARNING] core.queue_model — hu_skipped_f2 hu=2972610495 reason=No se encontró campo HU. SAP: ''
12:00:51 [INFO] core.queue_model — queue_worker_stopped
12:02:54 [INFO] core.queue_model — hu_added hu=T10045864394 pallet=1 origin=THA
12:06:09 [INFO] core.queue_model — queue_worker_started print_per_pallet=True
12:06:09 [INFO] ui.queue_window — worker_started_from_ui
12:06:09 [INFO] core.sap_client — sap_connected system=LUP user=LOPEZHJC
12:06:09 [INFO] core.queue_model — queue_worker_sap_connected
12:06:09 [INFO] core.sap_client — setup_phase1_start
12:06:14 [INFO] core.sap_client — tx_opened code=/nZMOVEINBHU current_tx=ZMOVEINBHU
12:06:14 [INFO] core.sap_client — phase1_ready — ctxtP_HU confirmed
12:06:18 [INFO] core.queue_model — hu_added hu=T10045835218 pallet=1 origin=THA
12:06:18 [INFO] core.sap_client — hu_phase1_ok hu=T10045864394
12:06:18 [INFO] core.sap_client — setup_phase2_start
12:06:19 [INFO] core.queue_model — hu_added hu=T10045837343 pallet=1 origin=THA
12:06:21 [INFO] core.queue_model — hu_added hu=T10045864455 pallet=1 origin=THA
12:06:23 [INFO] core.queue_model — hu_added hu=T10045850593 pallet=1 origin=THA
12:06:24 [INFO] core.queue_model — hu_added hu=T10045850597 pallet=1 origin=THA
12:06:24 [INFO] core.sap_client — tx_opened code=/nZMMTIJSEP current_tx=ZMMTIJSEP
12:06:24 [INFO] core.sap_client — phase2_ready — txtGV_HU confirmed
12:06:25 [INFO] core.sap_client — hu_phase2_ok hu=T10045864394 duration_ms=1421
12:06:25 [INFO] core.sap_client — setup_phase1_start
12:06:27 [INFO] core.queue_model — hu_added hu=T10045835216 pallet=1 origin=THA
12:06:30 [INFO] core.sap_client — tx_opened code=/nZMOVEINBHU current_tx=ZMOVEINBHU
12:06:30 [INFO] core.sap_client — phase1_ready — ctxtP_HU confirmed
12:06:30 [INFO] core.queue_model — hu_added hu=T10045864451 pallet=1 origin=THA
12:06:34 [INFO] core.sap_client — hu_phase1_ok hu=T10045835218
12:06:34 [WARNING] core.sap_client — phase2_wrong_screen hu=T10045835218 — re-navigating
12:06:34 [INFO] core.sap_client — setup_phase2_start
12:06:35 [INFO] core.queue_model — hu_added hu=T10045864345 pallet=1 origin=THA
12:06:39 [INFO] core.queue_model — hu_added hu=T10045850594 pallet=1 origin=THA
12:06:40 [INFO] core.sap_client — tx_opened code=/nZMMTIJSEP current_tx=ZMMTIJSEP
12:06:40 [INFO] core.sap_client — phase2_ready — txtGV_HU confirmed
12:06:40 [INFO] core.queue_model — hu_added hu=T10045869240 pallet=1 origin=THA
12:06:41 [INFO] core.sap_client — hu_phase2_ok hu=T10045835218 duration_ms=6160
12:06:41 [WARNING] core.sap_client — phase1_wrong_screen hu=T10045837343 — re-navigating
12:06:41 [INFO] core.sap_client — setup_phase1_start
12:06:43 [INFO] core.queue_model — hu_added hu=T10045788939 pallet=1 origin=THA
12:06:46 [INFO] core.queue_model — hu_added hu=T10045835128 pallet=1 origin=THA
12:06:46 [INFO] core.sap_client — tx_opened code=/nZMOVEINBHU current_tx=ZMOVEINBHU
12:06:46 [INFO] core.sap_client — phase1_ready — ctxtP_HU confirmed
12:06:48 [INFO] core.queue_model — hu_added hu=T10045788913 pallet=1 origin=THA
12:06:49 [INFO] core.queue_model — hu_added hu=T10045853593 pallet=1 origin=THA
12:06:50 [INFO] core.sap_client — hu_phase1_ok hu=T10045837343
12:06:50 [WARNING] core.sap_client — phase2_wrong_screen hu=T10045837343 — re-navigating
12:06:50 [INFO] core.sap_client — setup_phase2_start
12:06:52 [INFO] core.queue_model — hu_added hu=T10045837344 pallet=1 origin=THA
12:06:55 [INFO] core.sap_client — tx_opened code=/nZMMTIJSEP current_tx=ZMMTIJSEP
12:06:55 [INFO] core.sap_client — phase2_ready — txtGV_HU confirmed
12:06:56 [INFO] core.sap_client — hu_phase2_ok hu=T10045837343 duration_ms=6083
12:06:56 [WARNING] core.sap_client — phase1_wrong_screen hu=T10045864455 — re-navigating
12:06:56 [INFO] core.sap_client — setup_phase1_start
12:06:58 [INFO] core.queue_model — hu_added hu=T10045864332 pallet=1 origin=THA
12:07:00 [INFO] core.queue_model — hu_added hu=T10045864346 pallet=1 origin=THA
12:07:01 [INFO] core.sap_client — tx_opened code=/nZMOVEINBHU current_tx=ZMOVEINBHU
12:07:01 [INFO] core.sap_client — phase1_ready — ctxtP_HU confirmed
12:07:06 [INFO] core.sap_client — hu_phase1_ok hu=T10045864455
12:07:06 [WARNING] core.sap_client — phase2_wrong_screen hu=T10045864455 — re-navigating
12:07:06 [INFO] core.sap_client — setup_phase2_start
12:07:11 [INFO] core.sap_client — tx_opened code=/nZMMTIJSEP current_tx=ZMMTIJSEP
12:07:11 [INFO] core.sap_client — phase2_ready — txtGV_HU confirmed
12:07:12 [INFO] core.sap_client — hu_phase2_ok hu=T10045864455 duration_ms=6121
12:07:12 [WARNING] core.sap_client — phase1_wrong_screen hu=T10045850593 — re-navigating
12:07:12 [INFO] core.sap_client — setup_phase1_start
12:07:17 [INFO] core.sap_client — tx_opened code=/nZMOVEINBHU current_tx=ZMOVEINBHU
12:07:17 [INFO] core.sap_client — phase1_ready — ctxtP_HU confirmed
12:07:21 [INFO] core.sap_client — hu_phase1_ok hu=T10045850593
12:07:21 [WARNING] core.sap_client — phase2_wrong_screen hu=T10045850593 — re-navigating
12:07:21 [INFO] core.sap_client — setup_phase2_start
12:07:27 [INFO] core.sap_client — tx_opened code=/nZMMTIJSEP current_tx=ZMMTIJSEP
12:07:27 [INFO] core.sap_client — phase2_ready — txtGV_HU confirmed
12:07:27 [INFO] core.sap_client — hu_phase2_ok hu=T10045850593 duration_ms=6281
12:07:27 [WARNING] core.sap_client — phase1_wrong_screen hu=T10045850597 — re-navigating
12:07:27 [INFO] core.sap_client — setup_phase1_start
12:07:33 [INFO] core.sap_client — tx_opened code=/nZMOVEINBHU current_tx=ZMOVEINBHU
12:07:33 [INFO] core.sap_client — phase1_ready — ctxtP_HU confirmed
12:07:36 [INFO] core.sap_client — hu_phase1_ok hu=T10045850597
12:07:36 [WARNING] core.sap_client — phase2_wrong_screen hu=T10045850597 — re-navigating
12:07:36 [INFO] core.sap_client — setup_phase2_start
12:07:42 [INFO] core.sap_client — tx_opened code=/nZMMTIJSEP current_tx=ZMMTIJSEP
12:07:42 [INFO] core.sap_client — phase2_ready — txtGV_HU confirmed
12:07:43 [INFO] core.sap_client — hu_phase2_ok hu=T10045850597 duration_ms=6089
12:07:43 [WARNING] core.sap_client — phase1_wrong_screen hu=T10045835216 — re-navigating
12:07:43 [INFO] core.sap_client — setup_phase1_start
12:07:48 [INFO] core.sap_client — tx_opened code=/nZMOVEINBHU current_tx=ZMOVEINBHU
12:07:48 [INFO] core.sap_client — phase1_ready — ctxtP_HU confirmed
12:07:52 [INFO] core.sap_client — hu_phase1_ok hu=T10045835216
12:07:52 [WARNING] core.sap_client — phase2_wrong_screen hu=T10045835216 — re-navigating
12:07:52 [INFO] core.sap_client — setup_phase2_start
12:07:57 [INFO] core.sap_client — tx_opened code=/nZMMTIJSEP current_tx=ZMMTIJSEP
12:07:57 [INFO] core.sap_client — phase2_ready — txtGV_HU confirmed
12:07:58 [INFO] core.sap_client — hu_phase2_ok hu=T10045835216 duration_ms=6079
12:07:58 [WARNING] core.sap_client — phase1_wrong_screen hu=T10045864451 — re-navigating
12:07:58 [INFO] core.sap_client — setup_phase1_start
12:08:04 [INFO] core.sap_client — tx_opened code=/nZMOVEINBHU current_tx=ZMOVEINBHU
12:08:04 [INFO] core.sap_client — phase1_ready — ctxtP_HU confirmed
12:08:08 [INFO] core.sap_client — hu_phase1_ok hu=T10045864451
12:08:08 [WARNING] core.sap_client — phase2_wrong_screen hu=T10045864451 — re-navigating
12:08:08 [INFO] core.sap_client — setup_phase2_start
12:08:13 [INFO] core.sap_client — tx_opened code=/nZMMTIJSEP current_tx=ZMMTIJSEP
12:08:13 [INFO] core.sap_client — phase2_ready — txtGV_HU confirmed
12:08:14 [INFO] core.sap_client — hu_phase2_ok hu=T10045864451 duration_ms=6233
12:08:14 [WARNING] core.sap_client — phase1_wrong_screen hu=T10045864345 — re-navigating
12:08:14 [INFO] core.sap_client — setup_phase1_start
12:08:19 [INFO] core.sap_client — tx_opened code=/nZMOVEINBHU current_tx=ZMOVEINBHU
12:08:19 [INFO] core.sap_client — phase1_ready — ctxtP_HU confirmed
12:08:23 [INFO] core.sap_client — hu_phase1_ok hu=T10045864345
12:08:23 [WARNING] core.sap_client — phase2_wrong_screen hu=T10045864345 — re-navigating
12:08:23 [INFO] core.sap_client — setup_phase2_start
12:08:28 [INFO] core.sap_client — tx_opened code=/nZMMTIJSEP current_tx=ZMMTIJSEP
12:08:28 [INFO] core.sap_client — phase2_ready — txtGV_HU confirmed
12:08:29 [INFO] core.sap_client — hu_phase2_ok hu=T10045864345 duration_ms=6059
12:08:29 [WARNING] core.sap_client — phase1_wrong_screen hu=T10045850594 — re-navigating
12:08:29 [INFO] core.sap_client — setup_phase1_start
12:08:34 [INFO] core.sap_client — tx_opened code=/nZMOVEINBHU current_tx=ZMOVEINBHU
12:08:34 [INFO] core.sap_client — phase1_ready — ctxtP_HU confirmed
12:08:37 [INFO] core.sap_client — hu_phase1_ok hu=T10045850594
12:08:37 [WARNING] core.sap_client — phase2_wrong_screen hu=T10045850594 — re-navigating
12:08:37 [INFO] core.sap_client — setup_phase2_start
12:08:43 [INFO] core.sap_client — tx_opened code=/nZMMTIJSEP current_tx=ZMMTIJSEP
12:08:43 [INFO] core.sap_client — phase2_ready — txtGV_HU confirmed
12:08:44 [INFO] core.sap_client — hu_phase2_ok hu=T10045850594 duration_ms=6159
12:08:44 [WARNING] core.sap_client — phase1_wrong_screen hu=T10045869240 — re-navigating
12:08:44 [INFO] core.sap_client — setup_phase1_start
12:08:49 [INFO] core.sap_client — tx_opened code=/nZMOVEINBHU current_tx=ZMOVEINBHU
12:08:49 [INFO] core.sap_client — phase1_ready — ctxtP_HU confirmed
12:08:52 [INFO] core.sap_client — hu_phase1_ok hu=T10045869240
12:08:52 [WARNING] core.sap_client — phase2_wrong_screen hu=T10045869240 — re-navigating
12:08:52 [INFO] core.sap_client — setup_phase2_start
12:08:58 [INFO] core.sap_client — tx_opened code=/nZMMTIJSEP current_tx=ZMMTIJSEP
12:08:58 [INFO] core.sap_client — phase2_ready — txtGV_HU confirmed
12:08:58 [INFO] core.sap_client — hu_phase2_ok hu=T10045869240 duration_ms=6070
12:08:59 [WARNING] core.sap_client — phase1_wrong_screen hu=T10045788939 — re-navigating
12:08:59 [INFO] core.sap_client — setup_phase1_start
12:09:04 [INFO] core.sap_client — tx_opened code=/nZMOVEINBHU current_tx=ZMOVEINBHU
12:09:04 [INFO] core.sap_client — phase1_ready — ctxtP_HU confirmed
12:09:08 [INFO] core.sap_client — hu_phase1_ok hu=T10045788939
12:09:08 [WARNING] core.sap_client — phase2_wrong_screen hu=T10045788939 — re-navigating
12:09:08 [INFO] core.sap_client — setup_phase2_start
12:09:13 [INFO] core.sap_client — tx_opened code=/nZMMTIJSEP current_tx=ZMMTIJSEP
12:09:13 [INFO] core.sap_client — phase2_ready — txtGV_HU confirmed
12:09:14 [INFO] core.sap_client — hu_phase2_ok hu=T10045788939 duration_ms=6086
12:09:14 [WARNING] core.sap_client — phase1_wrong_screen hu=T10045835128 — re-navigating
12:09:14 [INFO] core.sap_client — setup_phase1_start
12:09:19 [INFO] core.sap_client — tx_opened code=/nZMOVEINBHU current_tx=ZMOVEINBHU
12:09:19 [INFO] core.sap_client — phase1_ready — ctxtP_HU confirmed
12:09:23 [INFO] core.sap_client — hu_phase1_ok hu=T10045835128
12:09:23 [WARNING] core.sap_client — phase2_wrong_screen hu=T10045835128 — re-navigating
12:09:23 [INFO] core.sap_client — setup_phase2_start
12:09:28 [INFO] core.sap_client — tx_opened code=/nZMMTIJSEP current_tx=ZMMTIJSEP
12:09:28 [INFO] core.sap_client — phase2_ready — txtGV_HU confirmed
12:09:29 [INFO] core.sap_client — hu_phase2_ok hu=T10045835128 duration_ms=6061
12:09:29 [WARNING] core.sap_client — phase1_wrong_screen hu=T10045788913 — re-navigating
12:09:29 [INFO] core.sap_client — setup_phase1_start
12:09:34 [INFO] core.sap_client — tx_opened code=/nZMOVEINBHU current_tx=ZMOVEINBHU
12:09:34 [INFO] core.sap_client — phase1_ready — ctxtP_HU confirmed
12:09:38 [INFO] core.sap_client — hu_phase1_ok hu=T10045788913
12:09:38 [WARNING] core.sap_client — phase2_wrong_screen hu=T10045788913 — re-navigating
12:09:38 [INFO] core.sap_client — setup_phase2_start
12:09:43 [INFO] core.sap_client — tx_opened code=/nZMMTIJSEP current_tx=ZMMTIJSEP
12:09:43 [INFO] core.sap_client — phase2_ready — txtGV_HU confirmed
12:09:44 [INFO] core.sap_client — hu_phase2_ok hu=T10045788913 duration_ms=6062
12:09:44 [WARNING] core.sap_client — phase1_wrong_screen hu=T10045853593 — re-navigating
12:09:44 [INFO] core.sap_client — setup_phase1_start
12:09:49 [INFO] core.sap_client — tx_opened code=/nZMOVEINBHU current_tx=ZMOVEINBHU
12:09:49 [INFO] core.sap_client — phase1_ready — ctxtP_HU confirmed
12:09:53 [INFO] core.sap_client — hu_phase1_ok hu=T10045853593
12:09:53 [WARNING] core.sap_client — phase2_wrong_screen hu=T10045853593 — re-navigating
12:09:53 [INFO] core.sap_client — setup_phase2_start
12:09:58 [INFO] core.sap_client — tx_opened code=/nZMMTIJSEP current_tx=ZMMTIJSEP
12:09:58 [INFO] core.sap_client — phase2_ready — txtGV_HU confirmed
12:09:59 [INFO] core.sap_client — hu_phase2_ok hu=T10045853593 duration_ms=6107
12:09:59 [WARNING] core.sap_client — phase1_wrong_screen hu=T10045837344 — re-navigating
12:09:59 [INFO] core.sap_client — setup_phase1_start
12:10:04 [INFO] core.sap_client — tx_opened code=/nZMOVEINBHU current_tx=ZMOVEINBHU
12:10:04 [INFO] core.sap_client — phase1_ready — ctxtP_HU confirmed
12:10:08 [INFO] core.sap_client — hu_phase1_ok hu=T10045837344
12:10:08 [WARNING] core.sap_client — phase2_wrong_screen hu=T10045837344 — re-navigating
12:10:08 [INFO] core.sap_client — setup_phase2_start
12:10:14 [INFO] core.sap_client — tx_opened code=/nZMMTIJSEP current_tx=ZMMTIJSEP
12:10:14 [INFO] core.sap_client — phase2_ready — txtGV_HU confirmed
12:10:15 [INFO] core.sap_client — hu_phase2_ok hu=T10045837344 duration_ms=6102
12:10:15 [WARNING] core.sap_client — phase1_wrong_screen hu=T10045864332 — re-navigating
12:10:15 [INFO] core.sap_client — setup_phase1_start
12:10:20 [INFO] core.sap_client — tx_opened code=/nZMOVEINBHU current_tx=ZMOVEINBHU
12:10:20 [INFO] core.sap_client — phase1_ready — ctxtP_HU confirmed
12:10:24 [INFO] core.sap_client — hu_phase1_ok hu=T10045864332
12:10:24 [WARNING] core.sap_client — phase2_wrong_screen hu=T10045864332 — re-navigating
12:10:24 [INFO] core.sap_client — setup_phase2_start
12:10:29 [INFO] core.sap_client — tx_opened code=/nZMMTIJSEP current_tx=ZMMTIJSEP
12:10:29 [INFO] core.sap_client — phase2_ready — txtGV_HU confirmed
12:10:30 [INFO] core.sap_client — hu_phase2_ok hu=T10045864332 duration_ms=6087
12:10:30 [WARNING] core.sap_client — phase1_wrong_screen hu=T10045864346 — re-navigating
12:10:30 [INFO] core.sap_client — setup_phase1_start
12:10:36 [INFO] core.sap_client — tx_opened code=/nZMOVEINBHU current_tx=ZMOVEINBHU
12:10:36 [INFO] core.sap_client — phase1_ready — ctxtP_HU confirmed
12:10:40 [INFO] core.sap_client — hu_phase1_ok hu=T10045864346
12:10:40 [WARNING] core.sap_client — phase2_wrong_screen hu=T10045864346 — re-navigating
12:10:40 [INFO] core.sap_client — setup_phase2_start
12:10:45 [INFO] core.sap_client — tx_opened code=/nZMMTIJSEP current_tx=ZMMTIJSEP
12:10:45 [INFO] core.sap_client — phase2_ready — txtGV_HU confirmed
12:10:46 [INFO] core.sap_client — hu_phase2_ok hu=T10045864346 duration_ms=6301
12:11:18 [INFO] core.queue_model — queue_worker_stop_requested
12:11:18 [INFO] core.queue_model — queue_worker_stopped
12:11:27 [INFO] core.queue_model — queue_worker_started print_per_pallet=True
12:11:27 [INFO] ui.queue_window — worker_started_from_ui
12:11:27 [INFO] core.sap_client — sap_connected system=LUP user=LOPEZHJC
12:11:27 [INFO] core.queue_model — queue_worker_sap_connected
12:11:32 [INFO] core.queue_model — queue_worker_stop_requested
12:11:33 [INFO] core.queue_model — queue_worker_stopped
12:11:35 [INFO] core.queue_model — queue_worker_started print_per_pallet=True
12:11:35 [INFO] ui.queue_window — worker_started_from_ui
12:11:35 [INFO] core.sap_client — sap_connected system=LUP user=LOPEZHJC
12:11:35 [INFO] core.queue_model — queue_worker_sap_connected
12:11:41 [INFO] core.queue_model — queue_worker_stop_requested
12:11:41 [INFO] core.queue_model — queue_worker_stopped
12:11:51 [INFO] core.queue_model — queue_worker_stop_requested
12:11:54 [INFO] core.queue_model — queue_worker_stop_requested
12:11:56 [INFO] core.queue_model — new_pallet id=2
12:12:04 [INFO] core.queue_model — queue_worker_stop_requested
12:15:14 [INFO] core.queue_model — hu_added hu=2972606846 pallet=1 origin=ITA
12:15:19 [INFO] core.queue_model — hu_added hu=T10045864394 pallet=1 origin=THA
12:15:26 [INFO] core.queue_model — hu_added hu=2972606846 pallet=1 origin=ITA
12:15:29 [INFO] core.queue_model — new_pallet id=2
12:15:31 [INFO] core.queue_model — hu_added hu=T10045864394 pallet=2 origin=THA
12:15:35 [INFO] core.queue_model — hu_added hu=T10045835218 pallet=2 origin=THA
12:15:42 [INFO] core.queue_model — hu_added hu=T10045837343 pallet=2 origin=THA
12:15:44 [INFO] core.queue_model — hu_added hu=T10045864455 pallet=2 origin=THA
12:15:47 [INFO] core.queue_model — hu_added hu=T10045850593 pallet=2 origin=THA
12:15:50 [INFO] core.queue_model — hu_added hu=T10045850597 pallet=2 origin=THA
12:15:52 [INFO] core.queue_model — hu_added hu=T10045835216 pallet=2 origin=THA
12:15:53 [INFO] core.queue_model — hu_added hu=T10045864451 pallet=2 origin=THA
12:15:56 [INFO] core.queue_model — hu_added hu=T10045864345 pallet=2 origin=THA
12:15:59 [INFO] core.queue_model — hu_added hu=T10045850594 pallet=2 origin=THA
12:16:00 [INFO] core.queue_model — hu_added hu=T10045869240 pallet=2 origin=THA
12:16:02 [INFO] core.queue_model — hu_added hu=T10045788939 pallet=2 origin=THA
12:16:06 [INFO] core.queue_model — hu_added hu=T10045835128 pallet=2 origin=THA
12:16:08 [INFO] core.queue_model — hu_added hu=T10045788913 pallet=2 origin=THA
12:16:12 [INFO] core.queue_model — hu_added hu=T10045853593 pallet=2 origin=THA
12:16:14 [INFO] core.queue_model — hu_added hu=T10045837344 pallet=2 origin=THA
12:16:18 [INFO] core.queue_model — hu_added hu=T10045864332 pallet=2 origin=THA
12:16:21 [INFO] core.queue_model — hu_added hu=T10045864346 pallet=2 origin=THA
12:16:35 [INFO] core.queue_model — queue_worker_started print_per_pallet=True
12:16:35 [INFO] ui.queue_window — worker_started_from_ui
12:16:35 [INFO] core.sap_client — sap_connected system=LUP user=LOPEZHJC
12:16:35 [INFO] core.queue_model — queue_worker_sap_connected
12:16:35 [INFO] core.sap_client — setup_phase1_start
12:16:40 [INFO] core.sap_client — tx_opened code=/nZMOVEINBHU current_tx=ZMOVEINBHU
12:16:40 [INFO] core.sap_client — phase1_ready — ctxtP_HU confirmed
12:16:43 [INFO] core.sap_client — hu_phase1_duplicate hu=2972606846
12:16:43 [INFO] core.sap_client — setup_phase2_start
12:16:49 [INFO] core.sap_client — tx_opened code=/nZMMTIJSEP current_tx=ZMMTIJSEP
12:16:49 [INFO] core.sap_client — phase2_ready — txtGV_HU confirmed
12:16:50 [INFO] core.sap_client — hu_phase2_ok hu=2972606846 duration_ms=1001
12:16:50 [INFO] core.sap_client — setup_phase1_start
12:16:55 [INFO] core.sap_client — tx_opened code=/nZMOVEINBHU current_tx=ZMOVEINBHU
12:16:55 [INFO] core.sap_client — phase1_ready — ctxtP_HU confirmed
12:16:58 [INFO] core.sap_client — hu_phase1_duplicate hu=T10045864394
12:16:58 [WARNING] core.sap_client — phase2_wrong_screen hu=T10045864394 — re-navigating
12:16:58 [INFO] core.sap_client — setup_phase2_start
12:16:58 [INFO] core.queue_model — queue_worker_stop_requested
12:17:01 [INFO] core.queue_model — queue_worker_started print_per_pallet=True
12:17:01 [INFO] ui.queue_window — worker_started_from_ui
12:17:02 [INFO] core.sap_client — sap_connected system=LUP user=LOPEZHJC
12:17:02 [INFO] core.queue_model — queue_worker_sap_connected
12:17:02 [INFO] core.sap_client — setup_phase1_start
12:17:03 [INFO] core.sap_client — tx_opened code=/nZMMTIJSEP current_tx=ZMOVEINBHU
12:17:03 [WARNING] core.sap_client — tree_not_found path=wnd[0]/usr/cntlIMAGE_CONTAINER/shellcont/shell/shellcont[0]/shell
12:17:03 [WARNING] core.sap_client — phase2_field_not_visible sbar=''
12:17:03 [WARNING] core.sap_client — phase1_wrong_screen hu=T10045837343 — re-navigating
12:17:03 [INFO] core.sap_client — setup_phase1_start
12:17:07 [INFO] core.queue_model — queue_worker_stop_requested
12:17:07 [INFO] core.sap_client — tx_opened code=/nZMOVEINBHU current_tx=ZMOVEINBHU
12:17:07 [INFO] core.sap_client — phase1_ready — ctxtP_HU confirmed
12:17:08 [ERROR] core.sap_client — hu_phase1_error hu=T10045837343 error=(-2147417842, 'The application called an interface that was marshalled for a different thread.', None, None)
12:17:08 [WARNING] core.queue_model — hu_skipped_f2 hu=T10045837343 reason=ERROR: (-2147417842, 'The application called an interface that was marshalled for a different thread.', None, None)
12:17:08 [INFO] core.queue_model — queue_worker_stopped
12:17:10 [INFO] core.sap_client — hu_phase1_duplicate hu=T10045835218
12:17:10 [INFO] core.sap_client — setup_phase2_start
12:17:15 [INFO] core.sap_client — tx_opened code=/nZMMTIJSEP current_tx=SESSION_MANAGER
12:17:15 [WARNING] core.sap_client — node_click_failed node=F00097 error=Property '<unknown>.selectedNode' can not be set.
12:17:15 [WARNING] core.sap_client — phase2_field_not_visible sbar=''
12:17:15 [WARNING] core.sap_client — phase2_wrong_screen hu=T10045835218 — re-navigating
12:17:15 [INFO] core.sap_client — setup_phase2_start
12:17:19 [INFO] core.queue_model — queue_worker_stop_requested
12:17:21 [INFO] core.sap_client — tx_opened code=/nZMMTIJSEP current_tx=ZMMTIJSEP
12:17:21 [INFO] core.sap_client — phase2_ready — txtGV_HU confirmed
12:17:21 [INFO] core.sap_client — hu_phase2_ok hu=T10045835218 duration_ms=5992
12:17:21 [INFO] core.queue_model — pallet_done pallet=2 hu_codes=[]
12:17:34 [INFO] core.queue_model — hu_added hu=2972606846 pallet=1 origin=ITA
12:17:38 [INFO] core.queue_model — new_pallet id=2
12:17:40 [INFO] core.queue_model — hu_added hu=T10045864394 pallet=2 origin=THA
12:17:41 [INFO] core.queue_model — hu_added hu=T10045835218 pallet=2 origin=THA
12:17:43 [INFO] core.queue_model — hu_added hu=T10045837343 pallet=2 origin=THA
12:17:44 [INFO] core.queue_model — hu_added hu=T10045864455 pallet=2 origin=THA
12:17:47 [INFO] core.queue_model — hu_added hu=T10045850593 pallet=2 origin=THA
12:17:48 [INFO] core.queue_model — hu_added hu=T10045850597 pallet=2 origin=THA
12:17:50 [INFO] core.queue_model — hu_added hu=T10045835216 pallet=2 origin=THA
12:17:51 [INFO] core.queue_model — hu_added hu=T10045864451 pallet=2 origin=THA
12:17:54 [INFO] core.queue_model — hu_added hu=T10045864345 pallet=2 origin=THA
12:18:01 [INFO] core.queue_model — hu_added hu=T10045850594 pallet=2 origin=THA
12:18:03 [INFO] core.queue_model — hu_added hu=T10045869240 pallet=2 origin=THA
12:18:04 [INFO] core.queue_model — hu_added hu=T10045788939 pallet=2 origin=THA
12:18:05 [INFO] core.queue_model — hu_added hu=T10045835128 pallet=2 origin=THA
12:18:06 [INFO] core.queue_model — hu_added hu=T10045788913 pallet=2 origin=THA
12:18:08 [INFO] core.queue_model — hu_added hu=T10045853593 pallet=2 origin=THA
12:18:09 [INFO] core.queue_model — hu_added hu=T10045837344 pallet=2 origin=THA
12:18:11 [INFO] core.queue_model — hu_added hu=T10045864332 pallet=2 origin=THA
12:18:13 [INFO] core.queue_model — hu_added hu=T10045864346 pallet=2 origin=THA
12:18:17 [INFO] core.queue_model — queue_worker_started print_per_pallet=True
12:18:17 [INFO] ui.queue_window — worker_started_from_ui
12:18:17 [INFO] core.sap_client — sap_connected system=LUP user=LOPEZHJC
12:18:17 [INFO] core.queue_model — queue_worker_sap_connected
12:18:17 [INFO] core.sap_client — setup_phase1_start
12:18:23 [INFO] core.sap_client — tx_opened code=/nZMOVEINBHU current_tx=ZMOVEINBHU
12:18:23 [INFO] core.sap_client — phase1_ready — ctxtP_HU confirmed
12:18:25 [INFO] core.sap_client — hu_phase1_duplicate hu=2972606846
12:18:25 [INFO] core.sap_client — setup_phase2_start
12:18:31 [INFO] core.sap_client — tx_opened code=/nZMMTIJSEP current_tx=ZMMTIJSEP
12:18:31 [INFO] core.sap_client — phase2_ready — txtGV_HU confirmed
12:18:32 [INFO] core.sap_client — hu_phase2_ok hu=2972606846 duration_ms=1001
12:18:32 [INFO] core.queue_model — pallet_done pallet=1 hu_codes=['2972606846']
12:18:37 [INFO] core.sap_client — tx_opened code=/nSP01 current_tx=SP01
12:18:42 [INFO] core.sap_client — sp01_row_marked row=4 title=CN-CON-003_00000000002972606846_20260318172938
12:18:42 [INFO] core.sap_client — sp01_row_marked row=8 title=CN-CON-003_00000000002972606846_20260318172938
12:18:45 [INFO] core.sap_client — sp01_pallet_done marked=2 hu_codes=['2972606846']
12:18:45 [INFO] core.queue_model — sp01_pallet_result={'status': 'ok', 'message': 'SP01 OK — 2 spool(s) impreso(s)', 'marked': 2}
12:18:45 [INFO] ui.queue_window — ui_paused_after_pallet pallet_id=1
12:19:23 [INFO] core.queue_model — queue_worker_resumed_by_ui
12:19:23 [INFO] ui.queue_window — continue_pressed_by_user
12:19:23 [INFO] core.queue_model — queue_worker_resumed_processing
12:19:23 [INFO] core.sap_client — setup_phase1_start
12:19:28 [INFO] core.sap_client — tx_opened code=/nZMOVEINBHU current_tx=ZMOVEINBHU
12:19:28 [INFO] core.sap_client — phase1_ready — ctxtP_HU confirmed
12:19:31 [INFO] core.sap_client — hu_phase1_duplicate hu=T10045864394
12:19:31 [INFO] core.sap_client — setup_phase2_start
12:19:36 [INFO] core.sap_client — tx_opened code=/nZMMTIJSEP current_tx=ZMMTIJSEP
12:19:36 [INFO] core.sap_client — phase2_ready — txtGV_HU confirmed
12:19:37 [INFO] core.sap_client — hu_phase2_ok hu=T10045864394 duration_ms=1002
12:19:37 [INFO] core.sap_client — setup_phase1_start
12:19:43 [INFO] core.sap_client — tx_opened code=/nZMOVEINBHU current_tx=ZMOVEINBHU
12:19:43 [INFO] core.sap_client — phase1_ready — ctxtP_HU confirmed
12:19:45 [INFO] core.sap_client — hu_phase1_duplicate hu=T10045835218
12:19:45 [WARNING] core.sap_client — phase2_wrong_screen hu=T10045835218 — re-navigating
12:19:45 [INFO] core.sap_client — setup_phase2_start
12:19:51 [INFO] core.sap_client — tx_opened code=/nZMMTIJSEP current_tx=ZMMTIJSEP
12:19:51 [INFO] core.sap_client — phase2_ready — txtGV_HU confirmed
12:19:51 [INFO] core.sap_client — hu_phase2_ok hu=T10045835218 duration_ms=5762
12:19:51 [WARNING] core.sap_client — phase1_wrong_screen hu=T10045837343 — re-navigating
12:19:51 [INFO] core.sap_client — setup_phase1_start
12:19:57 [INFO] core.sap_client — tx_opened code=/nZMOVEINBHU current_tx=ZMOVEINBHU
12:19:57 [INFO] core.sap_client — phase1_ready — ctxtP_HU confirmed
12:19:59 [INFO] core.sap_client — hu_phase1_duplicate hu=T10045837343
12:20:00 [WARNING] core.sap_client — phase2_wrong_screen hu=T10045837343 — re-navigating
12:20:00 [INFO] core.sap_client — setup_phase2_start
12:20:05 [INFO] core.sap_client — tx_opened code=/nZMMTIJSEP current_tx=ZMMTIJSEP
12:20:05 [INFO] core.sap_client — phase2_ready — txtGV_HU confirmed
12:20:05 [INFO] core.sap_client — hu_phase2_ok hu=T10045837343 duration_ms=5848
12:20:05 [WARNING] core.sap_client — phase1_wrong_screen hu=T10045864455 — re-navigating
12:20:05 [INFO] core.sap_client — setup_phase1_start
12:20:11 [INFO] core.sap_client — tx_opened code=/nZMOVEINBHU current_tx=ZMOVEINBHU
12:20:11 [INFO] core.sap_client — phase1_ready — ctxtP_HU confirmed
12:20:13 [INFO] core.sap_client — hu_phase1_duplicate hu=T10045864455
12:20:13 [WARNING] core.sap_client — phase2_wrong_screen hu=T10045864455 — re-navigating
12:20:13 [INFO] core.sap_client — setup_phase2_start
12:20:19 [INFO] core.sap_client — tx_opened code=/nZMMTIJSEP current_tx=ZMMTIJSEP
12:20:19 [INFO] core.sap_client — phase2_ready — txtGV_HU confirmed
12:20:19 [INFO] core.sap_client — hu_phase2_ok hu=T10045864455 duration_ms=5762
12:20:19 [WARNING] core.sap_client — phase1_wrong_screen hu=T10045850593 — re-navigating
12:20:19 [INFO] core.sap_client — setup_phase1_start
12:20:25 [INFO] core.sap_client — tx_opened code=/nZMOVEINBHU current_tx=ZMOVEINBHU
12:20:25 [INFO] core.sap_client — phase1_ready — ctxtP_HU confirmed
12:20:28 [INFO] core.sap_client — hu_phase1_duplicate hu=T10045850593
12:20:28 [WARNING] core.sap_client — phase2_wrong_screen hu=T10045850593 — re-navigating
12:20:28 [INFO] core.sap_client — setup_phase2_start
12:20:33 [INFO] core.sap_client — tx_opened code=/nZMMTIJSEP current_tx=ZMMTIJSEP
12:20:33 [INFO] core.sap_client — phase2_ready — txtGV_HU confirmed
12:20:33 [INFO] core.sap_client — hu_phase2_ok hu=T10045850593 duration_ms=5755
12:20:33 [WARNING] core.sap_client — phase1_wrong_screen hu=T10045850597 — re-navigating
12:20:33 [INFO] core.sap_client — setup_phase1_start
12:20:39 [INFO] core.sap_client — tx_opened code=/nZMOVEINBHU current_tx=ZMOVEINBHU
12:20:39 [INFO] core.sap_client — phase1_ready — ctxtP_HU confirmed
12:20:41 [INFO] core.sap_client — hu_phase1_duplicate hu=T10045850597
12:20:41 [WARNING] core.sap_client — phase2_wrong_screen hu=T10045850597 — re-navigating
12:20:41 [INFO] core.sap_client — setup_phase2_start
12:20:47 [INFO] core.sap_client — tx_opened code=/nZMMTIJSEP current_tx=ZMMTIJSEP
12:20:47 [INFO] core.sap_client — phase2_ready — txtGV_HU confirmed
12:20:47 [INFO] core.sap_client — hu_phase2_ok hu=T10045850597 duration_ms=5682
12:20:47 [WARNING] core.sap_client — phase1_wrong_screen hu=T10045835216 — re-navigating
12:20:47 [INFO] core.sap_client — setup_phase1_start
12:20:52 [INFO] core.sap_client — tx_opened code=/nZMOVEINBHU current_tx=ZMOVEINBHU
12:20:52 [INFO] core.sap_client — phase1_ready — ctxtP_HU confirmed
12:20:55 [INFO] core.sap_client — hu_phase1_duplicate hu=T10045835216
12:20:55 [WARNING] core.sap_client — phase2_wrong_screen hu=T10045835216 — re-navigating
12:20:55 [INFO] core.sap_client — setup_phase2_start
12:21:01 [INFO] core.sap_client — tx_opened code=/nZMMTIJSEP current_tx=ZMMTIJSEP
12:21:01 [INFO] core.sap_client — phase2_ready — txtGV_HU confirmed
12:21:01 [INFO] core.sap_client — hu_phase2_ok hu=T10045835216 duration_ms=5688
12:21:01 [WARNING] core.sap_client — phase1_wrong_screen hu=T10045864451 — re-navigating
12:21:01 [INFO] core.sap_client — setup_phase1_start
12:21:07 [INFO] core.sap_client — tx_opened code=/nZMOVEINBHU current_tx=ZMOVEINBHU
12:21:07 [INFO] core.sap_client — phase1_ready — ctxtP_HU confirmed
12:21:09 [INFO] core.sap_client — hu_phase1_duplicate hu=T10045864451
12:21:09 [WARNING] core.sap_client — phase2_wrong_screen hu=T10045864451 — re-navigating
12:21:09 [INFO] core.sap_client — setup_phase2_start
12:21:15 [INFO] core.sap_client — tx_opened code=/nZMMTIJSEP current_tx=ZMMTIJSEP
12:21:15 [INFO] core.sap_client — phase2_ready — txtGV_HU confirmed
12:21:15 [INFO] core.sap_client — hu_phase2_ok hu=T10045864451 duration_ms=5812
12:21:15 [WARNING] core.sap_client — phase1_wrong_screen hu=T10045864345 — re-navigating
12:21:15 [INFO] core.sap_client — setup_phase1_start
12:21:20 [INFO] core.sap_client — tx_opened code=/nZMOVEINBHU current_tx=ZMOVEINBHU
12:21:20 [INFO] core.sap_client — phase1_ready — ctxtP_HU confirmed
12:21:23 [INFO] core.sap_client — hu_phase1_duplicate hu=T10045864345
12:21:23 [WARNING] core.sap_client — phase2_wrong_screen hu=T10045864345 — re-navigating
12:21:23 [INFO] core.sap_client — setup_phase2_start
12:21:28 [INFO] core.sap_client — tx_opened code=/nZMMTIJSEP current_tx=ZMMTIJSEP
12:21:28 [INFO] core.sap_client — phase2_ready — txtGV_HU confirmed
12:21:29 [INFO] core.sap_client — hu_phase2_ok hu=T10045864345 duration_ms=5714
12:21:29 [WARNING] core.sap_client — phase1_wrong_screen hu=T10045850594 — re-navigating
12:21:29 [INFO] core.sap_client — setup_phase1_start
12:21:34 [INFO] core.sap_client — tx_opened code=/nZMOVEINBHU current_tx=ZMOVEINBHU
12:21:34 [INFO] core.sap_client — phase1_ready — ctxtP_HU confirmed
12:21:37 [INFO] core.sap_client — hu_phase1_duplicate hu=T10045850594
12:21:37 [WARNING] core.sap_client — phase2_wrong_screen hu=T10045850594 — re-navigating
12:21:37 [INFO] core.sap_client — setup_phase2_start
12:21:42 [INFO] core.sap_client — tx_opened code=/nZMMTIJSEP current_tx=ZMMTIJSEP
12:21:42 [INFO] core.sap_client — phase2_ready — txtGV_HU confirmed
12:21:43 [INFO] core.sap_client — hu_phase2_ok hu=T10045850594 duration_ms=5884
12:21:43 [WARNING] core.sap_client — phase1_wrong_screen hu=T10045869240 — re-navigating
12:21:43 [INFO] core.sap_client — setup_phase1_start
12:21:48 [INFO] core.sap_client — tx_opened code=/nZMOVEINBHU current_tx=ZMOVEINBHU
12:21:48 [INFO] core.sap_client — phase1_ready — ctxtP_HU confirmed
12:21:51 [INFO] core.sap_client — hu_phase1_duplicate hu=T10045869240
12:21:51 [WARNING] core.sap_client — phase2_wrong_screen hu=T10045869240 — re-navigating
12:21:51 [INFO] core.sap_client — setup_phase2_start
12:21:57 [INFO] core.sap_client — tx_opened code=/nZMMTIJSEP current_tx=ZMMTIJSEP
12:21:57 [INFO] core.sap_client — phase2_ready — txtGV_HU confirmed
12:21:57 [INFO] core.sap_client — hu_phase2_ok hu=T10045869240 duration_ms=5902
12:21:57 [WARNING] core.sap_client — phase1_wrong_screen hu=T10045788939 — re-navigating
12:21:57 [INFO] core.sap_client — setup_phase1_start
12:22:02 [INFO] core.sap_client — tx_opened code=/nZMOVEINBHU current_tx=ZMOVEINBHU
12:22:02 [INFO] core.sap_client — phase1_ready — ctxtP_HU confirmed
12:22:05 [INFO] core.sap_client — hu_phase1_duplicate hu=T10045788939
12:22:05 [WARNING] core.sap_client — phase2_wrong_screen hu=T10045788939 — re-navigating
12:22:05 [INFO] core.sap_client — setup_phase2_start
12:22:11 [INFO] core.sap_client — tx_opened code=/nZMMTIJSEP current_tx=ZMMTIJSEP
12:22:11 [INFO] core.sap_client — phase2_ready — txtGV_HU confirmed
12:22:11 [INFO] core.sap_client — hu_phase2_ok hu=T10045788939 duration_ms=5826
12:22:11 [WARNING] core.sap_client — phase1_wrong_screen hu=T10045835128 — re-navigating
12:22:11 [INFO] core.sap_client — setup_phase1_start
12:22:17 [INFO] core.sap_client — tx_opened code=/nZMOVEINBHU current_tx=ZMOVEINBHU
12:22:17 [INFO] core.sap_client — phase1_ready — ctxtP_HU confirmed
12:22:20 [INFO] core.sap_client — hu_phase1_duplicate hu=T10045835128
12:22:20 [WARNING] core.sap_client — phase2_wrong_screen hu=T10045835128 — re-navigating
12:22:20 [INFO] core.sap_client — setup_phase2_start
12:22:25 [INFO] core.sap_client — tx_opened code=/nZMMTIJSEP current_tx=ZMMTIJSEP
12:22:25 [INFO] core.sap_client — phase2_ready — txtGV_HU confirmed
12:22:26 [INFO] core.sap_client — hu_phase2_ok hu=T10045835128 duration_ms=5766
12:22:26 [WARNING] core.sap_client — phase1_wrong_screen hu=T10045788913 — re-navigating
12:22:26 [INFO] core.sap_client — setup_phase1_start
12:22:31 [INFO] core.sap_client — tx_opened code=/nZMOVEINBHU current_tx=ZMOVEINBHU
12:22:31 [INFO] core.sap_client — phase1_ready — ctxtP_HU confirmed
12:22:34 [INFO] core.sap_client — hu_phase1_duplicate hu=T10045788913
12:22:34 [WARNING] core.sap_client — phase2_wrong_screen hu=T10045788913 — re-navigating
12:22:34 [INFO] core.sap_client — setup_phase2_start
12:22:39 [INFO] core.sap_client — tx_opened code=/nZMMTIJSEP current_tx=ZMMTIJSEP
12:22:39 [INFO] core.sap_client — phase2_ready — txtGV_HU confirmed
12:22:40 [INFO] core.sap_client — hu_phase2_ok hu=T10045788913 duration_ms=6041
12:22:40 [WARNING] core.sap_client — phase1_wrong_screen hu=T10045853593 — re-navigating
12:22:40 [INFO] core.sap_client — setup_phase1_start
12:22:45 [INFO] core.sap_client — tx_opened code=/nZMOVEINBHU current_tx=ZMOVEINBHU
12:22:45 [INFO] core.sap_client — phase1_ready — ctxtP_HU confirmed
12:22:48 [INFO] core.sap_client — hu_phase1_duplicate hu=T10045853593
12:22:48 [WARNING] core.sap_client — phase2_wrong_screen hu=T10045853593 — re-navigating
12:22:48 [INFO] core.sap_client — setup_phase2_start
12:22:54 [INFO] core.sap_client — tx_opened code=/nZMMTIJSEP current_tx=ZMMTIJSEP
12:22:54 [INFO] core.sap_client — phase2_ready — txtGV_HU confirmed
12:22:54 [INFO] core.sap_client — hu_phase2_ok hu=T10045853593 duration_ms=5732
12:22:54 [WARNING] core.sap_client — phase1_wrong_screen hu=T10045837344 — re-navigating
12:22:54 [INFO] core.sap_client — setup_phase1_start
12:22:59 [INFO] core.sap_client — tx_opened code=/nZMOVEINBHU current_tx=ZMOVEINBHU
12:22:59 [INFO] core.sap_client — phase1_ready — ctxtP_HU confirmed
12:23:02 [INFO] core.sap_client — hu_phase1_duplicate hu=T10045837344
12:23:02 [WARNING] core.sap_client — phase2_wrong_screen hu=T10045837344 — re-navigating
12:23:02 [INFO] core.sap_client — setup_phase2_start
12:23:07 [INFO] core.sap_client — tx_opened code=/nZMMTIJSEP current_tx=ZMMTIJSEP
12:23:07 [INFO] core.sap_client — phase2_ready — txtGV_HU confirmed
12:23:08 [INFO] core.sap_client — hu_phase2_ok hu=T10045837344 duration_ms=5864
12:23:08 [WARNING] core.sap_client — phase1_wrong_screen hu=T10045864332 — re-navigating
12:23:08 [INFO] core.sap_client — setup_phase1_start
12:23:13 [INFO] core.sap_client — tx_opened code=/nZMOVEINBHU current_tx=ZMOVEINBHU
12:23:13 [INFO] core.sap_client — phase1_ready — ctxtP_HU confirmed
12:23:16 [INFO] core.sap_client — hu_phase1_duplicate hu=T10045864332
12:23:16 [WARNING] core.sap_client — phase2_wrong_screen hu=T10045864332 — re-navigating
12:23:16 [INFO] core.sap_client — setup_phase2_start
12:23:22 [INFO] core.sap_client — tx_opened code=/nZMMTIJSEP current_tx=ZMMTIJSEP
12:23:22 [INFO] core.sap_client — phase2_ready — txtGV_HU confirmed
12:23:22 [INFO] core.sap_client — hu_phase2_ok hu=T10045864332 duration_ms=5701
12:23:22 [WARNING] core.sap_client — phase1_wrong_screen hu=T10045864346 — re-navigating
12:23:22 [INFO] core.sap_client — setup_phase1_start
12:23:27 [INFO] core.sap_client — tx_opened code=/nZMOVEINBHU current_tx=ZMOVEINBHU
12:23:27 [INFO] core.sap_client — phase1_ready — ctxtP_HU confirmed
12:23:30 [INFO] core.sap_client — hu_phase1_duplicate hu=T10045864346
12:23:30 [WARNING] core.sap_client — phase2_wrong_screen hu=T10045864346 — re-navigating
12:23:30 [INFO] core.sap_client — setup_phase2_start
12:23:36 [INFO] core.sap_client — tx_opened code=/nZMMTIJSEP current_tx=ZMMTIJSEP
12:23:36 [INFO] core.sap_client — phase2_ready — txtGV_HU confirmed
12:23:36 [INFO] core.sap_client — hu_phase2_ok hu=T10045864346 duration_ms=5771
12:23:36 [INFO] core.queue_model — pallet_done pallet=2 hu_codes=['T10045864394', 'T10045835218', 'T10045837343', 'T10045864455', 'T10045850593', 'T10045850597', 'T10045835216', 'T10045864451', 'T10045864345', 'T10045850594', 'T10045869240', 'T10045788939', 'T10045835128', 'T10045788913', 'T10045853593', 'T10045837344', 'T10045864332', 'T10045864346']
12:23:42 [INFO] core.sap_client — tx_opened code=/nSP01 current_tx=SP01
12:23:47 [INFO] core.sap_client — sp01_row_marked row=4 title=CN-CON-003_T10045864346_20260325191046
12:23:47 [INFO] core.sap_client — sp01_row_marked row=6 title=CN-CON-003_T10045864332_20260325191030
12:23:47 [INFO] core.sap_client — sp01_row_marked row=8 title=CN-CON-003_T10045837344_20260325191014
12:23:47 [INFO] core.sap_client — sp01_row_marked row=10 title=CN-CON-003_T10045853593_20260325190959
12:23:47 [INFO] core.sap_client — sp01_row_marked row=12 title=CN-CON-003_T10045788913_20260325190944
12:23:47 [INFO] core.sap_client — sp01_row_marked row=14 title=CN-CON-003_T10045835128_20260325190929
12:23:47 [INFO] core.sap_client — sp01_row_marked row=16 title=CN-CON-003_T10045788939_20260325190914
12:23:47 [INFO] core.sap_client — sp01_row_marked row=18 title=CN-CON-003_T10045869240_20260325190858
12:23:47 [INFO] core.sap_client — sp01_row_marked row=20 title=CN-CON-003_T10045850594_20260325190843
12:23:47 [INFO] core.sap_client — sp01_row_marked row=22 title=CN-CON-003_T10045864345_20260325190828
12:23:47 [INFO] core.sap_client — sp01_row_marked row=24 title=CN-CON-003_T10045864451_20260325190813
12:23:47 [INFO] core.sap_client — sp01_row_marked row=26 title=CN-CON-003_T10045835216_20260325190758
12:23:47 [INFO] core.sap_client — sp01_row_marked row=28 title=CN-CON-003_T10045850597_20260325190742
12:23:47 [INFO] core.sap_client — sp01_row_marked row=30 title=CN-CON-003_T10045850593_20260325190727
12:23:47 [INFO] core.sap_client — sp01_row_marked row=32 title=CN-CON-003_T10045864455_20260325190712
12:23:47 [INFO] core.sap_client — sp01_row_marked row=34 title=CN-CON-003_T10045837343_20260325190656
12:23:47 [INFO] core.sap_client — sp01_row_marked row=36 title=CN-CON-003_T10045835218_20260325190640
12:23:47 [INFO] core.sap_client — sp01_row_marked row=38 title=CN-CON-003_T10045864394_20260325190625
12:23:51 [INFO] core.sap_client — sp01_pallet_done marked=18 hu_codes=['T10045864394', 'T10045835218', 'T10045837343', 'T10045864455', 'T10045850593', 'T10045850597', 'T10045835216', 'T10045864451', 'T10045864345', 'T10045850594', 'T10045869240', 'T10045788939', 'T10045835128', 'T10045788913', 'T10045853593', 'T10045837344', 'T10045864332', 'T10045864346']
12:23:51 [INFO] core.queue_model — sp01_pallet_result={'status': 'ok', 'message': 'SP01 OK — 18 spool(s) impreso(s)', 'marked': 18}
12:23:51 [INFO] core.queue_model — queue_worker_stopped
12:23:51 [INFO] core.queue_model — queue_worker_stop_requested
12:28:32 [INFO] core.queue_model — hu_added hu=2972610495 pallet=1 origin=ITA
12:28:35 [INFO] core.queue_model — hu_added hu=2972606846 pallet=2 origin=ITA
12:28:42 [INFO] core.queue_model — queue_worker_started print_per_pallet=True
12:28:42 [INFO] ui.queue_window — worker_started_from_ui
12:28:42 [INFO] core.sap_client — sap_connected system=LUP user=LOPEZHJC
12:28:42 [INFO] core.queue_model — queue_worker_sap_connected
12:28:42 [INFO] core.sap_client — setup_phase1_start
12:28:47 [INFO] core.sap_client — tx_opened code=/nZMOVEINBHU current_tx=ZMOVEINBHU
12:28:47 [INFO] core.sap_client — phase1_ready — ctxtP_HU confirmed
12:28:50 [INFO] core.sap_client — hu_phase1_duplicate hu=2972610495
12:28:50 [INFO] core.sap_client — setup_phase2_start
12:28:55 [INFO] core.sap_client — tx_opened code=/nZMMTIJSEP current_tx=ZMMTIJSEP
12:28:55 [INFO] core.sap_client — phase2_ready — txtGV_HU confirmed
12:28:56 [INFO] core.sap_client — hu_phase2_ok hu=2972610495 duration_ms=1002
12:28:56 [INFO] core.queue_model — pallet_done pallet=1 hu_codes=['2972610495']
12:29:02 [INFO] core.sap_client — tx_opened code=/nSP01 current_tx=SP01
12:29:07 [INFO] core.sap_client — sp01_row_marked row=4 title=CN-CON-003_00000000002972610495_20260324075005
12:29:11 [INFO] core.sap_client — sp01_pallet_done marked=1 hu_codes=['2972610495']
12:29:11 [INFO] core.queue_model — sp01_pallet_result={'status': 'ok', 'message': 'SP01 OK — 1 spool(s) impreso(s)', 'marked': 1}
12:29:11 [INFO] ui.queue_window — ui_paused_after_pallet pallet_id=1
12:32:57 [INFO] core.queue_model — hu_added hu=2972606846 pallet=1 origin=ITA
12:32:59 [INFO] core.queue_model — hu_added hu=2972610495 pallet=2 origin=ITA
12:33:04 [INFO] core.queue_model — queue_worker_started print_per_pallet=True
12:33:04 [INFO] ui.queue_window — worker_started_from_ui
12:33:04 [INFO] core.sap_client — sap_connected system=LUP user=LOPEZHJC
12:33:04 [INFO] core.queue_model — queue_worker_sap_connected
12:33:04 [INFO] core.sap_client — setup_phase1_start
12:33:10 [INFO] core.sap_client — tx_opened code=/nZMOVEINBHU current_tx=ZMOVEINBHU
12:33:10 [INFO] core.sap_client — phase1_ready — ctxtP_HU confirmed
12:33:13 [INFO] core.sap_client — hu_phase1_duplicate hu=2972606846
12:33:13 [INFO] core.sap_client — setup_phase2_start
12:33:18 [INFO] core.sap_client — tx_opened code=/nZMMTIJSEP current_tx=ZMMTIJSEP
12:33:18 [INFO] core.sap_client — phase2_ready — txtGV_HU confirmed
12:33:19 [INFO] core.sap_client — hu_phase2_ok hu=2972606846 duration_ms=1003
12:33:19 [INFO] core.queue_model — pallet_done pallet=1 hu_codes=['2972606846']
12:33:24 [INFO] core.sap_client — tx_opened code=/nSP01 current_tx=SP01
12:33:29 [INFO] core.sap_client — sp01_row_marked row=4 title=CN-CON-003_00000000002972606846_20260318172938
12:33:31 [INFO] core.sap_client — sp01_pallet_done marked=1 hu_codes=['2972606846']
12:33:31 [INFO] core.queue_model — sp01_pallet_result={'status': 'ok', 'message': 'SP01 OK — 1 spool(s) impreso(s)', 'marked': 1}
12:33:31 [INFO] ui.queue_window — ui_paused_after_pallet pallet_id=1
12:34:12 [INFO] core.queue_model — hu_added hu=2972606846 pallet=1 origin=ITA
12:34:13 [INFO] core.queue_model — hu_added hu=2972610495 pallet=2 origin=ITA
12:34:16 [INFO] core.queue_model — queue_worker_started print_per_pallet=False
12:34:16 [INFO] ui.queue_window — worker_started_from_ui
12:34:16 [INFO] core.sap_client — sap_connected system=LUP user=LOPEZHJC
12:34:16 [INFO] core.queue_model — queue_worker_sap_connected
12:34:16 [INFO] core.sap_client — setup_phase1_start
12:34:21 [INFO] core.sap_client — tx_opened code=/nZMOVEINBHU current_tx=ZMOVEINBHU
12:34:21 [INFO] core.sap_client — phase1_ready — ctxtP_HU confirmed
12:34:24 [INFO] core.sap_client — hu_phase1_duplicate hu=2972606846
12:34:24 [INFO] core.sap_client — setup_phase2_start
12:34:29 [INFO] core.sap_client — tx_opened code=/nZMMTIJSEP current_tx=ZMMTIJSEP
12:34:30 [INFO] core.sap_client — phase2_ready — txtGV_HU confirmed
12:34:31 [INFO] core.sap_client — hu_phase2_ok hu=2972606846 duration_ms=1002
12:34:31 [INFO] core.sap_client — setup_phase1_start
12:34:36 [INFO] core.sap_client — tx_opened code=/nZMOVEINBHU current_tx=ZMOVEINBHU
12:34:36 [INFO] core.sap_client — phase1_ready — ctxtP_HU confirmed
12:34:39 [INFO] core.sap_client — hu_phase1_duplicate hu=2972610495
12:34:39 [WARNING] core.sap_client — phase2_wrong_screen hu=2972610495 — re-navigating
12:34:39 [INFO] core.sap_client — setup_phase2_start
12:34:44 [INFO] core.sap_client — tx_opened code=/nZMMTIJSEP current_tx=ZMMTIJSEP
12:34:44 [INFO] core.sap_client — phase2_ready — txtGV_HU confirmed
12:34:45 [INFO] core.sap_client — hu_phase2_ok hu=2972610495 duration_ms=6012
12:34:45 [INFO] core.queue_model — executing_sp01_global
12:34:48 [INFO] core.queue_model — queue_worker_stop_requested
12:34:51 [INFO] core.sap_client — tx_opened code=/nSP01 current_tx=SP01
12:34:53 [INFO] core.sap_client — sp01_executed_global
12:34:53 [INFO] core.queue_model — queue_worker_stopped
12:34:53 [INFO] core.queue_model — queue_worker_stop_requested
12:34:59 [INFO] core.queue_model — hu_added hu=2972606846 pallet=1 origin=ITA
12:35:00 [INFO] core.queue_model — hu_added hu=2972610495 pallet=2 origin=ITA
12:35:02 [INFO] core.queue_model — queue_worker_started print_per_pallet=True
12:35:02 [INFO] ui.queue_window — worker_started_from_ui
12:35:02 [INFO] core.sap_client — sap_connected system=LUP user=LOPEZHJC
12:35:02 [INFO] core.queue_model — queue_worker_sap_connected
12:35:02 [INFO] core.sap_client — setup_phase1_start
12:35:07 [INFO] core.sap_client — tx_opened code=/nZMOVEINBHU current_tx=ZMOVEINBHU
12:35:07 [INFO] core.sap_client — phase1_ready — ctxtP_HU confirmed
12:35:10 [INFO] core.sap_client — hu_phase1_duplicate hu=2972606846
12:35:10 [INFO] core.sap_client — setup_phase2_start
12:35:15 [INFO] core.sap_client — tx_opened code=/nZMMTIJSEP current_tx=ZMMTIJSEP
12:35:15 [INFO] core.sap_client — phase2_ready — txtGV_HU confirmed
12:35:16 [INFO] core.sap_client — hu_phase2_ok hu=2972606846 duration_ms=1002
12:35:16 [INFO] core.queue_model — pallet_done pallet=1 hu_codes=['2972606846']
12:35:22 [INFO] core.sap_client — tx_opened code=/nSP01 current_tx=SP01
12:35:26 [INFO] core.sap_client — sp01_row_marked row=4 title=CN-CON-003_00000000002972606846_20260318172938
12:35:26 [INFO] core.sap_client — sp01_row_marked row=8 title=CN-CON-003_00000000002972606846_20260318172938
12:35:26 [INFO] core.sap_client — sp01_row_marked row=10 title=CN-CON-003_00000000002972606846_20260318172938
12:35:30 [INFO] core.sap_client — sp01_pallet_done marked=3 hu_codes=['2972606846']
12:35:30 [INFO] core.queue_model — sp01_pallet_result={'status': 'ok', 'message': 'SP01 OK — 3 spool(s) impreso(s)', 'marked': 3}
12:35:30 [INFO] ui.queue_window — ui_paused_after_pallet pallet_id=1
12:44:24 [INFO] core.queue_model — hu_added hu=2972606846 pallet=1 origin=ITA
12:44:27 [INFO] core.queue_model — hu_added hu=2972610495 pallet=2 origin=ITA
12:44:29 [INFO] core.queue_model — queue_worker_started print_per_pallet=True
12:44:29 [INFO] ui.queue_window — worker_started_from_ui
12:44:29 [INFO] core.sap_client — sap_connected system=LUP user=LOPEZHJC
12:44:29 [INFO] core.queue_model — queue_worker_sap_connected
12:44:29 [INFO] core.sap_client — setup_phase1_start
12:44:35 [INFO] core.sap_client — tx_opened code=/nZMOVEINBHU current_tx=ZMOVEINBHU
12:44:35 [INFO] core.sap_client — phase1_ready — ctxtP_HU confirmed
12:44:38 [INFO] core.sap_client — hu_phase1_duplicate hu=2972606846
12:44:38 [INFO] core.sap_client — setup_phase2_start
12:44:43 [INFO] core.sap_client — tx_opened code=/nZMMTIJSEP current_tx=ZMMTIJSEP
12:44:43 [INFO] core.sap_client — phase2_ready — txtGV_HU confirmed
12:44:44 [INFO] core.sap_client — hu_phase2_ok hu=2972606846 duration_ms=1001
12:44:44 [INFO] core.queue_model — pallet_done pallet=1 hu_codes=['2972606846']
12:44:49 [INFO] core.sap_client — tx_opened code=/nSP01 current_tx=SP01
12:44:54 [INFO] core.sap_client — sp01_row_marked row=4 title=CN-CON-003_00000000002972606846_20260318172938
12:44:58 [INFO] core.sap_client — sp01_pallet_done marked=1 hu_codes=['2972606846']
12:44:58 [INFO] core.queue_model — sp01_pallet_result={'status': 'ok', 'message': 'SP01 OK — 1 spool(s) impreso(s)', 'marked': 1}
12:44:58 [INFO] ui.queue_window — ui_paused_after_pallet pallet_id=1
12:50:31 [INFO] core.queue_model — queue_worker_resumed_by_ui
12:50:31 [INFO] ui.queue_window — continue_pressed_by_user
12:50:31 [INFO] core.queue_model — queue_worker_resumed_processing
12:50:31 [INFO] core.sap_client — setup_phase1_start
12:50:36 [INFO] core.sap_client — tx_opened code=/nZMOVEINBHU current_tx=ZMOVEINBHU
12:50:37 [INFO] core.sap_client — phase1_ready — ctxtP_HU confirmed
12:50:39 [INFO] core.sap_client — hu_phase1_duplicate hu=2972610495
12:50:39 [INFO] core.sap_client — setup_phase2_start
12:50:45 [INFO] core.sap_client — tx_opened code=/nZMMTIJSEP current_tx=ZMMTIJSEP
12:50:45 [INFO] core.sap_client — phase2_ready — txtGV_HU confirmed
12:50:46 [INFO] core.sap_client — hu_phase2_ok hu=2972610495 duration_ms=1002
12:50:46 [INFO] core.queue_model — pallet_done pallet=2 hu_codes=['2972610495']
12:50:51 [INFO] core.sap_client — tx_opened code=/nSP01 current_tx=SP01
12:50:56 [INFO] core.sap_client — sp01_row_marked row=4 title=CN-CON-003_00000000002972610495_20260324075005
12:50:56 [INFO] core.sap_client — sp01_row_marked row=10 title=CN-CON-003_00000000002972610495_20260324075005
12:51:00 [INFO] core.sap_client — sp01_pallet_done marked=2 hu_codes=['2972610495']
12:51:00 [INFO] core.queue_model — sp01_pallet_result={'status': 'ok', 'message': 'SP01 OK — 2 spool(s) impreso(s)', 'marked': 2}
12:51:00 [INFO] core.queue_model — queue_worker_stopped
12:51:00 [INFO] core.queue_model — queue_worker_stop_requested
12:51:10 [INFO] core.queue_model — queue_worker_stop_requested
12:51:17 [INFO] core.queue_model — queue_worker_stop_requested
12:53:13 [INFO] core.queue_model — hu_added hu=2972606846 pallet=1 origin=ITA
12:53:15 [INFO] core.queue_model — hu_added hu=2972610495 pallet=2 origin=ITA
12:53:17 [INFO] core.queue_model — queue_worker_started print_per_pallet=True
12:53:17 [INFO] ui.queue_window — worker_started_from_ui
12:53:17 [INFO] core.sap_client — sap_connected system=LUP user=LOPEZHJC
12:53:17 [INFO] core.queue_model — queue_worker_sap_connected
12:53:17 [INFO] core.sap_client — setup_phase1_start
12:53:22 [INFO] core.sap_client — tx_opened code=/nZMOVEINBHU current_tx=ZMOVEINBHU
12:53:22 [INFO] core.sap_client — phase1_ready — ctxtP_HU confirmed
12:53:25 [INFO] core.sap_client — hu_phase1_duplicate hu=2972606846
12:53:25 [INFO] core.sap_client — setup_phase2_start
12:53:30 [INFO] core.sap_client — tx_opened code=/nZMMTIJSEP current_tx=ZMMTIJSEP
12:53:30 [INFO] core.sap_client — phase2_ready — txtGV_HU confirmed
12:53:31 [INFO] core.sap_client — hu_phase2_ok hu=2972606846 duration_ms=1002
12:53:31 [INFO] core.queue_model — pallet_done pallet=1 hu_codes=['2972606846']
12:53:37 [INFO] core.sap_client — tx_opened code=/nSP01 current_tx=SP01
12:53:41 [INFO] core.sap_client — sp01_row_marked row=4 title=CN-CON-003_00000000002972606846_20260318172938
12:53:43 [INFO] core.sap_client — sp01_btn13_pressed — impresión directa 1 spool
12:53:44 [INFO] core.sap_client — sp01_pallet_done marked=1 hu_codes=['2972606846']
12:53:44 [INFO] core.queue_model — sp01_pallet_result={'status': 'ok', 'message': 'SP01 OK — 1 spool(s) impreso(s)', 'marked': 1}
12:53:44 [INFO] ui.queue_window — ui_paused_after_pallet pallet_id=1
13:01:07 [INFO] core.queue_model — hu_added hu=2972606846 pallet=1 origin=ITA
13:01:08 [INFO] core.queue_model — hu_added hu=2972610495 pallet=2 origin=ITA
13:01:11 [INFO] core.queue_model — queue_worker_started print_per_pallet=True
13:01:11 [INFO] ui.queue_window — worker_started_from_ui
13:01:11 [INFO] core.sap_client — sap_connected system=LUP user=LOPEZHJC
13:01:11 [INFO] core.queue_model — queue_worker_sap_connected
13:01:11 [INFO] core.sap_client — setup_phase1_start
13:01:16 [INFO] core.sap_client — tx_opened code=/nZMOVEINBHU current_tx=ZMOVEINBHU
13:01:16 [INFO] core.sap_client — phase1_ready — ctxtP_HU confirmed
13:01:19 [INFO] core.sap_client — hu_phase1_duplicate hu=2972606846
13:01:19 [INFO] core.sap_client — setup_phase2_start
13:01:25 [INFO] core.sap_client — tx_opened code=/nZMMTIJSEP current_tx=ZMMTIJSEP
13:01:25 [INFO] core.sap_client — phase2_ready — txtGV_HU confirmed
13:01:26 [INFO] core.sap_client — hu_phase2_ok hu=2972606846 duration_ms=1001
13:01:26 [INFO] core.queue_model — pallet_done pallet=1 hu_codes=['2972606846']
13:01:31 [INFO] core.sap_client — tx_opened code=/nSP01 current_tx=SP01
13:01:35 [INFO] core.sap_client — sp01_row_marked row=4 title=CN-CON-003_00000000002972606846_20260318172938
13:01:37 [INFO] core.sap_client — sp01_print_confirmed via=btn[13] marked=1
13:01:39 [INFO] core.sap_client — sp01_pallet_done marked=1 hu_codes=['2972606846']
13:01:39 [INFO] core.queue_model — sp01_pallet_result={'status': 'ok', 'message': 'SP01 OK — 1 spool(s) impreso(s)', 'marked': 1}
13:01:39 [INFO] ui.queue_window — ui_paused_after_pallet pallet_id=1
13:01:45 [INFO] core.queue_model — queue_worker_resumed_by_ui
13:01:45 [INFO] ui.queue_window — continue_pressed_by_user
13:01:45 [INFO] core.queue_model — queue_worker_resumed_processing
13:01:45 [INFO] core.sap_client — setup_phase1_start
13:01:51 [INFO] core.sap_client — tx_opened code=/nZMOVEINBHU current_tx=ZMOVEINBHU
13:01:51 [INFO] core.sap_client — phase1_ready — ctxtP_HU confirmed
13:01:53 [INFO] core.sap_client — hu_phase1_duplicate hu=2972610495
13:01:53 [INFO] core.sap_client — setup_phase2_start
13:01:59 [INFO] core.sap_client — tx_opened code=/nZMMTIJSEP current_tx=ZMMTIJSEP
13:01:59 [INFO] core.sap_client — phase2_ready — txtGV_HU confirmed
13:02:00 [INFO] core.sap_client — hu_phase2_ok hu=2972610495 duration_ms=1002
13:02:00 [INFO] core.queue_model — pallet_done pallet=2 hu_codes=['2972610495']
13:02:05 [INFO] core.sap_client — tx_opened code=/nSP01 current_tx=SP01
13:02:10 [INFO] core.sap_client — sp01_row_marked row=4 title=CN-CON-003_00000000002972610495_20260324075005
13:02:12 [INFO] core.sap_client — sp01_print_confirmed via=btn[13] marked=1
13:02:14 [INFO] core.sap_client — sp01_pallet_done marked=1 hu_codes=['2972610495']
13:02:14 [INFO] core.queue_model — sp01_pallet_result={'status': 'ok', 'message': 'SP01 OK — 1 spool(s) impreso(s)', 'marked': 1}
13:02:14 [INFO] core.queue_model — queue_worker_stopped
13:02:14 [INFO] core.queue_model — queue_worker_stop_requested
13:02:19 [INFO] core.queue_model — queue_worker_stop_requested
13:02:31 [INFO] core.queue_model — queue_worker_stop_requested
13:54:19 [INFO] core.queue_model — hu_added hu=T10045864463 pallet=1 origin=THA
13:54:21 [INFO] core.queue_model — queue_worker_started print_per_pallet=False
13:54:21 [INFO] ui.queue_window — worker_started_from_ui
13:54:21 [INFO] core.sap_client — sap_connected system=LUP user=LOPEZHJC
13:54:21 [INFO] core.queue_model — queue_worker_sap_connected
13:54:21 [INFO] core.sap_client — setup_phase1_start
13:54:29 [INFO] core.sap_client — tx_opened code=/nZMOVEINBHU current_tx=ZMOVEINBHU
13:54:29 [INFO] core.sap_client — phase1_ready — ctxtP_HU confirmed
13:54:33 [INFO] core.sap_client — hu_phase1_ok hu=T10045864463
13:54:33 [INFO] core.sap_client — setup_phase2_start
13:54:39 [INFO] core.sap_client — tx_opened code=/nZMMTIJSEP current_tx=ZMMTIJSEP
13:54:39 [INFO] core.sap_client — phase2_ready — txtGV_HU confirmed
13:54:40 [INFO] core.sap_client — hu_phase2_ok hu=T10045864463 duration_ms=1159
13:55:36 [INFO] core.queue_model — hu_added hu=C1015537701 pallet=1 origin=ATL
13:55:36 [INFO] core.sap_client — setup_phase1_start
13:55:38 [INFO] core.queue_model — hu_added hu=C1015537700 pallet=1 origin=ATL
13:55:41 [INFO] core.sap_client — tx_opened code=/nZMOVEINBHU current_tx=ZMOVEINBHU
13:55:41 [INFO] core.sap_client — phase1_ready — ctxtP_HU confirmed
13:55:48 [INFO] core.sap_client — hu_phase1_ok hu=C1015537701
13:55:48 [WARNING] core.sap_client — phase2_wrong_screen hu=C1015537701 — re-navigating
13:55:48 [INFO] core.sap_client — setup_phase2_start
13:55:53 [INFO] core.queue_model — hu_added hu=C1016430928 pallet=1 origin=ATL
13:55:53 [INFO] core.sap_client — tx_opened code=/nZMMTIJSEP current_tx=ZMMTIJSEP
13:55:53 [INFO] core.sap_client — phase2_ready — txtGV_HU confirmed
13:55:54 [INFO] core.sap_client — hu_phase2_ok hu=C1015537701 duration_ms=6334
13:55:54 [WARNING] core.sap_client — phase1_wrong_screen hu=C1015537700 — re-navigating
13:55:54 [INFO] core.sap_client — setup_phase1_start
13:55:57 [INFO] core.queue_model — hu_added hu=C1015914858 pallet=1 origin=ATL
13:56:00 [INFO] core.sap_client — tx_opened code=/nZMOVEINBHU current_tx=ZMOVEINBHU
13:56:00 [INFO] core.sap_client — phase1_ready — ctxtP_HU confirmed
13:56:08 [INFO] core.sap_client — hu_phase1_ok hu=C1015537700
13:56:08 [WARNING] core.sap_client — phase2_wrong_screen hu=C1015537700 — re-navigating
13:56:08 [INFO] core.sap_client — setup_phase2_start
13:56:13 [INFO] core.sap_client — tx_opened code=/nZMMTIJSEP current_tx=ZMMTIJSEP
13:56:13 [INFO] core.sap_client — phase2_ready — txtGV_HU confirmed
13:56:14 [INFO] core.sap_client — hu_phase2_ok hu=C1015537700 duration_ms=6232
13:56:14 [WARNING] core.sap_client — phase1_wrong_screen hu=C1016430928 — re-navigating
13:56:14 [INFO] core.sap_client — setup_phase1_start
13:56:20 [INFO] core.sap_client — tx_opened code=/nZMOVEINBHU current_tx=ZMOVEINBHU
13:56:20 [INFO] core.sap_client — phase1_ready — ctxtP_HU confirmed
13:56:26 [INFO] core.sap_client — hu_phase1_ok hu=C1016430928
13:56:26 [WARNING] core.sap_client — phase2_wrong_screen hu=C1016430928 — re-navigating
13:56:26 [INFO] core.sap_client — setup_phase2_start
13:56:31 [INFO] core.sap_client — tx_opened code=/nZMMTIJSEP current_tx=ZMMTIJSEP
13:56:31 [INFO] core.sap_client — phase2_ready — txtGV_HU confirmed
13:56:32 [INFO] core.sap_client — hu_phase2_ok hu=C1016430928 duration_ms=6178
13:56:32 [WARNING] core.sap_client — phase1_wrong_screen hu=C1015914858 — re-navigating
13:56:32 [INFO] core.sap_client — setup_phase1_start
13:56:37 [INFO] core.sap_client — tx_opened code=/nZMOVEINBHU current_tx=ZMOVEINBHU
13:56:37 [INFO] core.sap_client — phase1_ready — ctxtP_HU confirmed
13:56:44 [INFO] core.sap_client — hu_phase1_ok hu=C1015914858
13:56:44 [WARNING] core.sap_client — phase2_wrong_screen hu=C1015914858 — re-navigating
13:56:44 [INFO] core.sap_client — setup_phase2_start
13:56:49 [INFO] core.sap_client — tx_opened code=/nZMMTIJSEP current_tx=ZMMTIJSEP
13:56:49 [INFO] core.sap_client — phase2_ready — txtGV_HU confirmed
13:56:50 [INFO] core.sap_client — hu_phase2_ok hu=C1015914858 duration_ms=6383
13:56:56 [INFO] core.queue_model — queue_worker_stop_requested
13:56:56 [INFO] core.queue_model — queue_worker_stopped
13:57:27 [INFO] core.queue_model — hu_added hu=c1016347421 pallet=1 origin=ATL
13:58:04 [INFO] core.queue_model — queue_worker_started print_per_pallet=True
13:58:04 [INFO] ui.queue_window — worker_started_from_ui
13:58:04 [INFO] core.sap_client — sap_connected system=LUP user=LOPEZHJC
13:58:04 [INFO] core.queue_model — queue_worker_sap_connected
13:58:04 [INFO] core.sap_client — setup_phase1_start
13:58:09 [INFO] core.sap_client — tx_opened code=/nZMOVEINBHU current_tx=ZMOVEINBHU
13:58:09 [INFO] core.sap_client — phase1_ready — ctxtP_HU confirmed
13:58:13 [INFO] core.sap_client — hu_phase1_ok hu=c1016347421
13:58:13 [INFO] core.sap_client — setup_phase2_start
13:58:14 [INFO] core.queue_model — hu_added hu=C1015914856 pallet=1 origin=ATL
13:58:16 [INFO] core.queue_model — hu_added hu=C1015914859 pallet=1 origin=ATL
13:58:18 [INFO] core.sap_client — tx_opened code=/nZMMTIJSEP current_tx=ZMMTIJSEP
13:58:18 [INFO] core.sap_client — phase2_ready — txtGV_HU confirmed
13:58:19 [INFO] core.sap_client — hu_phase2_ok hu=c1016347421 duration_ms=1002
13:58:19 [INFO] core.sap_client — setup_phase1_start
13:58:25 [INFO] core.sap_client — tx_opened code=/nZMOVEINBHU current_tx=ZMOVEINBHU
13:58:25 [INFO] core.sap_client — phase1_ready — ctxtP_HU confirmed
13:58:29 [INFO] core.queue_model — hu_added hu=C1015537699 pallet=1 origin=ATL
13:58:32 [INFO] core.sap_client — hu_phase1_ok hu=C1015914856
13:58:32 [WARNING] core.sap_client — phase2_wrong_screen hu=C1015914856 — re-navigating
13:58:32 [INFO] core.sap_client — setup_phase2_start
13:58:37 [INFO] core.sap_client — tx_opened code=/nZMMTIJSEP current_tx=ZMMTIJSEP
13:58:37 [INFO] core.sap_client — phase2_ready — txtGV_HU confirmed
13:58:38 [INFO] core.sap_client — hu_phase2_ok hu=C1015914856 duration_ms=6242
13:58:38 [WARNING] core.sap_client — phase1_wrong_screen hu=C1015914859 — re-navigating
13:58:38 [INFO] core.sap_client — setup_phase1_start
13:58:43 [INFO] core.sap_client — tx_opened code=/nZMOVEINBHU current_tx=ZMOVEINBHU
13:58:43 [INFO] core.sap_client — phase1_ready — ctxtP_HU confirmed
13:58:48 [INFO] core.queue_model — hu_added hu=c1016347418 pallet=1 origin=ATL
13:58:48 [INFO] core.sap_client — hu_phase1_ok hu=C1015914859
13:58:48 [WARNING] core.sap_client — phase2_wrong_screen hu=C1015914859 — re-navigating
13:58:48 [INFO] core.sap_client — setup_phase2_start
13:58:54 [INFO] core.sap_client — tx_opened code=/nZMMTIJSEP current_tx=ZMMTIJSEP
13:58:54 [INFO] core.sap_client — phase2_ready — txtGV_HU confirmed
13:58:54 [INFO] core.sap_client — hu_phase2_ok hu=C1015914859 duration_ms=6244
13:58:55 [WARNING] core.sap_client — phase1_wrong_screen hu=C1015537699 — re-navigating
13:58:55 [INFO] core.sap_client — setup_phase1_start
13:59:00 [INFO] core.sap_client — tx_opened code=/nZMOVEINBHU current_tx=ZMOVEINBHU
13:59:00 [INFO] core.sap_client — phase1_ready — ctxtP_HU confirmed
13:59:07 [INFO] core.sap_client — hu_phase1_ok hu=C1015537699
13:59:07 [WARNING] core.sap_client — phase2_wrong_screen hu=C1015537699 — re-navigating
13:59:07 [INFO] core.sap_client — setup_phase2_start
13:59:12 [INFO] core.sap_client — tx_opened code=/nZMMTIJSEP current_tx=ZMMTIJSEP
13:59:13 [INFO] core.sap_client — phase2_ready — txtGV_HU confirmed
13:59:13 [INFO] core.sap_client — hu_phase2_ok hu=C1015537699 duration_ms=6339
13:59:13 [WARNING] core.sap_client — phase1_wrong_screen hu=c1016347418 — re-navigating
13:59:13 [INFO] core.sap_client — setup_phase1_start
13:59:19 [INFO] core.sap_client — tx_opened code=/nZMOVEINBHU current_tx=ZMOVEINBHU
13:59:19 [INFO] core.sap_client — phase1_ready — ctxtP_HU confirmed
13:59:26 [INFO] core.sap_client — hu_phase1_ok hu=c1016347418
13:59:26 [WARNING] core.sap_client — phase2_wrong_screen hu=c1016347418 — re-navigating
13:59:26 [INFO] core.sap_client — setup_phase2_start
13:59:31 [INFO] core.sap_client — tx_opened code=/nZMMTIJSEP current_tx=ZMMTIJSEP
13:59:31 [INFO] core.sap_client — phase2_ready — txtGV_HU confirmed
13:59:32 [INFO] core.sap_client — hu_phase2_ok hu=c1016347418 duration_ms=6237
13:59:32 [INFO] core.queue_model — pallet_done pallet=1 hu_codes=['T10045864463', 'C1015537701', 'C1015537700', 'C1016430928', 'C1015914858', 'c1016347421', 'C1015914856', 'C1015914859', 'C1015537699', 'c1016347418']
13:59:37 [INFO] core.sap_client — tx_opened code=/nSP01 current_tx=SP01
13:59:42 [INFO] core.sap_client — sp01_row_marked row=4 title=CN-CON-003_C1015914859_20260325205854
13:59:42 [INFO] core.sap_client — sp01_row_marked row=6 title=CN-CON-003_C1015914856_20260325205837
13:59:42 [INFO] core.sap_client — sp01_row_marked row=8 title=CN-CON-003_C1016347421_20260325205819
13:59:42 [INFO] core.sap_client — sp01_row_marked row=10 title=CN-CON-003_C1015914858_20260325205650
13:59:42 [INFO] core.sap_client — sp01_row_marked row=12 title=CN-CON-003_C1016430928_20260325205632
13:59:44 [INFO] core.sap_client — sp01_print_confirmed via=btn[25] marked=5
13:59:46 [INFO] core.sap_client — sp01_pallet_done marked=5 hu_codes=['T10045864463', 'C1015537701', 'C1015537700', 'C1016430928', 'C1015914858', 'c1016347421', 'C1015914856', 'C1015914859', 'C1015537699', 'c1016347418']
13:59:46 [INFO] core.queue_model — sp01_pallet_result={'status': 'ok', 'message': 'SP01 OK — 5 spool(s) impreso(s)', 'marked': 5}
13:59:46 [INFO] core.queue_model — queue_worker_stopped
13:59:46 [INFO] core.queue_model — queue_worker_stop_requested
14:04:30 [INFO] core.queue_model — queue_worker_stop_requested
14:04:38 [INFO] core.queue_model — hu_added hu=2972635779 pallet=1 origin=ITA
14:04:42 [INFO] core.queue_model — queue_worker_started print_per_pallet=True
14:04:42 [INFO] ui.queue_window — worker_started_from_ui
14:04:42 [INFO] core.sap_client — sap_connected system=LUP user=LOPEZHJC
14:04:42 [INFO] core.queue_model — queue_worker_sap_connected
14:04:42 [INFO] core.sap_client — setup_phase1_start
14:04:47 [INFO] core.queue_model — hu_added hu=2972636416 pallet=2 origin=ITA
14:04:48 [INFO] core.sap_client — tx_opened code=/nZMOVEINBHU current_tx=ZMOVEINBHU
14:04:48 [INFO] core.sap_client — phase1_ready — ctxtP_HU confirmed
14:04:49 [INFO] core.queue_model — hu_added hu=2972629977 pallet=3 origin=ITA
14:04:51 [INFO] core.sap_client — hu_phase1_ok hu=2972635779
14:04:51 [INFO] core.sap_client — setup_phase2_start
14:04:51 [INFO] core.queue_model — hu_added hu=2972629733 pallet=4 origin=ITA
14:04:56 [INFO] core.sap_client — tx_opened code=/nZMMTIJSEP current_tx=ZMMTIJSEP
14:04:56 [INFO] core.sap_client — phase2_ready — txtGV_HU confirmed
14:04:57 [INFO] core.sap_client — hu_phase2_ok hu=2972635779 duration_ms=1001
14:04:57 [INFO] core.queue_model — pallet_done pallet=1 hu_codes=['2972635779']
14:05:03 [INFO] core.sap_client — tx_opened code=/nSP01 current_tx=SP01
14:05:08 [INFO] core.sap_client — sp01_row_marked row=4 title=CN-CON-003_00000000002972635779_20260325210457
14:05:10 [INFO] core.sap_client — sp01_print_confirmed via=btn[13] marked=1
14:05:12 [INFO] core.sap_client — sp01_pallet_done marked=1 hu_codes=['2972635779']
14:05:12 [INFO] core.queue_model — sp01_pallet_result={'status': 'ok', 'message': 'SP01 OK — 1 spool(s) impreso(s)', 'marked': 1}
14:05:12 [INFO] ui.queue_window — ui_paused_after_pallet pallet_id=1
14:05:13 [INFO] core.queue_model — hu_added hu=2972629487 pallet=5 origin=ITA
14:05:18 [INFO] core.queue_model — hu_added hu=2972635289 pallet=6 origin=ITA
14:05:26 [INFO] core.queue_model — hu_added hu=2972633500 pallet=7 origin=ITA
14:05:28 [INFO] core.queue_model — hu_added hu=2972634508 pallet=8 origin=ITA
14:05:36 [INFO] core.queue_model — hu_added hu=2972635356 pallet=9 origin=ITA
14:05:39 [INFO] core.queue_model — hu_added hu=2972629629 pallet=10 origin=ITA
14:05:42 [INFO] core.queue_model — hu_added hu=2972632529 pallet=11 origin=ITA
14:05:57 [INFO] core.queue_model — hu_added hu=2972634771 pallet=12 origin=ITA
14:06:00 [INFO] core.queue_model — hu_added hu=2972610477 pallet=13 origin=ITA
14:06:05 [WARNING] core.queue_model — hu_duplicate_scan hu=2972632529
14:06:59 [INFO] core.queue_model — queue_worker_resumed_by_ui
14:06:59 [INFO] ui.queue_window — continue_pressed_by_user
14:06:59 [INFO] core.queue_model — queue_worker_resumed_processing
14:06:59 [INFO] core.sap_client — setup_phase1_start
14:07:05 [INFO] core.sap_client — tx_opened code=/nZMOVEINBHU current_tx=ZMOVEINBHU
14:07:05 [INFO] core.sap_client — phase1_ready — ctxtP_HU confirmed
14:07:09 [INFO] core.sap_client — hu_phase1_ok hu=2972636416
14:07:10 [INFO] core.sap_client — setup_phase2_start
14:07:15 [INFO] core.sap_client — tx_opened code=/nZMMTIJSEP current_tx=ZMMTIJSEP
14:07:15 [INFO] core.sap_client — phase2_ready — txtGV_HU confirmed
14:07:16 [INFO] core.sap_client — hu_phase2_ok hu=2972636416 duration_ms=1036
14:07:16 [INFO] core.queue_model — pallet_done pallet=2 hu_codes=['2972636416']
14:07:21 [INFO] core.sap_client — tx_opened code=/nSP01 current_tx=SP01
14:07:26 [WARNING] core.sap_client — sp01_no_rows_found | buscando=['2972636416'] | filas_leidas=[row=4 status='Compl.' title='CN-CON-003_00000000002972635779_20260325210457' | row=6 status='Compl.' title='CN-CON-003_C1015537700_20260325205614' | row=8 status='Compl.' title='CN-CON-003_C1016347418_20260325205932' | row=10 status='Compl.' title='CN-CON-003_C1015537699_20260325205913' | row=12 status='Compl.' title='CN-CON-003_C1015914859_20260325205854' | row=14 status='Compl.' title='CN-CON-003_C1015914856_20260325205837' | row=16 status='Compl.' title='CN-CON-003_C1016347421_20260325205819' | row=18 status='Compl.' title='CN-CON-003_C1015914858_20260325205650' | row=20 status='Compl.' title='CN-CON-003_C1016430928_20260325205632' | row=22 status='   -' title='CN-CON-002-00000070217899']
14:07:26 [INFO] core.queue_model — sp01_pallet_result={'status': 'error', 'message': 'No se encontraron spools para el pallet (HUs: 2972636416)', 'marked': 0}
14:07:26 [INFO] ui.queue_window — ui_paused_after_pallet pallet_id=2
14:07:41 [INFO] core.queue_model — queue_worker_resumed_by_ui
14:07:41 [INFO] ui.queue_window — continue_pressed_by_user
14:07:41 [INFO] core.queue_model — queue_worker_resumed_processing
14:07:41 [INFO] core.sap_client — setup_phase1_start
14:07:42 [INFO] core.queue_model — queue_worker_stop_requested
14:07:47 [INFO] core.sap_client — tx_opened code=/nZMOVEINBHU current_tx=ZMOVEINBHU
14:07:52 [INFO] core.sap_client — phase1_ready — ctxtP_HU confirmed
14:07:56 [INFO] core.sap_client — hu_phase1_ok hu=2972629977
14:07:56 [INFO] core.sap_client — setup_phase2_start
14:55:09 [INFO] core.sap_client — tx_opened code=/nZMMTIJSEP current_tx=ZMMTIJSEP
14:55:09 [INFO] core.sap_client — phase2_ready — txtGV_HU confirmed
14:55:10 [INFO] core.sap_client — hu_phase2_ok hu=2972629977 duration_ms=1001
14:55:10 [INFO] core.queue_model — pallet_done pallet=3 hu_codes=['2972629977']
14:55:15 [INFO] core.sap_client — tx_opened code=/nSP01 current_tx=ZMMTIJSEP
14:55:17 [ERROR] core.sap_client — sp01_pallet_error error=(-2147352567, 'Exception occurred.', (617, 'SAP Frontend Server', 'The virtual key is not enabled.', None, 0, 0), None) hu_codes=['2972629977']
14:55:17 [INFO] core.queue_model — sp01_pallet_result={'status': 'error', 'message': "SP01 ERROR: (-2147352567, 'Exception occurred.', (617, 'SAP Frontend Server', 'The virtual key is not enabled.', None, 0, 0), None)", 'marked': 0}
14:55:17 [INFO] core.queue_model — queue_worker_stopped
14:55:17 [INFO] ui.queue_window — ui_paused_after_pallet pallet_id=3
15:02:49 [INFO] core.queue_model — hu_added hu=C1016347425 pallet=1 origin=ATL
15:03:25 [INFO] core.queue_model — hu_added hu=C1015537698 pallet=1 origin=ATL
15:03:47 [INFO] core.queue_model — hu_added hu=C1016347420 pallet=1 origin=ATL
15:03:56 [INFO] core.queue_model — hu_added hu=C1015935604 pallet=1 origin=ATL
15:04:08 [INFO] core.queue_model — queue_worker_started print_per_pallet=True
15:04:08 [INFO] ui.queue_window — worker_started_from_ui
15:04:08 [INFO] core.sap_client — sap_connected system=LUP user=LOPEZHJC
15:04:08 [INFO] core.queue_model — queue_worker_sap_connected
15:04:08 [INFO] core.sap_client — setup_phase1_start
15:04:14 [INFO] core.sap_client — tx_opened code=/nZMOVEINBHU current_tx=ZMOVEINBHU
15:04:14 [INFO] core.sap_client — phase1_ready — ctxtP_HU confirmed
15:04:18 [INFO] core.queue_model — hu_added hu=C1015914857 pallet=1 origin=ATL
15:04:20 [INFO] core.sap_client — hu_phase1_ok hu=C1016347425
15:04:20 [INFO] core.sap_client — setup_phase2_start
15:04:25 [INFO] core.sap_client — tx_opened code=/nZMMTIJSEP current_tx=ZMMTIJSEP
15:04:25 [INFO] core.sap_client — phase2_ready — txtGV_HU confirmed
15:04:26 [INFO] core.sap_client — hu_phase2_ok hu=C1016347425 duration_ms=1001
15:04:26 [INFO] core.sap_client — setup_phase1_start
15:04:31 [INFO] core.sap_client — tx_opened code=/nZMOVEINBHU current_tx=ZMOVEINBHU
15:04:31 [INFO] core.sap_client — phase1_ready — ctxtP_HU confirmed
15:04:35 [INFO] core.queue_model — hu_added hu=C1016347380 pallet=1 origin=ATL
15:04:36 [INFO] core.sap_client — hu_phase1_ok hu=C1015537698
15:04:36 [WARNING] core.sap_client — phase2_wrong_screen hu=C1015537698 — re-navigating
15:04:36 [INFO] core.sap_client — setup_phase2_start
15:04:41 [INFO] core.queue_model — hu_added hu=C1015914830 pallet=1 origin=ATL
15:04:41 [INFO] core.sap_client — tx_opened code=/nZMMTIJSEP current_tx=ZMMTIJSEP
15:04:41 [INFO] core.sap_client — phase2_ready — txtGV_HU confirmed
15:04:42 [INFO] core.sap_client — hu_phase2_ok hu=C1015537698 duration_ms=6151
15:04:42 [WARNING] core.sap_client — phase1_wrong_screen hu=C1016347420 — re-navigating
15:04:42 [INFO] core.sap_client — setup_phase1_start
15:04:43 [INFO] core.queue_model — hu_added hu=C1015935602 pallet=1 origin=ATL
15:04:47 [INFO] core.sap_client — tx_opened code=/nZMOVEINBHU current_tx=ZMOVEINBHU
15:04:47 [INFO] core.sap_client — phase1_ready — ctxtP_HU confirmed
15:04:52 [INFO] core.sap_client — hu_phase1_ok hu=C1016347420
15:04:52 [WARNING] core.sap_client — phase2_wrong_screen hu=C1016347420 — re-navigating
15:04:52 [INFO] core.sap_client — setup_phase2_start
15:04:57 [INFO] core.sap_client — tx_opened code=/nZMMTIJSEP current_tx=ZMMTIJSEP
15:04:57 [INFO] core.sap_client — phase2_ready — txtGV_HU confirmed
15:04:58 [INFO] core.sap_client — hu_phase2_ok hu=C1016347420 duration_ms=6274
15:04:58 [WARNING] core.sap_client — phase1_wrong_screen hu=C1015935604 — re-navigating
15:04:58 [INFO] core.sap_client — setup_phase1_start
15:05:04 [INFO] core.sap_client — tx_opened code=/nZMOVEINBHU current_tx=ZMOVEINBHU
15:05:04 [INFO] core.sap_client — phase1_ready — ctxtP_HU confirmed
15:05:07 [INFO] core.sap_client — hu_phase1_ok hu=C1015935604
15:05:07 [WARNING] core.sap_client — phase2_wrong_screen hu=C1015935604 — re-navigating
15:05:07 [INFO] core.sap_client — setup_phase2_start
15:05:12 [INFO] core.sap_client — tx_opened code=/nZMMTIJSEP current_tx=ZMMTIJSEP
15:05:12 [INFO] core.sap_client — phase2_ready — txtGV_HU confirmed
15:05:13 [INFO] core.sap_client — hu_phase2_ok hu=C1015935604 duration_ms=6019
15:05:13 [WARNING] core.sap_client — phase1_wrong_screen hu=C1015914857 — re-navigating
15:05:13 [INFO] core.sap_client — setup_phase1_start
15:05:18 [INFO] core.sap_client — tx_opened code=/nZMOVEINBHU current_tx=ZMOVEINBHU
15:05:18 [INFO] core.sap_client — phase1_ready — ctxtP_HU confirmed
15:05:24 [INFO] core.sap_client — hu_phase1_ok hu=C1015914857
15:05:24 [WARNING] core.sap_client — phase2_wrong_screen hu=C1015914857 — re-navigating
15:05:24 [INFO] core.sap_client — setup_phase2_start
15:05:30 [INFO] core.sap_client — tx_opened code=/nZMMTIJSEP current_tx=ZMMTIJSEP
15:05:30 [INFO] core.sap_client — phase2_ready — txtGV_HU confirmed
15:05:30 [INFO] core.sap_client — hu_phase2_ok hu=C1015914857 duration_ms=6062
15:05:30 [WARNING] core.sap_client — phase1_wrong_screen hu=C1016347380 — re-navigating
15:05:30 [INFO] core.sap_client — setup_phase1_start
15:05:36 [INFO] core.sap_client — tx_opened code=/nZMOVEINBHU current_tx=ZMOVEINBHU
15:05:36 [INFO] core.sap_client — phase1_ready — ctxtP_HU confirmed
15:05:39 [INFO] core.sap_client — hu_phase1_ok hu=C1016347380
15:05:39 [WARNING] core.sap_client — phase2_wrong_screen hu=C1016347380 — re-navigating
15:05:39 [INFO] core.sap_client — setup_phase2_start
15:05:45 [INFO] core.sap_client — tx_opened code=/nZMMTIJSEP current_tx=ZMMTIJSEP
15:05:45 [INFO] core.sap_client — phase2_ready — txtGV_HU confirmed
15:05:45 [INFO] core.sap_client — hu_phase2_ok hu=C1016347380 duration_ms=5990
15:05:45 [WARNING] core.sap_client — phase1_wrong_screen hu=C1015914830 — re-navigating
15:05:46 [INFO] core.sap_client — setup_phase1_start
15:05:51 [INFO] core.sap_client — tx_opened code=/nZMOVEINBHU current_tx=ZMOVEINBHU
15:05:51 [INFO] core.sap_client — phase1_ready — ctxtP_HU confirmed
15:05:55 [INFO] core.sap_client — hu_phase1_ok hu=C1015914830
15:05:55 [WARNING] core.sap_client — phase2_wrong_screen hu=C1015914830 — re-navigating
15:05:55 [INFO] core.sap_client — setup_phase2_start
15:06:00 [INFO] core.sap_client — tx_opened code=/nZMMTIJSEP current_tx=ZMMTIJSEP
15:06:00 [INFO] core.sap_client — phase2_ready — txtGV_HU confirmed
15:06:01 [INFO] core.sap_client — hu_phase2_ok hu=C1015914830 duration_ms=6049
15:06:01 [WARNING] core.sap_client — phase1_wrong_screen hu=C1015935602 — re-navigating
15:06:01 [INFO] core.sap_client — setup_phase1_start
15:06:06 [INFO] core.sap_client — tx_opened code=/nZMOVEINBHU current_tx=ZMOVEINBHU
15:06:06 [INFO] core.sap_client — phase1_ready — ctxtP_HU confirmed
15:06:10 [INFO] core.sap_client — hu_phase1_ok hu=C1015935602
15:06:10 [WARNING] core.sap_client — phase2_wrong_screen hu=C1015935602 — re-navigating
15:06:10 [INFO] core.sap_client — setup_phase2_start
15:06:15 [INFO] core.sap_client — tx_opened code=/nZMMTIJSEP current_tx=ZMMTIJSEP
15:06:15 [INFO] core.sap_client — phase2_ready — txtGV_HU confirmed
15:06:16 [INFO] core.sap_client — hu_phase2_ok hu=C1015935602 duration_ms=5996
15:06:16 [INFO] core.queue_model — pallet_done pallet=1 hu_codes=['C1016347425', 'C1015537698', 'C1016347420', 'C1015935604', 'C1015914857', 'C1016347380', 'C1015914830', 'C1015935602']
15:06:21 [INFO] core.sap_client — tx_opened code=/nSP01 current_tx=SP01
15:06:26 [INFO] core.sap_client — sp01_row_marked row=4 title=CN-CON-003_C1015914830_20260325220600
15:06:26 [INFO] core.sap_client — sp01_row_marked row=6 title=CN-CON-003_C1016347380_20260325220545
15:06:26 [INFO] core.sap_client — sp01_row_marked row=8 title=CN-CON-003_C1015914857_20260325220530
15:06:26 [INFO] core.sap_client — sp01_row_marked row=10 title=CN-CON-003_C1015935604_20260325220513
15:06:26 [INFO] core.sap_client — sp01_row_marked row=12 title=CN-CON-003_C1016347420_20260325220458
15:06:26 [INFO] core.sap_client — sp01_row_marked row=14 title=CN-CON-003_C1015537698_20260325220442
15:06:26 [INFO] core.sap_client — sp01_row_marked row=16 title=CN-CON-003_C1016347425_20260325220425
15:06:28 [INFO] core.sap_client — sp01_print_confirmed via=btn[25] marked=7
15:06:31 [INFO] core.sap_client — sp01_pallet_done marked=7 hu_codes=['C1016347425', 'C1015537698', 'C1016347420', 'C1015935604', 'C1015914857', 'C1016347380', 'C1015914830', 'C1015935602']
15:06:31 [INFO] core.queue_model — sp01_pallet_result={'status': 'ok', 'message': 'SP01 OK — 7 spool(s) impreso(s)', 'marked': 7}
15:06:31 [INFO] core.queue_model — queue_worker_stopped
15:06:31 [INFO] core.queue_model — queue_worker_stop_requested
15:11:54 [INFO] core.queue_model — hu_added hu=C1016347417 pallet=1 origin=ATL
15:12:20 [INFO] core.queue_model — hu_added hu=C1016347419 pallet=1 origin=ATL
15:12:23 [INFO] core.queue_model — queue_worker_started print_per_pallet=True
15:12:23 [INFO] ui.queue_window — worker_started_from_ui
15:12:23 [INFO] core.sap_client — sap_connected system=LUP user=LOPEZHJC
15:12:23 [INFO] core.queue_model — queue_worker_sap_connected
15:12:23 [INFO] core.sap_client — setup_phase1_start
15:12:29 [INFO] core.sap_client — tx_opened code=/nZMOVEINBHU current_tx=ZMOVEINBHU
15:12:29 [INFO] core.sap_client — phase1_ready — ctxtP_HU confirmed
15:12:35 [INFO] core.sap_client — hu_phase1_ok hu=C1016347417
15:12:35 [INFO] core.sap_client — setup_phase2_start
15:12:40 [INFO] core.sap_client — tx_opened code=/nZMMTIJSEP current_tx=ZMMTIJSEP
15:12:40 [INFO] core.sap_client — phase2_ready — txtGV_HU confirmed
15:12:41 [INFO] core.sap_client — hu_phase2_ok hu=C1016347417 duration_ms=1000
15:12:41 [INFO] core.sap_client — setup_phase1_start
15:12:46 [INFO] core.sap_client — tx_opened code=/nZMOVEINBHU current_tx=ZMOVEINBHU
15:12:46 [INFO] core.sap_client — phase1_ready — ctxtP_HU confirmed
15:12:54 [INFO] core.sap_client — hu_phase1_ok hu=C1016347419
15:12:54 [WARNING] core.sap_client — phase2_wrong_screen hu=C1016347419 — re-navigating
15:12:54 [INFO] core.sap_client — setup_phase2_start
15:12:59 [INFO] core.sap_client — tx_opened code=/nZMMTIJSEP current_tx=ZMMTIJSEP
15:12:59 [INFO] core.sap_client — phase2_ready — txtGV_HU confirmed
15:13:00 [INFO] core.sap_client — hu_phase2_ok hu=C1016347419 duration_ms=6254
15:13:00 [INFO] core.queue_model — pallet_done pallet=1 hu_codes=['C1016347425', 'C1015537698', 'C1016347420', 'C1015935604', 'C1015914857', 'C1016347380', 'C1015914830', 'C1015935602', 'C1016347417', 'C1016347419']
15:13:06 [INFO] core.sap_client — tx_opened code=/nSP01 current_tx=SP01
15:13:11 [INFO] core.sap_client — sp01_row_marked row=4 title=CN-CON-003_C1016347417_20260325221241
15:13:13 [INFO] core.sap_client — sp01_print_confirmed via=btn[13] marked=1
15:13:15 [INFO] core.sap_client — sp01_pallet_done marked=1 hu_codes=['C1016347425', 'C1015537698', 'C1016347420', 'C1015935604', 'C1015914857', 'C1016347380', 'C1015914830', 'C1015935602', 'C1016347417', 'C1016347419']
15:13:15 [INFO] core.queue_model — sp01_pallet_result={'status': 'ok', 'message': 'SP01 OK — 1 spool(s) impreso(s)', 'marked': 1}
15:13:15 [INFO] core.queue_model — queue_worker_stopped
15:13:15 [INFO] core.queue_model — queue_worker_stop_requested
15:14:44 [INFO] core.queue_model — queue_worker_stop_requested
15:14:51 [INFO] core.queue_model — hu_added hu=2972636416 pallet=1 origin=ITA
15:15:05 [INFO] core.queue_model — hu_added hu=2972629487 pallet=2 origin=ITA
15:15:14 [INFO] core.queue_model — hu_added hu=2972635289 pallet=3 origin=ITA
15:15:18 [INFO] core.queue_model — hu_added hu=2972629629 pallet=4 origin=ITA
15:15:21 [INFO] core.queue_model — hu_added hu=2972632529 pallet=5 origin=ITA
15:15:29 [INFO] core.queue_model — hu_added hu=2972629977 pallet=6 origin=ITA
15:15:32 [INFO] core.queue_model — hu_added hu=2972629733 pallet=7 origin=ITA
15:15:36 [INFO] core.queue_model — hu_added hu=2972633500 pallet=8 origin=ITA
15:15:43 [INFO] core.queue_model — hu_added hu=2972634771 pallet=9 origin=ITA
15:16:00 [WARNING] core.queue_model — hu_duplicate_scan hu=2972633500
15:16:06 [INFO] core.queue_model — hu_added hu=2972634508 pallet=10 origin=ITA
15:16:12 [INFO] core.queue_model — hu_added hu=2972635356 pallet=11 origin=ITA
15:16:15 [INFO] core.queue_model — hu_added hu=2972610477 pallet=12 origin=ITA
15:16:19 [WARNING] core.queue_model — hu_duplicate_scan hu=2972634771
15:16:23 [WARNING] core.queue_model — hu_duplicate_scan hu=2972632529
15:16:31 [INFO] core.queue_model — queue_worker_started print_per_pallet=False
15:16:31 [INFO] ui.queue_window — worker_started_from_ui
15:16:31 [INFO] core.sap_client — sap_connected system=LUP user=LOPEZHJC
15:16:31 [INFO] core.queue_model — queue_worker_sap_connected
15:16:31 [INFO] core.sap_client — setup_phase1_start
15:16:36 [INFO] core.sap_client — tx_opened code=/nZMOVEINBHU current_tx=ZMOVEINBHU
15:16:36 [INFO] core.sap_client — phase1_ready — ctxtP_HU confirmed
15:16:40 [INFO] core.sap_client — hu_phase1_duplicate hu=2972636416
15:16:40 [INFO] core.sap_client — setup_phase2_start
15:16:45 [INFO] core.sap_client — tx_opened code=/nZMMTIJSEP current_tx=ZMMTIJSEP
15:16:45 [INFO] core.sap_client — phase2_ready — txtGV_HU confirmed
15:16:46 [INFO] core.sap_client — hu_phase2_ok hu=2972636416 duration_ms=1002
15:16:46 [INFO] core.sap_client — setup_phase1_start
15:16:52 [INFO] core.sap_client — tx_opened code=/nZMOVEINBHU current_tx=ZMOVEINBHU
15:16:52 [INFO] core.sap_client — phase1_ready — ctxtP_HU confirmed
15:16:56 [INFO] core.sap_client — hu_phase1_ok hu=2972629487
15:16:56 [WARNING] core.sap_client — phase2_wrong_screen hu=2972629487 — re-navigating
15:16:56 [INFO] core.sap_client — setup_phase2_start
15:17:01 [INFO] core.sap_client — tx_opened code=/nZMMTIJSEP current_tx=ZMMTIJSEP
15:17:01 [INFO] core.sap_client — phase2_ready — txtGV_HU confirmed
15:17:02 [INFO] core.sap_client — hu_phase2_ok hu=2972629487 duration_ms=6360
15:17:02 [WARNING] core.sap_client — phase1_wrong_screen hu=2972635289 — re-navigating
15:17:02 [INFO] core.sap_client — setup_phase1_start
15:17:08 [INFO] core.sap_client — tx_opened code=/nZMOVEINBHU current_tx=ZMOVEINBHU
15:17:08 [INFO] core.sap_client — phase1_ready — ctxtP_HU confirmed
15:17:11 [INFO] core.sap_client — hu_phase1_ok hu=2972635289
15:17:11 [WARNING] core.sap_client — phase2_wrong_screen hu=2972635289 — re-navigating
15:17:11 [INFO] core.sap_client — setup_phase2_start
15:17:17 [INFO] core.sap_client — tx_opened code=/nZMMTIJSEP current_tx=ZMMTIJSEP
15:17:17 [INFO] core.sap_client — phase2_ready — txtGV_HU confirmed
15:17:18 [INFO] core.sap_client — hu_phase2_ok hu=2972635289 duration_ms=6347
15:17:18 [WARNING] core.sap_client — phase1_wrong_screen hu=2972629629 — re-navigating
15:17:18 [INFO] core.sap_client — setup_phase1_start
15:17:23 [INFO] core.sap_client — tx_opened code=/nZMOVEINBHU current_tx=ZMOVEINBHU
15:17:23 [INFO] core.sap_client — phase1_ready — ctxtP_HU confirmed
15:17:31 [INFO] core.sap_client — hu_phase1_ok hu=2972629629
15:17:31 [WARNING] core.sap_client — phase2_wrong_screen hu=2972629629 — re-navigating
15:17:31 [INFO] core.sap_client — setup_phase2_start
15:17:36 [INFO] core.sap_client — tx_opened code=/nZMMTIJSEP current_tx=ZMMTIJSEP
15:17:36 [INFO] core.sap_client — phase2_ready — txtGV_HU confirmed
15:17:37 [INFO] core.sap_client — hu_phase2_ok hu=2972629629 duration_ms=6442
15:17:37 [WARNING] core.sap_client — phase1_wrong_screen hu=2972632529 — re-navigating
15:17:37 [INFO] core.sap_client — setup_phase1_start
15:17:43 [INFO] core.sap_client — tx_opened code=/nZMOVEINBHU current_tx=ZMOVEINBHU
15:17:43 [INFO] core.sap_client — phase1_ready — ctxtP_HU confirmed
15:17:46 [INFO] core.sap_client — hu_phase1_ok hu=2972632529
15:17:46 [WARNING] core.sap_client — phase2_wrong_screen hu=2972632529 — re-navigating
15:17:46 [INFO] core.sap_client — setup_phase2_start
15:17:52 [INFO] core.sap_client — tx_opened code=/nZMMTIJSEP current_tx=ZMMTIJSEP
15:17:52 [INFO] core.sap_client — phase2_ready — txtGV_HU confirmed
15:17:52 [INFO] core.sap_client — hu_phase2_ok hu=2972632529 duration_ms=6170
15:17:52 [WARNING] core.sap_client — phase1_wrong_screen hu=2972629977 — re-navigating
15:17:52 [INFO] core.sap_client — setup_phase1_start
15:17:58 [INFO] core.sap_client — tx_opened code=/nZMOVEINBHU current_tx=ZMOVEINBHU
15:17:58 [INFO] core.sap_client — phase1_ready — ctxtP_HU confirmed
15:18:01 [INFO] core.sap_client — hu_phase1_ok hu=2972629977
15:18:01 [WARNING] core.sap_client — phase2_wrong_screen hu=2972629977 — re-navigating
15:18:01 [INFO] core.sap_client — setup_phase2_start
15:18:06 [INFO] core.sap_client — tx_opened code=/nZMMTIJSEP current_tx=ZMMTIJSEP
15:18:06 [INFO] core.sap_client — phase2_ready — txtGV_HU confirmed
15:18:07 [INFO] core.sap_client — hu_phase2_ok hu=2972629977 duration_ms=6175
15:18:07 [WARNING] core.sap_client — phase1_wrong_screen hu=2972629733 — re-navigating
15:18:07 [INFO] core.sap_client — setup_phase1_start
15:18:12 [INFO] core.sap_client — tx_opened code=/nZMOVEINBHU current_tx=ZMOVEINBHU
15:18:12 [INFO] core.sap_client — phase1_ready — ctxtP_HU confirmed
15:18:16 [INFO] core.sap_client — hu_phase1_ok hu=2972629733
15:18:16 [WARNING] core.sap_client — phase2_wrong_screen hu=2972629733 — re-navigating
15:18:16 [INFO] core.sap_client — setup_phase2_start
15:18:21 [INFO] core.sap_client — tx_opened code=/nZMMTIJSEP current_tx=ZMMTIJSEP
15:18:21 [INFO] core.sap_client — phase2_ready — txtGV_HU confirmed
15:18:22 [INFO] core.sap_client — hu_phase2_ok hu=2972629733 duration_ms=6141
15:18:22 [WARNING] core.sap_client — phase1_wrong_screen hu=2972633500 — re-navigating
15:18:22 [INFO] core.sap_client — setup_phase1_start
15:18:27 [INFO] core.sap_client — tx_opened code=/nZMOVEINBHU current_tx=ZMOVEINBHU
15:18:27 [INFO] core.sap_client — phase1_ready — ctxtP_HU confirmed
15:18:31 [INFO] core.sap_client — hu_phase1_ok hu=2972633500
15:18:31 [WARNING] core.sap_client — phase2_wrong_screen hu=2972633500 — re-navigating
15:18:31 [INFO] core.sap_client — setup_phase2_start
15:18:37 [INFO] core.sap_client — tx_opened code=/nZMMTIJSEP current_tx=ZMMTIJSEP
15:18:37 [INFO] core.sap_client — phase2_ready — txtGV_HU confirmed
15:18:37 [INFO] core.sap_client — hu_phase2_ok hu=2972633500 duration_ms=6090
15:18:37 [WARNING] core.sap_client — phase1_wrong_screen hu=2972634771 — re-navigating
15:18:37 [INFO] core.sap_client — setup_phase1_start
15:18:43 [INFO] core.sap_client — tx_opened code=/nZMOVEINBHU current_tx=ZMOVEINBHU
15:18:43 [INFO] core.sap_client — phase1_ready — ctxtP_HU confirmed
15:18:46 [INFO] core.sap_client — hu_phase1_ok hu=2972634771
15:18:46 [WARNING] core.sap_client — phase2_wrong_screen hu=2972634771 — re-navigating
15:18:46 [INFO] core.sap_client — setup_phase2_start
15:18:51 [INFO] core.sap_client — tx_opened code=/nZMMTIJSEP current_tx=ZMMTIJSEP
15:18:51 [INFO] core.sap_client — phase2_ready — txtGV_HU confirmed
15:18:52 [INFO] core.sap_client — hu_phase2_ok hu=2972634771 duration_ms=6130
15:18:52 [WARNING] core.sap_client — phase1_wrong_screen hu=2972634508 — re-navigating
15:18:52 [INFO] core.sap_client — setup_phase1_start
15:18:58 [INFO] core.sap_client — tx_opened code=/nZMOVEINBHU current_tx=ZMOVEINBHU
15:18:58 [INFO] core.sap_client — phase1_ready — ctxtP_HU confirmed
15:19:01 [INFO] core.sap_client — hu_phase1_ok hu=2972634508
15:19:01 [WARNING] core.sap_client — phase2_wrong_screen hu=2972634508 — re-navigating
15:19:01 [INFO] core.sap_client — setup_phase2_start
15:19:06 [INFO] core.sap_client — tx_opened code=/nZMMTIJSEP current_tx=ZMMTIJSEP
15:19:06 [INFO] core.sap_client — phase2_ready — txtGV_HU confirmed
15:19:07 [INFO] core.sap_client — hu_phase2_ok hu=2972634508 duration_ms=6104
15:19:07 [WARNING] core.sap_client — phase1_wrong_screen hu=2972635356 — re-navigating
15:19:07 [INFO] core.sap_client — setup_phase1_start
15:19:13 [INFO] core.sap_client — tx_opened code=/nZMOVEINBHU current_tx=ZMOVEINBHU
15:19:13 [INFO] core.sap_client — phase1_ready — ctxtP_HU confirmed
15:19:16 [INFO] core.sap_client — hu_phase1_ok hu=2972635356
15:19:16 [WARNING] core.sap_client — phase2_wrong_screen hu=2972635356 — re-navigating
15:19:16 [INFO] core.sap_client — setup_phase2_start
15:19:21 [INFO] core.sap_client — tx_opened code=/nZMMTIJSEP current_tx=ZMMTIJSEP
15:19:21 [INFO] core.sap_client — phase2_ready — txtGV_HU confirmed
15:19:22 [INFO] core.sap_client — hu_phase2_ok hu=2972635356 duration_ms=6106
15:19:22 [WARNING] core.sap_client — phase1_wrong_screen hu=2972610477 — re-navigating
15:19:22 [INFO] core.sap_client — setup_phase1_start
15:19:28 [INFO] core.sap_client — tx_opened code=/nZMOVEINBHU current_tx=ZMOVEINBHU
15:19:28 [INFO] core.sap_client — phase1_ready — ctxtP_HU confirmed
15:19:31 [INFO] core.sap_client — hu_phase1_ok hu=2972610477
15:19:31 [WARNING] core.sap_client — phase2_wrong_screen hu=2972610477 — re-navigating
15:19:31 [INFO] core.sap_client — setup_phase2_start
15:19:37 [INFO] core.sap_client — tx_opened code=/nZMMTIJSEP current_tx=ZMMTIJSEP
15:19:37 [INFO] core.sap_client — phase2_ready — txtGV_HU confirmed
15:19:37 [INFO] core.sap_client — hu_phase2_ok hu=2972610477 duration_ms=6086
15:19:38 [INFO] core.queue_model — executing_sp01_global
15:19:43 [INFO] core.sap_client — tx_opened code=/nSP01 current_tx=SP01
15:19:46 [INFO] core.sap_client — sp01_executed_global
15:19:46 [INFO] core.queue_model — queue_worker_stopped
15:19:46 [INFO] core.queue_model — queue_worker_stop_requested
15:20:45 [INFO] core.queue_model — queue_worker_stop_requested
15:29:02 [INFO] core.queue_model — hu_added hu=2972635779 pallet=1 origin=ITA
15:29:11 [INFO] core.queue_model — queue_worker_started print_per_pallet=False
15:29:11 [INFO] ui.queue_window — worker_started_from_ui
15:29:11 [INFO] core.sap_client — sap_connected system=LUP user=LOPEZHJC
15:29:11 [INFO] core.queue_model — queue_worker_sap_connected
15:29:11 [INFO] core.sap_client — setup_phase1_start
15:29:16 [INFO] core.sap_client — tx_opened code=/nZMOVEINBHU current_tx=ZMOVEINBHU
15:29:16 [INFO] core.sap_client — phase1_ready — ctxtP_HU confirmed
15:29:19 [INFO] core.sap_client — hu_phase1_duplicate hu=2972635779
15:29:19 [INFO] core.sap_client — setup_phase2_start
15:29:25 [INFO] core.sap_client — tx_opened code=/nZMMTIJSEP current_tx=ZMMTIJSEP
15:29:25 [INFO] core.sap_client — phase2_ready — txtGV_HU confirmed
15:29:26 [INFO] core.sap_client — hu_phase2_ok hu=2972635779 duration_ms=1001
15:29:26 [INFO] core.queue_model — executing_sp01_global
15:29:26 [ERROR] core.queue_model — queue_worker_fatal_error
Traceback (most recent call last):
  File "C:\Users\LOPEZHEJ\OneDrive - Luxottica Group S.p.A\Desktop\HU SYSTEM\HU QUEUE\core\queue_model.py", line 329, in _run
    res_sp01 = self._sap.execute_sp01()
TypeError: SAPClient.execute_sp01() missing 1 required positional argument: 'active_hu_codes'
15:29:26 [INFO] core.queue_model — queue_worker_stopped
15:29:26 [INFO] core.queue_model — queue_worker_stop_requested
15:29:38 [INFO] core.queue_model — queue_worker_stop_requested
15:29:39 [INFO] core.queue_model — queue_worker_stop_requested
15:29:41 [INFO] core.queue_model — queue_worker_started print_per_pallet=False
15:29:41 [INFO] ui.queue_window — worker_started_from_ui
15:29:41 [INFO] core.sap_client — sap_connected system=LUP user=LOPEZHJC
15:29:41 [INFO] core.queue_model — queue_worker_sap_connected
15:29:42 [INFO] core.queue_model — executing_sp01_global
15:29:42 [ERROR] core.queue_model — queue_worker_fatal_error
Traceback (most recent call last):
  File "C:\Users\LOPEZHEJ\OneDrive - Luxottica Group S.p.A\Desktop\HU SYSTEM\HU QUEUE\core\queue_model.py", line 329, in _run
    res_sp01 = self._sap.execute_sp01()
TypeError: SAPClient.execute_sp01() missing 1 required positional argument: 'active_hu_codes'
15:29:42 [INFO] core.queue_model — queue_worker_stopped
15:29:42 [INFO] core.queue_model — queue_worker_stop_requested
15:29:47 [INFO] core.queue_model — queue_worker_started print_per_pallet=False
15:29:47 [INFO] ui.queue_window — worker_started_from_ui
15:29:48 [INFO] core.sap_client — sap_connected system=LUP user=LOPEZHJC
15:29:48 [INFO] core.queue_model — queue_worker_sap_connected
15:29:48 [INFO] core.queue_model — executing_sp01_global
15:29:48 [ERROR] core.queue_model — queue_worker_fatal_error
Traceback (most recent call last):
  File "C:\Users\LOPEZHEJ\OneDrive - Luxottica Group S.p.A\Desktop\HU SYSTEM\HU QUEUE\core\queue_model.py", line 329, in _run
    res_sp01 = self._sap.execute_sp01()
TypeError: SAPClient.execute_sp01() missing 1 required positional argument: 'active_hu_codes'
15:29:48 [INFO] core.queue_model — queue_worker_stopped
15:29:48 [INFO] core.queue_model — queue_worker_stop_requested
15:29:56 [INFO] core.queue_model — queue_worker_started print_per_pallet=False
15:29:56 [INFO] ui.queue_window — worker_started_from_ui
15:29:56 [INFO] core.sap_client — sap_connected system=LUP user=LOPEZHJC
15:29:56 [INFO] core.queue_model — queue_worker_sap_connected
15:29:57 [INFO] core.queue_model — executing_sp01_global
15:29:57 [ERROR] core.queue_model — queue_worker_fatal_error
Traceback (most recent call last):
  File "C:\Users\LOPEZHEJ\OneDrive - Luxottica Group S.p.A\Desktop\HU SYSTEM\HU QUEUE\core\queue_model.py", line 329, in _run
    res_sp01 = self._sap.execute_sp01()
TypeError: SAPClient.execute_sp01() missing 1 required positional argument: 'active_hu_codes'
15:29:57 [INFO] core.queue_model — queue_worker_stopped
15:29:57 [INFO] core.queue_model — queue_worker_stop_requested
15:36:34 [INFO] core.queue_model — hu_added hu=2972610495 pallet=1 origin=ITA
15:36:38 [INFO] core.queue_model — hu_added hu=2972606846 pallet=2 origin=ITA
15:36:43 [INFO] core.queue_model — queue_worker_started print_per_pallet=False
15:36:43 [INFO] ui.queue_window — worker_started_from_ui
15:36:44 [INFO] core.sap_client — sap_connected system=LUP user=LOPEZHJC
15:36:44 [INFO] core.queue_model — queue_worker_sap_connected
15:36:44 [INFO] core.sap_client — setup_phase1_start
15:36:49 [INFO] core.sap_client — tx_opened code=/nZMOVEINBHU current_tx=ZMOVEINBHU
15:36:49 [INFO] core.sap_client — phase1_ready — ctxtP_HU confirmed
15:36:52 [INFO] core.sap_client — hu_phase1_duplicate hu=2972610495
15:36:52 [INFO] core.sap_client — setup_phase2_start
15:36:58 [INFO] core.sap_client — tx_opened code=/nZMMTIJSEP current_tx=ZMMTIJSEP
15:36:58 [INFO] core.sap_client — phase2_ready — txtGV_HU confirmed
15:36:59 [INFO] core.sap_client — hu_phase2_ok hu=2972610495 duration_ms=1002
15:36:59 [INFO] core.sap_client — setup_phase1_start
15:37:04 [INFO] core.sap_client — tx_opened code=/nZMOVEINBHU current_tx=ZMOVEINBHU
15:37:04 [INFO] core.sap_client — phase1_ready — ctxtP_HU confirmed
15:37:07 [INFO] core.sap_client — hu_phase1_duplicate hu=2972606846
15:37:07 [WARNING] core.sap_client — phase2_wrong_screen hu=2972606846 — re-navigating
15:37:07 [INFO] core.sap_client — setup_phase2_start
15:37:13 [INFO] core.sap_client — tx_opened code=/nZMMTIJSEP current_tx=ZMMTIJSEP
15:37:13 [INFO] core.sap_client — phase2_ready — txtGV_HU confirmed
15:37:13 [INFO] core.sap_client — hu_phase2_ok hu=2972606846 duration_ms=5945
15:37:14 [INFO] core.queue_model — executing_sp01_global
15:37:19 [INFO] core.sap_client — tx_opened code=/nSP01 current_tx=SP01
15:37:24 [INFO] core.sap_client — sp01_row_marked row=4 title=CN-CON-003_00000000002972606846_20260318172938
15:37:24 [INFO] core.sap_client — sp01_row_marked row=6 title=CN-CON-003_00000000002972610495_20260324075005
15:37:26 [INFO] core.sap_client — sp01_print_confirmed via=btn[25] marked=2
15:37:28 [INFO] core.sap_client — sp01_global_done result={'status': 'ok', 'message': 'SP01 OK — 2 spool(s) impreso(s)', 'marked': 2}
15:37:28 [INFO] core.queue_model — queue_worker_stopped
15:37:28 [INFO] core.queue_model — queue_worker_stop_requested
15:58:38 [INFO] core.queue_model — hu_added hu=C1016451742 pallet=1 origin=ATL
15:58:40 [INFO] core.queue_model — hu_added hu=C1015537685 pallet=1 origin=ATL
15:58:41 [INFO] core.queue_model — hu_added hu=C1015537688 pallet=1 origin=ATL
15:58:42 [INFO] core.queue_model — hu_added hu=C1015537691 pallet=1 origin=ATL
15:58:44 [INFO] core.queue_model — hu_added hu=C1015537686 pallet=1 origin=ATL
15:58:46 [INFO] core.queue_model — hu_added hu=C1015537687 pallet=1 origin=ATL
15:58:46 [INFO] core.queue_model — hu_added hu=C1016451384 pallet=1 origin=ATL
15:58:59 [INFO] core.queue_model — queue_worker_started print_per_pallet=True
15:59:00 [INFO] core.sap_client — sap_connected system=LUP user=LOPEZHJC
15:59:00 [INFO] core.queue_model — queue_worker_sap_connected
15:59:00 [INFO] core.sap_client — setup_phase1_start
15:59:05 [INFO] core.sap_client — tx_opened code=/nZMOVEINBHU current_tx=ZMOVEINBHU
15:59:05 [INFO] core.sap_client — phase1_ready — ctxtP_HU confirmed
15:59:09 [INFO] core.sap_client — hu_phase1_ok hu=C1016451742
15:59:09 [INFO] core.sap_client — setup_phase2_start
15:59:14 [INFO] core.sap_client — tx_opened code=/nZMMTIJSEP current_tx=ZMMTIJSEP
15:59:14 [INFO] core.sap_client — phase2_ready — txtGV_HU confirmed
15:59:15 [INFO] core.sap_client — hu_phase2_ok hu=C1016451742 duration_ms=1001
15:59:15 [INFO] core.sap_client — setup_phase1_start
15:59:20 [INFO] core.sap_client — tx_opened code=/nZMOVEINBHU current_tx=ZMOVEINBHU
15:59:20 [INFO] core.sap_client — phase1_ready — ctxtP_HU confirmed
15:59:24 [INFO] core.sap_client — hu_phase1_ok hu=C1015537685
15:59:24 [WARNING] core.sap_client — phase2_wrong_screen hu=C1015537685 — re-navigating
15:59:24 [INFO] core.sap_client — setup_phase2_start
15:59:29 [INFO] core.sap_client — tx_opened code=/nZMMTIJSEP current_tx=ZMMTIJSEP
15:59:29 [INFO] core.sap_client — phase2_ready — txtGV_HU confirmed
15:59:30 [INFO] core.sap_client — hu_phase2_ok hu=C1015537685 duration_ms=6048
15:59:30 [WARNING] core.sap_client — phase1_wrong_screen hu=C1015537688 — re-navigating
15:59:30 [INFO] core.sap_client — setup_phase1_start
15:59:35 [INFO] core.sap_client — tx_opened code=/nZMOVEINBHU current_tx=ZMOVEINBHU
15:59:35 [INFO] core.sap_client — phase1_ready — ctxtP_HU confirmed
15:59:38 [INFO] core.sap_client — hu_phase1_ok hu=C1015537688
15:59:38 [WARNING] core.sap_client — phase2_wrong_screen hu=C1015537688 — re-navigating
15:59:38 [INFO] core.sap_client — setup_phase2_start
15:59:43 [INFO] core.queue_model — hu_added hu=C1016451728 pallet=1 origin=ATL
15:59:44 [INFO] core.sap_client — tx_opened code=/nZMMTIJSEP current_tx=ZMMTIJSEP
15:59:44 [INFO] core.sap_client — phase2_ready — txtGV_HU confirmed
15:59:44 [INFO] core.sap_client — hu_phase2_ok hu=C1015537688 duration_ms=6035
15:59:44 [WARNING] core.sap_client — phase1_wrong_screen hu=C1015537691 — re-navigating
15:59:44 [INFO] core.sap_client — setup_phase1_start
15:59:47 [INFO] core.queue_model — hu_added hu=C1016451727 pallet=1 origin=ATL
15:59:50 [INFO] core.sap_client — tx_opened code=/nZMOVEINBHU current_tx=ZMOVEINBHU
15:59:50 [INFO] core.sap_client — phase1_ready — ctxtP_HU confirmed
15:59:51 [INFO] core.queue_model — hu_added hu=C1016430963 pallet=1 origin=ATL
15:59:54 [INFO] core.sap_client — hu_phase1_ok hu=C1015537691
15:59:54 [WARNING] core.sap_client — phase2_wrong_screen hu=C1015537691 — re-navigating
15:59:54 [INFO] core.sap_client — setup_phase2_start
15:59:58 [INFO] core.queue_model — hu_added hu=C1016451731 pallet=1 origin=ATL
15:59:59 [INFO] core.sap_client — tx_opened code=/nZMMTIJSEP current_tx=ZMMTIJSEP
15:59:59 [INFO] core.sap_client — phase2_ready — txtGV_HU confirmed
16:00:00 [INFO] core.sap_client — hu_phase2_ok hu=C1015537691 duration_ms=6118
16:00:00 [WARNING] core.sap_client — phase1_wrong_screen hu=C1015537686 — re-navigating
16:00:00 [INFO] core.sap_client — setup_phase1_start
16:00:02 [INFO] core.queue_model — hu_added hu=C1016430955 pallet=1 origin=ATL
16:00:05 [INFO] core.sap_client — tx_opened code=/nZMOVEINBHU current_tx=ZMOVEINBHU
16:00:05 [INFO] core.sap_client — phase1_ready — ctxtP_HU confirmed
16:00:07 [INFO] core.queue_model — hu_added hu=C1015935545 pallet=1 origin=ATL
16:00:08 [INFO] core.sap_client — hu_phase1_ok hu=C1015537686
16:00:08 [WARNING] core.sap_client — phase2_wrong_screen hu=C1015537686 — re-navigating
16:00:08 [INFO] core.sap_client — setup_phase2_start
16:00:14 [INFO] core.sap_client — tx_opened code=/nZMMTIJSEP current_tx=ZMMTIJSEP
16:00:14 [INFO] core.sap_client — phase2_ready — txtGV_HU confirmed
16:00:15 [INFO] core.sap_client — hu_phase2_ok hu=C1015537686 duration_ms=6084
16:00:15 [WARNING] core.sap_client — phase1_wrong_screen hu=C1015537687 — re-navigating
16:00:15 [INFO] core.sap_client — setup_phase1_start
16:00:15 [INFO] core.queue_model — hu_added hu=C1016430944 pallet=1 origin=ATL
16:00:19 [INFO] core.queue_model — hu_added hu=C1016430952 pallet=1 origin=ATL
16:00:20 [INFO] core.sap_client — tx_opened code=/nZMOVEINBHU current_tx=ZMOVEINBHU
16:00:20 [INFO] core.sap_client — phase1_ready — ctxtP_HU confirmed
16:00:23 [INFO] core.sap_client — hu_phase1_ok hu=C1015537687
16:00:23 [WARNING] core.sap_client — phase2_wrong_screen hu=C1015537687 — re-navigating
16:00:23 [INFO] core.sap_client — setup_phase2_start
16:00:25 [INFO] core.queue_model — hu_added hu=C1016451736 pallet=1 origin=ATL
16:00:29 [INFO] core.sap_client — tx_opened code=/nZMMTIJSEP current_tx=ZMMTIJSEP
16:00:29 [INFO] core.sap_client — phase2_ready — txtGV_HU confirmed
16:00:29 [INFO] core.sap_client — hu_phase2_ok hu=C1015537687 duration_ms=6014
16:00:29 [WARNING] core.sap_client — phase1_wrong_screen hu=C1016451384 — re-navigating
16:00:29 [INFO] core.sap_client — setup_phase1_start
16:00:32 [INFO] core.queue_model — hu_added hu=C1016451726 pallet=1 origin=ATL
16:00:35 [INFO] core.sap_client — tx_opened code=/nZMOVEINBHU current_tx=ZMOVEINBHU
16:00:35 [INFO] core.sap_client — phase1_ready — ctxtP_HU confirmed
16:00:38 [INFO] core.sap_client — hu_phase1_duplicate hu=C1016451384
16:00:38 [WARNING] core.sap_client — phase2_wrong_screen hu=C1016451384 — re-navigating
16:00:38 [INFO] core.sap_client — setup_phase2_start
16:00:38 [INFO] core.queue_model — hu_added hu=C1016451729 pallet=1 origin=ATL
16:00:43 [INFO] core.sap_client — tx_opened code=/nZMMTIJSEP current_tx=ZMMTIJSEP
16:00:43 [INFO] core.sap_client — phase2_ready — txtGV_HU confirmed
16:00:43 [INFO] core.queue_model — hu_added hu=C1016430945 pallet=1 origin=ATL
16:00:43 [INFO] core.sap_client — hu_phase2_ok hu=C1016451384 duration_ms=5698
16:00:43 [WARNING] core.sap_client — phase1_wrong_screen hu=C1016451728 — re-navigating
16:00:43 [INFO] core.sap_client — setup_phase1_start
16:00:49 [INFO] core.sap_client — tx_opened code=/nZMOVEINBHU current_tx=ZMOVEINBHU
16:00:49 [INFO] core.sap_client — phase1_ready — ctxtP_HU confirmed
16:00:50 [WARNING] core.queue_model — hu_duplicate_scan hu=C1016430945
16:00:52 [INFO] core.sap_client — hu_phase1_ok hu=C1016451728
16:00:52 [WARNING] core.sap_client — phase2_wrong_screen hu=C1016451728 — re-navigating
16:00:52 [INFO] core.sap_client — setup_phase2_start
16:00:53 [INFO] core.queue_model — hu_added hu=C1016451733 pallet=1 origin=ATL
16:00:54 [INFO] core.queue_model — hu_added hu=C1015935542 pallet=1 origin=ATL
16:00:57 [INFO] core.queue_model — hu_added hu=C1016451725 pallet=1 origin=ATL
16:00:57 [INFO] core.sap_client — tx_opened code=/nZMMTIJSEP current_tx=ZMMTIJSEP
16:00:57 [INFO] core.sap_client — phase2_ready — txtGV_HU confirmed
16:00:58 [INFO] core.sap_client — hu_phase2_ok hu=C1016451728 duration_ms=6064
16:00:58 [WARNING] core.sap_client — phase1_wrong_screen hu=C1016451727 — re-navigating
16:00:58 [INFO] core.sap_client — setup_phase1_start
16:00:59 [INFO] core.queue_model — hu_added hu=C1015537689 pallet=1 origin=ATL
16:00:59 [INFO] core.queue_model — hu_added hu=C1015537690 pallet=1 origin=ATL
16:01:04 [INFO] core.sap_client — tx_opened code=/nZMOVEINBHU current_tx=ZMOVEINBHU
16:01:04 [INFO] core.sap_client — phase1_ready — ctxtP_HU confirmed
16:01:06 [INFO] core.queue_model — hu_added hu=C1016430956 pallet=1 origin=ATL
16:01:06 [INFO] core.sap_client — hu_phase1_duplicate hu=C1016451727
16:01:06 [WARNING] core.sap_client — phase2_wrong_screen hu=C1016451727 — re-navigating
16:01:06 [INFO] core.sap_client — setup_phase2_start
16:01:12 [INFO] core.queue_model — hu_added hu=C1016430957 pallet=1 origin=ATL
16:01:12 [INFO] core.sap_client — tx_opened code=/nZMMTIJSEP current_tx=ZMMTIJSEP
16:01:12 [INFO] core.sap_client — phase2_ready — txtGV_HU confirmed
16:01:12 [INFO] core.sap_client — hu_phase2_ok hu=C1016451727 duration_ms=5687
16:01:12 [WARNING] core.sap_client — phase1_wrong_screen hu=C1016430963 — re-navigating
16:01:12 [INFO] core.sap_client — setup_phase1_start
16:01:18 [INFO] core.sap_client — tx_opened code=/nZMOVEINBHU current_tx=ZMOVEINBHU
16:01:18 [INFO] core.sap_client — phase1_ready — ctxtP_HU confirmed
16:01:21 [INFO] core.sap_client — hu_phase1_ok hu=C1016430963
16:01:21 [WARNING] core.sap_client — phase2_wrong_screen hu=C1016430963 — re-navigating
16:01:21 [INFO] core.sap_client — setup_phase2_start
16:01:26 [INFO] core.sap_client — tx_opened code=/nZMMTIJSEP current_tx=ZMMTIJSEP
16:01:26 [INFO] core.sap_client — phase2_ready — txtGV_HU confirmed
16:01:27 [INFO] core.sap_client — hu_phase2_ok hu=C1016430963 duration_ms=6070
16:01:27 [WARNING] core.sap_client — phase1_wrong_screen hu=C1016451731 — re-navigating
16:01:27 [INFO] core.sap_client — setup_phase1_start
16:01:33 [INFO] core.sap_client — tx_opened code=/nZMOVEINBHU current_tx=ZMOVEINBHU
16:01:33 [INFO] core.sap_client — phase1_ready — ctxtP_HU confirmed
16:01:36 [INFO] core.sap_client — hu_phase1_ok hu=C1016451731
16:01:36 [WARNING] core.sap_client — phase2_wrong_screen hu=C1016451731 — re-navigating
16:01:36 [INFO] core.sap_client — setup_phase2_start
16:01:42 [INFO] core.sap_client — tx_opened code=/nZMMTIJSEP current_tx=ZMMTIJSEP
16:01:42 [INFO] core.sap_client — phase2_ready — txtGV_HU confirmed
16:01:42 [INFO] core.sap_client — hu_phase2_ok hu=C1016451731 duration_ms=6204
16:01:42 [WARNING] core.sap_client — phase1_wrong_screen hu=C1016430955 — re-navigating
16:01:42 [INFO] core.sap_client — setup_phase1_start
16:01:48 [INFO] core.sap_client — tx_opened code=/nZMOVEINBHU current_tx=ZMOVEINBHU
16:01:48 [INFO] core.sap_client — phase1_ready — ctxtP_HU confirmed
16:01:51 [INFO] core.sap_client — hu_phase1_ok hu=C1016430955
16:01:51 [WARNING] core.sap_client — phase2_wrong_screen hu=C1016430955 — re-navigating
16:01:51 [INFO] core.sap_client — setup_phase2_start
16:01:57 [INFO] core.sap_client — tx_opened code=/nZMMTIJSEP current_tx=ZMMTIJSEP
16:01:57 [INFO] core.sap_client — phase2_ready — txtGV_HU confirmed
16:01:58 [INFO] core.sap_client — hu_phase2_ok hu=C1016430955 duration_ms=6190
16:01:58 [WARNING] core.sap_client — phase1_wrong_screen hu=C1015935545 — re-navigating
16:01:58 [INFO] core.sap_client — setup_phase1_start
16:02:03 [INFO] core.sap_client — tx_opened code=/nZMOVEINBHU current_tx=ZMOVEINBHU
16:02:03 [INFO] core.sap_client — phase1_ready — ctxtP_HU confirmed
16:02:06 [INFO] core.sap_client — hu_phase1_ok hu=C1015935545
16:02:06 [WARNING] core.sap_client — phase2_wrong_screen hu=C1015935545 — re-navigating
16:02:06 [INFO] core.sap_client — setup_phase2_start
16:02:12 [INFO] core.sap_client — tx_opened code=/nZMMTIJSEP current_tx=ZMMTIJSEP
16:02:12 [INFO] core.sap_client — phase2_ready — txtGV_HU confirmed
16:02:13 [INFO] core.sap_client — hu_phase2_ok hu=C1015935545 duration_ms=6121
16:02:13 [WARNING] core.sap_client — phase1_wrong_screen hu=C1016430944 — re-navigating
16:02:13 [INFO] core.sap_client — setup_phase1_start
16:02:18 [INFO] core.sap_client — tx_opened code=/nZMOVEINBHU current_tx=ZMOVEINBHU
16:02:18 [INFO] core.sap_client — phase1_ready — ctxtP_HU confirmed
16:02:22 [INFO] core.sap_client — hu_phase1_ok hu=C1016430944
16:02:22 [WARNING] core.sap_client — phase2_wrong_screen hu=C1016430944 — re-navigating
16:02:22 [INFO] core.sap_client — setup_phase2_start
16:02:27 [INFO] core.sap_client — tx_opened code=/nZMMTIJSEP current_tx=ZMMTIJSEP
16:02:27 [INFO] core.sap_client — phase2_ready — txtGV_HU confirmed
16:02:28 [INFO] core.sap_client — hu_phase2_ok hu=C1016430944 duration_ms=6097
16:02:28 [WARNING] core.sap_client — phase1_wrong_screen hu=C1016430952 — re-navigating
16:02:28 [INFO] core.sap_client — setup_phase1_start
16:02:33 [INFO] core.sap_client — tx_opened code=/nZMOVEINBHU current_tx=ZMOVEINBHU
16:02:33 [INFO] core.sap_client — phase1_ready — ctxtP_HU confirmed
16:02:36 [INFO] core.sap_client — hu_phase1_ok hu=C1016430952
16:02:36 [WARNING] core.sap_client — phase2_wrong_screen hu=C1016430952 — re-navigating
16:02:36 [INFO] core.sap_client — setup_phase2_start
16:02:42 [INFO] core.sap_client — tx_opened code=/nZMMTIJSEP current_tx=ZMMTIJSEP
16:02:42 [INFO] core.sap_client — phase2_ready — txtGV_HU confirmed
16:02:43 [INFO] core.sap_client — hu_phase2_ok hu=C1016430952 duration_ms=6148
16:02:43 [WARNING] core.sap_client — phase1_wrong_screen hu=C1016451736 — re-navigating
16:02:43 [INFO] core.sap_client — setup_phase1_start
16:02:48 [INFO] core.sap_client — tx_opened code=/nZMOVEINBHU current_tx=ZMOVEINBHU
16:02:48 [INFO] core.sap_client — phase1_ready — ctxtP_HU confirmed
16:02:51 [INFO] core.sap_client — hu_phase1_ok hu=C1016451736
16:02:51 [WARNING] core.sap_client — phase2_wrong_screen hu=C1016451736 — re-navigating
16:02:51 [INFO] core.sap_client — setup_phase2_start
16:02:57 [INFO] core.sap_client — tx_opened code=/nZMMTIJSEP current_tx=ZMMTIJSEP
16:02:57 [INFO] core.sap_client — phase2_ready — txtGV_HU confirmed
16:02:58 [INFO] core.sap_client — hu_phase2_ok hu=C1016451736 duration_ms=6101
16:02:58 [WARNING] core.sap_client — phase1_wrong_screen hu=C1016451726 — re-navigating
16:02:58 [INFO] core.sap_client — setup_phase1_start
16:03:03 [INFO] core.sap_client — tx_opened code=/nZMOVEINBHU current_tx=ZMOVEINBHU
16:03:03 [INFO] core.sap_client — phase1_ready — ctxtP_HU confirmed
16:03:06 [INFO] core.sap_client — hu_phase1_ok hu=C1016451726
16:03:06 [WARNING] core.sap_client — phase2_wrong_screen hu=C1016451726 — re-navigating
16:03:06 [INFO] core.sap_client — setup_phase2_start
16:03:12 [INFO] core.sap_client — tx_opened code=/nZMMTIJSEP current_tx=ZMMTIJSEP
16:03:12 [INFO] core.sap_client — phase2_ready — txtGV_HU confirmed
16:03:13 [INFO] core.sap_client — hu_phase2_ok hu=C1016451726 duration_ms=6270
16:03:13 [WARNING] core.sap_client — phase1_wrong_screen hu=C1016451729 — re-navigating
16:03:13 [INFO] core.sap_client — setup_phase1_start
16:03:18 [INFO] core.sap_client — tx_opened code=/nZMOVEINBHU current_tx=ZMOVEINBHU
16:03:18 [INFO] core.sap_client — phase1_ready — ctxtP_HU confirmed
16:03:21 [INFO] core.sap_client — hu_phase1_duplicate hu=C1016451729
16:03:21 [WARNING] core.sap_client — phase2_wrong_screen hu=C1016451729 — re-navigating
16:03:21 [INFO] core.sap_client — setup_phase2_start
16:03:27 [INFO] core.sap_client — tx_opened code=/nZMMTIJSEP current_tx=ZMMTIJSEP
16:03:27 [INFO] core.sap_client — phase2_ready — txtGV_HU confirmed
16:03:27 [INFO] core.sap_client — hu_phase2_ok hu=C1016451729 duration_ms=5837
16:03:27 [WARNING] core.sap_client — phase1_wrong_screen hu=C1016430945 — re-navigating
16:03:27 [INFO] core.sap_client — setup_phase1_start
16:03:33 [INFO] core.sap_client — tx_opened code=/nZMOVEINBHU current_tx=ZMOVEINBHU
16:03:33 [INFO] core.sap_client — phase1_ready — ctxtP_HU confirmed
16:03:36 [INFO] core.sap_client — hu_phase1_ok hu=C1016430945
16:03:36 [WARNING] core.sap_client — phase2_wrong_screen hu=C1016430945 — re-navigating
16:03:36 [INFO] core.sap_client — setup_phase2_start
16:03:41 [INFO] core.sap_client — tx_opened code=/nZMMTIJSEP current_tx=ZMMTIJSEP
16:03:41 [INFO] core.sap_client — phase2_ready — txtGV_HU confirmed
16:03:42 [INFO] core.sap_client — hu_phase2_ok hu=C1016430945 duration_ms=6252
16:03:42 [WARNING] core.sap_client — phase1_wrong_screen hu=C1016451733 — re-navigating
16:03:42 [INFO] core.sap_client — setup_phase1_start
16:03:48 [INFO] core.sap_client — tx_opened code=/nZMOVEINBHU current_tx=ZMOVEINBHU
16:03:48 [INFO] core.sap_client — phase1_ready — ctxtP_HU confirmed
16:03:52 [INFO] core.sap_client — hu_phase1_ok hu=C1016451733
16:03:52 [WARNING] core.sap_client — phase2_wrong_screen hu=C1016451733 — re-navigating
16:03:52 [INFO] core.sap_client — setup_phase2_start
16:03:57 [INFO] core.sap_client — tx_opened code=/nZMMTIJSEP current_tx=ZMMTIJSEP
16:03:57 [INFO] core.sap_client — phase2_ready — txtGV_HU confirmed
16:03:58 [INFO] core.sap_client — hu_phase2_ok hu=C1016451733 duration_ms=6297
16:03:58 [WARNING] core.sap_client — phase1_wrong_screen hu=C1015935542 — re-navigating
16:03:58 [INFO] core.sap_client — setup_phase1_start
16:04:04 [INFO] core.sap_client — tx_opened code=/nZMOVEINBHU current_tx=ZMOVEINBHU
16:04:04 [INFO] core.sap_client — phase1_ready — ctxtP_HU confirmed
16:04:08 [INFO] core.sap_client — hu_phase1_ok hu=C1015935542
16:04:08 [WARNING] core.sap_client — phase2_wrong_screen hu=C1015935542 — re-navigating
16:04:08 [INFO] core.sap_client — setup_phase2_start
16:04:13 [INFO] core.sap_client — tx_opened code=/nZMMTIJSEP current_tx=ZMMTIJSEP
16:04:13 [INFO] core.sap_client — phase2_ready — txtGV_HU confirmed
16:04:15 [INFO] core.sap_client — hu_phase2_ok hu=C1015935542 duration_ms=6860
16:04:15 [WARNING] core.sap_client — phase1_wrong_screen hu=C1016451725 — re-navigating
16:04:15 [INFO] core.sap_client — setup_phase1_start
16:04:21 [INFO] core.sap_client — tx_opened code=/nZMOVEINBHU current_tx=ZMOVEINBHU
16:04:21 [INFO] core.sap_client — phase1_ready — ctxtP_HU confirmed
16:04:27 [INFO] core.sap_client — hu_phase1_ok hu=C1016451725
16:04:27 [WARNING] core.sap_client — phase2_wrong_screen hu=C1016451725 — re-navigating
16:04:27 [INFO] core.sap_client — setup_phase2_start
16:04:34 [INFO] core.sap_client — tx_opened code=/nZMMTIJSEP current_tx=ZMMTIJSEP
16:04:34 [INFO] core.sap_client — phase2_ready — txtGV_HU confirmed
16:04:36 [INFO] core.sap_client — hu_phase2_ok hu=C1016451725 duration_ms=8905
16:04:36 [WARNING] core.sap_client — phase1_wrong_screen hu=C1015537689 — re-navigating
16:04:36 [INFO] core.sap_client — setup_phase1_start
16:04:42 [INFO] core.sap_client — tx_opened code=/nZMOVEINBHU current_tx=ZMOVEINBHU
16:04:42 [INFO] core.sap_client — phase1_ready — ctxtP_HU confirmed
16:04:48 [INFO] core.sap_client — hu_phase1_ok hu=C1015537689
16:04:48 [WARNING] core.sap_client — phase2_wrong_screen hu=C1015537689 — re-navigating
16:04:48 [INFO] core.sap_client — setup_phase2_start
16:04:54 [INFO] core.sap_client — tx_opened code=/nZMMTIJSEP current_tx=ZMMTIJSEP
16:04:54 [INFO] core.sap_client — phase2_ready — txtGV_HU confirmed
16:04:55 [INFO] core.sap_client — hu_phase2_ok hu=C1015537689 duration_ms=6949
16:04:55 [WARNING] core.sap_client — phase1_wrong_screen hu=C1015537690 — re-navigating
16:04:55 [INFO] core.sap_client — setup_phase1_start
16:05:00 [INFO] core.sap_client — tx_opened code=/nZMOVEINBHU current_tx=ZMOVEINBHU
16:05:00 [INFO] core.sap_client — phase1_ready — ctxtP_HU confirmed
16:05:05 [INFO] core.sap_client — hu_phase1_ok hu=C1015537690
16:05:05 [WARNING] core.sap_client — phase2_wrong_screen hu=C1015537690 — re-navigating
16:05:05 [INFO] core.sap_client — setup_phase2_start
16:05:11 [INFO] core.sap_client — tx_opened code=/nZMMTIJSEP current_tx=ZMMTIJSEP
16:05:11 [INFO] core.sap_client — phase2_ready — txtGV_HU confirmed
16:05:12 [INFO] core.sap_client — hu_phase2_ok hu=C1015537690 duration_ms=6426
16:05:12 [WARNING] core.sap_client — phase1_wrong_screen hu=C1016430956 — re-navigating
16:05:12 [INFO] core.sap_client — setup_phase1_start
16:05:17 [INFO] core.sap_client — tx_opened code=/nZMOVEINBHU current_tx=ZMOVEINBHU
16:05:17 [INFO] core.sap_client — phase1_ready — ctxtP_HU confirmed
16:05:23 [INFO] core.sap_client — hu_phase1_ok hu=C1016430956
16:05:23 [WARNING] core.sap_client — phase2_wrong_screen hu=C1016430956 — re-navigating
16:05:23 [INFO] core.sap_client — setup_phase2_start
16:05:28 [INFO] core.sap_client — tx_opened code=/nZMMTIJSEP current_tx=ZMMTIJSEP
16:05:28 [INFO] core.sap_client — phase2_ready — txtGV_HU confirmed
16:05:29 [INFO] core.sap_client — hu_phase2_ok hu=C1016430956 duration_ms=6306
16:05:29 [WARNING] core.sap_client — phase1_wrong_screen hu=C1016430957 — re-navigating
16:05:29 [INFO] core.sap_client — setup_phase1_start
16:05:34 [INFO] core.sap_client — tx_opened code=/nZMOVEINBHU current_tx=ZMOVEINBHU
16:05:34 [INFO] core.sap_client — phase1_ready — ctxtP_HU confirmed
16:05:38 [INFO] core.sap_client — hu_phase1_ok hu=C1016430957
16:05:38 [WARNING] core.sap_client — phase2_wrong_screen hu=C1016430957 — re-navigating
16:05:38 [INFO] core.sap_client — setup_phase2_start
16:05:43 [INFO] core.sap_client — tx_opened code=/nZMMTIJSEP current_tx=ZMMTIJSEP
16:05:43 [INFO] core.sap_client — phase2_ready — txtGV_HU confirmed
16:05:44 [INFO] core.sap_client — hu_phase2_ok hu=C1016430957 duration_ms=6126
16:05:44 [INFO] core.queue_model — pallet_done pallet=1 hu_codes=['C1016451742', 'C1015537685', 'C1015537688', 'C1015537691', 'C1015537686', 'C1015537687', 'C1016451384', 'C1016451728', 'C1016451727', 'C1016430963', 'C1016451731', 'C1016430955', 'C1015935545', 'C1016430944', 'C1016430952', 'C1016451736', 'C1016451726', 'C1016451729', 'C1016430945', 'C1016451733', 'C1015935542', 'C1016451725', 'C1015537689', 'C1015537690', 'C1016430956', 'C1016430957']
16:05:49 [INFO] core.sap_client — tx_opened code=/nSP01 current_tx=SP01
16:05:54 [INFO] core.sap_client — sp01_row_marked row=4 title=CN-CON-003_C1016430957_20260325230544
16:05:54 [INFO] core.sap_client — sp01_row_marked row=6 title=CN-CON-003_C1016430956_20260325230529
16:05:54 [INFO] core.sap_client — sp01_row_marked row=8 title=CN-CON-003_C1015537690_20260325230511
16:05:54 [INFO] core.sap_client — sp01_row_marked row=10 title=CN-CON-003_C1015537689_20260325230454
16:05:54 [INFO] core.sap_client — sp01_row_marked row=12 title=CN-CON-003_C1016451725_20260325230435
16:05:54 [INFO] core.sap_client — sp01_row_marked row=14 title=CN-CON-003_C1015935542_20260325230414
16:05:54 [INFO] core.sap_client — sp01_row_marked row=16 title=CN-CON-003_C1016451733_20260325230358
16:05:54 [INFO] core.sap_client — sp01_row_marked row=18 title=CN-CON-003_C1016430945_20260325230342
16:05:54 [INFO] core.sap_client — sp01_row_marked row=20 title=CN-CON-003_C1016451726_20260325230312
16:05:54 [INFO] core.sap_client — sp01_row_marked row=22 title=CN-CON-003_C1016451736_20260325230257
16:05:54 [INFO] core.sap_client — sp01_row_marked row=24 title=CN-CON-003_C1016430952_20260325230242
16:05:54 [INFO] core.sap_client — sp01_row_marked row=26 title=CN-CON-003_C1016430944_20260325230227
16:05:54 [INFO] core.sap_client — sp01_row_marked row=28 title=CN-CON-003_C1015935545_20260325230212
16:05:54 [INFO] core.sap_client — sp01_row_marked row=30 title=CN-CON-003_C1016430955_20260325230157
16:05:54 [INFO] core.sap_client — sp01_row_marked row=32 title=CN-CON-003_C1016451731_20260325230142
16:05:54 [INFO] core.sap_client — sp01_row_marked row=34 title=CN-CON-003_C1016430963_20260325230127
16:05:54 [INFO] core.sap_client — sp01_row_marked row=36 title=CN-CON-003_C1016451728_20260325230058
16:05:54 [INFO] core.sap_client — sp01_row_marked row=38 title=CN-CON-003_C1015537687_20260325230029
16:05:54 [INFO] core.sap_client — sp01_row_marked row=40 title=CN-CON-003_C1015537686_20260325230014
16:05:54 [INFO] core.sap_client — sp01_row_marked row=42 title=CN-CON-003_C1015537691_20260325230000
16:05:54 [INFO] core.sap_client — sp01_row_marked row=44 title=CN-CON-003_C1015537688_20260325225944
16:05:55 [INFO] core.sap_client — sp01_row_marked row=46 title=CN-CON-003_C1015537685_20260325225930
16:05:55 [INFO] core.sap_client — sp01_row_marked row=48 title=CN-CON-003_C1016451742_20260325225914
16:05:57 [INFO] core.sap_client — sp01_print_confirmed via=btn[25] marked=23
16:05:59 [INFO] core.sap_client — sp01_pallet_done result={'status': 'ok', 'message': 'SP01 OK — 23 spool(s) impreso(s)', 'marked': 23} hu_codes=['C1016451742', 'C1015537685', 'C1015537688', 'C1015537691', 'C1015537686', 'C1015537687', 'C1016451384', 'C1016451728', 'C1016451727', 'C1016430963', 'C1016451731', 'C1016430955', 'C1015935545', 'C1016430944', 'C1016430952', 'C1016451736', 'C1016451726', 'C1016451729', 'C1016430945', 'C1016451733', 'C1015935542', 'C1016451725', 'C1015537689', 'C1015537690', 'C1016430956', 'C1016430957']
16:05:59 [INFO] core.queue_model — sp01_pallet_result={'status': 'ok', 'message': 'SP01 OK — 23 spool(s) impreso(s)', 'marked': 23}
16:05:59 [INFO] core.queue_model — queue_worker_stopped
16:05:59 [INFO] core.queue_model — queue_worker_stop_requested
16:08:56 [INFO] core.queue_model — queue_worker_stop_requested
16:28:48 [INFO] core.queue_model — hu_added hu=C1016451384 pallet=1 origin=ATL
16:28:49 [INFO] core.queue_model — hu_added hu=C1016451729 pallet=1 origin=ATL
16:28:49 [INFO] core.queue_model — hu_added hu=C1016451727 pallet=1 origin=ATL
16:28:51 [WARNING] core.queue_model — hu_duplicate_scan hu=C1016451384
16:28:52 [WARNING] core.queue_model — hu_duplicate_scan hu=C1016451727
16:28:53 [WARNING] core.queue_model — hu_duplicate_scan hu=C1016451729
16:28:57 [INFO] core.queue_model — queue_worker_started print_per_pallet=True
16:28:57 [INFO] core.sap_client — sap_connected system=LUP user=LOPEZHJC
16:28:57 [INFO] core.queue_model — queue_worker_sap_connected
16:28:57 [INFO] core.sap_client — setup_phase1_start
16:29:03 [INFO] core.sap_client — tx_opened code=/nZMOVEINBHU current_tx=ZMOVEINBHU
16:29:03 [INFO] core.sap_client — phase1_ready — ctxtP_HU confirmed
16:29:06 [INFO] core.sap_client — hu_phase1_duplicate hu=C1016451384
16:29:06 [INFO] core.sap_client — setup_phase2_start
16:29:11 [INFO] core.sap_client — tx_opened code=/nZMMTIJSEP current_tx=ZMMTIJSEP
16:29:11 [INFO] core.sap_client — phase2_ready — txtGV_HU confirmed
16:29:12 [INFO] core.sap_client — hu_phase2_ok hu=C1016451384 duration_ms=1001
16:29:12 [INFO] core.sap_client — setup_phase1_start
16:29:17 [INFO] core.sap_client — tx_opened code=/nZMOVEINBHU current_tx=ZMOVEINBHU
16:29:17 [INFO] core.sap_client — phase1_ready — ctxtP_HU confirmed
16:29:20 [INFO] core.sap_client — hu_phase1_duplicate hu=C1016451729
16:29:20 [WARNING] core.sap_client — phase2_wrong_screen hu=C1016451729 — re-navigating
16:29:20 [INFO] core.sap_client — setup_phase2_start
16:29:26 [INFO] core.sap_client — tx_opened code=/nZMMTIJSEP current_tx=ZMMTIJSEP
16:29:26 [INFO] core.sap_client — phase2_ready — txtGV_HU confirmed
16:29:26 [INFO] core.sap_client — hu_phase2_ok hu=C1016451729 duration_ms=5705
16:29:26 [WARNING] core.sap_client — phase1_wrong_screen hu=C1016451727 — re-navigating
16:29:26 [INFO] core.sap_client — setup_phase1_start
16:29:31 [INFO] core.sap_client — tx_opened code=/nZMOVEINBHU current_tx=ZMOVEINBHU
16:29:31 [INFO] core.sap_client — phase1_ready — ctxtP_HU confirmed
16:29:34 [INFO] core.sap_client — hu_phase1_duplicate hu=C1016451727
16:29:34 [WARNING] core.sap_client — phase2_wrong_screen hu=C1016451727 — re-navigating
16:29:34 [INFO] core.sap_client — setup_phase2_start
16:29:39 [INFO] core.sap_client — tx_opened code=/nZMMTIJSEP current_tx=ZMMTIJSEP
16:29:39 [INFO] core.sap_client — phase2_ready — txtGV_HU confirmed
16:29:40 [INFO] core.sap_client — hu_phase2_ok hu=C1016451727 duration_ms=5670
16:29:40 [INFO] core.queue_model — pallet_done pallet=1 hu_codes=['C1016451384', 'C1016451729', 'C1016451727']
16:29:45 [INFO] core.sap_client — tx_opened code=/nSP01 current_tx=SP01
16:29:50 [WARNING] core.sap_client — sp01_no_rows_found | filter=['C1016451384', 'C1016451729', 'C1016451727'] | filas_leidas=[row=4 status='Compl.' title='CN-CON-003_C1016430957_20260325230544' | row=6 status='Compl.' title='CN-CON-003_C1016430956_20260325230529' | row=8 status='Compl.' title='CN-CON-003_C1015537690_20260325230511' | row=10 status='Compl.' title='CN-CON-003_C1015537689_20260325230454' | row=12 status='Compl.' title='CN-CON-003_C1016451725_20260325230435' | row=14 status='Compl.' title='CN-CON-003_C1015935542_20260325230414' | row=16 status='Compl.' title='CN-CON-003_C1016451733_20260325230358' | row=18 status='Compl.' title='CN-CON-003_C1016430945_20260325230342' | row=20 status='Compl.' title='CN-CON-003_C1016451726_20260325230312' | row=22 status='Compl.' title='CN-CON-003_C1016451736_20260325230257']
16:29:50 [INFO] core.sap_client — sp01_pallet_done result={'status': 'error', 'message': 'No se encontraron spools pendientes', 'marked': 0} hu_codes=['C1016451384', 'C1016451729', 'C1016451727']
16:29:50 [INFO] core.queue_model — sp01_pallet_result={'status': 'error', 'message': 'No se encontraron spools pendientes', 'marked': 0}
16:29:50 [INFO] core.queue_model — queue_worker_stopped
16:29:50 [INFO] core.queue_model — queue_worker_stop_requested
16:29:58 [INFO] core.queue_model — hu_added hu=C1016451384 pallet=1 origin=ATL
16:30:00 [WARNING] core.queue_model — hu_duplicate_scan hu=C1016451384
16:31:43 [INFO] core.queue_model — queue_worker_stop_requested
16:31:47 [INFO] core.queue_model — queue_worker_stop_requested
16:31:53 [INFO] core.queue_model — hu_added hu=2972606846 pallet=1 origin=ITA
16:31:54 [INFO] core.queue_model — hu_added hu=2972610495 pallet=2 origin=ITA
16:31:56 [INFO] core.queue_model — queue_worker_started print_per_pallet=True
16:31:56 [INFO] core.sap_client — sap_connected system=LUP user=LOPEZHJC
16:31:56 [INFO] core.queue_model — queue_worker_sap_connected
16:31:56 [INFO] core.sap_client — setup_phase1_start
16:32:02 [INFO] core.sap_client — tx_opened code=/nZMOVEINBHU current_tx=ZMOVEINBHU
16:32:02 [INFO] core.sap_client — phase1_ready — ctxtP_HU confirmed
16:32:05 [INFO] core.sap_client — hu_phase1_duplicate hu=2972606846
16:32:05 [INFO] core.sap_client — setup_phase2_start
16:32:10 [INFO] core.sap_client — tx_opened code=/nZMMTIJSEP current_tx=ZMMTIJSEP
16:32:10 [INFO] core.sap_client — phase2_ready — txtGV_HU confirmed
16:32:11 [INFO] core.sap_client — hu_phase2_ok hu=2972606846 duration_ms=1001
16:32:11 [INFO] core.queue_model — pallet_done pallet=1 hu_codes=['2972606846']
16:32:16 [INFO] core.sap_client — tx_opened code=/nSP01 current_tx=SP01
16:32:21 [INFO] core.sap_client — sp01_row_marked row=4 title=CN-CON-003_00000000002972606846_20260318172938
16:32:23 [INFO] core.sap_client — sp01_print_confirmed via=btn[13] marked=1
16:32:25 [INFO] core.sap_client — sp01_pallet_done result={'status': 'ok', 'message': 'SP01 OK — 1 spool(s) impreso(s)', 'marked': 1} hu_codes=['2972606846']
16:32:25 [INFO] core.queue_model — sp01_pallet_result={'status': 'ok', 'message': 'SP01 OK — 1 spool(s) impreso(s)', 'marked': 1}
16:33:16 [INFO] core.queue_model — queue_worker_resumed_by_ui
16:33:16 [INFO] core.queue_model — queue_worker_resumed_processing
16:33:16 [INFO] core.sap_client — setup_phase1_start
16:33:17 [INFO] core.queue_model — queue_worker_stop_requested
16:33:21 [INFO] core.sap_client — tx_opened code=/nZMOVEINBHU current_tx=ZMOVEINBHU
16:33:21 [INFO] core.sap_client — phase1_ready — ctxtP_HU confirmed
16:33:24 [INFO] core.sap_client — hu_phase1_duplicate hu=2972610495
16:33:24 [INFO] core.sap_client — setup_phase2_start
16:33:25 [INFO] core.queue_model — queue_worker_stop_requested
16:33:30 [INFO] core.sap_client — tx_opened code=/nZMMTIJSEP current_tx=ZMMTIJSEP
16:33:30 [INFO] core.sap_client — phase2_ready — txtGV_HU confirmed
16:33:31 [INFO] core.sap_client — hu_phase2_ok hu=2972610495 duration_ms=1002
16:33:31 [INFO] core.queue_model — pallet_done pallet=2 hu_codes=['2972610495']
16:33:36 [INFO] core.sap_client — tx_opened code=/nSP01 current_tx=SP01
16:33:41 [INFO] core.sap_client — sp01_row_marked row=4 title=CN-CON-003_00000000002972610495_20260324075005
16:33:43 [INFO] core.sap_client — sp01_print_confirmed via=btn[13] marked=1
16:33:45 [INFO] core.sap_client — sp01_pallet_done result={'status': 'ok', 'message': 'SP01 OK — 1 spool(s) impreso(s)', 'marked': 1} hu_codes=['2972610495']
16:33:45 [INFO] core.queue_model — sp01_pallet_result={'status': 'ok', 'message': 'SP01 OK — 1 spool(s) impreso(s)', 'marked': 1}
16:33:45 [INFO] core.queue_model — queue_worker_stopped
16:33:45 [INFO] core.queue_model — queue_worker_stop_requested
16:33:55 [INFO] core.queue_model — hu_added hu=2972606846 pallet=1 origin=ITA
16:33:56 [INFO] core.queue_model — hu_added hu=2972610495 pallet=2 origin=ITA
16:34:57 [INFO] core.queue_model — queue_worker_started print_per_pallet=False
16:34:57 [INFO] core.sap_client — sap_connected system=LUP user=LOPEZHJC
16:34:57 [INFO] core.queue_model — queue_worker_sap_connected
16:34:57 [INFO] core.sap_client — setup_phase1_start
16:35:03 [INFO] core.sap_client — tx_opened code=/nZMOVEINBHU current_tx=ZMOVEINBHU
16:35:03 [INFO] core.sap_client — phase1_ready — ctxtP_HU confirmed
16:35:05 [INFO] core.sap_client — hu_phase1_duplicate hu=2972606846
16:35:05 [INFO] core.sap_client — setup_phase2_start
16:35:11 [INFO] core.sap_client — tx_opened code=/nZMMTIJSEP current_tx=ZMMTIJSEP
16:35:11 [INFO] core.sap_client — phase2_ready — txtGV_HU confirmed
16:35:12 [INFO] core.sap_client — hu_phase2_ok hu=2972606846 duration_ms=1001
16:35:12 [INFO] core.sap_client — setup_phase1_start
16:35:17 [INFO] core.sap_client — tx_opened code=/nZMOVEINBHU current_tx=ZMOVEINBHU
16:35:17 [INFO] core.sap_client — phase1_ready — ctxtP_HU confirmed
16:35:20 [INFO] core.sap_client — hu_phase1_duplicate hu=2972610495
16:35:20 [WARNING] core.sap_client — phase2_wrong_screen hu=2972610495 — re-navigating
16:35:20 [INFO] core.sap_client — setup_phase2_start
16:35:25 [INFO] core.sap_client — tx_opened code=/nZMMTIJSEP current_tx=ZMMTIJSEP
16:35:25 [INFO] core.sap_client — phase2_ready — txtGV_HU confirmed
16:35:26 [INFO] core.sap_client — hu_phase2_ok hu=2972610495 duration_ms=5752
16:35:26 [INFO] core.queue_model — executing_sp01_global
16:35:32 [INFO] core.sap_client — tx_opened code=/nSP01 current_tx=SP01
16:35:36 [INFO] core.sap_client — sp01_row_marked row=4 title=CN-CON-003_00000000002972610495_20260324075005
16:35:36 [INFO] core.sap_client — sp01_row_marked row=6 title=CN-CON-003_00000000002972606846_20260318172938
16:35:38 [INFO] core.sap_client — sp01_print_confirmed via=btn[25] marked=2
16:35:40 [INFO] core.sap_client — sp01_global_done result={'status': 'ok', 'message': 'SP01 OK — 2 spool(s) impreso(s)', 'marked': 2}
16:35:40 [INFO] core.queue_model — queue_worker_stopped
16:35:40 [INFO] core.queue_model — queue_worker_stop_requested
16:41:43 [INFO] core.queue_model — queue_worker_stop_requested
16:41:48 [INFO] core.queue_model — queue_worker_stop_requested
