06:14:17 [INFO] core.queue_model — new_pallet id=1
06:38:33 [INFO] core.queue_model — new_pallet id=1
06:38:50 [INFO] core.queue_model — hu_added hu=TH0000268256 pallet=1 origin=THA
06:38:55 [INFO] core.queue_model — hu_added hu=T10045783431 pallet=2 origin=CNA
06:39:04 [INFO] core.queue_model — hu_added hu=2972200143 pallet=3 origin=ITA
06:39:20 [INFO] core.queue_model — queue_worker_started dynamic_print_mode
06:39:20 [INFO] core.sap_client — sap_connected system=LUP user=LOPEZHJC
06:39:20 [INFO] core.queue_model — queue_worker_sap_connected
06:39:20 [INFO] core.sap_client — setup_phase1_start
06:39:25 [INFO] core.sap_client — tx_opened code=/nZMOVEINBHU current_tx=ZMOVEINBHU
06:39:25 [INFO] core.sap_client — phase1_ready — ctxtP_HU confirmed
06:39:28 [INFO] core.sap_client — hu_phase1_duplicate hu=TH0000268256
06:39:28 [INFO] core.sap_client — setup_phase2_start
06:39:32 [INFO] core.sap_client — tx_opened code=/nZMMTIJSEP current_tx=ZMMTIJSEP
06:39:32 [INFO] core.sap_client — phase2_ready — txtGV_HU confirmed
06:39:34 [INFO] core.sap_client — hu_phase2_ok hu=TH0000268256 duration_ms=1458 phase2_wait=1.0
06:39:34 [INFO] core.queue_model — pallet_boundary single_hu pallet=1 accumulated=[1]
06:39:34 [INFO] core.sap_client — setup_phase1_start
06:39:38 [INFO] core.sap_client — tx_opened code=/nZMOVEINBHU current_tx=ZMOVEINBHU
06:39:38 [INFO] core.sap_client — phase1_ready — ctxtP_HU confirmed
06:39:41 [INFO] core.sap_client — hu_phase1_duplicate hu=T10045783431
06:39:41 [WARNING] core.sap_client — phase2_wrong_screen hu=T10045783431 — re-navigating
06:39:41 [INFO] core.sap_client — setup_phase2_start
06:39:45 [INFO] core.sap_client — tx_opened code=/nZMMTIJSEP current_tx=ZMMTIJSEP
06:39:45 [INFO] core.sap_client — phase2_ready — txtGV_HU confirmed
06:39:47 [INFO] core.sap_client — hu_phase2_ok hu=T10045783431 duration_ms=5837 phase2_wait=1.0
06:39:47 [INFO] core.queue_model — pallet_boundary single_hu pallet=2 accumulated=[1, 2]
06:39:47 [WARNING] core.sap_client — phase1_wrong_screen hu=2972200143 — re-navigating
06:39:47 [INFO] core.sap_client — setup_phase1_start
06:39:51 [INFO] core.sap_client — tx_opened code=/nZMOVEINBHU current_tx=ZMOVEINBHU
06:39:51 [INFO] core.sap_client — phase1_ready — ctxtP_HU confirmed
06:39:55 [INFO] core.sap_client — hu_phase1_duplicate hu=2972200143
06:39:55 [WARNING] core.sap_client — phase2_wrong_screen hu=2972200143 — re-navigating
06:39:55 [INFO] core.sap_client — setup_phase2_start
06:39:59 [INFO] core.sap_client — tx_opened code=/nZMMTIJSEP current_tx=ZMMTIJSEP
06:39:59 [INFO] core.sap_client — phase2_ready — txtGV_HU confirmed
06:40:02 [INFO] core.sap_client — hu_phase2_ok hu=2972200143 duration_ms=7399 phase2_wait=2.5
06:40:02 [INFO] core.queue_model — pallet_boundary single_hu pallet=3 accumulated=[1, 2, 3]
06:40:02 [INFO] core.queue_model — flush_single_hu_pallets pallets=[1, 2, 3] hu_codes=['TH0000268256', 'T10045783431', '2972200143']
06:40:07 [INFO] core.sap_client — tx_opened code=/nSP01 current_tx=SP01
06:40:10 [INFO] core.sap_client — sp01_row_marked row=4 title=CN-CON-003_00000000002972200143_20250319112026
06:40:10 [INFO] core.sap_client — sp01_row_marked row=6 title=CN-CON-003_T10045783431_20260305014010
06:40:10 [INFO] core.sap_client — sp01_row_marked row=8 title=CN-CON-003_TH0000268256_20260305195458
06:40:11 [INFO] core.print_watcher — print_watcher_started idle_timeout=12.0s
06:40:12 [INFO] core.sap_client — sp01_print_confirmed via=btn[25] marked=3
06:40:13 [INFO] core.sap_client — sp01_global_done result={'status': 'ok', 'message': 'SP01 OK — 3 spool(s) impreso(s)', 'marked': 3}
06:40:13 [INFO] core.queue_model — waiting_for_print_watcher...
06:40:13 [INFO] core.print_watcher — method1_BM_CLICK ok_hwnd=10555078
06:40:14 [INFO] core.print_watcher — confirm_success method=BM_CLICK hwnd=3871480
06:40:14 [INFO] core.print_watcher — print_dialog_confirmed count=1
06:40:15 [INFO] core.print_watcher — method1_BM_CLICK ok_hwnd=8588018
06:40:15 [INFO] core.print_watcher — confirm_success method=BM_CLICK hwnd=4460640
06:40:15 [INFO] core.print_watcher — print_dialog_confirmed count=2
06:40:16 [INFO] core.print_watcher — method1_BM_CLICK ok_hwnd=10686150
06:40:16 [INFO] core.print_watcher — confirm_success method=BM_CLICK hwnd=7672334
06:40:16 [INFO] core.print_watcher — print_dialog_confirmed count=3
06:40:28 [INFO] core.print_watcher — print_watcher_idle_timeout confirmed=3
06:40:28 [INFO] core.print_watcher — print_watcher_stopped confirmed=3
06:40:29 [INFO] core.queue_model — print_watcher_finished confirmed=3
06:40:29 [INFO] core.queue_model — sp01_flush_result={'status': 'ok', 'message': 'SP01 OK — 3 spool(s) impreso(s)', 'marked': 3} print_dialogs_confirmed=3
06:40:29 [INFO] core.queue_model — queue_worker_stopped
06:40:29 [INFO] core.queue_model — queue_worker_stop_requested
06:43:15 [INFO] core.queue_model — new_pallet id=1
06:43:31 [INFO] core.queue_model — hu_added hu=TH0000268286 pallet=1 origin=THA
06:43:33 [INFO] core.queue_model — hu_added hu=TH0000268224 pallet=1 origin=THA
06:43:42 [INFO] core.queue_model — hu_added hu=T10045786743 pallet=2 origin=CNA
06:43:45 [INFO] core.queue_model — hu_added hu=T10045857690 pallet=2 origin=CNA
06:43:46 [INFO] core.queue_model — queue_worker_started dynamic_print_mode
06:43:47 [INFO] core.sap_client — sap_connected system=LUP user=LOPEZHJC
06:43:47 [INFO] core.queue_model — queue_worker_sap_connected
06:43:47 [INFO] core.sap_client — setup_phase1_start
06:43:51 [INFO] core.sap_client — tx_opened code=/nZMOVEINBHU current_tx=ZMOVEINBHU
06:43:51 [INFO] core.sap_client — phase1_ready — ctxtP_HU confirmed
06:43:53 [INFO] core.sap_client — hu_phase1_duplicate hu=TH0000268286
06:43:53 [INFO] core.sap_client — setup_phase2_start
06:43:58 [INFO] core.sap_client — tx_opened code=/nZMMTIJSEP current_tx=ZMMTIJSEP
06:43:58 [INFO] core.sap_client — phase2_ready — txtGV_HU confirmed
06:43:59 [INFO] core.sap_client — hu_phase2_ok hu=TH0000268286 duration_ms=1526 phase2_wait=1.0
06:43:59 [INFO] core.sap_client — setup_phase1_start
06:44:04 [INFO] core.sap_client — tx_opened code=/nZMOVEINBHU current_tx=ZMOVEINBHU
06:44:04 [INFO] core.sap_client — phase1_ready — ctxtP_HU confirmed
06:44:06 [INFO] core.sap_client — hu_phase1_duplicate hu=TH0000268224
06:44:06 [WARNING] core.sap_client — phase2_wrong_screen hu=TH0000268224 — re-navigating
06:44:06 [INFO] core.sap_client — setup_phase2_start
06:44:10 [INFO] core.sap_client — tx_opened code=/nZMMTIJSEP current_tx=ZMMTIJSEP
06:44:10 [INFO] core.sap_client — phase2_ready — txtGV_HU confirmed
06:44:12 [INFO] core.sap_client — hu_phase2_ok hu=TH0000268224 duration_ms=5909 phase2_wait=1.0
06:44:12 [INFO] core.queue_model — pallet_boundary multi_hu pallet=1 count=2 hu_codes=['TH0000268286', 'TH0000268224']
06:44:16 [INFO] core.sap_client — tx_opened code=/nSP01 current_tx=SP01
06:44:19 [INFO] core.sap_client — sp01_row_marked row=4 title=CN-CON-003_TH0000268224_20260305002240
06:44:19 [INFO] core.sap_client — sp01_row_marked row=6 title=CN-CON-003_TH0000268286_20260305002235
06:44:20 [INFO] core.print_watcher — print_watcher_started idle_timeout=12.0s
06:44:21 [INFO] core.sap_client — sp01_print_confirmed via=btn[25] marked=2
06:44:22 [INFO] core.sap_client — sp01_pallet_done result={'status': 'ok', 'message': 'SP01 OK — 2 spool(s) impreso(s)', 'marked': 2} hu_codes=['TH0000268286', 'TH0000268224']
06:44:22 [INFO] core.queue_model — waiting_for_print_watcher...
06:44:22 [INFO] core.print_watcher — method1_BM_CLICK ok_hwnd=2167012
06:44:22 [INFO] core.print_watcher — confirm_success method=BM_CLICK hwnd=11602784
06:44:22 [INFO] core.print_watcher — print_dialog_confirmed count=1
06:44:23 [INFO] core.print_watcher — method1_BM_CLICK ok_hwnd=3477382
06:44:23 [INFO] core.print_watcher — confirm_success method=BM_CLICK hwnd=1707970
06:44:23 [INFO] core.print_watcher — print_dialog_confirmed count=2
06:44:35 [INFO] core.print_watcher — print_watcher_idle_timeout confirmed=2
06:44:35 [INFO] core.print_watcher — print_watcher_stopped confirmed=2
06:44:36 [INFO] core.queue_model — print_watcher_finished confirmed=2
06:44:36 [INFO] core.queue_model — sp01_pallet_result={'status': 'ok', 'message': 'SP01 OK — 2 spool(s) impreso(s)', 'marked': 2} print_dialogs_confirmed=2
06:45:17 [INFO] core.queue_model — queue_worker_resumed_by_ui
06:45:17 [INFO] core.queue_model — queue_worker_resumed_processing
06:45:17 [INFO] core.sap_client — setup_phase1_start
06:45:21 [INFO] core.sap_client — tx_opened code=/nZMOVEINBHU current_tx=ZMOVEINBHU
06:45:21 [INFO] core.sap_client — phase1_ready — ctxtP_HU confirmed
06:45:24 [INFO] core.sap_client — hu_phase1_duplicate hu=T10045786743
06:45:24 [INFO] core.sap_client — setup_phase2_start
06:45:28 [INFO] core.sap_client — tx_opened code=/nZMMTIJSEP current_tx=ZMMTIJSEP
06:45:28 [INFO] core.sap_client — phase2_ready — txtGV_HU confirmed
06:45:30 [INFO] core.sap_client — hu_phase2_ok hu=T10045786743 duration_ms=1503 phase2_wait=1.0
06:45:30 [INFO] core.sap_client — setup_phase1_start
06:45:34 [INFO] core.sap_client — tx_opened code=/nZMOVEINBHU current_tx=ZMOVEINBHU
06:45:34 [INFO] core.sap_client — phase1_ready — ctxtP_HU confirmed
06:45:37 [INFO] core.sap_client — hu_phase1_duplicate hu=T10045857690
06:45:37 [WARNING] core.sap_client — phase2_wrong_screen hu=T10045857690 — re-navigating
06:45:37 [INFO] core.sap_client — setup_phase2_start
06:45:41 [INFO] core.sap_client — tx_opened code=/nZMMTIJSEP current_tx=ZMMTIJSEP
06:45:41 [INFO] core.sap_client — phase2_ready — txtGV_HU confirmed
06:45:43 [INFO] core.sap_client — hu_phase2_ok hu=T10045857690 duration_ms=5921 phase2_wait=1.0
06:45:43 [INFO] core.queue_model — pallet_boundary multi_hu pallet=2 count=2 hu_codes=['T10045786743', 'T10045857690']
06:45:48 [INFO] core.sap_client — tx_opened code=/nSP01 current_tx=SP01
06:45:51 [INFO] core.sap_client — sp01_row_marked row=4 title=CN-CON-003_T10045857690_20260311195528
06:45:51 [INFO] core.sap_client — sp01_row_marked row=6 title=CN-CON-003_T10045786743_20260311195451
06:45:52 [INFO] core.print_watcher — print_watcher_started idle_timeout=12.0s
06:45:53 [INFO] core.sap_client — sp01_print_confirmed via=btn[25] marked=2
06:45:54 [INFO] core.sap_client — sp01_pallet_done result={'status': 'ok', 'message': 'SP01 OK — 2 spool(s) impreso(s)', 'marked': 2} hu_codes=['T10045786743', 'T10045857690']
06:45:54 [INFO] core.queue_model — waiting_for_print_watcher...
06:45:55 [INFO] core.print_watcher — method1_BM_CLICK ok_hwnd=2560024
06:45:55 [INFO] core.print_watcher — confirm_success method=BM_CLICK hwnd=6164392
06:45:55 [INFO] core.print_watcher — print_dialog_confirmed count=1
06:45:56 [INFO] core.print_watcher — method1_BM_CLICK ok_hwnd=4394232
06:45:56 [INFO] core.print_watcher — confirm_success method=BM_CLICK hwnd=10488670
06:45:56 [INFO] core.print_watcher — print_dialog_confirmed count=2
06:46:08 [INFO] core.print_watcher — print_watcher_idle_timeout confirmed=2
06:46:08 [INFO] core.print_watcher — print_watcher_stopped confirmed=2
06:46:08 [INFO] core.queue_model — print_watcher_finished confirmed=2
06:46:08 [INFO] core.queue_model — sp01_pallet_result={'status': 'ok', 'message': 'SP01 OK — 2 spool(s) impreso(s)', 'marked': 2} print_dialogs_confirmed=2
06:46:08 [INFO] core.queue_model — queue_worker_stopped
06:46:08 [INFO] core.queue_model — queue_worker_stop_requested
06:53:30 [INFO] core.queue_model — new_pallet id=1
06:53:47 [INFO] core.queue_model — new_pallet id=1
06:54:01 [INFO] core.queue_model — new_pallet id=1
06:54:53 [INFO] core.queue_model — new_pallet id=1
06:54:59 [INFO] core.queue_model — new_pallet id=1
06:55:28 [INFO] core.queue_model — new_pallet id=1
06:57:34 [INFO] core.queue_model — new_pallet id=1
06:58:00 [INFO] core.queue_model — new_pallet id=1
06:58:16 [INFO] core.queue_model — new_pallet id=1
06:58:29 [INFO] core.queue_model — new_pallet id=1
07:00:08 [INFO] core.queue_model — new_pallet id=1
07:00:24 [INFO] core.queue_model — new_pallet id=1
07:01:45 [INFO] core.queue_model — new_pallet id=1
07:04:35 [INFO] core.queue_model — new_pallet id=1
07:05:10 [INFO] core.queue_model — new_pallet id=1
07:07:15 [INFO] core.queue_model — new_pallet id=1
07:07:51 [INFO] core.queue_model — new_pallet id=1
07:09:39 [INFO] core.queue_model — new_pallet id=1
07:14:09 [INFO] core.queue_model — new_pallet id=1
07:16:10 [INFO] core.queue_model — new_pallet id=1
07:16:36 [INFO] core.queue_model — new_pallet id=1
08:15:32 [INFO] core.queue_model — new_pallet id=1
08:15:49 [INFO] core.queue_model — hu_added hu=2972642139 pallet=1 origin=ITA
08:16:24 [WARNING] core.queue_model — hu_duplicate_scan hu=2972642139
08:16:25 [INFO] core.queue_model — hu_added hu=2972642138 pallet=2 origin=ITA
08:16:28 [INFO] core.queue_model — hu_added hu=2972642137 pallet=3 origin=ITA
08:16:35 [INFO] core.queue_model — hu_added hu=2972642146 pallet=4 origin=ITA
08:16:37 [INFO] core.queue_model — hu_added hu=2972642065 pallet=5 origin=ITA
08:16:40 [INFO] core.queue_model — queue_worker_started dynamic_print_mode
08:16:40 [INFO] core.sap_client — sap_connected system=LUP user=LOPEZHJC
08:16:40 [INFO] core.queue_model — queue_worker_sap_connected
08:16:40 [INFO] core.sap_client — setup_phase1_start
08:16:44 [INFO] core.sap_client — tx_opened code=/nZMOVEINBHU current_tx=ZMOVEINBHU
08:16:44 [INFO] core.sap_client — phase1_ready — ctxtP_HU confirmed
08:16:50 [INFO] core.sap_client — hu_phase1_duplicate hu=2972642139
08:16:51 [INFO] core.sap_client — setup_phase2_start
08:17:29 [INFO] core.sap_client — tx_opened code=/nZMMTIJSEP current_tx=ZMMTIJSEP
08:17:29 [INFO] core.sap_client — phase2_ready — txtGV_HU confirmed
08:17:34 [INFO] core.sap_client — hu_phase2_ok hu=2972642139 duration_ms=4773 phase2_wait=3.5
08:17:34 [INFO] core.queue_model — pallet_boundary single_hu pallet=1 accumulated=[1]
08:17:34 [INFO] core.sap_client — setup_phase1_start
08:17:39 [INFO] core.sap_client — tx_opened code=/nZMOVEINBHU current_tx=ZMOVEINBHU
08:17:39 [INFO] core.sap_client — phase1_ready — ctxtP_HU confirmed
08:17:44 [INFO] core.sap_client — hu_phase1_duplicate hu=2972642138
08:17:44 [WARNING] core.sap_client — phase2_wrong_screen hu=2972642138 — re-navigating
08:17:44 [INFO] core.sap_client — setup_phase2_start
08:17:49 [INFO] core.sap_client — tx_opened code=/nZMMTIJSEP current_tx=ZMMTIJSEP
08:17:49 [INFO] core.sap_client — phase2_ready — txtGV_HU confirmed
08:17:52 [INFO] core.sap_client — hu_phase2_ok hu=2972642138 duration_ms=8110 phase2_wait=3.5
08:17:52 [INFO] core.queue_model — pallet_boundary single_hu pallet=2 accumulated=[1, 2]
08:17:52 [WARNING] core.sap_client — phase1_wrong_screen hu=2972642137 — re-navigating
08:17:52 [INFO] core.sap_client — setup_phase1_start
08:17:57 [INFO] core.sap_client — tx_opened code=/nZMOVEINBHU current_tx=ZMOVEINBHU
08:17:57 [INFO] core.sap_client — phase1_ready — ctxtP_HU confirmed
08:18:01 [INFO] core.sap_client — hu_phase1_duplicate hu=2972642137
08:18:01 [WARNING] core.sap_client — phase2_wrong_screen hu=2972642137 — re-navigating
08:18:01 [INFO] core.sap_client — setup_phase2_start
08:18:06 [INFO] core.sap_client — tx_opened code=/nZMMTIJSEP current_tx=ZMMTIJSEP
08:18:06 [INFO] core.sap_client — phase2_ready — txtGV_HU confirmed
08:18:10 [INFO] core.sap_client — hu_phase2_ok hu=2972642137 duration_ms=8144 phase2_wait=3.5
08:18:10 [INFO] core.queue_model — pallet_boundary single_hu pallet=3 accumulated=[1, 2, 3]
08:18:10 [WARNING] core.sap_client — phase1_wrong_screen hu=2972642146 — re-navigating
08:18:10 [INFO] core.sap_client — setup_phase1_start
08:18:14 [INFO] core.sap_client — tx_opened code=/nZMOVEINBHU current_tx=ZMOVEINBHU
08:18:14 [INFO] core.sap_client — phase1_ready — ctxtP_HU confirmed
08:18:19 [INFO] core.sap_client — hu_phase1_duplicate hu=2972642146
08:18:19 [WARNING] core.sap_client — phase2_wrong_screen hu=2972642146 — re-navigating
08:18:19 [INFO] core.sap_client — setup_phase2_start
08:18:23 [INFO] core.sap_client — tx_opened code=/nZMMTIJSEP current_tx=ZMMTIJSEP
08:18:23 [INFO] core.sap_client — phase2_ready — txtGV_HU confirmed
08:18:27 [INFO] core.sap_client — hu_phase2_ok hu=2972642146 duration_ms=8165 phase2_wait=3.5
08:18:27 [INFO] core.queue_model — pallet_boundary single_hu pallet=4 accumulated=[1, 2, 3, 4]
08:18:27 [WARNING] core.sap_client — phase1_wrong_screen hu=2972642065 — re-navigating
08:18:27 [INFO] core.sap_client — setup_phase1_start
08:18:31 [INFO] core.sap_client — tx_opened code=/nZMOVEINBHU current_tx=ZMOVEINBHU
08:18:31 [INFO] core.sap_client — phase1_ready — ctxtP_HU confirmed
08:18:36 [INFO] core.sap_client — hu_phase1_duplicate hu=2972642065
08:18:36 [WARNING] core.sap_client — phase2_wrong_screen hu=2972642065 — re-navigating
08:18:36 [INFO] core.sap_client — setup_phase2_start
08:18:40 [INFO] core.sap_client — tx_opened code=/nZMMTIJSEP current_tx=ZMMTIJSEP
08:18:40 [INFO] core.sap_client — phase2_ready — txtGV_HU confirmed
08:18:44 [INFO] core.sap_client — hu_phase2_ok hu=2972642065 duration_ms=8126 phase2_wait=3.5
08:18:44 [INFO] core.queue_model — pallet_boundary single_hu pallet=5 accumulated=[1, 2, 3, 4, 5]
08:18:44 [INFO] core.queue_model — flush_single_hu_pallets pallets=[1, 2, 3, 4, 5] hu_codes=['2972642139', '2972642138', '2972642137', '2972642146', '2972642065']
08:18:48 [INFO] core.sap_client — tx_opened code=/nSP01 current_tx=SP01
08:18:51 [INFO] core.sap_client — sp01_row_marked row=4 title=CN-CON-003_00000000002972642065_20260407150048
08:18:51 [INFO] core.sap_client — sp01_row_marked row=6 title=CN-CON-003_00000000002972642146_20260407151022
08:18:51 [INFO] core.sap_client — sp01_row_marked row=8 title=CN-CON-003_00000000002972642137_20260407150146
08:18:51 [INFO] core.sap_client — sp01_row_marked row=10 title=CN-CON-003_00000000002972642138_20260407150126
08:18:51 [INFO] core.sap_client — sp01_row_marked row=12 title=CN-CON-003_00000000002972642139_20260407150105
08:18:52 [INFO] core.print_watcher — print_watcher_started idle_timeout=12.0s
08:18:53 [INFO] core.sap_client — sp01_print_confirmed via=btn[25] marked=5
08:18:54 [INFO] core.sap_client — sp01_global_done result={'status': 'ok', 'message': 'SP01 OK — 5 spool(s) impreso(s)', 'marked': 5}
08:18:54 [INFO] core.queue_model — waiting_for_print_watcher...
08:18:54 [INFO] core.print_watcher — method1_BM_CLICK ok_hwnd=3543728
08:18:54 [INFO] core.print_watcher — confirm_success method=BM_CLICK hwnd=1249538
08:18:54 [INFO] core.print_watcher — print_dialog_confirmed count=1
08:18:55 [INFO] core.print_watcher — method1_BM_CLICK ok_hwnd=6950936
08:18:55 [INFO] core.print_watcher — confirm_success method=BM_CLICK hwnd=921672
08:18:55 [INFO] core.print_watcher — print_dialog_confirmed count=2
08:18:56 [INFO] core.print_watcher — method1_BM_CLICK ok_hwnd=1839106
08:18:56 [INFO] core.print_watcher — confirm_success method=BM_CLICK hwnd=4198918
08:18:56 [INFO] core.print_watcher — print_dialog_confirmed count=3
08:18:58 [INFO] core.print_watcher — method1_BM_CLICK ok_hwnd=7082008
08:18:58 [INFO] core.print_watcher — confirm_success method=BM_CLICK hwnd=4656322
08:18:58 [INFO] core.print_watcher — print_dialog_confirmed count=4
08:18:59 [INFO] core.print_watcher — method1_BM_CLICK ok_hwnd=3805872
08:18:59 [INFO] core.print_watcher — confirm_success method=BM_CLICK hwnd=4721858
08:18:59 [INFO] core.print_watcher — print_dialog_confirmed count=5
08:19:11 [INFO] core.print_watcher — print_watcher_idle_timeout confirmed=5
08:19:11 [INFO] core.print_watcher — print_watcher_stopped confirmed=5
08:19:11 [INFO] core.queue_model — print_watcher_finished confirmed=5
08:19:11 [INFO] core.queue_model — sp01_flush_result={'status': 'ok', 'message': 'SP01 OK — 5 spool(s) impreso(s)', 'marked': 5} print_dialogs_confirmed=5
08:19:11 [INFO] core.queue_model — queue_worker_stopped
08:19:11 [INFO] core.queue_model — queue_worker_stop_requested
08:23:13 [INFO] core.queue_model — new_pallet id=1
08:28:43 [INFO] core.queue_model — new_pallet id=1
08:32:32 [INFO] core.queue_model — new_pallet id=1
08:33:06 [INFO] core.queue_model — new_pallet id=1
08:33:19 [INFO] core.queue_model — new_pallet id=1
08:46:04 [INFO] core.queue_model — new_pallet id=1
08:46:30 [INFO] core.queue_model — new_pallet id=1
08:48:39 [INFO] core.queue_model — new_pallet id=1
08:48:48 [INFO] core.queue_model — hu_added hu=T10045836694 pallet=1 origin=CNA
08:48:51 [INFO] core.queue_model — queue_worker_started dynamic_print_mode
08:48:51 [INFO] core.sap_client — sap_connected system=LUP user=LOPEZHJC
08:48:51 [INFO] core.queue_model — queue_worker_sap_connected
08:48:51 [INFO] core.sap_client — setup_phase1_start
08:48:56 [INFO] core.sap_client — tx_opened code=/nZMOVEINBHU current_tx=ZMOVEINBHU
08:48:56 [INFO] core.sap_client — phase1_ready — ctxtP_HU confirmed
08:48:58 [INFO] core.sap_client — hu_phase1_duplicate hu=T10045836694
08:48:58 [INFO] core.sap_client — setup_phase2_start
08:49:03 [INFO] core.sap_client — tx_opened code=/nZMMTIJSEP current_tx=ZMMTIJSEP
08:49:03 [INFO] core.sap_client — phase2_ready — txtGV_HU confirmed
08:49:04 [INFO] core.sap_client — hu_phase2_ok hu=T10045836694 duration_ms=1439 phase2_wait=1.0
08:49:04 [INFO] core.queue_model — pallet_boundary single_hu pallet=1 accumulated=[1]
08:49:04 [INFO] core.queue_model — flush_single_hu_pallets pallets=[1] hu_codes=['T10045836694']
08:49:09 [INFO] core.sap_client — tx_opened code=/nSP01 current_tx=SP01
08:49:11 [INFO] core.sap_client — sp01_row_marked row=4 title=CN-CON-003_T10045836694_20260407112046
08:49:13 [INFO] core.print_watcher — print_watcher_started idle_timeout=12.0s
08:49:13 [INFO] core.sap_client — sp01_print_confirmed via=btn[13] marked=1
08:49:14 [INFO] core.sap_client — sp01_global_done result={'status': 'ok', 'message': 'SP01 OK — 1 spool(s) impreso(s)', 'marked': 1}
08:49:14 [INFO] core.queue_model — waiting_for_print_watcher...
08:49:15 [INFO] core.print_watcher — method1_BM_CLICK ok_hwnd=1903408
08:49:15 [INFO] core.print_watcher — confirm_success method=BM_CLICK hwnd=1114364
08:49:15 [INFO] core.print_watcher — print_dialog_confirmed count=1
08:49:27 [INFO] core.print_watcher — print_watcher_idle_timeout confirmed=1
08:49:27 [INFO] core.print_watcher — print_watcher_stopped confirmed=1
08:49:27 [INFO] core.queue_model — print_watcher_finished confirmed=1
08:49:27 [INFO] core.queue_model — sp01_flush_result={'status': 'ok', 'message': 'SP01 OK — 1 spool(s) impreso(s)', 'marked': 1} print_dialogs_confirmed=1
08:49:27 [INFO] core.queue_model — queue_worker_stopped
08:49:27 [INFO] core.queue_model — queue_worker_stop_requested
08:49:33 [INFO] core.queue_model — reprocess_all — reiniciados 1 HUs
08:49:43 [INFO] core.queue_model — queue_worker_started dynamic_print_mode
08:49:43 [INFO] core.sap_client — sap_connected system=LUP user=LOPEZHJC
08:49:43 [INFO] core.queue_model — queue_worker_sap_connected
08:49:55 [INFO] core.queue_model — queue_worker_stop_requested
08:49:55 [INFO] core.queue_model — queue_worker_stopped
08:49:58 [INFO] core.queue_model — reprocess_all — reiniciados 0 HUs
08:49:59 [INFO] core.queue_model — queue_worker_started dynamic_print_mode
08:50:00 [INFO] core.sap_client — sap_connected system=LUP user=LOPEZHJC
08:50:00 [INFO] core.queue_model — queue_worker_sap_connected
08:50:04 [INFO] core.queue_model — queue_worker_stop_requested
08:50:05 [INFO] core.queue_model — queue_worker_stopped
08:50:36 [INFO] core.queue_model — queue_worker_started dynamic_print_mode
08:50:36 [INFO] core.sap_client — sap_connected system=LUP user=LOPEZHJC
08:50:36 [INFO] core.queue_model — queue_worker_sap_connected
08:52:21 [INFO] core.queue_model — new_pallet id=1
08:52:26 [INFO] core.queue_model — hu_added hu=T10045836694 pallet=1 origin=CNA
08:52:28 [INFO] core.queue_model — queue_worker_started dynamic_print_mode
08:52:29 [INFO] core.sap_client — sap_connected system=LUP user=LOPEZHJC
08:52:29 [INFO] core.queue_model — queue_worker_sap_connected
08:52:29 [INFO] core.sap_client — setup_phase1_start
08:52:33 [INFO] core.sap_client — tx_opened code=/nZMOVEINBHU current_tx=ZMOVEINBHU
08:52:33 [INFO] core.sap_client — phase1_ready — ctxtP_HU confirmed
08:52:35 [INFO] core.sap_client — hu_phase1_duplicate hu=T10045836694
08:52:35 [INFO] core.sap_client — setup_phase2_start
08:52:39 [INFO] core.sap_client — tx_opened code=/nZMMTIJSEP current_tx=ZMMTIJSEP
08:52:39 [INFO] core.sap_client — phase2_ready — txtGV_HU confirmed
08:52:41 [INFO] core.sap_client — hu_phase2_ok hu=T10045836694 duration_ms=1399 phase2_wait=1.0
08:52:41 [INFO] core.queue_model — pallet_boundary single_hu pallet=1 accumulated=[1]
08:52:41 [INFO] core.queue_model — flush_single_hu_pallets pallets=[1] hu_codes=['T10045836694']
08:52:45 [INFO] core.sap_client — tx_opened code=/nSP01 current_tx=SP01
08:52:48 [INFO] core.sap_client — sp01_row_marked row=4 title=CN-CON-003_T10045836694_20260407112046
08:52:49 [INFO] core.print_watcher — print_watcher_started idle_timeout=12.0s
08:52:50 [INFO] core.sap_client — sp01_print_confirmed via=btn[13] marked=1
08:52:51 [INFO] core.sap_client — sp01_global_done result={'status': 'ok', 'message': 'SP01 OK — 1 spool(s) impreso(s)', 'marked': 1}
08:52:51 [INFO] core.queue_model — waiting_for_print_watcher...
08:52:51 [INFO] core.print_watcher — method1_BM_CLICK ok_hwnd=724164
08:52:51 [INFO] core.print_watcher — confirm_success method=BM_CLICK hwnd=6230676
08:52:51 [INFO] core.print_watcher — print_dialog_confirmed count=1
08:53:03 [INFO] core.print_watcher — print_watcher_idle_timeout confirmed=1
08:53:03 [INFO] core.print_watcher — print_watcher_stopped confirmed=1
08:53:03 [INFO] core.queue_model — print_watcher_finished confirmed=1
08:53:03 [INFO] core.queue_model — sp01_flush_result={'status': 'ok', 'message': 'SP01 OK — 1 spool(s) impreso(s)', 'marked': 1} print_dialogs_confirmed=1
08:53:03 [INFO] core.queue_model — queue_worker_stopped
08:53:03 [INFO] core.queue_model — queue_worker_stop_requested
08:53:09 [INFO] core.queue_model — reprocess_all — reiniciados 1 HUs
08:56:45 [INFO] core.queue_model — new_pallet id=1
08:56:50 [INFO] core.queue_model — hu_added hu=T10045836694 pallet=1 origin=CNA
08:56:52 [INFO] core.queue_model — queue_worker_started dynamic_print_mode
08:56:53 [INFO] core.sap_client — sap_connected system=LUP user=LOPEZHJC
08:56:53 [INFO] core.queue_model — queue_worker_sap_connected
08:56:53 [INFO] core.sap_client — setup_phase1_start
08:56:57 [INFO] core.sap_client — tx_opened code=/nZMOVEINBHU current_tx=ZMOVEINBHU
08:56:57 [INFO] core.sap_client — phase1_ready — ctxtP_HU confirmed
08:56:59 [INFO] core.sap_client — hu_phase1_duplicate hu=T10045836694
08:56:59 [INFO] core.sap_client — setup_phase2_start
08:57:03 [INFO] core.sap_client — tx_opened code=/nZMMTIJSEP current_tx=ZMMTIJSEP
08:57:03 [INFO] core.sap_client — phase2_ready — txtGV_HU confirmed
08:57:05 [INFO] core.sap_client — hu_phase2_ok hu=T10045836694 duration_ms=1406 phase2_wait=1.0
08:57:05 [INFO] core.queue_model — pallet_boundary single_hu pallet=1 accumulated=[1]
08:57:05 [INFO] core.queue_model — flush_single_hu_pallets pallets=[1] hu_codes=['T10045836694']
08:57:09 [INFO] core.sap_client — tx_opened code=/nSP01 current_tx=SP01
08:57:12 [INFO] core.sap_client — sp01_row_marked row=4 title=CN-CON-003_T10045836694_20260407112046
08:57:13 [INFO] core.print_watcher — print_watcher_started idle_timeout=12.0s
08:57:14 [INFO] core.sap_client — sp01_print_confirmed via=btn[13] marked=1
08:57:15 [INFO] core.sap_client — sp01_global_done result={'status': 'ok', 'message': 'SP01 OK — 1 spool(s) impreso(s)', 'marked': 1}
08:57:15 [INFO] core.queue_model — waiting_for_print_watcher...
08:57:15 [INFO] core.print_watcher — method1_BM_CLICK ok_hwnd=458926
08:57:15 [INFO] core.print_watcher — confirm_success method=BM_CLICK hwnd=8654752
08:57:15 [INFO] core.print_watcher — print_dialog_confirmed count=1
08:57:27 [INFO] core.print_watcher — print_watcher_idle_timeout confirmed=1
08:57:27 [INFO] core.print_watcher — print_watcher_stopped confirmed=1
08:57:27 [INFO] core.queue_model — print_watcher_finished confirmed=1
08:57:27 [INFO] core.queue_model — sp01_flush_result={'status': 'ok', 'message': 'SP01 OK — 1 spool(s) impreso(s)', 'marked': 1} print_dialogs_confirmed=1
08:57:27 [INFO] core.queue_model — queue_worker_stopped
08:57:27 [INFO] core.queue_model — queue_worker_stop_requested
08:57:33 [INFO] core.queue_model — reprocess_all — reiniciados 1 HUs y tiempos de pallet
08:57:37 [INFO] core.queue_model — queue_worker_started dynamic_print_mode
08:57:37 [INFO] core.sap_client — sap_connected system=LUP user=LOPEZHJC
08:57:37 [INFO] core.queue_model — queue_worker_sap_connected
08:57:43 [INFO] core.queue_model — queue_worker_stop_requested
08:57:43 [INFO] core.queue_model — queue_worker_stopped
08:57:48 [INFO] core.queue_model — reprocess_all — reiniciados 0 HUs y tiempos de pallet
08:58:21 [INFO] core.queue_model — reprocess_all — reiniciados 0 HUs y tiempos de pallet
08:58:25 [WARNING] core.queue_model — hu_duplicate_scan hu=T10045836694
08:58:27 [WARNING] core.queue_model — hu_duplicate_scan hu=T10045836694
08:58:29 [INFO] core.queue_model — queue_worker_started dynamic_print_mode
08:58:29 [INFO] core.sap_client — sap_connected system=LUP user=LOPEZHJC
08:58:29 [INFO] core.queue_model — queue_worker_sap_connected
08:58:42 [WARNING] core.queue_model — hu_duplicate_scan hu=T10045836694
08:58:50 [INFO] core.queue_model — hu_added hu=00000000002972642146 pallet=2 origin=UNK
08:58:50 [INFO] core.sap_client — setup_phase1_start
08:58:55 [INFO] core.sap_client — tx_opened code=/nZMOVEINBHU current_tx=ZMOVEINBHU
08:58:55 [INFO] core.sap_client — phase1_ready — ctxtP_HU confirmed
08:58:57 [INFO] core.sap_client — hu_phase1_duplicate hu=00000000002972642146
08:58:57 [INFO] core.sap_client — setup_phase2_start
08:59:02 [INFO] core.sap_client — tx_opened code=/nZMMTIJSEP current_tx=ZMMTIJSEP
08:59:02 [INFO] core.sap_client — phase2_ready — txtGV_HU confirmed
08:59:04 [INFO] core.sap_client — hu_phase2_ok hu=00000000002972642146 duration_ms=2352 phase2_wait=2.0
08:59:04 [INFO] core.queue_model — pallet_boundary single_hu pallet=2 accumulated=[2]
08:59:04 [INFO] core.queue_model — flush_single_hu_pallets pallets=[2] hu_codes=['00000000002972642146']
08:59:08 [INFO] core.sap_client — tx_opened code=/nSP01 current_tx=SP01
08:59:11 [INFO] core.sap_client — sp01_row_marked row=4 title=CN-CON-003_00000000002972642146_20260407151022
08:59:13 [INFO] core.print_watcher — print_watcher_started idle_timeout=12.0s
08:59:13 [INFO] core.sap_client — sp01_print_confirmed via=btn[13] marked=1
08:59:14 [INFO] core.print_watcher — method1_BM_CLICK ok_hwnd=1445100
08:59:14 [INFO] core.sap_client — sp01_global_done result={'status': 'ok', 'message': 'SP01 OK — 1 spool(s) impreso(s)', 'marked': 1}
08:59:14 [INFO] core.queue_model — waiting_for_print_watcher...
08:59:14 [INFO] core.print_watcher — confirm_success method=BM_CLICK hwnd=16189952
08:59:14 [INFO] core.print_watcher — print_dialog_confirmed count=1
08:59:26 [INFO] core.print_watcher — print_watcher_idle_timeout confirmed=1
08:59:26 [INFO] core.print_watcher — print_watcher_stopped confirmed=1
08:59:26 [INFO] core.queue_model — print_watcher_finished confirmed=1
08:59:26 [INFO] core.queue_model — sp01_flush_result={'status': 'ok', 'message': 'SP01 OK — 1 spool(s) impreso(s)', 'marked': 1} print_dialogs_confirmed=1
08:59:26 [INFO] core.queue_model — queue_worker_stopped
08:59:26 [INFO] core.queue_model — queue_worker_stop_requested
09:01:35 [INFO] core.queue_model — new_pallet id=1
09:01:37 [INFO] core.queue_model — hu_added hu=T10045836694 pallet=1 origin=CNA
09:01:38 [INFO] core.queue_model — queue_worker_started dynamic_print_mode
09:01:38 [INFO] core.sap_client — sap_connected system=LUP user=LOPEZHJC
09:01:38 [INFO] core.queue_model — queue_worker_sap_connected
09:01:38 [INFO] core.sap_client — setup_phase1_start
09:01:43 [INFO] core.sap_client — tx_opened code=/nZMOVEINBHU current_tx=ZMOVEINBHU
09:01:43 [INFO] core.sap_client — phase1_ready — ctxtP_HU confirmed
09:01:45 [INFO] core.sap_client — hu_phase1_duplicate hu=T10045836694
09:01:45 [INFO] core.sap_client — setup_phase2_start
09:01:49 [INFO] core.sap_client — tx_opened code=/nZMMTIJSEP current_tx=ZMMTIJSEP
09:01:49 [INFO] core.sap_client — phase2_ready — txtGV_HU confirmed
09:01:51 [INFO] core.sap_client — hu_phase2_ok hu=T10045836694 duration_ms=1379 phase2_wait=1.0
09:01:51 [INFO] core.queue_model — pallet_boundary single_hu pallet=1 accumulated=[1]
09:01:51 [INFO] core.queue_model — flush_single_hu_pallets pallets=[1] hu_codes=['T10045836694']
09:01:55 [INFO] core.sap_client — tx_opened code=/nSP01 current_tx=SP01
09:01:58 [INFO] core.sap_client — sp01_row_marked row=4 title=CN-CON-003_T10045836694_20260407112046
09:01:59 [INFO] core.print_watcher — print_watcher_started idle_timeout=12.0s
09:02:00 [INFO] core.sap_client — sp01_print_confirmed via=btn[13] marked=1
09:02:01 [INFO] core.sap_client — sp01_global_done result={'status': 'ok', 'message': 'SP01 OK — 1 spool(s) impreso(s)', 'marked': 1}
09:02:01 [INFO] core.queue_model — waiting_for_print_watcher...
09:02:01 [INFO] core.print_watcher — method1_BM_CLICK ok_hwnd=461098
09:02:01 [INFO] core.print_watcher — confirm_success method=BM_CLICK hwnd=4787202
09:02:01 [INFO] core.print_watcher — print_dialog_confirmed count=1
09:02:13 [INFO] core.print_watcher — print_watcher_idle_timeout confirmed=1
09:02:13 [INFO] core.print_watcher — print_watcher_stopped confirmed=1
09:02:13 [INFO] core.queue_model — print_watcher_finished confirmed=1
09:02:13 [INFO] core.queue_model — sp01_flush_result={'status': 'ok', 'message': 'SP01 OK — 1 spool(s) impreso(s)', 'marked': 1} print_dialogs_confirmed=1
09:02:13 [INFO] core.queue_model — queue_worker_stopped
09:02:13 [INFO] core.queue_model — queue_worker_stop_requested
09:02:17 [INFO] core.queue_model — reprocess_all — reiniciados 1 HUs, relenados en cola
09:02:20 [INFO] core.queue_model — queue_worker_started dynamic_print_mode
09:02:20 [INFO] core.sap_client — sap_connected system=LUP user=LOPEZHJC
09:02:20 [INFO] core.queue_model — queue_worker_sap_connected
09:02:20 [INFO] core.sap_client — setup_phase1_start
09:02:24 [INFO] core.sap_client — tx_opened code=/nZMOVEINBHU current_tx=ZMOVEINBHU
09:02:24 [INFO] core.sap_client — phase1_ready — ctxtP_HU confirmed
09:02:26 [INFO] core.sap_client — hu_phase1_duplicate hu=T10045836694
09:02:26 [INFO] core.sap_client — setup_phase2_start
09:02:30 [INFO] core.sap_client — tx_opened code=/nZMMTIJSEP current_tx=ZMMTIJSEP
09:02:30 [INFO] core.sap_client — phase2_ready — txtGV_HU confirmed
09:02:31 [INFO] core.sap_client — hu_phase2_ok hu=T10045836694 duration_ms=1370 phase2_wait=1.0
09:02:31 [INFO] core.queue_model — pallet_boundary single_hu pallet=1 accumulated=[1]
09:02:31 [INFO] core.queue_model — flush_single_hu_pallets pallets=[1] hu_codes=['T10045836694']
09:02:36 [INFO] core.sap_client — tx_opened code=/nSP01 current_tx=SP01
09:02:37 [INFO] core.queue_model — hu_added hu=00000000002972642146 pallet=2 origin=UNK
09:02:39 [INFO] core.sap_client — sp01_row_marked row=4 title=CN-CON-003_T10045836694_20260407112046
09:02:40 [INFO] core.print_watcher — print_watcher_started idle_timeout=12.0s
09:02:40 [INFO] core.sap_client — sp01_print_confirmed via=btn[13] marked=1
09:02:41 [INFO] core.sap_client — sp01_global_done result={'status': 'ok', 'message': 'SP01 OK — 1 spool(s) impreso(s)', 'marked': 1}
09:02:41 [INFO] core.queue_model — waiting_for_print_watcher...
09:02:42 [INFO] core.print_watcher — method1_BM_CLICK ok_hwnd=7211834
09:02:42 [INFO] core.print_watcher — confirm_success method=BM_CLICK hwnd=3216952
09:02:42 [INFO] core.print_watcher — print_dialog_confirmed count=1
09:02:54 [INFO] core.print_watcher — print_watcher_idle_timeout confirmed=1
09:02:54 [INFO] core.print_watcher — print_watcher_stopped confirmed=1
09:02:54 [INFO] core.queue_model — print_watcher_finished confirmed=1
09:02:54 [INFO] core.queue_model — sp01_flush_result={'status': 'ok', 'message': 'SP01 OK — 1 spool(s) impreso(s)', 'marked': 1} print_dialogs_confirmed=1
09:02:54 [INFO] core.queue_model — queue_worker_stopped
09:02:54 [INFO] core.queue_model — queue_worker_stop_requested
09:02:57 [INFO] core.queue_model — queue_worker_started dynamic_print_mode
09:02:58 [INFO] core.sap_client — sap_connected system=LUP user=LOPEZHJC
09:02:58 [INFO] core.queue_model — queue_worker_sap_connected
09:02:58 [INFO] core.sap_client — setup_phase1_start
09:03:02 [INFO] core.sap_client — tx_opened code=/nZMOVEINBHU current_tx=ZMOVEINBHU
09:03:02 [INFO] core.sap_client — phase1_ready — ctxtP_HU confirmed
09:03:05 [INFO] core.sap_client — hu_phase1_duplicate hu=00000000002972642146
09:03:05 [INFO] core.sap_client — setup_phase2_start
09:03:06 [INFO] core.queue_model — queue_worker_stop_requested
09:03:09 [INFO] core.sap_client — tx_opened code=/nZMMTIJSEP current_tx=ZMMTIJSEP
09:03:09 [INFO] core.sap_client — phase2_ready — txtGV_HU confirmed
09:03:11 [INFO] core.queue_model — new_pallet id=1
09:03:12 [INFO] core.sap_client — hu_phase2_ok hu=00000000002972642146 duration_ms=2405 phase2_wait=2.0
09:03:12 [INFO] core.queue_model — pallet_boundary single_hu pallet=2 accumulated=[2]
09:03:12 [INFO] core.queue_model — flush_single_hu_pallets pallets=[2] hu_codes=[]
09:03:16 [INFO] core.sap_client — tx_opened code=/nSP01 current_tx=SP01
09:03:19 [INFO] core.sap_client — sp01_row_marked row=4 title=CN-CON-003_00000000002972642146_20260407151022
09:03:21 [INFO] core.print_watcher — print_watcher_started idle_timeout=12.0s
09:03:21 [INFO] core.sap_client — sp01_print_confirmed via=btn[13] marked=1
09:03:22 [INFO] core.sap_client — sp01_global_done result={'status': 'ok', 'message': 'SP01 OK — 1 spool(s) impreso(s)', 'marked': 1}
09:03:22 [INFO] core.queue_model — waiting_for_print_watcher...
09:03:23 [INFO] core.print_watcher — method1_BM_CLICK ok_hwnd=4133022
09:03:23 [INFO] core.print_watcher — confirm_success method=BM_CLICK hwnd=7277370
09:03:23 [INFO] core.print_watcher — print_dialog_confirmed count=1
09:03:35 [INFO] core.print_watcher — print_watcher_idle_timeout confirmed=1
09:03:35 [INFO] core.print_watcher — print_watcher_stopped confirmed=1
09:03:35 [INFO] core.queue_model — print_watcher_finished confirmed=1
09:03:35 [INFO] core.queue_model — sp01_flush_result={'status': 'ok', 'message': 'SP01 OK — 1 spool(s) impreso(s)', 'marked': 1} print_dialogs_confirmed=1
09:03:35 [INFO] core.queue_model — queue_worker_stopped
09:03:35 [INFO] core.queue_model — queue_worker_stop_requested
09:05:16 [INFO] core.queue_model — new_pallet id=1
09:05:22 [INFO] core.queue_model — hu_added hu=T10045836694 pallet=1 origin=CNA
09:05:24 [INFO] core.queue_model — queue_worker_started dynamic_print_mode
09:05:24 [INFO] core.sap_client — sap_connected system=LUP user=LOPEZHJC
09:05:24 [INFO] core.queue_model — queue_worker_sap_connected
09:05:24 [INFO] core.sap_client — setup_phase1_start
09:05:29 [INFO] core.sap_client — tx_opened code=/nZMOVEINBHU current_tx=ZMOVEINBHU
09:05:29 [INFO] core.sap_client — phase1_ready — ctxtP_HU confirmed
09:05:31 [INFO] core.sap_client — hu_phase1_duplicate hu=T10045836694
09:05:31 [INFO] core.sap_client — setup_phase2_start
09:05:35 [INFO] core.sap_client — tx_opened code=/nZMMTIJSEP current_tx=ZMMTIJSEP
09:05:35 [INFO] core.sap_client — phase2_ready — txtGV_HU confirmed
09:05:37 [INFO] core.sap_client — hu_phase2_ok hu=T10045836694 duration_ms=2336 phase2_wait=1.0
09:05:37 [INFO] core.queue_model — pallet_boundary single_hu pallet=1 accumulated=[1]
09:05:37 [INFO] core.queue_model — flush_single_hu_pallets pallets=[1] hu_codes=['T10045836694']
09:05:42 [INFO] core.sap_client — tx_opened code=/nSP01 current_tx=SP01
09:05:44 [INFO] core.sap_client — sp01_row_marked row=4 title=CN-CON-003_T10045836694_20260407112046
09:05:46 [INFO] core.print_watcher — print_watcher_started idle_timeout=12.0s
09:05:46 [INFO] core.sap_client — sp01_print_confirmed via=btn[13] marked=1
09:05:47 [INFO] core.sap_client — sp01_global_done result={'status': 'ok', 'message': 'SP01 OK — 1 spool(s) impreso(s)', 'marked': 1}
09:05:47 [INFO] core.queue_model — waiting_for_print_watcher...
09:05:48 [INFO] core.print_watcher — method1_BM_CLICK ok_hwnd=920874
09:05:48 [INFO] core.print_watcher — confirm_success method=BM_CLICK hwnd=854778
09:05:48 [INFO] core.print_watcher — print_dialog_confirmed count=1
09:06:00 [INFO] core.print_watcher — print_watcher_idle_timeout confirmed=1
09:06:00 [INFO] core.print_watcher — print_watcher_stopped confirmed=1
09:06:00 [INFO] core.queue_model — print_watcher_finished confirmed=1
09:06:00 [INFO] core.queue_model — sp01_flush_result={'status': 'ok', 'message': 'SP01 OK — 1 spool(s) impreso(s)', 'marked': 1} print_dialogs_confirmed=1
09:06:00 [INFO] core.queue_model — queue_worker_stopped
09:06:00 [INFO] core.queue_model — queue_worker_stop_requested
09:06:21 [INFO] core.queue_model — reprocess_all — reiniciados 1 HUs, relenados en cola
09:06:24 [INFO] core.queue_model — queue_worker_started dynamic_print_mode
09:06:24 [INFO] core.sap_client — sap_connected system=LUP user=LOPEZHJC
09:06:24 [INFO] core.queue_model — queue_worker_sap_connected
09:06:24 [INFO] core.sap_client — setup_phase2_start
09:06:29 [INFO] core.sap_client — tx_opened code=/nZMMTIJSEP current_tx=ZMMTIJSEP
09:06:29 [INFO] core.sap_client — phase2_ready — txtGV_HU confirmed
09:06:30 [INFO] core.sap_client — hu_phase2_ok hu=T10045836694 duration_ms=1360 phase2_wait=1.0
09:06:30 [INFO] core.queue_model — pallet_boundary single_hu pallet=1 accumulated=[1]
09:06:30 [INFO] core.queue_model — flush_single_hu_pallets pallets=[1] hu_codes=['T10045836694']
09:06:34 [INFO] core.sap_client — tx_opened code=/nSP01 current_tx=SP01
09:06:38 [INFO] core.sap_client — sp01_row_marked row=4 title=CN-CON-003_T10045836694_20260407112046
09:06:39 [INFO] core.print_watcher — print_watcher_started idle_timeout=12.0s
09:06:39 [INFO] core.sap_client — sp01_print_confirmed via=btn[13] marked=1
09:06:40 [INFO] core.sap_client — sp01_global_done result={'status': 'ok', 'message': 'SP01 OK — 1 spool(s) impreso(s)', 'marked': 1}
09:06:40 [INFO] core.queue_model — waiting_for_print_watcher...
09:06:41 [INFO] core.print_watcher — method1_BM_CLICK ok_hwnd=788776
09:06:41 [INFO] core.print_watcher — confirm_success method=BM_CLICK hwnd=3476734
09:06:41 [INFO] core.print_watcher — print_dialog_confirmed count=1
09:06:53 [INFO] core.print_watcher — print_watcher_idle_timeout confirmed=1
09:06:53 [INFO] core.print_watcher — print_watcher_stopped confirmed=1
09:06:53 [INFO] core.queue_model — print_watcher_finished confirmed=1
09:06:53 [INFO] core.queue_model — sp01_flush_result={'status': 'ok', 'message': 'SP01 OK — 1 spool(s) impreso(s)', 'marked': 1} print_dialogs_confirmed=1
09:06:53 [INFO] core.queue_model — queue_worker_stopped
09:06:53 [INFO] core.queue_model — queue_worker_stop_requested
10:38:01 [INFO] core.queue_model — new_pallet id=1
10:53:17 [INFO] core.queue_model — new_pallet id=1
11:27:56 [INFO] core.queue_model — hu_added hu=2972642579 pallet=1 origin=ITA
11:27:57 [INFO] core.queue_model — hu_added hu=2972642585 pallet=2 origin=ITA
11:27:58 [INFO] core.queue_model — hu_added hu=2972642567 pallet=3 origin=ITA
11:28:00 [INFO] core.queue_model — hu_added hu=2972642272 pallet=4 origin=ITA
11:28:02 [INFO] core.queue_model — hu_added hu=2972642564 pallet=5 origin=ITA
11:28:03 [INFO] core.queue_model — hu_added hu=2972642568 pallet=6 origin=ITA
11:28:05 [INFO] core.queue_model — hu_added hu=2972642580 pallet=7 origin=ITA
11:28:08 [INFO] core.queue_model — hu_added hu=2972642308 pallet=8 origin=ITA
11:28:12 [INFO] core.queue_model — hu_added hu=2972642582 pallet=9 origin=ITA
11:28:13 [INFO] core.queue_model — hu_added hu=2972642271 pallet=10 origin=ITA
11:28:14 [INFO] core.queue_model — hu_added hu=2972642584 pallet=11 origin=ITA
11:28:16 [INFO] core.queue_model — hu_added hu=2972642583 pallet=12 origin=ITA
11:28:51 [INFO] core.queue_model — hu_added hu=2972642327 pallet=13 origin=ITA
11:28:54 [INFO] core.queue_model — hu_added hu=2972642551 pallet=14 origin=ITA
11:30:21 [INFO] core.queue_model — hu_added hu=TH0000268200 pallet=15 origin=THA
11:30:22 [INFO] core.queue_model — new_pallet id=16
11:30:27 [INFO] core.queue_model — hu_added hu=th0000268883 pallet=16 origin=THA
11:30:32 [INFO] core.queue_model — new_pallet id=17
11:30:33 [INFO] core.queue_model — hu_added hu=TH0000268267 pallet=17 origin=THA
11:30:37 [INFO] core.queue_model — new_pallet id=18
11:30:41 [INFO] core.queue_model — hu_added hu=T10045844701 pallet=18 origin=CNA
11:30:42 [INFO] core.queue_model — new_pallet id=19
11:30:45 [INFO] core.queue_model — hu_added hu=TH0000268230 pallet=19 origin=THA
11:30:46 [INFO] core.queue_model — new_pallet id=20
11:30:48 [INFO] core.queue_model — hu_added hu=T10045783431 pallet=20 origin=CNA
11:30:50 [INFO] core.queue_model — new_pallet id=21
11:30:55 [WARNING] core.queue_model — hu_duplicate_scan hu=T10045783431
11:31:02 [INFO] core.queue_model — hu_added hu=TH0000268308 pallet=21 origin=THA
11:31:28 [INFO] core.queue_model — new_pallet id=22
11:31:32 [INFO] core.queue_model — hu_added hu=th0000268231 pallet=22 origin=THA
11:31:36 [INFO] core.queue_model — queue_worker_started dynamic_print_mode
11:31:36 [INFO] core.sap_client — sap_connected system=LUP user=LOPEZHJC
11:31:36 [INFO] core.queue_model — queue_worker_sap_connected
11:31:36 [INFO] core.sap_client — setup_phase1_start
11:31:40 [INFO] core.sap_client — tx_opened code=/nZMOVEINBHU current_tx=ZMOVEINBHU
11:31:40 [INFO] core.sap_client — phase1_ready — ctxtP_HU confirmed
11:31:50 [INFO] core.sap_client — hu_phase1_ok hu=2972642579 msg='Packaging data was saved. Material document 7574872676 was created'
11:31:50 [INFO] core.sap_client — setup_phase2_start
11:31:55 [INFO] core.sap_client — tx_opened code=/nZMMTIJSEP current_tx=ZMMTIJSEP
11:31:55 [INFO] core.sap_client — phase2_ready — txtGV_HU confirmed
11:31:59 [INFO] core.sap_client — hu_phase2_ok hu=2972642579 duration_ms=4498 phase2_wait=3.5
11:31:59 [INFO] core.queue_model — pallet_boundary single_hu pallet=1 accumulated=[1]
11:31:59 [INFO] core.sap_client — setup_phase1_start
11:32:04 [INFO] core.sap_client — tx_opened code=/nZMOVEINBHU current_tx=ZMOVEINBHU
11:32:04 [INFO] core.sap_client — phase1_ready — ctxtP_HU confirmed
11:32:14 [INFO] core.sap_client — hu_phase1_ok hu=2972642585 msg='Packaging data was saved. Material document 7574873140 was created'
11:32:14 [WARNING] core.sap_client — phase2_wrong_screen hu=2972642585 — re-navigating
11:32:14 [INFO] core.sap_client — setup_phase2_start
11:32:18 [INFO] core.sap_client — tx_opened code=/nZMMTIJSEP current_tx=ZMMTIJSEP
11:32:18 [INFO] core.sap_client — phase2_ready — txtGV_HU confirmed
11:32:22 [INFO] core.sap_client — hu_phase2_ok hu=2972642585 duration_ms=8916 phase2_wait=3.5
11:32:22 [INFO] core.queue_model — pallet_boundary single_hu pallet=2 accumulated=[1, 2]
11:32:22 [WARNING] core.sap_client — phase1_wrong_screen hu=2972642567 — re-navigating
11:32:22 [INFO] core.sap_client — setup_phase1_start
11:32:27 [INFO] core.sap_client — tx_opened code=/nZMOVEINBHU current_tx=ZMOVEINBHU
11:32:27 [INFO] core.sap_client — phase1_ready — ctxtP_HU confirmed
11:32:38 [INFO] core.sap_client — hu_phase1_ok hu=2972642567 msg='Packaging data was saved. Material document 7574873196 was created'
11:32:38 [WARNING] core.sap_client — phase2_wrong_screen hu=2972642567 — re-navigating
11:32:38 [INFO] core.sap_client — setup_phase2_start
11:32:42 [INFO] core.sap_client — tx_opened code=/nZMMTIJSEP current_tx=ZMMTIJSEP
11:32:42 [INFO] core.sap_client — phase2_ready — txtGV_HU confirmed
11:32:48 [INFO] core.sap_client — hu_phase2_ok hu=2972642567 duration_ms=10020 phase2_wait=3.5
11:32:48 [INFO] core.queue_model — pallet_boundary single_hu pallet=3 accumulated=[1, 2, 3]
11:32:48 [WARNING] core.sap_client — phase1_wrong_screen hu=2972642272 — re-navigating
11:32:48 [INFO] core.sap_client — setup_phase1_start
11:32:52 [INFO] core.sap_client — tx_opened code=/nZMOVEINBHU current_tx=ZMOVEINBHU
11:32:52 [INFO] core.sap_client — phase1_ready — ctxtP_HU confirmed
11:33:04 [INFO] core.sap_client — hu_phase1_ok hu=2972642272 msg='Packaging data was saved. Material document 7574873960 was created'
11:33:04 [WARNING] core.sap_client — phase2_wrong_screen hu=2972642272 — re-navigating
11:33:04 [INFO] core.sap_client — setup_phase2_start
11:33:08 [INFO] core.sap_client — tx_opened code=/nZMMTIJSEP current_tx=ZMMTIJSEP
11:33:08 [INFO] core.sap_client — phase2_ready — txtGV_HU confirmed
11:33:13 [INFO] core.sap_client — hu_phase2_ok hu=2972642272 duration_ms=9119 phase2_wait=3.5
11:33:13 [INFO] core.queue_model — pallet_boundary single_hu pallet=4 accumulated=[1, 2, 3, 4]
11:33:13 [WARNING] core.sap_client — phase1_wrong_screen hu=2972642564 — re-navigating
11:33:13 [INFO] core.sap_client — setup_phase1_start
11:33:17 [INFO] core.sap_client — tx_opened code=/nZMOVEINBHU current_tx=ZMOVEINBHU
11:33:17 [INFO] core.sap_client — phase1_ready — ctxtP_HU confirmed
11:33:30 [INFO] core.sap_client — hu_phase1_ok hu=2972642564 msg='Packaging data was saved. Material document 7574874024 was created'
11:33:30 [WARNING] core.sap_client — phase2_wrong_screen hu=2972642564 — re-navigating
11:33:30 [INFO] core.sap_client — setup_phase2_start
11:33:34 [INFO] core.sap_client — tx_opened code=/nZMMTIJSEP current_tx=ZMMTIJSEP
11:33:34 [INFO] core.sap_client — phase2_ready — txtGV_HU confirmed
11:33:39 [INFO] core.sap_client — hu_phase2_ok hu=2972642564 duration_ms=8944 phase2_wait=3.5
11:33:39 [INFO] core.queue_model — pallet_boundary single_hu pallet=5 accumulated=[1, 2, 3, 4, 5]
11:33:39 [WARNING] core.sap_client — phase1_wrong_screen hu=2972642568 — re-navigating
11:33:39 [INFO] core.sap_client — setup_phase1_start
11:33:43 [INFO] core.sap_client — tx_opened code=/nZMOVEINBHU current_tx=ZMOVEINBHU
11:33:43 [INFO] core.sap_client — phase1_ready — ctxtP_HU confirmed
11:34:00 [INFO] core.sap_client — hu_phase1_ok hu=2972642568 msg='Packaging data was saved. Material document 7574875003 was created'
11:34:00 [WARNING] core.sap_client — phase2_wrong_screen hu=2972642568 — re-navigating
11:34:00 [INFO] core.sap_client — setup_phase2_start
11:34:04 [INFO] core.sap_client — tx_opened code=/nZMMTIJSEP current_tx=ZMMTIJSEP
11:34:04 [INFO] core.sap_client — phase2_ready — txtGV_HU confirmed
11:34:09 [INFO] core.sap_client — hu_phase2_ok hu=2972642568 duration_ms=9159 phase2_wait=3.5
11:34:09 [INFO] core.queue_model — pallet_boundary single_hu pallet=6 accumulated=[1, 2, 3, 4, 5, 6]
11:34:09 [WARNING] core.sap_client — phase1_wrong_screen hu=2972642580 — re-navigating
11:34:09 [INFO] core.sap_client — setup_phase1_start
11:34:14 [INFO] core.sap_client — tx_opened code=/nZMOVEINBHU current_tx=ZMOVEINBHU
11:34:14 [INFO] core.sap_client — phase1_ready — ctxtP_HU confirmed
11:34:26 [INFO] core.sap_client — hu_phase1_ok hu=2972642580 msg='Packaging data was saved. Material document 7574876166 was created'
11:34:26 [WARNING] core.sap_client — phase2_wrong_screen hu=2972642580 — re-navigating
11:34:26 [INFO] core.sap_client — setup_phase2_start
11:34:30 [INFO] core.sap_client — tx_opened code=/nZMMTIJSEP current_tx=ZMMTIJSEP
11:34:30 [INFO] core.sap_client — phase2_ready — txtGV_HU confirmed
11:34:35 [INFO] core.sap_client — hu_phase2_ok hu=2972642580 duration_ms=8769 phase2_wait=3.5
11:34:35 [INFO] core.queue_model — pallet_boundary single_hu pallet=7 accumulated=[1, 2, 3, 4, 5, 6, 7]
11:34:35 [WARNING] core.sap_client — phase1_wrong_screen hu=2972642308 — re-navigating
11:34:35 [INFO] core.sap_client — setup_phase1_start
11:34:39 [INFO] core.sap_client — tx_opened code=/nZMOVEINBHU current_tx=ZMOVEINBHU
11:34:39 [INFO] core.sap_client — phase1_ready — ctxtP_HU confirmed
11:34:45 [INFO] core.sap_client — hu_phase1_ok hu=2972642308 msg='Packaging data was saved. Material document 7574876223 was created'
11:34:45 [WARNING] core.sap_client — phase2_wrong_screen hu=2972642308 — re-navigating
11:34:45 [INFO] core.sap_client — setup_phase2_start
11:34:49 [INFO] core.sap_client — tx_opened code=/nZMMTIJSEP current_tx=ZMMTIJSEP
11:34:49 [INFO] core.sap_client — phase2_ready — txtGV_HU confirmed
11:34:54 [INFO] core.sap_client — hu_phase2_ok hu=2972642308 duration_ms=8638 phase2_wait=3.5
11:34:54 [INFO] core.queue_model — pallet_boundary single_hu pallet=8 accumulated=[1, 2, 3, 4, 5, 6, 7, 8]
11:34:54 [WARNING] core.sap_client — phase1_wrong_screen hu=2972642582 — re-navigating
11:34:54 [INFO] core.sap_client — setup_phase1_start
11:34:58 [INFO] core.sap_client — tx_opened code=/nZMOVEINBHU current_tx=ZMOVEINBHU
11:34:58 [INFO] core.sap_client — phase1_ready — ctxtP_HU confirmed
11:35:05 [INFO] core.sap_client — hu_phase1_ok hu=2972642582 msg='Packaging data was saved. Material document 7574877079 was created'
11:35:05 [WARNING] core.sap_client — phase2_wrong_screen hu=2972642582 — re-navigating
11:35:05 [INFO] core.sap_client — setup_phase2_start
11:35:09 [INFO] core.sap_client — tx_opened code=/nZMMTIJSEP current_tx=ZMMTIJSEP
11:35:09 [INFO] core.sap_client — phase2_ready — txtGV_HU confirmed
11:35:13 [INFO] core.sap_client — hu_phase2_ok hu=2972642582 duration_ms=8908 phase2_wait=3.5
11:35:13 [INFO] core.queue_model — pallet_boundary single_hu pallet=9 accumulated=[1, 2, 3, 4, 5, 6, 7, 8, 9]
11:35:13 [WARNING] core.sap_client — phase1_wrong_screen hu=2972642271 — re-navigating
11:35:13 [INFO] core.sap_client — setup_phase1_start
11:35:18 [INFO] core.sap_client — tx_opened code=/nZMOVEINBHU current_tx=ZMOVEINBHU
11:35:18 [INFO] core.sap_client — phase1_ready — ctxtP_HU confirmed
11:35:29 [INFO] core.sap_client — hu_phase1_ok hu=2972642271 msg='Packaging data was saved. Material document 7574878042 was created'
11:35:29 [WARNING] core.sap_client — phase2_wrong_screen hu=2972642271 — re-navigating
11:35:29 [INFO] core.sap_client — setup_phase2_start
11:35:34 [INFO] core.sap_client — tx_opened code=/nZMMTIJSEP current_tx=ZMMTIJSEP
11:35:34 [INFO] core.sap_client — phase2_ready — txtGV_HU confirmed
11:35:38 [INFO] core.sap_client — hu_phase2_ok hu=2972642271 duration_ms=8985 phase2_wait=3.5
11:35:38 [INFO] core.queue_model — pallet_boundary single_hu pallet=10 accumulated=[1, 2, 3, 4, 5, 6, 7, 8, 9, 10]
11:35:38 [WARNING] core.sap_client — phase1_wrong_screen hu=2972642584 — re-navigating
11:35:38 [INFO] core.sap_client — setup_phase1_start
11:35:43 [INFO] core.sap_client — tx_opened code=/nZMOVEINBHU current_tx=ZMOVEINBHU
11:35:43 [INFO] core.sap_client — phase1_ready — ctxtP_HU confirmed
11:35:51 [INFO] core.sap_client — hu_phase1_ok hu=2972642584 msg='Packaging data was saved. Material document 7574878334 was created'
11:35:51 [WARNING] core.sap_client — phase2_wrong_screen hu=2972642584 — re-navigating
11:35:51 [INFO] core.sap_client — setup_phase2_start
11:35:55 [INFO] core.sap_client — tx_opened code=/nZMMTIJSEP current_tx=ZMMTIJSEP
11:35:55 [INFO] core.sap_client — phase2_ready — txtGV_HU confirmed
11:36:00 [INFO] core.sap_client — hu_phase2_ok hu=2972642584 duration_ms=9003 phase2_wait=3.5
11:36:00 [INFO] core.queue_model — pallet_boundary single_hu pallet=11 accumulated=[1, 2, 3, 4, 5, 6, 7, 8, 9, 10, 11]
11:36:00 [WARNING] core.sap_client — phase1_wrong_screen hu=2972642583 — re-navigating
11:36:00 [INFO] core.sap_client — setup_phase1_start
11:36:04 [INFO] core.sap_client — tx_opened code=/nZMOVEINBHU current_tx=ZMOVEINBHU
11:36:04 [INFO] core.sap_client — phase1_ready — ctxtP_HU confirmed
11:36:13 [INFO] core.sap_client — hu_phase1_ok hu=2972642583 msg='Packaging data was saved. Material document 7574878399 was created'
11:36:13 [WARNING] core.sap_client — phase2_wrong_screen hu=2972642583 — re-navigating
11:36:13 [INFO] core.sap_client — setup_phase2_start
11:36:17 [INFO] core.sap_client — tx_opened code=/nZMMTIJSEP current_tx=ZMMTIJSEP
11:36:17 [INFO] core.sap_client — phase2_ready — txtGV_HU confirmed
11:36:22 [INFO] core.sap_client — hu_phase2_ok hu=2972642583 duration_ms=8708 phase2_wait=3.5
11:36:22 [INFO] core.queue_model — pallet_boundary single_hu pallet=12 accumulated=[1, 2, 3, 4, 5, 6, 7, 8, 9, 10, 11, 12]
11:36:22 [WARNING] core.sap_client — phase1_wrong_screen hu=2972642327 — re-navigating
11:36:22 [INFO] core.sap_client — setup_phase1_start
11:36:26 [INFO] core.sap_client — tx_opened code=/nZMOVEINBHU current_tx=ZMOVEINBHU
11:36:26 [INFO] core.sap_client — phase1_ready — ctxtP_HU confirmed
11:36:34 [INFO] core.sap_client — hu_phase1_ok hu=2972642327 msg='Packaging data was saved. Material document 7574878419 was created'
11:36:34 [WARNING] core.sap_client — phase2_wrong_screen hu=2972642327 — re-navigating
11:36:34 [INFO] core.sap_client — setup_phase2_start
11:36:39 [INFO] core.sap_client — tx_opened code=/nZMMTIJSEP current_tx=ZMMTIJSEP
11:36:39 [INFO] core.sap_client — phase2_ready — txtGV_HU confirmed
11:36:43 [INFO] core.sap_client — hu_phase2_ok hu=2972642327 duration_ms=8742 phase2_wait=3.5
11:36:43 [INFO] core.queue_model — pallet_boundary single_hu pallet=13 accumulated=[1, 2, 3, 4, 5, 6, 7, 8, 9, 10, 11, 12, 13]
11:36:43 [WARNING] core.sap_client — phase1_wrong_screen hu=2972642551 — re-navigating
11:36:43 [INFO] core.sap_client — setup_phase1_start
11:36:47 [INFO] core.sap_client — tx_opened code=/nZMOVEINBHU current_tx=ZMOVEINBHU
11:36:47 [INFO] core.sap_client — phase1_ready — ctxtP_HU confirmed
11:37:02 [INFO] core.sap_client — hu_phase1_ok hu=2972642551 msg='Packaging data was saved. Material document 7574879342 was created'
11:37:02 [WARNING] core.sap_client — phase2_wrong_screen hu=2972642551 — re-navigating
11:37:02 [INFO] core.sap_client — setup_phase2_start
11:37:06 [INFO] core.sap_client — tx_opened code=/nZMMTIJSEP current_tx=ZMMTIJSEP
11:37:06 [INFO] core.sap_client — phase2_ready — txtGV_HU confirmed
11:37:11 [INFO] core.sap_client — hu_phase2_ok hu=2972642551 duration_ms=9144 phase2_wait=3.5
11:37:11 [INFO] core.queue_model — pallet_boundary single_hu pallet=14 accumulated=[1, 2, 3, 4, 5, 6, 7, 8, 9, 10, 11, 12, 13, 14]
11:37:11 [WARNING] core.sap_client — phase1_wrong_screen hu=TH0000268200 — re-navigating
11:37:11 [INFO] core.sap_client — setup_phase1_start
11:37:15 [INFO] core.sap_client — tx_opened code=/nZMOVEINBHU current_tx=ZMOVEINBHU
11:37:15 [INFO] core.sap_client — phase1_ready — ctxtP_HU confirmed
11:37:17 [INFO] core.sap_client — hu_phase1_duplicate hu=TH0000268200
11:37:17 [WARNING] core.sap_client — phase2_wrong_screen hu=TH0000268200 — re-navigating
11:37:17 [INFO] core.sap_client — setup_phase2_start
11:37:21 [INFO] core.sap_client — tx_opened code=/nZMMTIJSEP current_tx=ZMMTIJSEP
11:37:21 [INFO] core.sap_client — phase2_ready — txtGV_HU confirmed
11:37:23 [INFO] core.sap_client — hu_phase2_ok hu=TH0000268200 duration_ms=5857 phase2_wait=1.0
11:37:23 [INFO] core.queue_model — pallet_boundary single_hu pallet=15 accumulated=[1, 2, 3, 4, 5, 6, 7, 8, 9, 10, 11, 12, 13, 14, 15]
11:37:23 [WARNING] core.sap_client — phase1_wrong_screen hu=th0000268883 — re-navigating
11:37:23 [INFO] core.sap_client — setup_phase1_start
11:37:27 [INFO] core.sap_client — tx_opened code=/nZMOVEINBHU current_tx=ZMOVEINBHU
11:37:27 [INFO] core.sap_client — phase1_ready — ctxtP_HU confirmed
11:37:29 [INFO] core.sap_client — hu_phase1_duplicate hu=th0000268883
11:37:29 [WARNING] core.sap_client — phase2_wrong_screen hu=th0000268883 — re-navigating
11:37:29 [INFO] core.sap_client — setup_phase2_start
11:37:33 [INFO] core.sap_client — tx_opened code=/nZMMTIJSEP current_tx=ZMMTIJSEP
11:37:33 [INFO] core.sap_client — phase2_ready — txtGV_HU confirmed
11:37:35 [INFO] core.sap_client — hu_phase2_ok hu=th0000268883 duration_ms=5920 phase2_wait=1.0
11:37:35 [INFO] core.queue_model — pallet_boundary single_hu pallet=16 accumulated=[1, 2, 3, 4, 5, 6, 7, 8, 9, 10, 11, 12, 13, 14, 15, 16]
11:37:35 [WARNING] core.sap_client — phase1_wrong_screen hu=TH0000268267 — re-navigating
11:37:35 [INFO] core.sap_client — setup_phase1_start
11:37:39 [INFO] core.sap_client — tx_opened code=/nZMOVEINBHU current_tx=ZMOVEINBHU
11:37:39 [INFO] core.sap_client — phase1_ready — ctxtP_HU confirmed
11:37:41 [INFO] core.sap_client — hu_phase1_duplicate hu=TH0000268267
11:37:41 [WARNING] core.sap_client — phase2_wrong_screen hu=TH0000268267 — re-navigating
11:37:41 [INFO] core.sap_client — setup_phase2_start
11:37:46 [INFO] core.sap_client — tx_opened code=/nZMMTIJSEP current_tx=ZMMTIJSEP
11:37:46 [INFO] core.sap_client — phase2_ready — txtGV_HU confirmed
11:37:47 [INFO] core.sap_client — hu_phase2_ok hu=TH0000268267 duration_ms=6017 phase2_wait=1.0
11:37:47 [INFO] core.queue_model — pallet_boundary single_hu pallet=17 accumulated=[1, 2, 3, 4, 5, 6, 7, 8, 9, 10, 11, 12, 13, 14, 15, 16, 17]
11:37:47 [WARNING] core.sap_client — phase1_wrong_screen hu=T10045844701 — re-navigating
11:37:47 [INFO] core.sap_client — setup_phase1_start
11:37:52 [INFO] core.sap_client — tx_opened code=/nZMOVEINBHU current_tx=ZMOVEINBHU
11:37:52 [INFO] core.sap_client — phase1_ready — ctxtP_HU confirmed
11:37:53 [INFO] core.sap_client — hu_phase1_duplicate hu=T10045844701
11:37:53 [WARNING] core.sap_client — phase2_wrong_screen hu=T10045844701 — re-navigating
11:37:53 [INFO] core.sap_client — setup_phase2_start
11:37:58 [INFO] core.sap_client — tx_opened code=/nZMMTIJSEP current_tx=ZMMTIJSEP
11:37:58 [INFO] core.sap_client — phase2_ready — txtGV_HU confirmed
11:37:59 [INFO] core.sap_client — hu_phase2_ok hu=T10045844701 duration_ms=5878 phase2_wait=1.0
11:37:59 [INFO] core.queue_model — pallet_boundary single_hu pallet=18 accumulated=[1, 2, 3, 4, 5, 6, 7, 8, 9, 10, 11, 12, 13, 14, 15, 16, 17, 18]
11:37:59 [WARNING] core.sap_client — phase1_wrong_screen hu=TH0000268230 — re-navigating
11:37:59 [INFO] core.sap_client — setup_phase1_start
11:38:04 [INFO] core.sap_client — tx_opened code=/nZMOVEINBHU current_tx=ZMOVEINBHU
11:38:04 [INFO] core.sap_client — phase1_ready — ctxtP_HU confirmed
11:38:06 [INFO] core.sap_client — hu_phase1_duplicate hu=TH0000268230
11:38:06 [WARNING] core.sap_client — phase2_wrong_screen hu=TH0000268230 — re-navigating
11:38:06 [INFO] core.sap_client — setup_phase2_start
11:38:10 [INFO] core.sap_client — tx_opened code=/nZMMTIJSEP current_tx=ZMMTIJSEP
11:38:10 [INFO] core.sap_client — phase2_ready — txtGV_HU confirmed
11:38:12 [INFO] core.sap_client — hu_phase2_ok hu=TH0000268230 duration_ms=5851 phase2_wait=1.0
11:38:12 [INFO] core.queue_model — pallet_boundary single_hu pallet=19 accumulated=[1, 2, 3, 4, 5, 6, 7, 8, 9, 10, 11, 12, 13, 14, 15, 16, 17, 18, 19]
11:38:12 [WARNING] core.sap_client — phase1_wrong_screen hu=T10045783431 — re-navigating
11:38:12 [INFO] core.sap_client — setup_phase1_start
11:38:16 [INFO] core.sap_client — tx_opened code=/nZMOVEINBHU current_tx=ZMOVEINBHU
11:38:16 [INFO] core.sap_client — phase1_ready — ctxtP_HU confirmed
11:38:18 [INFO] core.sap_client — hu_phase1_duplicate hu=T10045783431
11:38:18 [WARNING] core.sap_client — phase2_wrong_screen hu=T10045783431 — re-navigating
11:38:18 [INFO] core.sap_client — setup_phase2_start
11:38:23 [INFO] core.sap_client — tx_opened code=/nZMMTIJSEP current_tx=ZMMTIJSEP
11:38:23 [INFO] core.sap_client — phase2_ready — txtGV_HU confirmed
11:38:24 [INFO] core.sap_client — hu_phase2_ok hu=T10045783431 duration_ms=5881 phase2_wait=1.0
11:38:24 [INFO] core.queue_model — pallet_boundary single_hu pallet=20 accumulated=[1, 2, 3, 4, 5, 6, 7, 8, 9, 10, 11, 12, 13, 14, 15, 16, 17, 18, 19, 20]
11:38:24 [WARNING] core.sap_client — phase1_wrong_screen hu=TH0000268308 — re-navigating
11:38:24 [INFO] core.sap_client — setup_phase1_start
11:38:28 [INFO] core.sap_client — tx_opened code=/nZMOVEINBHU current_tx=ZMOVEINBHU
11:38:28 [INFO] core.sap_client — phase1_ready — ctxtP_HU confirmed
11:38:30 [INFO] core.sap_client — hu_phase1_duplicate hu=TH0000268308
11:38:30 [WARNING] core.sap_client — phase2_wrong_screen hu=TH0000268308 — re-navigating
11:38:30 [INFO] core.sap_client — setup_phase2_start
11:38:35 [INFO] core.sap_client — tx_opened code=/nZMMTIJSEP current_tx=ZMMTIJSEP
11:38:35 [INFO] core.sap_client — phase2_ready — txtGV_HU confirmed
11:38:36 [INFO] core.sap_client — hu_phase2_ok hu=TH0000268308 duration_ms=5756 phase2_wait=1.0
11:38:36 [INFO] core.queue_model — pallet_boundary single_hu pallet=21 accumulated=[1, 2, 3, 4, 5, 6, 7, 8, 9, 10, 11, 12, 13, 14, 15, 16, 17, 18, 19, 20, 21]
11:38:36 [WARNING] core.sap_client — phase1_wrong_screen hu=th0000268231 — re-navigating
11:38:36 [INFO] core.sap_client — setup_phase1_start
11:38:40 [INFO] core.sap_client — tx_opened code=/nZMOVEINBHU current_tx=ZMOVEINBHU
11:38:40 [INFO] core.sap_client — phase1_ready — ctxtP_HU confirmed
11:38:42 [INFO] core.sap_client — hu_phase1_duplicate hu=th0000268231
11:38:42 [WARNING] core.sap_client — phase2_wrong_screen hu=th0000268231 — re-navigating
11:38:42 [INFO] core.sap_client — setup_phase2_start
11:38:47 [INFO] core.sap_client — tx_opened code=/nZMMTIJSEP current_tx=ZMMTIJSEP
11:38:47 [INFO] core.sap_client — phase2_ready — txtGV_HU confirmed
11:38:49 [INFO] core.sap_client — hu_phase2_ok hu=th0000268231 duration_ms=6074 phase2_wait=1.0
11:38:49 [INFO] core.queue_model — pallet_boundary single_hu pallet=22 accumulated=[1, 2, 3, 4, 5, 6, 7, 8, 9, 10, 11, 12, 13, 14, 15, 16, 17, 18, 19, 20, 21, 22]
11:38:49 [INFO] core.queue_model — flush_single_hu_pallets pallets=[1, 2, 3, 4, 5, 6, 7, 8, 9, 10, 11, 12, 13, 14, 15, 16, 17, 18, 19, 20, 21, 22] hu_codes=['2972642579', '2972642585', '2972642567', '2972642272', '2972642564', '2972642568', '2972642580', '2972642308', '2972642582', '2972642271', '2972642584', '2972642583', '2972642327', '2972642551', 'TH0000268200', 'th0000268883', 'TH0000268267', 'T10045844701', 'TH0000268230', 'T10045783431', 'TH0000268308', 'th0000268231']
11:38:53 [INFO] core.sap_client — tx_opened code=/nSP01 current_tx=SP01
11:38:56 [INFO] core.sap_client — sp01_row_marked row=4 title=CN-CON-003_TH0000268231_20260305002816
11:38:56 [INFO] core.sap_client — sp01_row_marked row=6 title=CN-CON-003_TH0000268308_20260305195511
11:38:56 [INFO] core.sap_client — sp01_row_marked row=8 title=CN-CON-003_T10045783431_20260305014010
11:38:56 [INFO] core.sap_client — sp01_row_marked row=10 title=CN-CON-003_TH0000268230_20260305002255
11:38:56 [INFO] core.sap_client — sp01_row_marked row=12 title=CN-CON-003_00000000002972642551_20260407183707
11:38:56 [INFO] core.sap_client — sp01_row_marked row=14 title=CN-CON-003_T10045844701_20260305000441
11:38:56 [INFO] core.sap_client — sp01_row_marked row=16 title=CN-CON-003_TH0000268267_20260305002242
11:38:56 [INFO] core.sap_client — sp01_row_marked row=18 title=CN-CON-003_TH0000268883_20260305002503
11:38:56 [INFO] core.sap_client — sp01_row_marked row=20 title=CN-CON-003_TH0000268200_20260305002245
11:38:56 [INFO] core.sap_client — sp01_row_marked row=22 title=CN-CON-003_00000000002972642327_20260407183639
11:38:56 [INFO] core.sap_client — sp01_row_marked row=24 title=CN-CON-003_00000000002972642583_20260407183618
11:38:56 [INFO] core.sap_client — sp01_row_marked row=26 title=CN-CON-003_00000000002972642584_20260407183556
11:38:56 [INFO] core.sap_client — sp01_row_marked row=28 title=CN-CON-003_00000000002972642271_20260407183534
11:38:56 [INFO] core.sap_client — sp01_row_marked row=30 title=CN-CON-003_00000000002972642582_20260407183510
11:38:56 [INFO] core.sap_client — sp01_row_marked row=32 title=CN-CON-003_00000000002972642580_20260407183431
11:38:56 [INFO] core.sap_client — sp01_row_marked row=34 title=CN-CON-003_00000000002972642568_20260407183405
11:38:56 [INFO] core.sap_client — sp01_row_marked row=36 title=CN-CON-003_00000000002972642308_20260407183450
11:38:56 [INFO] core.sap_client — sp01_row_marked row=38 title=CN-CON-003_00000000002972642564_20260407183335
11:38:56 [INFO] core.sap_client — sp01_row_marked row=40 title=CN-CON-003_00000000002972642272_20260407183309
11:38:56 [INFO] core.sap_client — sp01_row_marked row=42 title=CN-CON-003_00000000002972642567_20260407183243
11:38:56 [INFO] core.sap_client — sp01_row_marked row=44 title=CN-CON-003_00000000002972642585_20260407183219
11:38:56 [INFO] core.sap_client — sp01_row_marked row=46 title=CN-CON-003_00000000002972642579_20260407183155
11:38:57 [INFO] core.print_watcher — print_watcher_started idle_timeout=12.0s
11:38:58 [INFO] core.sap_client — sp01_print_confirmed via=btn[25] marked=22
11:38:59 [INFO] core.sap_client — sp01_global_done result={'status': 'ok', 'message': 'SP01 OK — 22 spool(s) impreso(s)', 'marked': 22}
11:38:59 [INFO] core.queue_model — waiting_for_print_watcher...
11:39:00 [INFO] core.print_watcher — method1_BM_CLICK ok_hwnd=1904944
11:39:00 [INFO] core.print_watcher — confirm_success method=BM_CLICK hwnd=7410242
11:39:00 [INFO] core.print_watcher — print_dialog_confirmed count=1
11:39:01 [INFO] core.print_watcher — method1_BM_CLICK ok_hwnd=4720046
11:39:01 [INFO] core.print_watcher — confirm_success method=BM_CLICK hwnd=592110
11:39:01 [INFO] core.print_watcher — print_dialog_confirmed count=2
11:39:02 [INFO] core.print_watcher — method1_BM_CLICK ok_hwnd=1051930
11:39:03 [INFO] core.print_watcher — confirm_success method=BM_CLICK hwnd=4785582
11:39:03 [INFO] core.print_watcher — print_dialog_confirmed count=3
11:39:04 [INFO] core.print_watcher — method1_BM_CLICK ok_hwnd=11539066
11:39:04 [INFO] core.print_watcher — confirm_success method=BM_CLICK hwnd=1247644
11:39:04 [INFO] core.print_watcher — print_dialog_confirmed count=4
11:39:05 [INFO] core.print_watcher — method1_BM_CLICK ok_hwnd=1183002
11:39:05 [INFO] core.print_watcher — confirm_success method=BM_CLICK hwnd=790882
11:39:05 [INFO] core.print_watcher — print_dialog_confirmed count=5
11:39:06 [INFO] core.print_watcher — method1_BM_CLICK ok_hwnd=11670138
11:39:07 [INFO] core.print_watcher — confirm_success method=BM_CLICK hwnd=6949782
11:39:07 [INFO] core.print_watcher — print_dialog_confirmed count=6
11:39:08 [INFO] core.print_watcher — method1_BM_CLICK ok_hwnd=1314074
11:39:08 [INFO] core.print_watcher — confirm_success method=BM_CLICK hwnd=7737440
11:39:08 [INFO] core.print_watcher — print_dialog_confirmed count=7
11:39:09 [INFO] core.print_watcher — method1_BM_CLICK ok_hwnd=10816988
11:39:09 [INFO] core.print_watcher — confirm_success method=BM_CLICK hwnd=1575324
11:39:09 [INFO] core.print_watcher — print_dialog_confirmed count=8
11:39:10 [INFO] core.print_watcher — method1_BM_CLICK ok_hwnd=1641730
11:39:11 [INFO] core.print_watcher — confirm_success method=BM_CLICK hwnd=3803284
11:39:11 [INFO] core.print_watcher — print_dialog_confirmed count=9
11:39:12 [INFO] core.print_watcher — method1_BM_CLICK ok_hwnd=1315170
11:39:12 [INFO] core.print_watcher — confirm_success method=BM_CLICK hwnd=1510682
11:39:12 [INFO] core.print_watcher — print_dialog_confirmed count=10
11:39:13 [INFO] core.print_watcher — method1_BM_CLICK ok_hwnd=2166616
11:39:13 [INFO] core.print_watcher — confirm_success method=BM_CLICK hwnd=2559284
11:39:13 [INFO] core.print_watcher — print_dialog_confirmed count=11
11:39:14 [INFO] core.print_watcher — method1_BM_CLICK ok_hwnd=1640908
11:39:14 [INFO] core.print_watcher — confirm_success method=BM_CLICK hwnd=7214130
11:39:14 [INFO] core.print_watcher — print_dialog_confirmed count=12
11:39:16 [INFO] core.print_watcher — method1_BM_CLICK ok_hwnd=2297688
11:39:16 [INFO] core.print_watcher — confirm_success method=BM_CLICK hwnd=315100444
11:39:16 [INFO] core.print_watcher — print_dialog_confirmed count=13
11:39:18 [INFO] core.print_watcher — method1_BM_CLICK ok_hwnd=1771980
11:39:18 [INFO] core.print_watcher — confirm_success method=BM_CLICK hwnd=2425582
11:39:18 [INFO] core.print_watcher — print_dialog_confirmed count=14
11:39:19 [INFO] core.print_watcher — method1_BM_CLICK ok_hwnd=2428760
11:39:19 [INFO] core.print_watcher — confirm_success method=BM_CLICK hwnd=4525012
11:39:19 [INFO] core.print_watcher — print_dialog_confirmed count=15
11:39:20 [INFO] core.print_watcher — method1_BM_CLICK ok_hwnd=2691718
11:39:21 [INFO] core.print_watcher — confirm_success method=BM_CLICK hwnd=4130942
11:39:21 [INFO] core.print_watcher — print_dialog_confirmed count=16
11:39:22 [INFO] core.print_watcher — method1_BM_CLICK ok_hwnd=7278136
11:39:22 [INFO] core.print_watcher — confirm_success method=BM_CLICK hwnd=8393388
11:39:22 [INFO] core.print_watcher — print_dialog_confirmed count=17
11:39:23 [INFO] core.print_watcher — method1_BM_CLICK ok_hwnd=6754048
11:39:23 [INFO] core.print_watcher — confirm_success method=BM_CLICK hwnd=2362138
11:39:23 [INFO] core.print_watcher — print_dialog_confirmed count=18
11:39:25 [INFO] core.print_watcher — method1_BM_CLICK ok_hwnd=4852692
11:39:25 [INFO] core.print_watcher — confirm_success method=BM_CLICK hwnd=2888326
11:39:25 [INFO] core.print_watcher — print_dialog_confirmed count=19
11:39:26 [INFO] core.print_watcher — method1_BM_CLICK ok_hwnd=6885120
11:39:26 [INFO] core.print_watcher — confirm_success method=BM_CLICK hwnd=6295358
11:39:26 [INFO] core.print_watcher — print_dialog_confirmed count=20
11:39:27 [INFO] core.print_watcher — method1_BM_CLICK ok_hwnd=4983764
11:39:27 [INFO] core.print_watcher — confirm_success method=BM_CLICK hwnd=3214270
11:39:27 [INFO] core.print_watcher — print_dialog_confirmed count=21
11:39:28 [INFO] core.print_watcher — method1_BM_CLICK ok_hwnd=7016192
11:39:29 [INFO] core.print_watcher — confirm_success method=BM_CLICK hwnd=2755354
11:39:29 [INFO] core.print_watcher — print_dialog_confirmed count=22
11:39:41 [INFO] core.print_watcher — print_watcher_idle_timeout confirmed=22
11:39:41 [INFO] core.print_watcher — print_watcher_stopped confirmed=22
11:39:41 [INFO] core.queue_model — print_watcher_finished confirmed=22
11:39:41 [INFO] core.queue_model — sp01_flush_result={'status': 'ok', 'message': 'SP01 OK — 22 spool(s) impreso(s)', 'marked': 22} print_dialogs_confirmed=22
11:39:41 [INFO] core.queue_model — queue_worker_stop_requested
11:39:41 [INFO] core.queue_model — queue_worker_stopped
11:40:47 [INFO] core.queue_model — hu_added hu=2972642290 pallet=23 origin=ITA
11:40:51 [INFO] core.queue_model — queue_worker_started dynamic_print_mode
11:40:51 [INFO] core.sap_client — sap_connected system=LUP user=LOPEZHJC
11:40:51 [INFO] core.queue_model — queue_worker_sap_connected
11:40:51 [INFO] core.sap_client — setup_phase1_start
11:40:55 [INFO] core.sap_client — tx_opened code=/nZMOVEINBHU current_tx=ZMOVEINBHU
11:40:55 [INFO] core.sap_client — phase1_ready — ctxtP_HU confirmed
11:41:05 [INFO] core.sap_client — hu_phase1_ok hu=2972642290 msg='Packaging data was saved. Material document 7574883140 was created'
11:41:05 [INFO] core.sap_client — setup_phase2_start
11:41:10 [INFO] core.sap_client — tx_opened code=/nZMMTIJSEP current_tx=ZMMTIJSEP
11:41:10 [INFO] core.sap_client — phase2_ready — txtGV_HU confirmed
11:41:14 [INFO] core.sap_client — hu_phase2_ok hu=2972642290 duration_ms=4421 phase2_wait=3.5
11:41:14 [INFO] core.queue_model — pallet_boundary single_hu pallet=23 accumulated=[23]
11:41:14 [INFO] core.queue_model — flush_single_hu_pallets pallets=[23] hu_codes=['2972642290']
11:41:19 [INFO] core.sap_client — tx_opened code=/nSP01 current_tx=SP01
11:41:22 [WARNING] core.sap_client — sp01_no_rows_found | filter=['2972642290'] | filas_leidas=[row=4 status='Compl.' title='CN-CON-003_TH0000268231_20260305002816' | row=6 status='Compl.' title='CN-CON-003_TH0000268308_20260305195511' | row=8 status='Compl.' title='CN-CON-003_T10045783431_20260305014010' | row=10 status='Compl.' title='CN-CON-003_TH0000268230_20260305002255' | row=12 status='Compl.' title='CN-CON-003_00000000002972642551_20260407183707' | row=14 status='Compl.' title='CN-CON-003_T10045844701_20260305000441' | row=16 status='Compl.' title='CN-CON-003_TH0000268267_20260305002242' | row=18 status='Compl.' title='CN-CON-003_TH0000268883_20260305002503' | row=20 status='Compl.' title='CN-CON-003_TH0000268200_20260305002245' | row=22 status='Compl.' title='CN-CON-003_00000000002972642327_20260407183639']
11:41:22 [INFO] core.sap_client — sp01_global_done result={'status': 'error', 'message': 'No se encontraron spools pendientes', 'marked': 0}
11:41:22 [INFO] core.queue_model — waiting_for_print_watcher...
11:41:22 [INFO] core.queue_model — print_watcher_finished confirmed=22
11:41:22 [INFO] core.queue_model — sp01_flush_result={'status': 'error', 'message': 'No se encontraron spools pendientes', 'marked': 0} print_dialogs_confirmed=22
11:41:22 [INFO] core.queue_model — queue_worker_stopped
11:41:22 [INFO] core.queue_model — queue_worker_stop_requested
11:51:36 [INFO] core.queue_model — hu_added hu=2972642305 pallet=24 origin=ITA
11:51:39 [INFO] core.queue_model — queue_worker_started dynamic_print_mode
11:51:40 [INFO] core.sap_client — sap_connected system=LUP user=LOPEZHJC
11:51:40 [INFO] core.queue_model — queue_worker_sap_connected
11:51:40 [INFO] core.sap_client — setup_phase1_start
11:51:44 [INFO] core.sap_client — tx_opened code=/nZMOVEINBHU current_tx=ZMOVEINBHU
11:51:44 [INFO] core.sap_client — phase1_ready — ctxtP_HU confirmed
11:51:51 [INFO] core.sap_client — hu_phase1_ok hu=2972642305 msg='Packaging data was saved. Material document 7574895254 was created'
11:51:51 [INFO] core.sap_client — setup_phase2_start
11:51:55 [INFO] core.sap_client — tx_opened code=/nZMMTIJSEP current_tx=ZMMTIJSEP
11:51:55 [INFO] core.sap_client — phase2_ready — txtGV_HU confirmed
11:52:00 [INFO] core.sap_client — hu_phase2_ok hu=2972642305 duration_ms=4413 phase2_wait=3.5
11:52:00 [INFO] core.queue_model — pallet_boundary single_hu pallet=24 accumulated=[24]
11:52:00 [INFO] core.queue_model — flush_single_hu_pallets pallets=[24] hu_codes=['2972642305']
11:52:04 [INFO] core.sap_client — tx_opened code=/nSP01 current_tx=SP01
11:52:07 [WARNING] core.sap_client — sp01_no_rows_found | filter=['2972642305'] | filas_leidas=[row=4 status='   -' title='CN-CON-003_00000000002972642290_20260407184110' | row=6 status='Compl.' title='CN-CON-003_00000000002972642290_20260407184110' | row=8 status='Compl.' title='CN-CON-003_TH0000268231_20260305002816' | row=10 status='Compl.' title='CN-CON-003_TH0000268308_20260305195511' | row=12 status='Compl.' title='CN-CON-003_T10045783431_20260305014010' | row=14 status='Compl.' title='CN-CON-003_TH0000268230_20260305002255' | row=16 status='Compl.' title='CN-CON-003_00000000002972642551_20260407183707' | row=18 status='Compl.' title='CN-CON-003_T10045844701_20260305000441' | row=20 status='Compl.' title='CN-CON-003_TH0000268267_20260305002242' | row=22 status='Compl.' title='CN-CON-003_TH0000268883_20260305002503']
11:52:07 [INFO] core.sap_client — sp01_global_done result={'status': 'error', 'message': 'No se encontraron spools pendientes', 'marked': 0}
11:52:07 [INFO] core.queue_model — waiting_for_print_watcher...
11:52:07 [INFO] core.queue_model — print_watcher_finished confirmed=22
11:52:07 [INFO] core.queue_model — sp01_flush_result={'status': 'error', 'message': 'No se encontraron spools pendientes', 'marked': 0} print_dialogs_confirmed=22
11:52:07 [INFO] core.queue_model — queue_worker_stopped
11:52:07 [INFO] core.queue_model — queue_worker_stop_requested
11:52:23 [INFO] core.queue_model — new_pallet id=1
11:52:27 [INFO] core.queue_model — hu_added hu=2972642305 pallet=1 origin=ITA
11:52:29 [INFO] core.queue_model — queue_worker_started dynamic_print_mode
11:52:29 [INFO] core.sap_client — sap_connected system=LUP user=LOPEZHJC
11:52:29 [INFO] core.queue_model — queue_worker_sap_connected
11:52:29 [INFO] core.sap_client — setup_phase1_start
11:52:34 [INFO] core.sap_client — tx_opened code=/nZMOVEINBHU current_tx=ZMOVEINBHU
11:52:34 [INFO] core.sap_client — phase1_ready — ctxtP_HU confirmed
11:52:39 [INFO] core.sap_client — hu_phase1_duplicate hu=2972642305
11:52:39 [INFO] core.sap_client — setup_phase2_start
11:52:43 [INFO] core.sap_client — tx_opened code=/nZMMTIJSEP current_tx=ZMMTIJSEP
11:52:43 [INFO] core.sap_client — phase2_ready — txtGV_HU confirmed
11:52:47 [INFO] core.sap_client — hu_phase2_ok hu=2972642305 duration_ms=3974 phase2_wait=3.5
11:52:47 [INFO] core.queue_model — pallet_boundary single_hu pallet=1 accumulated=[1]
11:52:47 [INFO] core.queue_model — flush_single_hu_pallets pallets=[1] hu_codes=['2972642305']
11:52:51 [INFO] core.sap_client — tx_opened code=/nSP01 current_tx=SP01
11:53:27 [INFO] core.sap_client — sp01_stopping_no_target marked=2
11:53:27 [WARNING] core.sap_client — sp01_check_failed row=4 error=Property '<unknown>.selected' can not be set.
11:53:27 [WARNING] core.sap_client — sp01_check_failed row=6 error=Property '<unknown>.selected' can not be set.
11:53:29 [INFO] core.print_watcher — print_watcher_started idle_timeout=12.0s
11:53:29 [INFO] core.sap_client — sp01_print_confirmed via=btn[25] marked=2
11:53:30 [INFO] core.sap_client — sp01_global_done result={'status': 'ok', 'message': 'SP01 OK — 2 spool(s) impreso(s)', 'marked': 2}
11:53:30 [INFO] core.queue_model — waiting_for_print_watcher...
11:53:41 [INFO] core.print_watcher — print_watcher_idle_timeout confirmed=0
11:53:41 [INFO] core.print_watcher — print_watcher_stopped confirmed=0
11:53:41 [INFO] core.queue_model — print_watcher_finished confirmed=0
11:53:41 [INFO] core.queue_model — sp01_flush_result={'status': 'ok', 'message': 'SP01 OK — 2 spool(s) impreso(s)', 'marked': 2} print_dialogs_confirmed=0
11:53:41 [INFO] core.queue_model — queue_worker_stopped
11:53:41 [INFO] core.queue_model — queue_worker_stop_requested
12:00:15 [INFO] core.queue_model — new_pallet id=1
12:00:29 [INFO] core.queue_model — hu_added hu=00000000002972642305 pallet=1 origin=UNK
12:00:31 [INFO] core.queue_model — queue_worker_started dynamic_print_mode
12:00:31 [INFO] core.sap_client — sap_connected system=LUP user=LOPEZHJC
12:00:31 [INFO] core.queue_model — queue_worker_sap_connected
12:00:31 [INFO] core.sap_client — setup_phase1_start
12:00:35 [INFO] core.sap_client — tx_opened code=/nZMOVEINBHU current_tx=ZMOVEINBHU
12:00:35 [INFO] core.sap_client — phase1_ready — ctxtP_HU confirmed
12:00:38 [INFO] core.sap_client — hu_phase1_duplicate hu=00000000002972642305
12:00:38 [INFO] core.sap_client — setup_phase2_start
12:00:42 [INFO] core.sap_client — tx_opened code=/nZMMTIJSEP current_tx=ZMMTIJSEP
12:00:42 [INFO] core.sap_client — phase2_ready — txtGV_HU confirmed
12:00:45 [INFO] core.sap_client — hu_phase2_ok hu=00000000002972642305 duration_ms=2672 phase2_wait=2.0
12:00:45 [INFO] core.queue_model — pallet_boundary single_hu pallet=1 accumulated=[1]
12:00:45 [INFO] core.queue_model — flush_single_hu_pallets pallets=[1] hu_codes=['00000000002972642305']
12:00:49 [INFO] core.sap_client — tx_opened code=/nSP01 current_tx=SP01
12:02:35 [INFO] core.sap_client — sp01_stopping_no_target marked=3
12:02:35 [WARNING] core.sap_client — sp01_check_failed row=4 error=Property '<unknown>.selected' can not be set.
12:02:35 [WARNING] core.sap_client — sp01_check_failed row=6 error=Property '<unknown>.selected' can not be set.
12:02:35 [WARNING] core.sap_client — sp01_check_failed row=8 error=Property '<unknown>.selected' can not be set.
12:02:36 [INFO] core.print_watcher — print_watcher_started idle_timeout=12.0s
12:02:37 [INFO] core.sap_client — sp01_print_confirmed via=btn[25] marked=3
12:02:38 [INFO] core.sap_client — sp01_global_done result={'status': 'ok', 'message': 'SP01 OK — 3 spool(s) impreso(s)', 'marked': 3}
12:02:38 [INFO] core.queue_model — waiting_for_print_watcher...
12:02:48 [INFO] core.print_watcher — print_watcher_idle_timeout confirmed=0
12:02:48 [INFO] core.print_watcher — print_watcher_stopped confirmed=0
12:02:48 [INFO] core.queue_model — print_watcher_finished confirmed=0
12:02:48 [INFO] core.queue_model — sp01_flush_result={'status': 'ok', 'message': 'SP01 OK — 3 spool(s) impreso(s)', 'marked': 3} print_dialogs_confirmed=0
12:02:48 [INFO] core.queue_model — queue_worker_stopped
12:02:48 [INFO] core.queue_model — queue_worker_stop_requested
12:04:45 [INFO] core.queue_model — new_pallet id=1
12:04:58 [INFO] core.queue_model — hu_added hu=2972642305 pallet=1 origin=ITA
12:04:59 [INFO] core.queue_model — queue_worker_started dynamic_print_mode
12:04:59 [INFO] core.sap_client — sap_connected system=LUP user=LOPEZHJC
12:04:59 [INFO] core.queue_model — queue_worker_sap_connected
12:04:59 [INFO] core.sap_client — setup_phase1_start
12:05:04 [INFO] core.sap_client — tx_opened code=/nZMOVEINBHU current_tx=ZMOVEINBHU
12:05:04 [INFO] core.sap_client — phase1_ready — ctxtP_HU confirmed
12:05:09 [INFO] core.sap_client — hu_phase1_duplicate hu=2972642305
12:05:09 [INFO] core.sap_client — setup_phase2_start
12:05:13 [INFO] core.sap_client — tx_opened code=/nZMMTIJSEP current_tx=ZMMTIJSEP
12:05:13 [INFO] core.sap_client — phase2_ready — txtGV_HU confirmed
12:05:17 [INFO] core.sap_client — hu_phase2_ok hu=2972642305 duration_ms=3899 phase2_wait=3.5
12:05:17 [INFO] core.queue_model — pallet_boundary single_hu pallet=1 accumulated=[1]
12:05:17 [INFO] core.queue_model — flush_single_hu_pallets pallets=[1] hu_codes=['2972642305']
12:05:21 [INFO] core.sap_client — tx_opened code=/nSP01 current_tx=SP01
12:07:04 [INFO] core.queue_model — new_pallet id=1
12:07:06 [INFO] core.queue_model — hu_added hu=2972642305 pallet=1 origin=ITA
12:07:07 [INFO] core.queue_model — queue_worker_started dynamic_print_mode
12:07:07 [INFO] core.sap_client — sap_connected system=LUP user=LOPEZHJC
12:07:07 [INFO] core.queue_model — queue_worker_sap_connected
12:07:07 [INFO] core.sap_client — setup_phase1_start
12:07:12 [INFO] core.sap_client — tx_opened code=/nZMOVEINBHU current_tx=ZMOVEINBHU
12:07:12 [INFO] core.sap_client — phase1_ready — ctxtP_HU confirmed
12:07:17 [INFO] core.sap_client — hu_phase1_duplicate hu=2972642305
12:07:17 [INFO] core.sap_client — setup_phase2_start
12:07:21 [INFO] core.sap_client — tx_opened code=/nZMMTIJSEP current_tx=ZMMTIJSEP
12:07:21 [INFO] core.sap_client — phase2_ready — txtGV_HU confirmed
12:07:25 [INFO] core.sap_client — hu_phase2_ok hu=2972642305 duration_ms=3900 phase2_wait=3.5
12:07:25 [INFO] core.queue_model — pallet_boundary single_hu pallet=1 accumulated=[1]
12:07:25 [INFO] core.queue_model — flush_single_hu_pallets pallets=[1] hu_codes=['2972642305']
12:07:29 [INFO] core.sap_client — tx_opened code=/nSP01 current_tx=SP01
12:09:24 [INFO] core.sap_client — sp01_stopping_no_target marked=5
12:09:25 [INFO] core.sap_client — sp01_row_marked row=4 title=CN-CON-003_00000000002972642305_20260407185156
12:09:25 [INFO] core.sap_client — sp01_row_marked row=6 title=CN-CON-003_00000000002972642305_20260407185156
12:09:25 [INFO] core.sap_client — sp01_row_marked row=8 title=CN-CON-003_00000000002972642305_20260407185156
12:09:25 [INFO] core.sap_client — sp01_row_marked row=10 title=CN-CON-003_00000000002972642305_20260407185156
12:09:25 [INFO] core.sap_client — sp01_row_marked row=12 title=CN-CON-003_00000000002972642305_20260407185156
12:09:27 [INFO] core.print_watcher — print_watcher_started idle_timeout=12.0s
12:09:27 [INFO] core.sap_client — sp01_print_confirmed via=btn[25] marked=5
12:09:28 [INFO] core.print_watcher — method1_BM_CLICK ok_hwnd=5442562
12:09:28 [INFO] core.print_watcher — confirm_success method=BM_CLICK hwnd=8587968
12:09:28 [INFO] core.print_watcher — print_dialog_confirmed count=1
12:09:29 [INFO] core.sap_client — sp01_global_done result={'status': 'ok', 'message': 'SP01 OK — 5 spool(s) impreso(s)', 'marked': 5}
12:09:29 [INFO] core.queue_model — waiting_for_print_watcher...
12:09:30 [INFO] core.print_watcher — method1_BM_CLICK ok_hwnd=133301498
12:09:30 [INFO] core.print_watcher — confirm_success method=BM_CLICK hwnd=8131132
12:09:30 [INFO] core.print_watcher — print_dialog_confirmed count=2
12:09:32 [INFO] core.print_watcher — method1_BM_CLICK ok_hwnd=1641604
12:09:32 [INFO] core.print_watcher — confirm_success method=BM_CLICK hwnd=4919032
12:09:32 [INFO] core.print_watcher — print_dialog_confirmed count=3
12:09:34 [INFO] core.print_watcher — method1_BM_CLICK ok_hwnd=133432570
12:09:34 [INFO] core.print_watcher — confirm_success method=BM_CLICK hwnd=9244776
12:09:34 [INFO] core.print_watcher — print_dialog_confirmed count=4
12:09:35 [INFO] core.print_watcher — method1_BM_CLICK ok_hwnd=1772676
12:09:36 [INFO] core.print_watcher — confirm_success method=BM_CLICK hwnd=16386910
12:09:36 [INFO] core.print_watcher — print_dialog_confirmed count=5
12:09:48 [INFO] core.print_watcher — print_watcher_idle_timeout confirmed=5
12:09:48 [INFO] core.print_watcher — print_watcher_stopped confirmed=5
12:09:48 [INFO] core.queue_model — print_watcher_finished confirmed=5
12:09:48 [INFO] core.queue_model — sp01_flush_result={'status': 'ok', 'message': 'SP01 OK — 5 spool(s) impreso(s)', 'marked': 5} print_dialogs_confirmed=5
12:09:48 [INFO] core.queue_model — queue_worker_stop_requested
12:09:48 [INFO] core.queue_model — queue_worker_stopped
12:13:40 [INFO] core.queue_model — new_pallet id=1
12:13:42 [INFO] core.queue_model — hu_added hu=2972642305 pallet=1 origin=ITA
12:13:43 [INFO] core.queue_model — queue_worker_started dynamic_print_mode
12:13:43 [INFO] core.sap_client — sap_connected system=LUP user=LOPEZHJC
12:13:43 [INFO] core.queue_model — queue_worker_sap_connected
12:13:43 [INFO] core.sap_client — setup_phase1_start
12:13:48 [INFO] core.sap_client — tx_opened code=/nZMOVEINBHU current_tx=ZMOVEINBHU
12:13:48 [INFO] core.sap_client — phase1_ready — ctxtP_HU confirmed
12:13:53 [INFO] core.sap_client — hu_phase1_duplicate hu=2972642305
12:13:53 [INFO] core.sap_client — setup_phase2_start
12:13:57 [INFO] core.sap_client — tx_opened code=/nZMMTIJSEP current_tx=ZMMTIJSEP
12:13:57 [INFO] core.sap_client — phase2_ready — txtGV_HU confirmed
12:14:01 [INFO] core.sap_client — hu_phase2_ok hu=2972642305 duration_ms=3877 phase2_wait=3.5
12:14:01 [INFO] core.queue_model — pallet_boundary single_hu pallet=1 accumulated=[1]
12:14:01 [INFO] core.queue_model — flush_single_hu_pallets pallets=[1] hu_codes=['2972642305']
12:14:05 [INFO] core.sap_client — tx_opened code=/nSP01 current_tx=SP01
12:14:47 [INFO] core.sap_client — sp01_scan_result attempt=0 found=6 spools → row6, row8, row10, row12, row14, row4
12:15:24 [INFO] core.sap_client — sp01_scan_result attempt=0 found=6 spools → row6, row8, row10, row12, row14, row4
12:16:01 [INFO] core.sap_client — sp01_scan_result attempt=0 found=6 spools → row6, row8, row10, row12, row14, row4
12:16:01 [INFO] core.sap_client — sp01_stopping_no_target marked=6
12:16:01 [INFO] core.sap_client — sp01_row_marked row=6 title=CN-CON-003_00000000002972642305_20260407185156
12:16:01 [INFO] core.sap_client — sp01_row_marked row=8 title=CN-CON-003_00000000002972642305_20260407185156
12:16:01 [INFO] core.sap_client — sp01_row_marked row=10 title=CN-CON-003_00000000002972642305_20260407185156
12:16:01 [INFO] core.sap_client — sp01_row_marked row=12 title=CN-CON-003_00000000002972642305_20260407185156
12:16:01 [INFO] core.sap_client — sp01_row_marked row=14 title=CN-CON-003_00000000002972642305_20260407185156
12:16:01 [INFO] core.sap_client — sp01_row_marked row=4 title=CN-CON-003_00000000002972642305_20260407185156
12:16:03 [INFO] core.print_watcher — print_watcher_started idle_timeout=12.0s
12:16:03 [INFO] core.sap_client — sp01_print_confirmed via=btn[25] marked=6
12:16:04 [INFO] core.print_watcher — method1_BM_CLICK ok_hwnd=5113260
12:16:04 [INFO] core.print_watcher — confirm_success method=BM_CLICK hwnd=8327326
12:16:04 [INFO] core.print_watcher — print_dialog_confirmed count=1
12:16:05 [INFO] core.sap_client — sp01_global_done result={'status': 'ok', 'message': 'SP01 OK — 6 spool(s) impreso(s)', 'marked': 6}
12:16:05 [INFO] core.queue_model — waiting_for_print_watcher...
12:16:06 [INFO] core.print_watcher — method1_BM_CLICK ok_hwnd=3474814
12:16:06 [INFO] core.print_watcher — confirm_success method=BM_CLICK hwnd=2031806
12:16:06 [INFO] core.print_watcher — print_dialog_confirmed count=2
12:16:07 [INFO] core.print_watcher — method1_BM_CLICK ok_hwnd=3935024
12:16:07 [INFO] core.print_watcher — confirm_success method=BM_CLICK hwnd=1838348
12:16:07 [INFO] core.print_watcher — print_dialog_confirmed count=3
12:16:08 [INFO] core.print_watcher — method1_BM_CLICK ok_hwnd=133760250
12:16:08 [INFO] core.print_watcher — confirm_success method=BM_CLICK hwnd=8523934
12:16:08 [INFO] core.print_watcher — print_dialog_confirmed count=4
12:16:10 [INFO] core.print_watcher — method1_BM_CLICK ok_hwnd=5375404
12:16:10 [INFO] core.print_watcher — confirm_success method=BM_CLICK hwnd=8589470
12:16:10 [INFO] core.print_watcher — print_dialog_confirmed count=5
12:16:11 [INFO] core.print_watcher — method1_BM_CLICK ok_hwnd=3408050
12:16:11 [INFO] core.print_watcher — confirm_success method=BM_CLICK hwnd=3082702
12:16:11 [INFO] core.print_watcher — print_dialog_confirmed count=6
12:16:23 [INFO] core.print_watcher — print_watcher_idle_timeout confirmed=6
12:16:23 [INFO] core.print_watcher — print_watcher_stopped confirmed=6
12:16:23 [INFO] core.queue_model — print_watcher_finished confirmed=6
12:16:23 [INFO] core.queue_model — sp01_flush_result={'status': 'ok', 'message': 'SP01 OK — 6 spool(s) impreso(s)', 'marked': 6} print_dialogs_confirmed=6
12:16:23 [INFO] core.queue_model — queue_worker_stopped
12:16:23 [INFO] core.queue_model — queue_worker_stop_requested
12:16:26 [WARNING] core.queue_model — hu_duplicate_scan hu=2972642305
12:16:29 [INFO] core.queue_model — reprocess_all — reiniciados 1 HUs, relenados en cola
12:16:30 [INFO] core.queue_model — queue_worker_started dynamic_print_mode
12:16:30 [INFO] core.sap_client — sap_connected system=LUP user=LOPEZHJC
12:16:30 [INFO] core.queue_model — queue_worker_sap_connected
12:16:30 [INFO] core.sap_client — setup_phase1_start
12:16:35 [INFO] core.sap_client — tx_opened code=/nZMOVEINBHU current_tx=ZMOVEINBHU
12:16:35 [INFO] core.sap_client — phase1_ready — ctxtP_HU confirmed
12:16:39 [INFO] core.sap_client — hu_phase1_duplicate hu=2972642305
12:16:40 [INFO] core.sap_client — setup_phase2_start
12:16:44 [INFO] core.sap_client — tx_opened code=/nZMMTIJSEP current_tx=ZMMTIJSEP
12:16:44 [INFO] core.sap_client — phase2_ready — txtGV_HU confirmed
12:16:48 [INFO] core.sap_client — hu_phase2_ok hu=2972642305 duration_ms=3924 phase2_wait=3.5
12:16:48 [INFO] core.queue_model — pallet_boundary single_hu pallet=1 accumulated=[1]
12:16:48 [INFO] core.queue_model — flush_single_hu_pallets pallets=[1] hu_codes=['2972642305']
12:16:52 [INFO] core.sap_client — tx_opened code=/nSP01 current_tx=SP01
12:25:30 [INFO] core.queue_model — new_pallet id=1
12:25:39 [INFO] core.queue_model — hu_added hu=2972642305 pallet=1 origin=ITA
12:25:43 [INFO] core.queue_model — queue_worker_started dynamic_print_mode
12:25:43 [INFO] core.sap_client — sap_connected system=LUP user=LOPEZHJC
12:25:43 [INFO] core.queue_model — queue_worker_sap_connected
12:25:43 [INFO] core.sap_client — setup_phase1_start
12:25:47 [INFO] core.sap_client — tx_opened code=/nZMOVEINBHU current_tx=ZMOVEINBHU
12:25:47 [INFO] core.sap_client — phase1_ready — ctxtP_HU confirmed
12:25:52 [INFO] core.sap_client — hu_phase1_duplicate hu=2972642305
12:25:52 [INFO] core.sap_client — setup_phase2_start
12:25:56 [INFO] core.sap_client — tx_opened code=/nZMMTIJSEP current_tx=ZMMTIJSEP
12:25:57 [INFO] core.sap_client — phase2_ready — txtGV_HU confirmed
12:26:00 [INFO] core.sap_client — hu_phase2_ok hu=2972642305 duration_ms=3877 phase2_wait=3.5
12:26:00 [INFO] core.queue_model — pallet_boundary single_hu pallet=1 accumulated=[1]
12:26:00 [INFO] core.queue_model — flush_single_hu_pallets pallets=[1] hu_codes=['2972642305']
12:26:05 [INFO] core.sap_client — tx_opened code=/nSP01 current_tx=SP01
12:26:07 [INFO] core.sap_client — sp01_scan start scroll_max=25
12:26:24 [INFO] core.sap_client — sp01_scan_done total_matching=1 hu_filter=['2972642305']
12:26:24 [INFO] core.sap_client — sp01_attempt=0 found=1 expected=0
12:26:24 [INFO] core.sap_client — sp01_marked scroll=0 row=4 title=CN-CON-003_00000000002972642305_20260407185156
12:26:24 [INFO] core.sap_client — sp01_mark_done total_marked=1
12:26:26 [INFO] core.print_watcher — print_watcher_started idle_timeout=12.0s
12:26:26 [INFO] core.sap_client — sp01_print_confirmed via=btn[13] marked=1
12:26:27 [INFO] core.sap_client — sp01_global_done result={'status': 'ok', 'message': 'SP01 OK — 1 spool(s) impreso(s)', 'marked': 1}
12:26:27 [INFO] core.queue_model — waiting_for_print_watcher...
12:26:27 [INFO] core.print_watcher — method1_BM_CLICK ok_hwnd=5771000
12:26:27 [INFO] core.print_watcher — confirm_success method=BM_CLICK hwnd=5640462
12:26:27 [INFO] core.print_watcher — print_dialog_confirmed count=1
12:26:39 [INFO] core.print_watcher — print_watcher_idle_timeout confirmed=1
12:26:39 [INFO] core.print_watcher — print_watcher_stopped confirmed=1
12:26:40 [INFO] core.queue_model — print_watcher_finished confirmed=1
12:26:40 [INFO] core.queue_model — sp01_flush_result={'status': 'ok', 'message': 'SP01 OK — 1 spool(s) impreso(s)', 'marked': 1} print_dialogs_confirmed=1
12:26:40 [INFO] core.queue_model — queue_worker_stopped
12:26:40 [INFO] core.queue_model — queue_worker_stop_requested
12:27:00 [INFO] core.queue_model — new_pallet id=1
12:27:33 [INFO] core.queue_model — hu_added hu=2972642317 pallet=1 origin=ITA
12:27:35 [INFO] core.queue_model — hu_added hu=2972642552 pallet=2 origin=ITA
12:27:40 [INFO] core.queue_model — hu_added hu=2972642566 pallet=3 origin=ITA
12:27:56 [INFO] core.queue_model — hu_added hu=2972642569 pallet=4 origin=ITA
12:28:14 [INFO] core.queue_model — hu_added hu=2972642555 pallet=5 origin=ITA
12:28:15 [INFO] core.queue_model — hu_added hu=2972644503 pallet=6 origin=ITA
12:28:18 [INFO] core.queue_model — hu_added hu=2972642557 pallet=7 origin=ITA
12:28:26 [INFO] core.queue_model — hu_added hu=2972642572 pallet=8 origin=ITA
12:28:33 [INFO] core.queue_model — hu_added hu=2972642137 pallet=9 origin=ITA
12:28:47 [INFO] core.queue_model — hu_added hu=2972642138 pallet=10 origin=ITA
12:28:50 [INFO] core.queue_model — hu_added hu=2972642139 pallet=11 origin=ITA
12:28:55 [INFO] core.queue_model — hu_added hu=2972642146 pallet=12 origin=ITA
12:28:58 [INFO] core.queue_model — hu_added hu=2972642065 pallet=13 origin=ITA
12:29:02 [INFO] core.queue_model — hu_added hu=2972642081 pallet=14 origin=ITA
12:29:12 [INFO] core.queue_model — hu_added hu=2972642290 pallet=15 origin=ITA
12:29:13 [INFO] core.queue_model — hu_added hu=2972642305 pallet=16 origin=ITA
12:29:15 [INFO] core.queue_model — hu_added hu=2972642327 pallet=17 origin=ITA
12:29:24 [INFO] core.queue_model — hu_added hu=2972642272 pallet=18 origin=ITA
12:29:26 [INFO] core.queue_model — hu_added hu=2972642564 pallet=19 origin=ITA
12:29:27 [INFO] core.queue_model — hu_added hu=2972642568 pallet=20 origin=ITA
12:29:29 [INFO] core.queue_model — hu_added hu=2972642580 pallet=21 origin=ITA
12:29:30 [INFO] core.queue_model — hu_added hu=2972642308 pallet=22 origin=ITA
12:29:35 [INFO] core.queue_model — hu_added hu=2972642582 pallet=23 origin=ITA
12:29:37 [INFO] core.queue_model — hu_added hu=2972642271 pallet=24 origin=ITA
12:29:38 [INFO] core.queue_model — hu_added hu=2972642584 pallet=25 origin=ITA
12:29:39 [INFO] core.queue_model — hu_added hu=2972642583 pallet=26 origin=ITA
12:29:51 [INFO] core.queue_model — hu_added hu=2972642579 pallet=27 origin=ITA
12:30:01 [INFO] core.queue_model — hu_added hu=T10045830566 pallet=28 origin=CNA
12:30:02 [INFO] core.queue_model — new_pallet id=29
12:30:04 [INFO] core.queue_model — hu_added hu=T10045863634 pallet=29 origin=CNA
12:30:05 [INFO] core.queue_model — new_pallet id=30
12:30:08 [INFO] core.queue_model — hu_added hu=T10045830564 pallet=30 origin=CNA
12:30:15 [INFO] core.queue_model — queue_worker_started dynamic_print_mode
12:30:16 [INFO] core.sap_client — sap_connected system=LUP user=LOPEZHJC
12:30:16 [INFO] core.queue_model — queue_worker_sap_connected
12:30:16 [INFO] core.sap_client — setup_phase1_start
12:30:20 [INFO] core.sap_client — tx_opened code=/nZMOVEINBHU current_tx=ZMOVEINBHU
12:30:20 [INFO] core.sap_client — phase1_ready — ctxtP_HU confirmed
12:30:26 [INFO] core.sap_client — hu_phase1_ok hu=2972642317 msg='Packaging data was saved. Material document 7574937339 was created'
12:30:26 [INFO] core.sap_client — setup_phase2_start
12:30:30 [INFO] core.sap_client — tx_opened code=/nZMMTIJSEP current_tx=ZMMTIJSEP
12:30:30 [INFO] core.sap_client — phase2_ready — txtGV_HU confirmed
12:30:35 [INFO] core.sap_client — hu_phase2_ok hu=2972642317 duration_ms=4288 phase2_wait=3.5
12:30:35 [INFO] core.queue_model — pallet_boundary single_hu pallet=1 accumulated=[1]
12:30:35 [INFO] core.sap_client — setup_phase1_start
12:30:39 [INFO] core.sap_client — tx_opened code=/nZMOVEINBHU current_tx=ZMOVEINBHU
12:30:39 [INFO] core.sap_client — phase1_ready — ctxtP_HU confirmed
12:30:48 [INFO] core.sap_client — hu_phase1_ok hu=2972642552 msg='Packaging data was saved. Material document 7574937396 was created'
12:30:48 [WARNING] core.sap_client — phase2_wrong_screen hu=2972642552 — re-navigating
12:30:48 [INFO] core.sap_client — setup_phase2_start
12:30:52 [INFO] core.sap_client — tx_opened code=/nZMMTIJSEP current_tx=ZMMTIJSEP
12:30:52 [INFO] core.sap_client — phase2_ready — txtGV_HU confirmed
12:30:57 [INFO] core.sap_client — hu_phase2_ok hu=2972642552 duration_ms=8770 phase2_wait=3.5
12:30:57 [INFO] core.queue_model — pallet_boundary single_hu pallet=2 accumulated=[1, 2]
12:30:57 [WARNING] core.sap_client — phase1_wrong_screen hu=2972642566 — re-navigating
12:30:57 [INFO] core.sap_client — setup_phase1_start
12:31:01 [INFO] core.sap_client — tx_opened code=/nZMOVEINBHU current_tx=ZMOVEINBHU
12:31:01 [INFO] core.sap_client — phase1_ready — ctxtP_HU confirmed
12:31:07 [INFO] core.sap_client — hu_phase1_ok hu=2972642566 msg='Packaging data was saved. Material document 7574938038 was created'
12:31:07 [WARNING] core.sap_client — phase2_wrong_screen hu=2972642566 — re-navigating
12:31:07 [INFO] core.sap_client — setup_phase2_start
12:31:12 [INFO] core.sap_client — tx_opened code=/nZMMTIJSEP current_tx=ZMMTIJSEP
12:31:12 [INFO] core.sap_client — phase2_ready — txtGV_HU confirmed
12:31:16 [INFO] core.sap_client — hu_phase2_ok hu=2972642566 duration_ms=8744 phase2_wait=3.5
12:31:16 [INFO] core.queue_model — pallet_boundary single_hu pallet=3 accumulated=[1, 2, 3]
12:31:16 [WARNING] core.sap_client — phase1_wrong_screen hu=2972642569 — re-navigating
12:31:16 [INFO] core.sap_client — setup_phase1_start
12:31:20 [INFO] core.sap_client — tx_opened code=/nZMOVEINBHU current_tx=ZMOVEINBHU
12:31:20 [INFO] core.sap_client — phase1_ready — ctxtP_HU confirmed
12:31:29 [INFO] core.sap_client — hu_phase1_ok hu=2972642569 msg='Packaging data was saved. Material document 7574938081 was created'
12:31:29 [WARNING] core.sap_client — phase2_wrong_screen hu=2972642569 — re-navigating
12:31:29 [INFO] core.sap_client — setup_phase2_start
12:31:33 [INFO] core.sap_client — tx_opened code=/nZMMTIJSEP current_tx=ZMMTIJSEP
12:31:33 [INFO] core.sap_client — phase2_ready — txtGV_HU confirmed
12:31:38 [INFO] core.sap_client — hu_phase2_ok hu=2972642569 duration_ms=8896 phase2_wait=3.5
12:31:38 [INFO] core.queue_model — pallet_boundary single_hu pallet=4 accumulated=[1, 2, 3, 4]
12:31:38 [WARNING] core.sap_client — phase1_wrong_screen hu=2972642555 — re-navigating
12:31:38 [INFO] core.sap_client — setup_phase1_start
12:31:43 [INFO] core.sap_client — tx_opened code=/nZMOVEINBHU current_tx=ZMOVEINBHU
12:31:43 [INFO] core.sap_client — phase1_ready — ctxtP_HU confirmed
12:31:49 [INFO] core.sap_client — hu_phase1_ok hu=2972642555 msg='Packaging data was saved. Material document 7574938123 was created'
12:31:49 [WARNING] core.sap_client — phase2_wrong_screen hu=2972642555 — re-navigating
12:31:49 [INFO] core.sap_client — setup_phase2_start
12:31:53 [INFO] core.sap_client — tx_opened code=/nZMMTIJSEP current_tx=ZMMTIJSEP
12:31:53 [INFO] core.sap_client — phase2_ready — txtGV_HU confirmed
12:31:57 [INFO] core.sap_client — hu_phase2_ok hu=2972642555 duration_ms=8508 phase2_wait=3.5
12:31:57 [INFO] core.queue_model — pallet_boundary single_hu pallet=5 accumulated=[1, 2, 3, 4, 5]
12:31:57 [WARNING] core.sap_client — phase1_wrong_screen hu=2972644503 — re-navigating
12:31:57 [INFO] core.sap_client — setup_phase1_start
12:32:02 [INFO] core.sap_client — tx_opened code=/nZMOVEINBHU current_tx=ZMOVEINBHU
12:32:02 [INFO] core.sap_client — phase1_ready — ctxtP_HU confirmed
12:32:08 [INFO] core.sap_client — hu_phase1_ok hu=2972644503 msg='Packaging data was saved. Material document 7574938577 was created'
12:32:08 [WARNING] core.sap_client — phase2_wrong_screen hu=2972644503 — re-navigating
12:32:08 [INFO] core.sap_client — setup_phase2_start
12:32:12 [INFO] core.sap_client — tx_opened code=/nZMMTIJSEP current_tx=ZMMTIJSEP
12:32:12 [INFO] core.sap_client — phase2_ready — txtGV_HU confirmed
12:32:17 [INFO] core.sap_client — hu_phase2_ok hu=2972644503 duration_ms=8803 phase2_wait=3.5
12:32:17 [INFO] core.queue_model — pallet_boundary single_hu pallet=6 accumulated=[1, 2, 3, 4, 5, 6]
12:32:17 [WARNING] core.sap_client — phase1_wrong_screen hu=2972642557 — re-navigating
12:32:17 [INFO] core.sap_client — setup_phase1_start
12:32:21 [INFO] core.sap_client — tx_opened code=/nZMOVEINBHU current_tx=ZMOVEINBHU
12:32:21 [INFO] core.sap_client — phase1_ready — ctxtP_HU confirmed
12:32:26 [INFO] core.sap_client — hu_phase1_ok hu=2972642557 msg='Packaging data was saved. Material document 7574939144 was created'
12:32:26 [WARNING] core.sap_client — phase2_wrong_screen hu=2972642557 — re-navigating
12:32:26 [INFO] core.sap_client — setup_phase2_start
12:32:31 [INFO] core.sap_client — tx_opened code=/nZMMTIJSEP current_tx=ZMMTIJSEP
12:32:31 [INFO] core.sap_client — phase2_ready — txtGV_HU confirmed
12:32:35 [INFO] core.sap_client — hu_phase2_ok hu=2972642557 duration_ms=8725 phase2_wait=3.5
12:32:35 [INFO] core.queue_model — pallet_boundary single_hu pallet=7 accumulated=[1, 2, 3, 4, 5, 6, 7]
12:32:35 [WARNING] core.sap_client — phase1_wrong_screen hu=2972642572 — re-navigating
12:32:35 [INFO] core.sap_client — setup_phase1_start
12:32:40 [INFO] core.sap_client — tx_opened code=/nZMOVEINBHU current_tx=ZMOVEINBHU
12:32:40 [INFO] core.sap_client — phase1_ready — ctxtP_HU confirmed
12:32:49 [INFO] core.sap_client — hu_phase1_ok hu=2972642572 msg='Packaging data was saved. Material document 7574939186 was created'
12:32:49 [WARNING] core.sap_client — phase2_wrong_screen hu=2972642572 — re-navigating
12:32:49 [INFO] core.sap_client — setup_phase2_start
12:32:53 [INFO] core.sap_client — tx_opened code=/nZMMTIJSEP current_tx=ZMMTIJSEP
12:32:53 [INFO] core.sap_client — phase2_ready — txtGV_HU confirmed
12:32:57 [INFO] core.sap_client — hu_phase2_ok hu=2972642572 duration_ms=8691 phase2_wait=3.5
12:32:57 [INFO] core.queue_model — pallet_boundary single_hu pallet=8 accumulated=[1, 2, 3, 4, 5, 6, 7, 8]
12:32:57 [WARNING] core.sap_client — phase1_wrong_screen hu=2972642137 — re-navigating
12:32:57 [INFO] core.sap_client — setup_phase1_start
12:33:02 [INFO] core.sap_client — tx_opened code=/nZMOVEINBHU current_tx=ZMOVEINBHU
12:33:02 [INFO] core.sap_client — phase1_ready — ctxtP_HU confirmed
12:33:07 [INFO] core.sap_client — hu_phase1_duplicate hu=2972642137
12:33:07 [WARNING] core.sap_client — phase2_wrong_screen hu=2972642137 — re-navigating
12:33:07 [INFO] core.sap_client — setup_phase2_start
12:33:11 [INFO] core.sap_client — tx_opened code=/nZMMTIJSEP current_tx=ZMMTIJSEP
12:33:11 [INFO] core.sap_client — phase2_ready — txtGV_HU confirmed
12:33:15 [INFO] core.sap_client — hu_phase2_ok hu=2972642137 duration_ms=8220 phase2_wait=3.5
12:33:15 [INFO] core.queue_model — pallet_boundary single_hu pallet=9 accumulated=[1, 2, 3, 4, 5, 6, 7, 8, 9]
12:33:15 [WARNING] core.sap_client — phase1_wrong_screen hu=2972642138 — re-navigating
12:33:15 [INFO] core.sap_client — setup_phase1_start
12:33:19 [INFO] core.sap_client — tx_opened code=/nZMOVEINBHU current_tx=ZMOVEINBHU
12:33:19 [INFO] core.sap_client — phase1_ready — ctxtP_HU confirmed
12:33:24 [INFO] core.sap_client — hu_phase1_duplicate hu=2972642138
12:33:24 [WARNING] core.sap_client — phase2_wrong_screen hu=2972642138 — re-navigating
12:33:24 [INFO] core.sap_client — setup_phase2_start
12:33:28 [INFO] core.sap_client — tx_opened code=/nZMMTIJSEP current_tx=ZMMTIJSEP
12:33:28 [INFO] core.sap_client — phase2_ready — txtGV_HU confirmed
12:33:32 [INFO] core.sap_client — hu_phase2_ok hu=2972642138 duration_ms=8179 phase2_wait=3.5
12:33:32 [INFO] core.queue_model — pallet_boundary single_hu pallet=10 accumulated=[1, 2, 3, 4, 5, 6, 7, 8, 9, 10]
12:33:32 [WARNING] core.sap_client — phase1_wrong_screen hu=2972642139 — re-navigating
12:33:32 [INFO] core.sap_client — setup_phase1_start
12:33:36 [INFO] core.sap_client — tx_opened code=/nZMOVEINBHU current_tx=ZMOVEINBHU
12:33:36 [INFO] core.sap_client — phase1_ready — ctxtP_HU confirmed
12:33:41 [INFO] core.sap_client — hu_phase1_duplicate hu=2972642139
12:33:41 [WARNING] core.sap_client — phase2_wrong_screen hu=2972642139 — re-navigating
12:33:41 [INFO] core.sap_client — setup_phase2_start
12:33:46 [INFO] core.sap_client — tx_opened code=/nZMMTIJSEP current_tx=ZMMTIJSEP
12:33:46 [INFO] core.sap_client — phase2_ready — txtGV_HU confirmed
12:33:50 [INFO] core.sap_client — hu_phase2_ok hu=2972642139 duration_ms=8232 phase2_wait=3.5
12:33:50 [INFO] core.queue_model — pallet_boundary single_hu pallet=11 accumulated=[1, 2, 3, 4, 5, 6, 7, 8, 9, 10, 11]
12:33:50 [WARNING] core.sap_client — phase1_wrong_screen hu=2972642146 — re-navigating
12:33:50 [INFO] core.sap_client — setup_phase1_start
12:33:54 [INFO] core.sap_client — tx_opened code=/nZMOVEINBHU current_tx=ZMOVEINBHU
12:33:54 [INFO] core.sap_client — phase1_ready — ctxtP_HU confirmed
12:33:59 [INFO] core.sap_client — hu_phase1_duplicate hu=2972642146
12:33:59 [WARNING] core.sap_client — phase2_wrong_screen hu=2972642146 — re-navigating
12:33:59 [INFO] core.sap_client — setup_phase2_start
12:34:03 [INFO] core.sap_client — tx_opened code=/nZMMTIJSEP current_tx=ZMMTIJSEP
12:34:03 [INFO] core.sap_client — phase2_ready — txtGV_HU confirmed
12:34:07 [INFO] core.sap_client — hu_phase2_ok hu=2972642146 duration_ms=8243 phase2_wait=3.5
12:34:07 [INFO] core.queue_model — pallet_boundary single_hu pallet=12 accumulated=[1, 2, 3, 4, 5, 6, 7, 8, 9, 10, 11, 12]
12:34:07 [WARNING] core.sap_client — phase1_wrong_screen hu=2972642065 — re-navigating
12:34:07 [INFO] core.sap_client — setup_phase1_start
12:34:11 [INFO] core.sap_client — tx_opened code=/nZMOVEINBHU current_tx=ZMOVEINBHU
12:34:11 [INFO] core.sap_client — phase1_ready — ctxtP_HU confirmed
12:34:16 [INFO] core.sap_client — hu_phase1_duplicate hu=2972642065
12:34:16 [WARNING] core.sap_client — phase2_wrong_screen hu=2972642065 — re-navigating
12:34:16 [INFO] core.sap_client — setup_phase2_start
12:34:20 [INFO] core.sap_client — tx_opened code=/nZMMTIJSEP current_tx=ZMMTIJSEP
12:34:20 [INFO] core.sap_client — phase2_ready — txtGV_HU confirmed
12:34:24 [INFO] core.sap_client — hu_phase2_ok hu=2972642065 duration_ms=8218 phase2_wait=3.5
12:34:24 [INFO] core.queue_model — pallet_boundary single_hu pallet=13 accumulated=[1, 2, 3, 4, 5, 6, 7, 8, 9, 10, 11, 12, 13]
12:34:24 [WARNING] core.sap_client — phase1_wrong_screen hu=2972642081 — re-navigating
12:34:24 [INFO] core.sap_client — setup_phase1_start
12:34:29 [INFO] core.sap_client — tx_opened code=/nZMOVEINBHU current_tx=ZMOVEINBHU
12:34:29 [INFO] core.sap_client — phase1_ready — ctxtP_HU confirmed
12:34:33 [INFO] core.sap_client — hu_phase1_duplicate hu=2972642081
12:34:33 [WARNING] core.sap_client — phase2_wrong_screen hu=2972642081 — re-navigating
12:34:33 [INFO] core.sap_client — setup_phase2_start
12:34:38 [INFO] core.sap_client — tx_opened code=/nZMMTIJSEP current_tx=ZMMTIJSEP
12:34:38 [INFO] core.sap_client — phase2_ready — txtGV_HU confirmed
12:34:42 [INFO] core.sap_client — hu_phase2_ok hu=2972642081 duration_ms=8310 phase2_wait=3.5
12:34:42 [INFO] core.queue_model — pallet_boundary single_hu pallet=14 accumulated=[1, 2, 3, 4, 5, 6, 7, 8, 9, 10, 11, 12, 13, 14]
12:34:42 [WARNING] core.sap_client — phase1_wrong_screen hu=2972642290 — re-navigating
12:34:42 [INFO] core.sap_client — setup_phase1_start
12:34:46 [INFO] core.sap_client — tx_opened code=/nZMOVEINBHU current_tx=ZMOVEINBHU
12:34:46 [INFO] core.sap_client — phase1_ready — ctxtP_HU confirmed
12:34:51 [INFO] core.sap_client — hu_phase1_duplicate hu=2972642290
12:34:51 [WARNING] core.sap_client — phase2_wrong_screen hu=2972642290 — re-navigating
12:34:51 [INFO] core.sap_client — setup_phase2_start
12:34:55 [INFO] core.sap_client — tx_opened code=/nZMMTIJSEP current_tx=ZMMTIJSEP
12:34:55 [INFO] core.sap_client — phase2_ready — txtGV_HU confirmed
12:34:59 [INFO] core.sap_client — hu_phase2_ok hu=2972642290 duration_ms=8251 phase2_wait=3.5
12:34:59 [INFO] core.queue_model — pallet_boundary single_hu pallet=15 accumulated=[1, 2, 3, 4, 5, 6, 7, 8, 9, 10, 11, 12, 13, 14, 15]
12:34:59 [WARNING] core.sap_client — phase1_wrong_screen hu=2972642305 — re-navigating
12:34:59 [INFO] core.sap_client — setup_phase1_start
12:35:04 [INFO] core.sap_client — tx_opened code=/nZMOVEINBHU current_tx=ZMOVEINBHU
12:35:04 [INFO] core.sap_client — phase1_ready — ctxtP_HU confirmed
12:35:09 [INFO] core.sap_client — hu_phase1_duplicate hu=2972642305
12:35:09 [WARNING] core.sap_client — phase2_wrong_screen hu=2972642305 — re-navigating
12:35:09 [INFO] core.sap_client — setup_phase2_start
12:35:13 [INFO] core.sap_client — tx_opened code=/nZMMTIJSEP current_tx=ZMMTIJSEP
12:35:13 [INFO] core.sap_client — phase2_ready — txtGV_HU confirmed
12:35:19 [INFO] core.sap_client — hu_phase2_ok hu=2972642305 duration_ms=10427 phase2_wait=3.5
12:35:19 [INFO] core.queue_model — pallet_boundary single_hu pallet=16 accumulated=[1, 2, 3, 4, 5, 6, 7, 8, 9, 10, 11, 12, 13, 14, 15, 16]
12:35:19 [WARNING] core.sap_client — phase1_wrong_screen hu=2972642327 — re-navigating
12:35:19 [INFO] core.sap_client — setup_phase1_start
12:35:23 [INFO] core.sap_client — tx_opened code=/nZMOVEINBHU current_tx=ZMOVEINBHU
12:35:23 [INFO] core.sap_client — phase1_ready — ctxtP_HU confirmed
12:35:28 [INFO] core.sap_client — hu_phase1_duplicate hu=2972642327
12:35:28 [WARNING] core.sap_client — phase2_wrong_screen hu=2972642327 — re-navigating
12:35:28 [INFO] core.sap_client — setup_phase2_start
12:35:33 [INFO] core.sap_client — tx_opened code=/nZMMTIJSEP current_tx=ZMMTIJSEP
12:35:33 [INFO] core.sap_client — phase2_ready — txtGV_HU confirmed
12:35:37 [INFO] core.sap_client — hu_phase2_ok hu=2972642327 duration_ms=8248 phase2_wait=3.5
12:35:37 [INFO] core.queue_model — pallet_boundary single_hu pallet=17 accumulated=[1, 2, 3, 4, 5, 6, 7, 8, 9, 10, 11, 12, 13, 14, 15, 16, 17]
12:35:37 [WARNING] core.sap_client — phase1_wrong_screen hu=2972642272 — re-navigating
12:35:37 [INFO] core.sap_client — setup_phase1_start
12:35:41 [INFO] core.sap_client — tx_opened code=/nZMOVEINBHU current_tx=ZMOVEINBHU
12:35:41 [INFO] core.sap_client — phase1_ready — ctxtP_HU confirmed
12:35:46 [INFO] core.sap_client — hu_phase1_duplicate hu=2972642272
12:35:46 [WARNING] core.sap_client — phase2_wrong_screen hu=2972642272 — re-navigating
12:35:46 [INFO] core.sap_client — setup_phase2_start
12:35:50 [INFO] core.sap_client — tx_opened code=/nZMMTIJSEP current_tx=ZMMTIJSEP
12:35:50 [INFO] core.sap_client — phase2_ready — txtGV_HU confirmed
12:35:54 [INFO] core.sap_client — hu_phase2_ok hu=2972642272 duration_ms=8393 phase2_wait=3.5
12:35:54 [INFO] core.queue_model — pallet_boundary single_hu pallet=18 accumulated=[1, 2, 3, 4, 5, 6, 7, 8, 9, 10, 11, 12, 13, 14, 15, 16, 17, 18]
12:35:54 [WARNING] core.sap_client — phase1_wrong_screen hu=2972642564 — re-navigating
12:35:54 [INFO] core.sap_client — setup_phase1_start
12:35:58 [INFO] core.sap_client — tx_opened code=/nZMOVEINBHU current_tx=ZMOVEINBHU
12:35:58 [INFO] core.sap_client — phase1_ready — ctxtP_HU confirmed
12:36:03 [INFO] core.sap_client — hu_phase1_duplicate hu=2972642564
12:36:03 [WARNING] core.sap_client — phase2_wrong_screen hu=2972642564 — re-navigating
12:36:03 [INFO] core.sap_client — setup_phase2_start
12:36:08 [INFO] core.sap_client — tx_opened code=/nZMMTIJSEP current_tx=ZMMTIJSEP
12:36:08 [INFO] core.sap_client — phase2_ready — txtGV_HU confirmed
12:36:11 [INFO] core.sap_client — hu_phase2_ok hu=2972642564 duration_ms=8225 phase2_wait=3.5
12:36:11 [INFO] core.queue_model — pallet_boundary single_hu pallet=19 accumulated=[1, 2, 3, 4, 5, 6, 7, 8, 9, 10, 11, 12, 13, 14, 15, 16, 17, 18, 19]
12:36:11 [WARNING] core.sap_client — phase1_wrong_screen hu=2972642568 — re-navigating
12:36:11 [INFO] core.sap_client — setup_phase1_start
12:36:16 [INFO] core.sap_client — tx_opened code=/nZMOVEINBHU current_tx=ZMOVEINBHU
12:36:16 [INFO] core.sap_client — phase1_ready — ctxtP_HU confirmed
12:36:21 [INFO] core.sap_client — hu_phase1_duplicate hu=2972642568
12:36:21 [WARNING] core.sap_client — phase2_wrong_screen hu=2972642568 — re-navigating
12:36:21 [INFO] core.sap_client — setup_phase2_start
12:36:25 [INFO] core.sap_client — tx_opened code=/nZMMTIJSEP current_tx=ZMMTIJSEP
12:36:25 [INFO] core.sap_client — phase2_ready — txtGV_HU confirmed
12:36:29 [INFO] core.sap_client — hu_phase2_ok hu=2972642568 duration_ms=8246 phase2_wait=3.5
12:36:29 [INFO] core.queue_model — pallet_boundary single_hu pallet=20 accumulated=[1, 2, 3, 4, 5, 6, 7, 8, 9, 10, 11, 12, 13, 14, 15, 16, 17, 18, 19, 20]
12:36:29 [WARNING] core.sap_client — phase1_wrong_screen hu=2972642580 — re-navigating
12:36:29 [INFO] core.sap_client — setup_phase1_start
12:36:33 [INFO] core.sap_client — tx_opened code=/nZMOVEINBHU current_tx=ZMOVEINBHU
12:36:33 [INFO] core.sap_client — phase1_ready — ctxtP_HU confirmed
12:36:38 [INFO] core.sap_client — hu_phase1_duplicate hu=2972642580
12:36:38 [WARNING] core.sap_client — phase2_wrong_screen hu=2972642580 — re-navigating
12:36:38 [INFO] core.sap_client — setup_phase2_start
12:36:42 [INFO] core.sap_client — tx_opened code=/nZMMTIJSEP current_tx=ZMMTIJSEP
12:36:42 [INFO] core.sap_client — phase2_ready — txtGV_HU confirmed
12:36:46 [INFO] core.sap_client — hu_phase2_ok hu=2972642580 duration_ms=8307 phase2_wait=3.5
12:36:46 [INFO] core.queue_model — pallet_boundary single_hu pallet=21 accumulated=[1, 2, 3, 4, 5, 6, 7, 8, 9, 10, 11, 12, 13, 14, 15, 16, 17, 18, 19, 20, 21]
12:36:46 [WARNING] core.sap_client — phase1_wrong_screen hu=2972642308 — re-navigating
12:36:46 [INFO] core.sap_client — setup_phase1_start
12:36:51 [INFO] core.sap_client — tx_opened code=/nZMOVEINBHU current_tx=ZMOVEINBHU
12:36:51 [INFO] core.sap_client — phase1_ready — ctxtP_HU confirmed
12:36:55 [INFO] core.sap_client — hu_phase1_duplicate hu=2972642308
12:36:55 [WARNING] core.sap_client — phase2_wrong_screen hu=2972642308 — re-navigating
12:36:55 [INFO] core.sap_client — setup_phase2_start
12:37:00 [INFO] core.sap_client — tx_opened code=/nZMMTIJSEP current_tx=ZMMTIJSEP
12:37:00 [INFO] core.sap_client — phase2_ready — txtGV_HU confirmed
12:37:04 [INFO] core.sap_client — hu_phase2_ok hu=2972642308 duration_ms=8205 phase2_wait=3.5
12:37:04 [INFO] core.queue_model — pallet_boundary single_hu pallet=22 accumulated=[1, 2, 3, 4, 5, 6, 7, 8, 9, 10, 11, 12, 13, 14, 15, 16, 17, 18, 19, 20, 21, 22]
12:37:04 [WARNING] core.sap_client — phase1_wrong_screen hu=2972642582 — re-navigating
12:37:04 [INFO] core.sap_client — setup_phase1_start
12:37:08 [INFO] core.sap_client — tx_opened code=/nZMOVEINBHU current_tx=ZMOVEINBHU
12:37:08 [INFO] core.sap_client — phase1_ready — ctxtP_HU confirmed
12:37:13 [INFO] core.sap_client — hu_phase1_duplicate hu=2972642582
12:37:13 [WARNING] core.sap_client — phase2_wrong_screen hu=2972642582 — re-navigating
12:37:13 [INFO] core.sap_client — setup_phase2_start
12:37:17 [INFO] core.sap_client — tx_opened code=/nZMMTIJSEP current_tx=ZMMTIJSEP
12:37:17 [INFO] core.sap_client — phase2_ready — txtGV_HU confirmed
12:37:21 [INFO] core.sap_client — hu_phase2_ok hu=2972642582 duration_ms=8287 phase2_wait=3.5
12:37:21 [INFO] core.queue_model — pallet_boundary single_hu pallet=23 accumulated=[1, 2, 3, 4, 5, 6, 7, 8, 9, 10, 11, 12, 13, 14, 15, 16, 17, 18, 19, 20, 21, 22, 23]
12:37:21 [WARNING] core.sap_client — phase1_wrong_screen hu=2972642271 — re-navigating
12:37:21 [INFO] core.sap_client — setup_phase1_start
12:37:25 [INFO] core.sap_client — tx_opened code=/nZMOVEINBHU current_tx=ZMOVEINBHU
12:37:25 [INFO] core.sap_client — phase1_ready — ctxtP_HU confirmed
12:37:30 [INFO] core.sap_client — hu_phase1_duplicate hu=2972642271
12:37:30 [WARNING] core.sap_client — phase2_wrong_screen hu=2972642271 — re-navigating
12:37:30 [INFO] core.sap_client — setup_phase2_start
12:37:35 [INFO] core.sap_client — tx_opened code=/nZMMTIJSEP current_tx=ZMMTIJSEP
12:37:35 [INFO] core.sap_client — phase2_ready — txtGV_HU confirmed
12:37:38 [INFO] core.sap_client — hu_phase2_ok hu=2972642271 duration_ms=8246 phase2_wait=3.5
12:37:38 [INFO] core.queue_model — pallet_boundary single_hu pallet=24 accumulated=[1, 2, 3, 4, 5, 6, 7, 8, 9, 10, 11, 12, 13, 14, 15, 16, 17, 18, 19, 20, 21, 22, 23, 24]
12:37:38 [WARNING] core.sap_client — phase1_wrong_screen hu=2972642584 — re-navigating
12:37:38 [INFO] core.sap_client — setup_phase1_start
12:37:43 [INFO] core.sap_client — tx_opened code=/nZMOVEINBHU current_tx=ZMOVEINBHU
12:37:43 [INFO] core.sap_client — phase1_ready — ctxtP_HU confirmed
12:37:48 [INFO] core.sap_client — hu_phase1_duplicate hu=2972642584
12:37:48 [WARNING] core.sap_client — phase2_wrong_screen hu=2972642584 — re-navigating
12:37:48 [INFO] core.sap_client — setup_phase2_start
12:37:52 [INFO] core.sap_client — tx_opened code=/nZMMTIJSEP current_tx=ZMMTIJSEP
12:37:52 [INFO] core.sap_client — phase2_ready — txtGV_HU confirmed
12:37:56 [INFO] core.sap_client — hu_phase2_ok hu=2972642584 duration_ms=8216 phase2_wait=3.5
12:37:56 [INFO] core.queue_model — pallet_boundary single_hu pallet=25 accumulated=[1, 2, 3, 4, 5, 6, 7, 8, 9, 10, 11, 12, 13, 14, 15, 16, 17, 18, 19, 20, 21, 22, 23, 24, 25]
12:37:56 [WARNING] core.sap_client — phase1_wrong_screen hu=2972642583 — re-navigating
12:37:56 [INFO] core.sap_client — setup_phase1_start
12:38:00 [INFO] core.sap_client — tx_opened code=/nZMOVEINBHU current_tx=ZMOVEINBHU
12:38:00 [INFO] core.sap_client — phase1_ready — ctxtP_HU confirmed
12:38:05 [INFO] core.sap_client — hu_phase1_duplicate hu=2972642583
12:38:05 [WARNING] core.sap_client — phase2_wrong_screen hu=2972642583 — re-navigating
12:38:05 [INFO] core.sap_client — setup_phase2_start
12:38:09 [INFO] core.sap_client — tx_opened code=/nZMMTIJSEP current_tx=ZMMTIJSEP
12:38:09 [INFO] core.sap_client — phase2_ready — txtGV_HU confirmed
12:38:13 [INFO] core.sap_client — hu_phase2_ok hu=2972642583 duration_ms=8301 phase2_wait=3.5
12:38:13 [INFO] core.queue_model — pallet_boundary single_hu pallet=26 accumulated=[1, 2, 3, 4, 5, 6, 7, 8, 9, 10, 11, 12, 13, 14, 15, 16, 17, 18, 19, 20, 21, 22, 23, 24, 25, 26]
12:38:13 [WARNING] core.sap_client — phase1_wrong_screen hu=2972642579 — re-navigating
12:38:13 [INFO] core.sap_client — setup_phase1_start
12:38:18 [INFO] core.sap_client — tx_opened code=/nZMOVEINBHU current_tx=ZMOVEINBHU
12:38:18 [INFO] core.sap_client — phase1_ready — ctxtP_HU confirmed
12:38:22 [INFO] core.sap_client — hu_phase1_duplicate hu=2972642579
12:38:22 [WARNING] core.sap_client — phase2_wrong_screen hu=2972642579 — re-navigating
12:38:22 [INFO] core.sap_client — setup_phase2_start
12:38:27 [INFO] core.sap_client — tx_opened code=/nZMMTIJSEP current_tx=ZMMTIJSEP
12:38:27 [INFO] core.sap_client — phase2_ready — txtGV_HU confirmed
12:38:31 [INFO] core.sap_client — hu_phase2_ok hu=2972642579 duration_ms=8351 phase2_wait=3.5
12:38:31 [INFO] core.queue_model — pallet_boundary single_hu pallet=27 accumulated=[1, 2, 3, 4, 5, 6, 7, 8, 9, 10, 11, 12, 13, 14, 15, 16, 17, 18, 19, 20, 21, 22, 23, 24, 25, 26, 27]
12:38:31 [WARNING] core.sap_client — phase1_wrong_screen hu=T10045830566 — re-navigating
12:38:31 [INFO] core.sap_client — setup_phase1_start
12:38:35 [INFO] core.sap_client — tx_opened code=/nZMOVEINBHU current_tx=ZMOVEINBHU
12:38:35 [INFO] core.sap_client — phase1_ready — ctxtP_HU confirmed
12:38:38 [INFO] core.sap_client — hu_phase1_ok hu=T10045830566 msg='Packaging data was saved. Material document 7574943699 was created'
12:38:38 [WARNING] core.sap_client — phase2_wrong_screen hu=T10045830566 — re-navigating
12:38:38 [INFO] core.sap_client — setup_phase2_start
12:38:42 [INFO] core.sap_client — tx_opened code=/nZMMTIJSEP current_tx=ZMMTIJSEP
12:38:42 [INFO] core.sap_client — phase2_ready — txtGV_HU confirmed
12:38:44 [INFO] core.sap_client — hu_phase2_ok hu=T10045830566 duration_ms=6091 phase2_wait=1.0
12:38:44 [INFO] core.queue_model — pallet_boundary single_hu pallet=28 accumulated=[1, 2, 3, 4, 5, 6, 7, 8, 9, 10, 11, 12, 13, 14, 15, 16, 17, 18, 19, 20, 21, 22, 23, 24, 25, 26, 27, 28]
12:38:44 [WARNING] core.sap_client — phase1_wrong_screen hu=T10045863634 — re-navigating
12:38:44 [INFO] core.sap_client — setup_phase1_start
12:38:48 [INFO] core.sap_client — tx_opened code=/nZMOVEINBHU current_tx=ZMOVEINBHU
12:38:48 [INFO] core.sap_client — phase1_ready — ctxtP_HU confirmed
12:38:50 [INFO] core.sap_client — hu_phase1_ok hu=T10045863634 msg='Packaging data was saved. Material document 7574943717 was created'
12:38:50 [WARNING] core.sap_client — phase2_wrong_screen hu=T10045863634 — re-navigating
12:38:50 [INFO] core.sap_client — setup_phase2_start
12:38:55 [INFO] core.sap_client — tx_opened code=/nZMMTIJSEP current_tx=ZMMTIJSEP
12:38:55 [INFO] core.sap_client — phase2_ready — txtGV_HU confirmed
12:38:56 [INFO] core.sap_client — hu_phase2_ok hu=T10045863634 duration_ms=6063 phase2_wait=1.0
12:38:57 [INFO] core.queue_model — pallet_boundary single_hu pallet=29 accumulated=[1, 2, 3, 4, 5, 6, 7, 8, 9, 10, 11, 12, 13, 14, 15, 16, 17, 18, 19, 20, 21, 22, 23, 24, 25, 26, 27, 28, 29]
12:38:57 [WARNING] core.sap_client — phase1_wrong_screen hu=T10045830564 — re-navigating
12:38:57 [INFO] core.sap_client — setup_phase1_start
12:39:01 [INFO] core.sap_client — tx_opened code=/nZMOVEINBHU current_tx=ZMOVEINBHU
12:39:01 [INFO] core.sap_client — phase1_ready — ctxtP_HU confirmed
12:39:03 [INFO] core.sap_client — hu_phase1_ok hu=T10045830564 msg='Packaging data was saved. Material document 7574944636 was created'
12:39:03 [WARNING] core.sap_client — phase2_wrong_screen hu=T10045830564 — re-navigating
12:39:03 [INFO] core.sap_client — setup_phase2_start
12:39:08 [INFO] core.sap_client — tx_opened code=/nZMMTIJSEP current_tx=ZMMTIJSEP
12:39:08 [INFO] core.sap_client — phase2_ready — txtGV_HU confirmed
12:39:09 [INFO] core.sap_client — hu_phase2_ok hu=T10045830564 duration_ms=6104 phase2_wait=1.0
12:39:10 [INFO] core.queue_model — pallet_boundary single_hu pallet=30 accumulated=[1, 2, 3, 4, 5, 6, 7, 8, 9, 10, 11, 12, 13, 14, 15, 16, 17, 18, 19, 20, 21, 22, 23, 24, 25, 26, 27, 28, 29, 30]
12:39:10 [INFO] core.queue_model — flush_single_hu_pallets pallets=[1, 2, 3, 4, 5, 6, 7, 8, 9, 10, 11, 12, 13, 14, 15, 16, 17, 18, 19, 20, 21, 22, 23, 24, 25, 26, 27, 28, 29, 30] hu_codes=['2972642317', '2972642552', '2972642566', '2972642569', '2972642555', '2972644503', '2972642557', '2972642572', '2972642137', '2972642138', '2972642139', '2972642146', '2972642065', '2972642081', '2972642290', '2972642305', '2972642327', '2972642272', '2972642564', '2972642568', '2972642580', '2972642308', '2972642582', '2972642271', '2972642584', '2972642583', '2972642579', 'T10045830566', 'T10045863634', 'T10045830564']
12:39:14 [INFO] core.sap_client — tx_opened code=/nSP01 current_tx=SP01
12:39:16 [INFO] core.sap_client — sp01_scan start scroll_max=85
12:40:16 [INFO] core.sap_client — sp01_scan_done total_matching=30 hu_filter=['2972642317', '2972642552', '2972642566', '2972642569', '2972642555', '2972644503', '2972642557', '2972642572', '2972642137', '2972642138', '2972642139', '2972642146', '2972642065', '2972642081', '2972642290', '2972642305', '2972642327', '2972642272', '2972642564', '2972642568', '2972642580', '2972642308', '2972642582', '2972642271', '2972642584', '2972642583', '2972642579', 'T10045830566', 'T10045863634', 'T10045830564']
12:40:16 [INFO] core.sap_client — sp01_attempt=0 found=30 expected=0
12:40:17 [INFO] core.sap_client — sp01_marked scroll=0 row=4 title=CN-CON-003_T10045830564_20260407193908
12:40:17 [INFO] core.sap_client — sp01_marked scroll=0 row=6 title=CN-CON-003_T10045863634_20260407193855
12:40:17 [INFO] core.sap_client — sp01_marked scroll=0 row=8 title=CN-CON-003_T10045830566_20260407193843
12:40:18 [INFO] core.sap_client — sp01_marked scroll=0 row=10 title=CN-CON-003_00000000002972642579_20260407183155
12:40:18 [INFO] core.sap_client — sp01_marked scroll=0 row=12 title=CN-CON-003_00000000002972642583_20260407183618
12:40:19 [INFO] core.sap_client — sp01_marked scroll=0 row=14 title=CN-CON-003_00000000002972642584_20260407183556
12:40:19 [INFO] core.sap_client — sp01_marked scroll=0 row=16 title=CN-CON-003_00000000002972642271_20260407183534
12:40:20 [INFO] core.sap_client — sp01_marked scroll=0 row=18 title=CN-CON-003_00000000002972642582_20260407183510
12:40:20 [INFO] core.sap_client — sp01_marked scroll=0 row=20 title=CN-CON-003_00000000002972642308_20260407183450
12:40:21 [INFO] core.sap_client — sp01_marked scroll=0 row=22 title=CN-CON-003_00000000002972642580_20260407183431
12:40:21 [INFO] core.sap_client — sp01_marked scroll=0 row=24 title=CN-CON-003_00000000002972642568_20260407183405
12:40:21 [INFO] core.sap_client — sp01_marked scroll=0 row=26 title=CN-CON-003_00000000002972642564_20260407183335
12:40:22 [INFO] core.sap_client — sp01_marked scroll=0 row=28 title=CN-CON-003_00000000002972642272_20260407183309
12:40:22 [INFO] core.sap_client — sp01_marked scroll=0 row=30 title=CN-CON-003_00000000002972642327_20260407183639
12:40:23 [INFO] core.sap_client — sp01_marked scroll=0 row=32 title=CN-CON-003_00000000002972642305_20260407185156
12:40:23 [INFO] core.sap_client — sp01_marked scroll=0 row=34 title=CN-CON-003_00000000002972642290_20260407184110
12:40:24 [INFO] core.sap_client — sp01_marked scroll=0 row=36 title=CN-CON-003_00000000002972642081_20260407150020
12:40:24 [INFO] core.sap_client — sp01_marked scroll=0 row=38 title=CN-CON-003_00000000002972642065_20260407150048
12:40:24 [INFO] core.sap_client — sp01_marked scroll=0 row=40 title=CN-CON-003_00000000002972642146_20260407151022
12:40:25 [INFO] core.sap_client — sp01_marked scroll=0 row=42 title=CN-CON-003_00000000002972642139_20260407150105
12:40:25 [INFO] core.sap_client — sp01_marked scroll=0 row=44 title=CN-CON-003_00000000002972642138_20260407150126
12:40:26 [INFO] core.sap_client — sp01_marked scroll=0 row=46 title=CN-CON-003_00000000002972642137_20260407150146
12:40:26 [INFO] core.sap_client — sp01_marked scroll=0 row=48 title=CN-CON-003_00000000002972642572_20260407193254
12:40:27 [INFO] core.sap_client — sp01_marked scroll=0 row=50 title=CN-CON-003_00000000002972642557_20260407193231
12:40:27 [INFO] core.sap_client — sp01_marked scroll=2 row=50 title=CN-CON-003_00000000002972644503_20260407193213
12:40:28 [INFO] core.sap_client — sp01_marked scroll=4 row=50 title=CN-CON-003_00000000002972642555_20260407193154
12:40:28 [INFO] core.sap_client — sp01_marked scroll=6 row=50 title=CN-CON-003_00000000002972642569_20260407193134
12:40:28 [INFO] core.sap_client — sp01_marked scroll=8 row=50 title=CN-CON-003_00000000002972642566_20260407193112
12:40:29 [INFO] core.sap_client — sp01_marked scroll=10 row=50 title=CN-CON-003_00000000002972642552_20260407193053
12:40:29 [INFO] core.sap_client — sp01_marked scroll=12 row=50 title=CN-CON-003_00000000002972642317_20260407193031
12:40:30 [INFO] core.sap_client — sp01_mark_done total_marked=30
12:40:31 [INFO] core.print_watcher — print_watcher_started idle_timeout=12.0s
12:40:32 [INFO] core.sap_client — sp01_print_confirmed via=btn[25] marked=30
12:40:33 [INFO] core.print_watcher — method1_BM_CLICK ok_hwnd=134022394
12:40:33 [INFO] core.print_watcher — confirm_success method=BM_CLICK hwnd=6688924
12:40:33 [INFO] core.print_watcher — print_dialog_confirmed count=1
12:40:33 [INFO] core.sap_client — sp01_global_done result={'status': 'ok', 'message': 'SP01 OK — 30 spool(s) impreso(s)', 'marked': 30}
12:40:33 [INFO] core.queue_model — waiting_for_print_watcher...
12:40:34 [INFO] core.print_watcher — method1_BM_CLICK ok_hwnd=6295684
12:40:34 [INFO] core.print_watcher — confirm_success method=BM_CLICK hwnd=11079972
12:40:34 [INFO] core.print_watcher — print_dialog_confirmed count=2
12:40:35 [INFO] core.print_watcher — method1_BM_CLICK ok_hwnd=36113864
12:40:35 [INFO] core.print_watcher — confirm_success method=BM_CLICK hwnd=11865868
12:40:35 [INFO] core.print_watcher — print_dialog_confirmed count=3
12:40:37 [INFO] core.print_watcher — method1_BM_CLICK ok_hwnd=6426756
12:40:37 [INFO] core.print_watcher — confirm_success method=BM_CLICK hwnd=9113758
12:40:37 [INFO] core.print_watcher — print_dialog_confirmed count=4
12:40:38 [INFO] core.print_watcher — method1_BM_CLICK ok_hwnd=36244936
12:40:38 [INFO] core.print_watcher — confirm_success method=BM_CLICK hwnd=4590342
12:40:38 [INFO] core.print_watcher — print_dialog_confirmed count=5
12:40:39 [INFO] core.print_watcher — method1_BM_CLICK ok_hwnd=12847428
12:40:40 [INFO] core.print_watcher — confirm_success method=BM_CLICK hwnd=5770032
12:40:40 [INFO] core.print_watcher — print_dialog_confirmed count=6
12:40:41 [INFO] core.print_watcher — method1_BM_CLICK ok_hwnd=100405274
12:40:41 [INFO] core.print_watcher — confirm_success method=BM_CLICK hwnd=4525456
12:40:41 [INFO] core.print_watcher — print_dialog_confirmed count=7
12:40:43 [INFO] core.print_watcher — method1_BM_CLICK ok_hwnd=3148792
12:40:43 [INFO] core.print_watcher — confirm_success method=BM_CLICK hwnd=3738906
12:40:43 [INFO] core.print_watcher — print_dialog_confirmed count=8
12:40:45 [INFO] core.print_watcher — method1_BM_CLICK ok_hwnd=4329320
12:40:45 [INFO] core.print_watcher — confirm_success method=BM_CLICK hwnd=5048760
12:40:45 [INFO] core.print_watcher — print_dialog_confirmed count=9
12:40:46 [INFO] core.print_watcher — method1_BM_CLICK ok_hwnd=3279864
12:40:47 [INFO] core.print_watcher — confirm_success method=BM_CLICK hwnd=2755006
12:40:47 [INFO] core.print_watcher — print_dialog_confirmed count=10
12:40:48 [INFO] core.print_watcher — method1_BM_CLICK ok_hwnd=4460392
12:40:48 [INFO] core.print_watcher — confirm_success method=BM_CLICK hwnd=3869110
12:40:48 [INFO] core.print_watcher — print_dialog_confirmed count=11
12:40:50 [INFO] core.print_watcher — method1_BM_CLICK ok_hwnd=14027868
12:40:50 [INFO] core.print_watcher — confirm_success method=BM_CLICK hwnd=36769224
12:40:50 [INFO] core.print_watcher — print_dialog_confirmed count=12
12:40:51 [INFO] core.print_watcher — method1_BM_CLICK ok_hwnd=3343580
12:40:52 [INFO] core.print_watcher — confirm_success method=BM_CLICK hwnd=4065718
12:40:52 [INFO] core.print_watcher — print_dialog_confirmed count=13
12:40:53 [INFO] core.print_watcher — method1_BM_CLICK ok_hwnd=36900296
12:40:53 [INFO] core.print_watcher — confirm_success method=BM_CLICK hwnd=11997476
12:40:53 [INFO] core.print_watcher — print_dialog_confirmed count=14
12:40:55 [INFO] core.print_watcher — method1_BM_CLICK ok_hwnd=9571762
12:40:55 [INFO] core.print_watcher — confirm_success method=BM_CLICK hwnd=10883176
12:40:55 [INFO] core.print_watcher — print_dialog_confirmed count=15
12:40:56 [INFO] core.print_watcher — method1_BM_CLICK ok_hwnd=4262364
12:40:57 [INFO] core.print_watcher — confirm_success method=BM_CLICK hwnd=10948712
12:40:57 [INFO] core.print_watcher — print_dialog_confirmed count=16
12:40:59 [INFO] core.print_watcher — method1_BM_CLICK ok_hwnd=6687536
12:40:59 [INFO] core.print_watcher — confirm_success method=BM_CLICK hwnd=10029766
12:40:59 [INFO] core.print_watcher — print_dialog_confirmed count=17
12:41:01 [INFO] core.print_watcher — method1_BM_CLICK ok_hwnd=11930304
12:41:02 [INFO] core.print_watcher — confirm_success method=BM_CLICK hwnd=8325530
12:41:02 [INFO] core.print_watcher — print_dialog_confirmed count=18
12:41:03 [INFO] core.print_watcher — method1_BM_CLICK ok_hwnd=10357446
12:41:03 [INFO] core.print_watcher — confirm_success method=BM_CLICK hwnd=12325156
12:41:03 [INFO] core.print_watcher — print_dialog_confirmed count=19
12:41:05 [INFO] core.print_watcher — method1_BM_CLICK ok_hwnd=6817196
12:41:05 [INFO] core.print_watcher — confirm_success method=BM_CLICK hwnd=12586912
12:41:05 [INFO] core.print_watcher — print_dialog_confirmed count=20
12:41:07 [INFO] core.print_watcher — method1_BM_CLICK ok_hwnd=20253184
12:41:07 [INFO] core.print_watcher — confirm_success method=BM_CLICK hwnd=12652448
12:41:07 [INFO] core.print_watcher — print_dialog_confirmed count=21
12:41:09 [INFO] core.print_watcher — method1_BM_CLICK ok_hwnd=13831510
12:41:09 [INFO] core.print_watcher — confirm_success method=BM_CLICK hwnd=3346882
12:41:09 [INFO] core.print_watcher — print_dialog_confirmed count=22
12:41:10 [INFO] core.print_watcher — method1_BM_CLICK ok_hwnd=8064002
12:41:11 [INFO] core.print_watcher — confirm_success method=BM_CLICK hwnd=12257984
12:41:11 [INFO] core.print_watcher — print_dialog_confirmed count=23
12:41:12 [INFO] core.print_watcher — method1_BM_CLICK ok_hwnd=7079340
12:41:12 [INFO] core.print_watcher — confirm_success method=BM_CLICK hwnd=7146288
12:41:12 [INFO] core.print_watcher — print_dialog_confirmed count=24
12:41:14 [INFO] core.print_watcher — method1_BM_CLICK ok_hwnd=7869176
12:41:14 [INFO] core.print_watcher — confirm_success method=BM_CLICK hwnd=4000190
12:41:14 [INFO] core.print_watcher — print_dialog_confirmed count=25
12:41:16 [INFO] core.print_watcher — method1_BM_CLICK ok_hwnd=7210412
12:41:16 [INFO] core.print_watcher — confirm_success method=BM_CLICK hwnd=7934712
12:41:16 [INFO] core.print_watcher — print_dialog_confirmed count=26
12:41:17 [INFO] core.print_watcher — method1_BM_CLICK ok_hwnd=7147204
12:41:17 [INFO] core.print_watcher — confirm_success method=BM_CLICK hwnd=9898970
12:41:17 [INFO] core.print_watcher — print_dialog_confirmed count=27
12:41:19 [INFO] core.print_watcher — method1_BM_CLICK ok_hwnd=5706538
12:41:19 [INFO] core.print_watcher — confirm_success method=BM_CLICK hwnd=9964506
12:41:19 [INFO] core.print_watcher — print_dialog_confirmed count=28
12:41:21 [INFO] core.print_watcher — method1_BM_CLICK ok_hwnd=6621624
12:41:21 [INFO] core.print_watcher — confirm_success method=BM_CLICK hwnd=7869174
12:41:21 [INFO] core.print_watcher — print_dialog_confirmed count=29
12:41:23 [INFO] core.print_watcher — method1_BM_CLICK ok_hwnd=4920854
12:41:23 [INFO] core.print_watcher — confirm_success method=BM_CLICK hwnd=9768714
12:41:23 [INFO] core.print_watcher — print_dialog_confirmed count=30
12:41:33 [INFO] core.queue_model — print_watcher_finished confirmed=30
12:41:33 [INFO] core.queue_model — sp01_flush_result={'status': 'ok', 'message': 'SP01 OK — 30 spool(s) impreso(s)', 'marked': 30} print_dialogs_confirmed=30
12:41:33 [INFO] core.queue_model — queue_worker_stopped
12:41:33 [INFO] core.queue_model — queue_worker_stop_requested
12:41:35 [INFO] core.print_watcher — print_watcher_idle_timeout confirmed=30
12:41:35 [INFO] core.print_watcher — print_watcher_stopped confirmed=30
12:48:24 [INFO] core.queue_model — hu_added hu=T10045830565 pallet=30 origin=CNA
12:48:28 [INFO] core.queue_model — hu_added hu=T10045863625 pallet=30 origin=CNA
12:48:57 [INFO] core.queue_model — queue_worker_started dynamic_print_mode
12:48:57 [INFO] core.sap_client — sap_connected system=LUP user=LOPEZHJC
12:48:57 [INFO] core.queue_model — queue_worker_sap_connected
12:48:57 [INFO] core.sap_client — setup_phase1_start
12:49:01 [INFO] core.sap_client — tx_opened code=/nZMOVEINBHU current_tx=ZMOVEINBHU
12:49:01 [INFO] core.sap_client — phase1_ready — ctxtP_HU confirmed
12:49:04 [INFO] core.sap_client — hu_phase1_ok hu=T10045830565 msg='Packaging data was saved. Material document 7574953836 was created'
12:49:04 [INFO] core.sap_client — setup_phase2_start
12:49:08 [INFO] core.sap_client — tx_opened code=/nZMMTIJSEP current_tx=ZMMTIJSEP
12:49:08 [INFO] core.sap_client — phase2_ready — txtGV_HU confirmed
12:49:10 [INFO] core.sap_client — hu_phase2_ok hu=T10045830565 duration_ms=1746 phase2_wait=1.0
12:49:10 [INFO] core.sap_client — setup_phase1_start
12:49:14 [INFO] core.sap_client — tx_opened code=/nZMOVEINBHU current_tx=ZMOVEINBHU
12:49:14 [INFO] core.sap_client — phase1_ready — ctxtP_HU confirmed
12:49:17 [INFO] core.sap_client — hu_phase1_ok hu=T10045863625 msg='Packaging data was saved. Material document 7574953847 was created'
12:49:17 [WARNING] core.sap_client — phase2_wrong_screen hu=T10045863625 — re-navigating
12:49:17 [INFO] core.sap_client — setup_phase2_start
12:49:21 [INFO] core.sap_client — tx_opened code=/nZMMTIJSEP current_tx=ZMMTIJSEP
12:49:21 [INFO] core.sap_client — phase2_ready — txtGV_HU confirmed
12:49:24 [INFO] core.sap_client — hu_phase2_ok hu=T10045863625 duration_ms=7108 phase2_wait=1.0
12:49:24 [INFO] core.queue_model — pallet_boundary multi_hu pallet=30 count=3 hu_codes=['T10045830564', 'T10045830565', 'T10045863625']
12:49:28 [INFO] core.sap_client — tx_opened code=/nSP01 current_tx=SP01
12:49:31 [INFO] core.sap_client — sp01_scan start scroll_max=89
12:50:28 [INFO] core.sap_client — sp01_scan_done total_matching=2 hu_filter=['T10045830564', 'T10045830565', 'T10045863625']
12:50:28 [INFO] core.sap_client — sp01_attempt=0 found=2 expected=3
12:50:28 [WARNING] core.sap_client — sp01_waiting_spools attempt=1/40 found=2 expected=3 — refresh in 1.5s
12:50:31 [INFO] core.sap_client — sp01_scan start scroll_max=89
12:51:31 [INFO] core.sap_client — sp01_scan_done total_matching=2 hu_filter=['T10045830564', 'T10045830565', 'T10045863625']
12:51:31 [INFO] core.sap_client — sp01_attempt=1 found=2 expected=3
12:51:31 [WARNING] core.sap_client — sp01_waiting_spools attempt=2/40 found=2 expected=3 — refresh in 1.5s
12:51:34 [INFO] core.sap_client — sp01_scan start scroll_max=89
12:52:30 [INFO] core.sap_client — sp01_scan_done total_matching=2 hu_filter=['T10045830564', 'T10045830565', 'T10045863625']
12:52:30 [INFO] core.sap_client — sp01_attempt=2 found=2 expected=3
12:52:30 [WARNING] core.sap_client — sp01_waiting_spools attempt=3/40 found=2 expected=3 — refresh in 1.5s
12:52:32 [INFO] core.sap_client — sp01_scan start scroll_max=89
12:53:16 [INFO] core.queue_model — queue_worker_stop_requested
12:53:38 [INFO] core.sap_client — sp01_scan_done total_matching=2 hu_filter=['T10045830564', 'T10045830565', 'T10045863625']
12:53:38 [INFO] core.sap_client — sp01_attempt=3 found=2 expected=3
12:53:38 [WARNING] core.sap_client — sp01_waiting_spools attempt=4/40 found=2 expected=3 — refresh in 1.5s
12:53:41 [INFO] core.sap_client — sp01_scan start scroll_max=89
12:53:44 [INFO] core.queue_model — queue_worker_stop_requested
13:00:21 [INFO] core.queue_model — new_pallet id=1
13:00:23 [INFO] core.queue_model — hu_added hu=T10045850897 pallet=1 origin=CNA
13:00:25 [INFO] core.queue_model — queue_worker_started dynamic_print_mode
13:00:25 [INFO] core.sap_client — sap_connected system=LUP user=LOPEZHJC
13:00:25 [INFO] core.queue_model — queue_worker_sap_connected
13:00:25 [INFO] core.sap_client — setup_phase1_start
13:00:29 [INFO] core.sap_client — tx_opened code=/nZMOVEINBHU current_tx=ZMOVEINBHU
13:00:29 [INFO] core.sap_client — phase1_ready — ctxtP_HU confirmed
13:00:32 [INFO] core.sap_client — hu_phase1_duplicate hu=T10045850897
13:00:32 [INFO] core.sap_client — setup_phase2_start
13:00:36 [INFO] core.sap_client — tx_opened code=/nZMMTIJSEP current_tx=ZMMTIJSEP
13:00:36 [INFO] core.sap_client — phase2_ready — txtGV_HU confirmed
13:00:37 [INFO] core.sap_client — hu_phase2_ok hu=T10045850897 duration_ms=1414 phase2_wait=1.0
13:00:37 [INFO] core.queue_model — pallet_boundary single_hu pallet=1 accumulated=[1]
13:00:37 [INFO] core.queue_model — flush_single_hu_pallets pallets=[1] hu_codes=['T10045850897']
13:00:42 [INFO] core.sap_client — tx_opened code=/nSP01 current_tx=SP01
13:00:44 [INFO] core.sap_client — sp01_scan start scroll_max=91
13:01:45 [INFO] core.sap_client — sp01_scan_done total_matching=1 hu_filter=['T10045850897']
13:01:45 [INFO] core.sap_client — sp01_attempt=0 found=1 expected=0
13:01:45 [INFO] core.sap_client — sp01_marked scroll=0 row=4 title=CN-CON-003_T10045850897_20260407151957
13:01:46 [INFO] core.sap_client — sp01_mark_done total_marked=1
13:01:47 [INFO] core.print_watcher — print_watcher_started idle_timeout=12.0s
13:01:47 [INFO] core.sap_client — sp01_print_confirmed via=btn[13] marked=1
13:01:48 [INFO] core.sap_client — sp01_global_done result={'status': 'ok', 'message': 'SP01 OK — 1 spool(s) impreso(s)', 'marked': 1}
13:01:48 [INFO] core.queue_model — waiting_for_print_watcher...
13:01:49 [INFO] core.print_watcher — method1_BM_CLICK ok_hwnd=4394252
13:01:49 [INFO] core.print_watcher — confirm_success method=BM_CLICK hwnd=21170688
13:01:49 [INFO] core.print_watcher — print_dialog_confirmed count=1
13:02:01 [INFO] core.print_watcher — print_watcher_idle_timeout confirmed=1
13:02:01 [INFO] core.print_watcher — print_watcher_stopped confirmed=1
13:02:01 [INFO] core.queue_model — print_watcher_finished confirmed=1
13:02:01 [INFO] core.queue_model — sp01_flush_result={'status': 'ok', 'message': 'SP01 OK — 1 spool(s) impreso(s)', 'marked': 1} print_dialogs_confirmed=1
13:02:01 [INFO] core.queue_model — queue_worker_stop_requested
13:02:01 [INFO] core.queue_model — queue_worker_stopped
13:06:46 [INFO] core.queue_model — new_pallet id=1
13:06:47 [INFO] core.queue_model — hu_added hu=T10045850897 pallet=1 origin=CNA
13:06:53 [INFO] core.queue_model — queue_worker_started dynamic_print_mode
13:06:54 [INFO] core.sap_client — sap_connected system=LUP user=LOPEZHJC
13:06:54 [INFO] core.queue_model — queue_worker_sap_connected
13:06:54 [INFO] core.sap_client — setup_phase1_start
13:06:58 [INFO] core.sap_client — tx_opened code=/nZMOVEINBHU current_tx=ZMOVEINBHU
13:06:58 [INFO] core.sap_client — phase1_ready — ctxtP_HU confirmed
13:07:00 [INFO] core.sap_client — hu_phase1_duplicate hu=T10045850897
13:07:00 [INFO] core.sap_client — setup_phase2_start
13:07:04 [INFO] core.sap_client — tx_opened code=/nZMMTIJSEP current_tx=ZMMTIJSEP
13:07:04 [INFO] core.sap_client — phase2_ready — txtGV_HU confirmed
13:07:06 [INFO] core.sap_client — hu_phase2_ok hu=T10045850897 duration_ms=1549 phase2_wait=1.0
13:07:06 [INFO] core.queue_model — pallet_boundary single_hu pallet=1 accumulated=[1]
13:07:06 [INFO] core.queue_model — flush_single_hu_pallets pallets=[1] hu_codes=['T10045850897']
13:07:10 [INFO] core.sap_client — tx_opened code=/nSP01 current_tx=SP01
13:07:13 [INFO] core.sap_client — sp01_scan start scroll_max=93
13:07:14 [INFO] core.sap_client — sp01_scan_done pending=1 completed=0 hu_filter=['T10045850897']
13:07:14 [INFO] core.sap_client — sp01_attempt=0 pending=1 completed=0 expected=0
13:07:14 [INFO] core.sap_client — sp01_marked scroll=0 row=4 title=CN-CON-003_T10045850897_20260407151957
13:07:15 [INFO] core.sap_client — sp01_mark_done total_marked=1
13:07:16 [INFO] core.print_watcher — print_watcher_started idle_timeout=12.0s
13:07:17 [INFO] core.sap_client — sp01_print_confirmed via=btn[13] marked=1
13:07:18 [INFO] core.sap_client — sp01_global_done result={'status': 'ok', 'message': 'SP01 OK — 1 spool(s) impreso(s)', 'marked': 1}
13:07:18 [INFO] core.queue_model — waiting_for_print_watcher...
13:07:18 [INFO] core.print_watcher — method1_BM_CLICK ok_hwnd=1905056
13:07:18 [INFO] core.print_watcher — confirm_success method=BM_CLICK hwnd=6229864
13:07:18 [INFO] core.print_watcher — print_dialog_confirmed count=1
13:07:30 [INFO] core.print_watcher — print_watcher_idle_timeout confirmed=1
13:07:30 [INFO] core.print_watcher — print_watcher_stopped confirmed=1
13:07:30 [INFO] core.queue_model — print_watcher_finished confirmed=1
13:07:30 [INFO] core.queue_model — sp01_flush_result={'status': 'ok', 'message': 'SP01 OK — 1 spool(s) impreso(s)', 'marked': 1} print_dialogs_confirmed=1
13:07:30 [INFO] core.queue_model — queue_worker_stopped
13:07:30 [INFO] core.queue_model — queue_worker_stop_requested
13:08:19 [INFO] core.queue_model — reprocess_all — reiniciados 1 HUs, relenados en cola
13:09:59 [INFO] core.queue_model — queue_worker_started dynamic_print_mode
13:09:59 [INFO] core.sap_client — sap_connected system=LUP user=LOPEZHJC
13:09:59 [INFO] core.queue_model — queue_worker_sap_connected
13:09:59 [INFO] core.sap_client — setup_phase1_start
13:10:04 [INFO] core.sap_client — tx_opened code=/nZMOVEINBHU current_tx=ZMOVEINBHU
13:10:04 [INFO] core.sap_client — phase1_ready — ctxtP_HU confirmed
13:10:06 [INFO] core.sap_client — hu_phase1_duplicate hu=T10045850897
13:10:06 [INFO] core.sap_client — setup_phase2_start
13:10:10 [INFO] core.sap_client — tx_opened code=/nZMMTIJSEP current_tx=ZMMTIJSEP
13:10:10 [INFO] core.sap_client — phase2_ready — txtGV_HU confirmed
13:10:11 [INFO] core.sap_client — hu_phase2_ok hu=T10045850897 duration_ms=1422 phase2_wait=1.0
13:10:11 [INFO] core.queue_model — pallet_boundary single_hu pallet=1 accumulated=[1]
13:10:11 [INFO] core.queue_model — flush_single_hu_pallets pallets=[1] hu_codes=['T10045850897']
13:10:16 [INFO] core.sap_client — tx_opened code=/nSP01 current_tx=SP01
13:10:18 [INFO] core.sap_client — sp01_scan start scroll_max=0
13:10:19 [INFO] core.sap_client — sp01_scan_done pending=1 completed=0 hu_filter=['T10045850897']
13:10:19 [INFO] core.sap_client — sp01_attempt=0 pending=1 completed=0 expected=0
13:10:19 [INFO] core.sap_client — sp01_marked scroll=0 row=4 title=CN-CON-003_T10045850897_20260407151957
13:10:19 [INFO] core.sap_client — sp01_mark_done total_marked=1
13:10:20 [INFO] core.print_watcher — print_watcher_started idle_timeout=12.0s
13:10:21 [INFO] core.sap_client — sp01_print_confirmed via=btn[13] marked=1
13:10:22 [INFO] core.sap_client — sp01_global_done result={'status': 'ok', 'message': 'SP01 OK — 1 spool(s) impreso(s)', 'marked': 1}
13:10:22 [INFO] core.queue_model — waiting_for_print_watcher...
13:10:22 [INFO] core.print_watcher — method1_BM_CLICK ok_hwnd=3342616
13:10:22 [INFO] core.print_watcher — confirm_success method=BM_CLICK hwnd=1773582
13:10:22 [INFO] core.print_watcher — print_dialog_confirmed count=1
13:10:34 [INFO] core.print_watcher — print_watcher_idle_timeout confirmed=1
13:10:34 [INFO] core.print_watcher — print_watcher_stopped confirmed=1
13:10:34 [INFO] core.queue_model — print_watcher_finished confirmed=1
13:10:34 [INFO] core.queue_model — sp01_flush_result={'status': 'ok', 'message': 'SP01 OK — 1 spool(s) impreso(s)', 'marked': 1} print_dialogs_confirmed=1
13:10:34 [INFO] core.queue_model — queue_worker_stopped
13:10:34 [INFO] core.queue_model — queue_worker_stop_requested
13:11:33 [WARNING] core.queue_model — hu_duplicate_scan hu=T10045850897
13:11:36 [INFO] core.queue_model — reprocess_all — reiniciados 1 HUs, relenados en cola
13:11:38 [INFO] core.queue_model — queue_worker_started dynamic_print_mode
13:11:38 [INFO] core.sap_client — sap_connected system=LUP user=LOPEZHJC
13:11:38 [INFO] core.queue_model — queue_worker_sap_connected
13:11:38 [INFO] core.sap_client — setup_phase1_start
13:11:43 [INFO] core.sap_client — tx_opened code=/nZMOVEINBHU current_tx=ZMOVEINBHU
13:11:43 [INFO] core.sap_client — phase1_ready — ctxtP_HU confirmed
13:11:45 [INFO] core.sap_client — hu_phase1_duplicate hu=T10045850897
13:11:45 [INFO] core.sap_client — setup_phase2_start
13:11:49 [INFO] core.sap_client — tx_opened code=/nZMMTIJSEP current_tx=ZMMTIJSEP
13:11:49 [INFO] core.sap_client — phase2_ready — txtGV_HU confirmed
13:11:51 [INFO] core.sap_client — hu_phase2_ok hu=T10045850897 duration_ms=1465 phase2_wait=1.0
13:11:51 [INFO] core.queue_model — pallet_boundary single_hu pallet=1 accumulated=[1]
13:11:51 [INFO] core.queue_model — flush_single_hu_pallets pallets=[1] hu_codes=['T10045850897']
13:11:55 [INFO] core.sap_client — tx_opened code=/nSP01 current_tx=SP01
13:11:58 [INFO] core.sap_client — sp01_scan start scroll_max=0
13:11:58 [INFO] core.sap_client — sp01_scan_done pending=1 completed=0 hu_filter=['T10045850897']
13:11:58 [INFO] core.sap_client — sp01_attempt=0 pending=1 completed=0 expected=0
13:11:58 [INFO] core.sap_client — sp01_marked scroll=0 row=4 title=CN-CON-003_T10045850897_20260407151957
13:11:58 [INFO] core.sap_client — sp01_mark_done total_marked=1
13:12:00 [INFO] core.print_watcher — print_watcher_started idle_timeout=12.0s
13:12:00 [INFO] core.sap_client — sp01_print_confirmed via=btn[13] marked=1
13:12:01 [INFO] core.sap_client — sp01_global_done result={'status': 'ok', 'message': 'SP01 OK — 1 spool(s) impreso(s)', 'marked': 1}
13:12:01 [INFO] core.queue_model — waiting_for_print_watcher...
13:12:01 [INFO] core.print_watcher — method1_BM_CLICK ok_hwnd=9703694
13:12:01 [INFO] core.print_watcher — confirm_success method=BM_CLICK hwnd=22022656
13:12:01 [INFO] core.print_watcher — print_dialog_confirmed count=1
13:12:13 [INFO] core.print_watcher — print_watcher_idle_timeout confirmed=1
13:12:13 [INFO] core.print_watcher — print_watcher_stopped confirmed=1
13:12:14 [INFO] core.queue_model — print_watcher_finished confirmed=1
13:12:14 [INFO] core.queue_model — sp01_flush_result={'status': 'ok', 'message': 'SP01 OK — 1 spool(s) impreso(s)', 'marked': 1} print_dialogs_confirmed=1
13:12:14 [INFO] core.queue_model — queue_worker_stopped
13:12:14 [INFO] core.queue_model — queue_worker_stop_requested
13:12:18 [INFO] core.queue_model — hu_added hu=T10045844701 pallet=1 origin=CNA
13:12:20 [INFO] core.queue_model — queue_worker_started dynamic_print_mode
13:12:20 [INFO] core.sap_client — sap_connected system=LUP user=LOPEZHJC
13:12:20 [INFO] core.queue_model — queue_worker_sap_connected
13:12:20 [INFO] core.sap_client — setup_phase1_start
13:12:24 [INFO] core.sap_client — tx_opened code=/nZMOVEINBHU current_tx=ZMOVEINBHU
13:12:24 [INFO] core.sap_client — phase1_ready — ctxtP_HU confirmed
13:12:26 [INFO] core.sap_client — hu_phase1_duplicate hu=T10045844701
13:12:26 [INFO] core.sap_client — setup_phase2_start
13:12:30 [INFO] core.sap_client — tx_opened code=/nZMMTIJSEP current_tx=ZMMTIJSEP
13:12:30 [INFO] core.sap_client — phase2_ready — txtGV_HU confirmed
13:12:32 [INFO] core.sap_client — hu_phase2_ok hu=T10045844701 duration_ms=1393 phase2_wait=1.0
13:12:32 [INFO] core.queue_model — pallet_boundary multi_hu pallet=1 count=2 hu_codes=['T10045850897', 'T10045844701']
13:12:36 [INFO] core.sap_client — tx_opened code=/nSP01 current_tx=SP01
13:12:39 [INFO] core.sap_client — sp01_scan start scroll_max=0
13:12:39 [INFO] core.sap_client — sp01_scan_done pending=1 completed=1 hu_filter=['T10045850897', 'T10045844701']
13:12:39 [INFO] core.sap_client — sp01_attempt=0 pending=1 completed=1 expected=2
13:12:39 [INFO] core.sap_client — sp01_marked scroll=0 row=4 title=CN-CON-003_T10045844701_20260305000441
13:12:39 [INFO] core.sap_client — sp01_mark_done total_marked=1
13:12:41 [INFO] core.print_watcher — print_watcher_started idle_timeout=12.0s
13:12:41 [INFO] core.sap_client — sp01_print_confirmed via=btn[13] marked=1
13:12:42 [INFO] core.sap_client — sp01_pallet_done result={'status': 'ok', 'message': 'SP01 OK — 1 spool(s) impreso(s)', 'marked': 1} hu_codes=['T10045850897', 'T10045844701']
13:12:42 [INFO] core.queue_model — waiting_for_print_watcher...
13:12:42 [INFO] core.print_watcher — method1_BM_CLICK ok_hwnd=11078618
13:12:43 [INFO] core.print_watcher — confirm_success method=BM_CLICK hwnd=7802356
13:12:43 [INFO] core.print_watcher — print_dialog_confirmed count=1
13:12:55 [INFO] core.print_watcher — print_watcher_idle_timeout confirmed=1
13:12:55 [INFO] core.print_watcher — print_watcher_stopped confirmed=1
13:12:55 [INFO] core.queue_model — print_watcher_finished confirmed=1
13:12:55 [INFO] core.queue_model — sp01_pallet_result={'status': 'ok', 'message': 'SP01 OK — 1 spool(s) impreso(s)', 'marked': 1} print_dialogs_confirmed=1
13:12:55 [INFO] core.queue_model — queue_worker_stopped
13:12:55 [INFO] core.queue_model — queue_worker_stop_requested
13:24:47 [INFO] core.queue_model — new_pallet id=1
13:24:51 [INFO] core.queue_model — hu_added hu=T10045850897 pallet=1 origin=CNA
13:24:54 [INFO] core.queue_model — remove_hu hu=T10045850897 pallet=1
13:24:57 [INFO] core.queue_model — hu_added hu=T10045844701 pallet=1 origin=CNA
13:24:59 [INFO] core.queue_model — queue_worker_started dynamic_print_mode
13:25:00 [INFO] core.sap_client — sap_connected system=LUP user=LOPEZHJC
13:25:00 [INFO] core.queue_model — queue_worker_sap_connected
13:25:00 [INFO] core.queue_model — get_next_pending — skipping cancelled hu=T10045850897
13:25:00 [INFO] core.sap_client — setup_phase1_start
13:25:04 [INFO] core.sap_client — tx_opened code=/nZMOVEINBHU current_tx=ZMOVEINBHU
13:25:04 [INFO] core.sap_client — phase1_ready — ctxtP_HU confirmed
13:25:06 [INFO] core.sap_client — hu_phase1_duplicate hu=T10045844701
13:25:06 [INFO] core.sap_client — setup_phase2_start
13:25:10 [INFO] core.sap_client — tx_opened code=/nZMMTIJSEP current_tx=ZMMTIJSEP
13:25:10 [INFO] core.sap_client — phase2_ready — txtGV_HU confirmed
13:25:12 [INFO] core.sap_client — hu_phase2_ok hu=T10045844701 duration_ms=1442 phase2_wait=1.0
13:25:12 [INFO] core.queue_model — pallet_boundary single_hu pallet=1 accumulated=[1]
13:25:12 [INFO] core.queue_model — flush_single_hu_pallets pallets=[1] hu_codes=['T10045844701']
13:25:16 [INFO] core.sap_client — tx_opened code=/nSP01 current_tx=SP01
13:25:19 [INFO] core.sap_client — sp01_scan start scroll_max=0
13:25:19 [INFO] core.sap_client — sp01_scan_done pending=1 completed=0 hu_filter=['T10045844701']
13:25:19 [INFO] core.sap_client — sp01_attempt=0 pending=1 completed=0 expected=0
13:25:19 [INFO] core.sap_client — sp01_marked scroll=0 row=4 title=CN-CON-003_T10045844701_20260305000441
13:25:20 [INFO] core.sap_client — sp01_mark_done total_marked=1
13:25:21 [INFO] core.print_watcher — print_watcher_started idle_timeout=12.0s
13:25:21 [INFO] core.sap_client — sp01_print_confirmed via=btn[13] marked=1
13:25:22 [INFO] core.sap_client — sp01_global_done result={'status': 'ok', 'message': 'SP01 OK — 1 spool(s) impreso(s)', 'marked': 1}
13:25:22 [INFO] core.queue_model — waiting_for_print_watcher...
13:25:23 [INFO] core.print_watcher — method1_BM_CLICK ok_hwnd=23268190
13:25:23 [INFO] core.print_watcher — confirm_success method=BM_CLICK hwnd=11995846
13:25:23 [INFO] core.print_watcher — print_dialog_confirmed count=1
13:25:35 [INFO] core.print_watcher — print_watcher_idle_timeout confirmed=1
13:25:35 [INFO] core.print_watcher — print_watcher_stopped confirmed=1
13:25:35 [INFO] core.queue_model — print_watcher_finished confirmed=1
13:25:35 [INFO] core.queue_model — sp01_flush_result={'status': 'ok', 'message': 'SP01 OK — 1 spool(s) impreso(s)', 'marked': 1} print_dialogs_confirmed=1
13:25:35 [INFO] core.queue_model — queue_worker_stopped
13:25:35 [INFO] core.queue_model — queue_worker_stop_requested
15:24:40 [INFO] core.queue_model — new_pallet id=1
15:27:33 [INFO] core.queue_model — hu_added hu=2972626593 pallet=1 origin=ITA
15:27:34 [INFO] core.queue_model — hu_added hu=2972626594 pallet=2 origin=ITA
15:27:35 [INFO] core.queue_model — hu_added hu=2972626564 pallet=3 origin=ITA
15:27:37 [INFO] core.queue_model — hu_added hu=2972626617 pallet=4 origin=ITA
15:27:39 [INFO] core.queue_model — hu_added hu=2972626625 pallet=5 origin=ITA
15:27:46 [INFO] core.queue_model — hu_added hu=2972650746 pallet=6 origin=ITA
15:27:49 [INFO] core.queue_model — hu_added hu=2972642760 pallet=7 origin=ITA
15:28:02 [INFO] core.queue_model — hu_added hu=2972650801 pallet=8 origin=ITA
15:28:06 [INFO] core.queue_model — hu_added hu=2972642979 pallet=9 origin=ITA
15:28:08 [INFO] core.queue_model — hu_added hu=2972626651 pallet=10 origin=ITA
15:28:17 [INFO] core.queue_model — queue_worker_started dynamic_print_mode
15:28:17 [INFO] core.sap_client — sap_connected system=LUP user=LOPEZHJC
15:28:17 [INFO] core.queue_model — queue_worker_sap_connected
15:28:17 [INFO] core.sap_client — setup_phase1_start
15:28:21 [INFO] core.sap_client — tx_opened code=/nZMOVEINBHU current_tx=ZMOVEINBHU
15:28:22 [INFO] core.sap_client — phase1_ready — ctxtP_HU confirmed
15:28:30 [INFO] core.sap_client — hu_phase1_ok hu=2972626593 msg='Packaging data was saved. Material document 7575044632 was created'
15:28:30 [INFO] core.sap_client — setup_phase2_start
15:28:34 [INFO] core.queue_model — hu_added hu=2972626624 pallet=11 origin=ITA
15:28:34 [INFO] core.sap_client — tx_opened code=/nZMMTIJSEP current_tx=ZMMTIJSEP
15:28:34 [INFO] core.sap_client — phase2_ready — txtGV_HU confirmed
15:28:39 [INFO] core.sap_client — hu_phase2_ok hu=2972626593 duration_ms=4820 phase2_wait=3.5
15:28:39 [INFO] core.queue_model — pallet_boundary single_hu pallet=1 accumulated=[1]
15:28:39 [INFO] core.sap_client — setup_phase1_start
15:28:39 [INFO] core.queue_model — hu_added hu=2972626616 pallet=12 origin=ITA
15:28:41 [INFO] core.queue_model — hu_added hu=2972626573 pallet=13 origin=ITA
15:28:43 [INFO] core.sap_client — tx_opened code=/nZMOVEINBHU current_tx=ZMOVEINBHU
15:28:43 [INFO] core.sap_client — phase1_ready — ctxtP_HU confirmed
15:28:47 [WARNING] core.sap_client — hu_phase1_error_alv hu=2972626594 msg='The plant data of the material 0VE1271 is locked by the user FROMCTM'
15:28:49 [WARNING] core.queue_model — hu_skipped_f2 hu=2972626594 reason=The plant data of the material 0VE1271 is locked by the user FROMCTM
15:28:49 [INFO] core.queue_model — pallet_boundary single_hu pallet=2 accumulated=[1, 2]
15:28:57 [INFO] core.sap_client — hu_phase1_ok hu=2972626564 msg='Packaging data was saved. Material document 7575044687 was created'
15:28:57 [WARNING] core.sap_client — phase2_wrong_screen hu=2972626564 — re-navigating
15:28:57 [INFO] core.sap_client — setup_phase2_start
15:29:02 [INFO] core.sap_client — tx_opened code=/nZMMTIJSEP current_tx=ZMMTIJSEP
15:29:02 [INFO] core.sap_client — phase2_ready — txtGV_HU confirmed
15:29:07 [INFO] core.sap_client — hu_phase2_ok hu=2972626564 duration_ms=9859 phase2_wait=3.5
15:29:07 [INFO] core.queue_model — pallet_boundary single_hu pallet=3 accumulated=[1, 2, 3]
15:29:07 [WARNING] core.sap_client — phase1_wrong_screen hu=2972626617 — re-navigating
15:29:07 [INFO] core.sap_client — setup_phase1_start
15:29:11 [INFO] core.sap_client — tx_opened code=/nZMOVEINBHU current_tx=ZMOVEINBHU
15:29:11 [INFO] core.sap_client — phase1_ready — ctxtP_HU confirmed
15:29:20 [INFO] core.sap_client — hu_phase1_ok hu=2972626617 msg='Packaging data was saved. Material document 7575044720 was created'
15:29:20 [WARNING] core.sap_client — phase2_wrong_screen hu=2972626617 — re-navigating
15:29:20 [INFO] core.sap_client — setup_phase2_start
15:29:25 [INFO] core.sap_client — tx_opened code=/nZMMTIJSEP current_tx=ZMMTIJSEP
15:29:25 [INFO] core.sap_client — phase2_ready — txtGV_HU confirmed
15:29:29 [INFO] core.sap_client — hu_phase2_ok hu=2972626617 duration_ms=8777 phase2_wait=3.5
15:29:29 [INFO] core.queue_model — pallet_boundary single_hu pallet=4 accumulated=[1, 2, 3, 4]
15:29:29 [WARNING] core.sap_client — phase1_wrong_screen hu=2972626625 — re-navigating
15:29:29 [INFO] core.sap_client — setup_phase1_start
15:29:33 [INFO] core.sap_client — tx_opened code=/nZMOVEINBHU current_tx=ZMOVEINBHU
15:29:33 [INFO] core.sap_client — phase1_ready — ctxtP_HU confirmed
15:29:42 [INFO] core.sap_client — hu_phase1_ok hu=2972626625 msg='Packaging data was saved. Material document 7575045638 was created'
15:29:42 [WARNING] core.sap_client — phase2_wrong_screen hu=2972626625 — re-navigating
15:29:42 [INFO] core.sap_client — setup_phase2_start
15:29:46 [INFO] core.sap_client — tx_opened code=/nZMMTIJSEP current_tx=ZMMTIJSEP
15:29:46 [INFO] core.sap_client — phase2_ready — txtGV_HU confirmed
15:29:50 [INFO] core.sap_client — hu_phase2_ok hu=2972626625 duration_ms=8577 phase2_wait=3.5
15:29:50 [INFO] core.queue_model — pallet_boundary single_hu pallet=5 accumulated=[1, 2, 3, 4, 5]
15:29:50 [WARNING] core.sap_client — phase1_wrong_screen hu=2972650746 — re-navigating
15:29:50 [INFO] core.sap_client — setup_phase1_start
15:29:55 [INFO] core.sap_client — tx_opened code=/nZMOVEINBHU current_tx=ZMOVEINBHU
15:29:55 [INFO] core.sap_client — phase1_ready — ctxtP_HU confirmed
15:30:01 [INFO] core.sap_client — hu_phase1_ok hu=2972650746 msg='Packaging data was saved. Material document 7575045646 was created'
15:30:01 [WARNING] core.sap_client — phase2_wrong_screen hu=2972650746 — re-navigating
15:30:01 [INFO] core.sap_client — setup_phase2_start
15:30:05 [INFO] core.sap_client — tx_opened code=/nZMMTIJSEP current_tx=ZMMTIJSEP
15:30:05 [INFO] core.sap_client — phase2_ready — txtGV_HU confirmed
15:30:10 [INFO] core.sap_client — hu_phase2_ok hu=2972650746 duration_ms=8619 phase2_wait=3.5
15:30:10 [INFO] core.queue_model — pallet_boundary single_hu pallet=6 accumulated=[1, 2, 3, 4, 5, 6]
15:30:10 [WARNING] core.sap_client — phase1_wrong_screen hu=2972642760 — re-navigating
15:30:10 [INFO] core.sap_client — setup_phase1_start
15:30:14 [INFO] core.sap_client — tx_opened code=/nZMOVEINBHU current_tx=ZMOVEINBHU
15:30:14 [INFO] core.sap_client — phase1_ready — ctxtP_HU confirmed
15:30:20 [INFO] core.sap_client — hu_phase1_ok hu=2972642760 msg='Packaging data was saved. Material document 7575045655 was created'
15:30:20 [WARNING] core.sap_client — phase2_wrong_screen hu=2972642760 — re-navigating
15:30:20 [INFO] core.sap_client — setup_phase2_start
15:30:25 [INFO] core.sap_client — tx_opened code=/nZMMTIJSEP current_tx=ZMMTIJSEP
15:30:25 [INFO] core.sap_client — phase2_ready — txtGV_HU confirmed
15:30:29 [INFO] core.sap_client — hu_phase2_ok hu=2972642760 duration_ms=8658 phase2_wait=3.5
15:30:29 [INFO] core.queue_model — pallet_boundary single_hu pallet=7 accumulated=[1, 2, 3, 4, 5, 6, 7]
15:30:29 [WARNING] core.sap_client — phase1_wrong_screen hu=2972650801 — re-navigating
15:30:29 [INFO] core.sap_client — setup_phase1_start
15:30:33 [INFO] core.sap_client — tx_opened code=/nZMOVEINBHU current_tx=ZMOVEINBHU
15:30:33 [INFO] core.sap_client — phase1_ready — ctxtP_HU confirmed
15:30:40 [INFO] core.sap_client — hu_phase1_ok hu=2972650801 msg='Packaging data was saved. Material document 7575045693 was created'
15:30:40 [WARNING] core.sap_client — phase2_wrong_screen hu=2972650801 — re-navigating
15:30:40 [INFO] core.sap_client — setup_phase2_start
15:30:44 [INFO] core.sap_client — tx_opened code=/nZMMTIJSEP current_tx=ZMMTIJSEP
15:30:44 [INFO] core.sap_client — phase2_ready — txtGV_HU confirmed
15:30:49 [INFO] core.sap_client — hu_phase2_ok hu=2972650801 duration_ms=8626 phase2_wait=3.5
15:30:49 [INFO] core.queue_model — pallet_boundary single_hu pallet=8 accumulated=[1, 2, 3, 4, 5, 6, 7, 8]
15:30:49 [WARNING] core.sap_client — phase1_wrong_screen hu=2972642979 — re-navigating
15:30:49 [INFO] core.sap_client — setup_phase1_start
15:30:53 [INFO] core.sap_client — tx_opened code=/nZMOVEINBHU current_tx=ZMOVEINBHU
15:30:53 [INFO] core.sap_client — phase1_ready — ctxtP_HU confirmed
15:31:02 [INFO] core.sap_client — hu_phase1_ok hu=2972642979 msg='Packaging data was saved. Material document 7575045716 was created'
15:31:02 [WARNING] core.sap_client — phase2_wrong_screen hu=2972642979 — re-navigating
15:31:02 [INFO] core.sap_client — setup_phase2_start
15:31:06 [INFO] core.sap_client — tx_opened code=/nZMMTIJSEP current_tx=ZMMTIJSEP
15:31:06 [INFO] core.sap_client — phase2_ready — txtGV_HU confirmed
15:31:11 [INFO] core.sap_client — hu_phase2_ok hu=2972642979 duration_ms=8790 phase2_wait=3.5
15:31:11 [INFO] core.queue_model — pallet_boundary single_hu pallet=9 accumulated=[1, 2, 3, 4, 5, 6, 7, 8, 9]
15:31:11 [WARNING] core.sap_client — phase1_wrong_screen hu=2972626651 — re-navigating
15:31:11 [INFO] core.sap_client — setup_phase1_start
15:31:15 [INFO] core.sap_client — tx_opened code=/nZMOVEINBHU current_tx=ZMOVEINBHU
15:31:15 [INFO] core.sap_client — phase1_ready — ctxtP_HU confirmed
15:31:26 [INFO] core.sap_client — hu_phase1_ok hu=2972626651 msg='Packaging data was saved. Material document 7575046972 was created'
15:31:26 [WARNING] core.sap_client — phase2_wrong_screen hu=2972626651 — re-navigating
15:31:26 [INFO] core.sap_client — setup_phase2_start
15:31:31 [INFO] core.sap_client — tx_opened code=/nZMMTIJSEP current_tx=ZMMTIJSEP
15:31:31 [INFO] core.sap_client — phase2_ready — txtGV_HU confirmed
15:31:36 [INFO] core.sap_client — hu_phase2_ok hu=2972626651 duration_ms=9488 phase2_wait=3.5
15:31:36 [INFO] core.queue_model — pallet_boundary single_hu pallet=10 accumulated=[1, 2, 3, 4, 5, 6, 7, 8, 9, 10]
15:31:36 [WARNING] core.sap_client — phase1_wrong_screen hu=2972626624 — re-navigating
15:31:36 [INFO] core.sap_client — setup_phase1_start
15:31:40 [INFO] core.sap_client — tx_opened code=/nZMOVEINBHU current_tx=ZMOVEINBHU
15:31:40 [INFO] core.sap_client — phase1_ready — ctxtP_HU confirmed
15:31:48 [INFO] core.sap_client — hu_phase1_ok hu=2972626624 msg='Packaging data was saved. Material document 7575047130 was created'
15:31:48 [WARNING] core.sap_client — phase2_wrong_screen hu=2972626624 — re-navigating
15:31:48 [INFO] core.sap_client — setup_phase2_start
15:31:53 [INFO] core.sap_client — tx_opened code=/nZMMTIJSEP current_tx=ZMMTIJSEP
15:31:53 [INFO] core.sap_client — phase2_ready — txtGV_HU confirmed
15:31:57 [INFO] core.sap_client — hu_phase2_ok hu=2972626624 duration_ms=8693 phase2_wait=3.5
15:31:57 [INFO] core.queue_model — pallet_boundary single_hu pallet=11 accumulated=[1, 2, 3, 4, 5, 6, 7, 8, 9, 10, 11]
15:31:57 [WARNING] core.sap_client — phase1_wrong_screen hu=2972626616 — re-navigating
15:31:57 [INFO] core.sap_client — setup_phase1_start
15:32:01 [INFO] core.sap_client — tx_opened code=/nZMOVEINBHU current_tx=ZMOVEINBHU
15:32:01 [INFO] core.sap_client — phase1_ready — ctxtP_HU confirmed
15:32:10 [INFO] core.sap_client — hu_phase1_ok hu=2972626616 msg='Packaging data was saved. Material document 7575047171 was created'
15:32:10 [WARNING] core.sap_client — phase2_wrong_screen hu=2972626616 — re-navigating
15:32:10 [INFO] core.sap_client — setup_phase2_start
15:32:15 [INFO] core.sap_client — tx_opened code=/nZMMTIJSEP current_tx=ZMMTIJSEP
15:32:15 [INFO] core.sap_client — phase2_ready — txtGV_HU confirmed
15:32:17 [INFO] core.queue_model — hu_added hu=T10045830539 pallet=14 origin=CNA
15:32:19 [INFO] core.sap_client — hu_phase2_ok hu=2972626616 duration_ms=8731 phase2_wait=3.5
15:32:19 [INFO] core.queue_model — pallet_boundary single_hu pallet=12 accumulated=[1, 2, 3, 4, 5, 6, 7, 8, 9, 10, 11, 12]
15:32:19 [WARNING] core.sap_client — phase1_wrong_screen hu=2972626573 — re-navigating
15:32:19 [INFO] core.sap_client — setup_phase1_start
15:32:23 [INFO] core.queue_model — hu_added hu=T10045830534 pallet=14 origin=CNA
15:32:24 [INFO] core.sap_client — tx_opened code=/nZMOVEINBHU current_tx=ZMOVEINBHU
15:32:24 [INFO] core.sap_client — phase1_ready — ctxtP_HU confirmed
15:32:30 [INFO] core.sap_client — hu_phase1_ok hu=2972626573 msg='Packaging data was saved. Material document 7575047185 was created'
15:32:30 [WARNING] core.sap_client — phase2_wrong_screen hu=2972626573 — re-navigating
15:32:30 [INFO] core.sap_client — setup_phase2_start
15:32:34 [INFO] core.sap_client — tx_opened code=/nZMMTIJSEP current_tx=ZMMTIJSEP
15:32:34 [INFO] core.sap_client — phase2_ready — txtGV_HU confirmed
15:32:38 [INFO] core.queue_model — hu_added hu=T10045863731 pallet=14 origin=CNA
15:32:38 [INFO] core.sap_client — hu_phase2_ok hu=2972626573 duration_ms=8769 phase2_wait=3.5
15:32:38 [INFO] core.queue_model — pallet_boundary single_hu pallet=13 accumulated=[1, 2, 3, 4, 5, 6, 7, 8, 9, 10, 11, 12, 13]
15:32:38 [WARNING] core.sap_client — phase1_wrong_screen hu=T10045830539 — re-navigating
15:32:38 [INFO] core.sap_client — setup_phase1_start
15:32:43 [INFO] core.sap_client — tx_opened code=/nZMOVEINBHU current_tx=ZMOVEINBHU
15:32:43 [INFO] core.sap_client — phase1_ready — ctxtP_HU confirmed
15:32:46 [INFO] core.sap_client — hu_phase1_ok hu=T10045830539 msg='Packaging data was saved. Material document 7575047200 was created'
15:32:46 [WARNING] core.sap_client — phase2_wrong_screen hu=T10045830539 — re-navigating
15:32:46 [INFO] core.sap_client — setup_phase2_start
15:32:50 [INFO] core.sap_client — tx_opened code=/nZMMTIJSEP current_tx=ZMMTIJSEP
15:32:50 [INFO] core.sap_client — phase2_ready — txtGV_HU confirmed
15:32:50 [INFO] core.queue_model — hu_added hu=T10045830806 pallet=14 origin=CNA
15:32:51 [INFO] core.queue_model — hu_added hu=T10045830808 pallet=14 origin=CNA
15:32:52 [INFO] core.sap_client — hu_phase2_ok hu=T10045830539 duration_ms=6055 phase2_wait=1.0
15:32:52 [WARNING] core.sap_client — phase1_wrong_screen hu=T10045830534 — re-navigating
15:32:52 [INFO] core.sap_client — setup_phase1_start
15:32:56 [INFO] core.queue_model — hu_added hu=T10045830538 pallet=14 origin=CNA
15:32:56 [INFO] core.sap_client — tx_opened code=/nZMOVEINBHU current_tx=ZMOVEINBHU
15:32:56 [INFO] core.sap_client — phase1_ready — ctxtP_HU confirmed
15:32:59 [INFO] core.sap_client — hu_phase1_ok hu=T10045830534 msg='Packaging data was saved. Material document 7575047206 was created'
15:32:59 [WARNING] core.sap_client — phase2_wrong_screen hu=T10045830534 — re-navigating
15:32:59 [INFO] core.sap_client — setup_phase2_start
15:33:04 [INFO] core.sap_client — tx_opened code=/nZMMTIJSEP current_tx=ZMMTIJSEP
15:33:04 [INFO] core.sap_client — phase2_ready — txtGV_HU confirmed
15:33:05 [INFO] core.sap_client — hu_phase2_ok hu=T10045830534 duration_ms=6099 phase2_wait=1.0
15:33:05 [WARNING] core.sap_client — phase1_wrong_screen hu=T10045863731 — re-navigating
15:33:05 [INFO] core.sap_client — setup_phase1_start
15:33:10 [INFO] core.sap_client — tx_opened code=/nZMOVEINBHU current_tx=ZMOVEINBHU
15:33:10 [INFO] core.sap_client — phase1_ready — ctxtP_HU confirmed
15:33:12 [INFO] core.sap_client — hu_phase1_ok hu=T10045863731 msg='Packaging data was saved. Material document 7575047219 was created'
15:33:12 [WARNING] core.sap_client — phase2_wrong_screen hu=T10045863731 — re-navigating
15:33:12 [INFO] core.sap_client — setup_phase2_start
15:33:17 [INFO] core.sap_client — tx_opened code=/nZMMTIJSEP current_tx=ZMMTIJSEP
15:33:17 [INFO] core.sap_client — phase2_ready — txtGV_HU confirmed
15:33:18 [INFO] core.sap_client — hu_phase2_ok hu=T10045863731 duration_ms=5981 phase2_wait=1.0
15:33:18 [WARNING] core.sap_client — phase1_wrong_screen hu=T10045830806 — re-navigating
15:33:18 [INFO] core.sap_client — setup_phase1_start
15:33:23 [INFO] core.sap_client — tx_opened code=/nZMOVEINBHU current_tx=ZMOVEINBHU
15:33:23 [INFO] core.sap_client — phase1_ready — ctxtP_HU confirmed
15:33:25 [INFO] core.sap_client — hu_phase1_ok hu=T10045830806 msg='Packaging data was saved. Material document 7575047738 was created'
15:33:25 [WARNING] core.sap_client — phase2_wrong_screen hu=T10045830806 — re-navigating
15:33:25 [INFO] core.sap_client — setup_phase2_start
15:33:30 [INFO] core.sap_client — tx_opened code=/nZMMTIJSEP current_tx=ZMMTIJSEP
15:33:30 [INFO] core.sap_client — phase2_ready — txtGV_HU confirmed
15:33:31 [INFO] core.sap_client — hu_phase2_ok hu=T10045830806 duration_ms=5989 phase2_wait=1.0
15:33:31 [WARNING] core.sap_client — phase1_wrong_screen hu=T10045830808 — re-navigating
15:33:31 [INFO] core.sap_client — setup_phase1_start
15:33:36 [INFO] core.sap_client — tx_opened code=/nZMOVEINBHU current_tx=ZMOVEINBHU
15:33:36 [INFO] core.sap_client — phase1_ready — ctxtP_HU confirmed
15:33:38 [INFO] core.sap_client — hu_phase1_ok hu=T10045830808 msg='Packaging data was saved. Material document 7575047756 was created'
15:33:38 [WARNING] core.sap_client — phase2_wrong_screen hu=T10045830808 — re-navigating
15:33:38 [INFO] core.sap_client — setup_phase2_start
15:33:42 [INFO] core.sap_client — tx_opened code=/nZMMTIJSEP current_tx=ZMMTIJSEP
15:33:42 [INFO] core.sap_client — phase2_ready — txtGV_HU confirmed
15:33:44 [INFO] core.sap_client — hu_phase2_ok hu=T10045830808 duration_ms=6159 phase2_wait=1.0
15:33:44 [WARNING] core.sap_client — phase1_wrong_screen hu=T10045830538 — re-navigating
15:33:44 [INFO] core.sap_client — setup_phase1_start
15:33:47 [INFO] core.queue_model — new_pallet id=15
15:33:49 [INFO] core.sap_client — tx_opened code=/nZMOVEINBHU current_tx=ZMOVEINBHU
15:33:49 [INFO] core.sap_client — phase1_ready — ctxtP_HU confirmed
15:33:51 [INFO] core.sap_client — hu_phase1_ok hu=T10045830538 msg='Packaging data was saved. Material document 7575047776 was created'
15:33:51 [WARNING] core.sap_client — phase2_wrong_screen hu=T10045830538 — re-navigating
15:33:51 [INFO] core.sap_client — setup_phase2_start
15:33:55 [INFO] core.sap_client — tx_opened code=/nZMMTIJSEP current_tx=ZMMTIJSEP
15:33:55 [INFO] core.sap_client — phase2_ready — txtGV_HU confirmed
15:33:57 [INFO] core.sap_client — hu_phase2_ok hu=T10045830538 duration_ms=6053 phase2_wait=1.0
15:33:57 [INFO] core.queue_model — pallet_boundary multi_hu pallet=14 count=6 hu_codes=['T10045830539', 'T10045830534', 'T10045863731', 'T10045830806', 'T10045830808', 'T10045830538']
15:34:01 [INFO] core.sap_client — tx_opened code=/nSP01 current_tx=SP01
15:34:04 [INFO] core.queue_model — hu_added hu=T10045831919 pallet=15 origin=CNA
15:34:04 [INFO] core.sap_client — sp01_scan start scroll_max=0
15:34:05 [INFO] core.sap_client — sp01_scan_done pending=6 completed=0 hu_filter=['T10045830539', 'T10045830534', 'T10045863731', 'T10045830806', 'T10045830808', 'T10045830538']
15:34:05 [INFO] core.sap_client — sp01_attempt=0 pending=6 completed=0 expected=6
15:34:05 [INFO] core.queue_model — hu_added hu=T10045863883 pallet=15 origin=CNA
15:34:05 [INFO] core.sap_client — sp01_marked scroll=0 row=4 title=CN-CON-003_T10045830538_20260407223356
15:34:05 [INFO] core.sap_client — sp01_marked scroll=0 row=6 title=CN-CON-003_T10045830808_20260407223343
15:34:05 [INFO] core.sap_client — sp01_marked scroll=0 row=8 title=CN-CON-003_T10045830806_20260407223330
15:34:05 [INFO] core.sap_client — sp01_marked scroll=0 row=10 title=CN-CON-003_T10045863731_20260407223317
15:34:05 [INFO] core.sap_client — sp01_marked scroll=0 row=12 title=CN-CON-003_T10045830534_20260407223304
15:34:06 [INFO] core.sap_client — sp01_marked scroll=0 row=14 title=CN-CON-003_T10045830539_20260407223250
15:34:06 [INFO] core.sap_client — sp01_mark_done total_marked=6
15:34:06 [INFO] core.queue_model — hu_added hu=T10045830881 pallet=15 origin=CNA
15:34:07 [INFO] core.queue_model — hu_added hu=T10045830889 pallet=15 origin=CNA
15:34:07 [INFO] core.print_watcher — print_watcher_started idle_timeout=12.0s
15:34:08 [INFO] core.sap_client — sp01_print_confirmed via=btn[25] marked=6
15:34:09 [INFO] core.sap_client — sp01_pallet_done result={'status': 'ok', 'message': 'SP01 OK — 6 spool(s) impreso(s)', 'marked': 6} hu_codes=['T10045830539', 'T10045830534', 'T10045863731', 'T10045830806', 'T10045830808', 'T10045830538']
15:34:09 [INFO] core.queue_model — waiting_for_print_watcher...
15:34:09 [INFO] core.print_watcher — method1_BM_CLICK ok_hwnd=1708814
15:34:09 [INFO] core.print_watcher — confirm_success method=BM_CLICK hwnd=4526604
15:34:09 [INFO] core.print_watcher — print_dialog_confirmed count=1
15:34:10 [INFO] core.print_watcher — method1_BM_CLICK ok_hwnd=2624274
15:34:10 [INFO] core.print_watcher — confirm_success method=BM_CLICK hwnd=6098172
15:34:10 [INFO] core.print_watcher — print_dialog_confirmed count=2
15:34:11 [INFO] core.print_watcher — method1_BM_CLICK ok_hwnd=6295556
15:34:11 [INFO] core.print_watcher — confirm_success method=BM_CLICK hwnd=7344050
15:34:11 [INFO] core.print_watcher — print_dialog_confirmed count=3
15:34:13 [INFO] core.print_watcher — method1_BM_CLICK ok_hwnd=2755346
15:34:13 [INFO] core.print_watcher — confirm_success method=BM_CLICK hwnd=8328060
15:34:13 [INFO] core.print_watcher — print_dialog_confirmed count=4
15:34:14 [INFO] core.print_watcher — method1_BM_CLICK ok_hwnd=6426628
15:34:14 [INFO] core.print_watcher — confirm_success method=BM_CLICK hwnd=6489536
15:34:14 [INFO] core.print_watcher — print_dialog_confirmed count=5
15:34:15 [INFO] core.print_watcher — method1_BM_CLICK ok_hwnd=2886418
15:34:16 [INFO] core.print_watcher — confirm_success method=BM_CLICK hwnd=6425852
15:34:16 [INFO] core.print_watcher — print_dialog_confirmed count=6
15:34:19 [INFO] core.queue_model — hu_added hu=T10045831918 pallet=15 origin=CNA
15:34:20 [INFO] core.queue_model — hu_added hu=T10045863885 pallet=15 origin=CNA
15:34:21 [INFO] core.queue_model — hu_added hu=T10045830890 pallet=15 origin=CNA
15:34:22 [INFO] core.queue_model — hu_added hu=T10045837582 pallet=15 origin=CNA
15:34:23 [INFO] core.queue_model — hu_added hu=T10045865521 pallet=15 origin=CNA
15:34:28 [INFO] core.print_watcher — print_watcher_idle_timeout confirmed=6
15:34:28 [INFO] core.print_watcher — print_watcher_stopped confirmed=6
15:34:28 [INFO] core.queue_model — print_watcher_finished confirmed=6
15:34:28 [INFO] core.queue_model — sp01_pallet_result={'status': 'ok', 'message': 'SP01 OK — 6 spool(s) impreso(s)', 'marked': 6} print_dialogs_confirmed=6
15:34:28 [INFO] core.queue_model — flush_single_hu_pallets pallets=[1, 2, 3, 4, 5, 6, 7, 8, 9, 10, 11, 12, 13] hu_codes=['2972626593', '2972626594', '2972626564', '2972626617', '2972626625', '2972650746', '2972642760', '2972650801', '2972642979', '2972626651', '2972626624', '2972626616', '2972626573']
15:34:32 [INFO] core.sap_client — tx_opened code=/nSP01 current_tx=SP01
15:34:35 [INFO] core.sap_client — sp01_scan start scroll_max=0
15:34:35 [INFO] core.sap_client — sp01_scan_done pending=11 completed=0 hu_filter=['2972626593', '2972626594', '2972626564', '2972626617', '2972626625', '2972650746', '2972642760', '2972650801', '2972642979', '2972626651', '2972626624', '2972626616', '2972626573']
15:34:35 [INFO] core.sap_client — sp01_attempt=0 pending=11 completed=0 expected=0
15:34:36 [INFO] core.sap_client — sp01_marked scroll=0 row=16 title=CN-CON-003_00000000002972626573_20260407223235
15:34:36 [INFO] core.sap_client — sp01_marked scroll=0 row=18 title=CN-CON-003_00000000002972626616_20260407223215
15:34:36 [INFO] core.sap_client — sp01_marked scroll=0 row=20 title=CN-CON-003_00000000002972626651_20260407223132
15:34:36 [INFO] core.sap_client — sp01_marked scroll=0 row=22 title=CN-CON-003_00000000002972626624_20260407223153
15:34:36 [INFO] core.sap_client — sp01_marked scroll=0 row=24 title=CN-CON-003_00000000002972642979_20260407223107
15:34:36 [INFO] core.sap_client — sp01_marked scroll=0 row=26 title=CN-CON-003_00000000002972650801_20260407223045
15:34:37 [INFO] core.sap_client — sp01_marked scroll=0 row=28 title=CN-CON-003_00000000002972642760_20260407223025
15:34:37 [INFO] core.sap_client — sp01_marked scroll=0 row=30 title=CN-CON-003_00000000002972650746_20260407223006
15:34:37 [INFO] core.sap_client — sp01_marked scroll=0 row=32 title=CN-CON-003_00000000002972626625_20260407222947
15:34:37 [INFO] core.sap_client — sp01_marked scroll=0 row=34 title=CN-CON-003_00000000002972626617_20260407222925
15:34:37 [INFO] core.sap_client — sp01_marked scroll=0 row=36 title=CN-CON-003_00000000002972626564_20260407222902
15:34:37 [INFO] core.sap_client — sp01_mark_done total_marked=11
15:34:39 [INFO] core.print_watcher — print_watcher_started idle_timeout=12.0s
15:34:39 [INFO] core.sap_client — sp01_print_confirmed via=btn[25] marked=11
15:34:40 [INFO] core.sap_client — sp01_global_done result={'status': 'ok', 'message': 'SP01 OK — 11 spool(s) impreso(s)', 'marked': 11}
15:34:40 [INFO] core.queue_model — waiting_for_print_watcher...
15:34:40 [INFO] core.print_watcher — method1_BM_CLICK ok_hwnd=2102030
15:34:41 [INFO] core.print_watcher — confirm_success method=BM_CLICK hwnd=4588260
15:34:41 [INFO] core.print_watcher — print_dialog_confirmed count=1
15:34:42 [INFO] core.print_watcher — method1_BM_CLICK ok_hwnd=3017490
15:34:42 [INFO] core.print_watcher — confirm_success method=BM_CLICK hwnd=5379326
15:34:42 [INFO] core.print_watcher — print_dialog_confirmed count=2
15:34:43 [INFO] core.print_watcher — method1_BM_CLICK ok_hwnd=6688772
15:34:43 [INFO] core.print_watcher — confirm_success method=BM_CLICK hwnd=5181840
15:34:43 [INFO] core.print_watcher — print_dialog_confirmed count=3
15:34:44 [INFO] core.print_watcher — method1_BM_CLICK ok_hwnd=3148562
15:34:45 [INFO] core.print_watcher — confirm_success method=BM_CLICK hwnd=2561494
15:34:45 [INFO] core.print_watcher — print_dialog_confirmed count=4
15:34:46 [INFO] core.queue_model — hu_added hu=T10045830826 pallet=15 origin=CNA
15:34:46 [INFO] core.print_watcher — method1_BM_CLICK ok_hwnd=6819844
15:34:46 [INFO] core.print_watcher — confirm_success method=BM_CLICK hwnd=2033140
15:34:46 [INFO] core.print_watcher — print_dialog_confirmed count=5
15:34:47 [INFO] core.print_watcher — method1_BM_CLICK ok_hwnd=3279634
15:34:48 [INFO] core.print_watcher — confirm_success method=BM_CLICK hwnd=5178084
15:34:48 [INFO] core.print_watcher — print_dialog_confirmed count=6
15:34:48 [INFO] core.queue_model — hu_added hu=T10045830878 pallet=15 origin=CNA
15:34:49 [INFO] core.print_watcher — method1_BM_CLICK ok_hwnd=6950916
15:34:49 [INFO] core.print_watcher — confirm_success method=BM_CLICK hwnd=5509520
15:34:49 [INFO] core.print_watcher — print_dialog_confirmed count=7
15:34:49 [WARNING] core.queue_model — hu_duplicate_scan hu=T10045830890
15:34:50 [INFO] core.print_watcher — method1_BM_CLICK ok_hwnd=3410706
15:34:50 [INFO] core.print_watcher — confirm_success method=BM_CLICK hwnd=7016452
15:34:50 [INFO] core.print_watcher — print_dialog_confirmed count=8
15:34:51 [INFO] core.print_watcher — method1_BM_CLICK ok_hwnd=5312512
15:34:51 [INFO] core.print_watcher — confirm_success method=BM_CLICK hwnd=5772542
15:34:51 [INFO] core.print_watcher — print_dialog_confirmed count=9
15:34:53 [INFO] core.print_watcher — method1_BM_CLICK ok_hwnd=3541778
15:34:53 [INFO] core.print_watcher — confirm_success method=BM_CLICK hwnd=3216854
15:34:53 [INFO] core.print_watcher — print_dialog_confirmed count=10
15:34:54 [INFO] core.print_watcher — method1_BM_CLICK ok_hwnd=3735726
15:34:54 [INFO] core.print_watcher — confirm_success method=BM_CLICK hwnd=8654770
15:34:54 [INFO] core.print_watcher — print_dialog_confirmed count=11
15:34:54 [WARNING] core.queue_model — hu_duplicate_scan hu=T10045863885
15:35:02 [WARNING] core.queue_model — hu_duplicate_scan hu=T10045831918
15:35:06 [WARNING] core.queue_model — hu_duplicate_scan hu=T10045837582
15:35:06 [INFO] core.print_watcher — print_watcher_idle_timeout confirmed=11
15:35:06 [INFO] core.print_watcher — print_watcher_stopped confirmed=11
15:35:06 [INFO] core.queue_model — print_watcher_finished confirmed=11
15:35:06 [INFO] core.queue_model — sp01_flush_result={'status': 'ok', 'message': 'SP01 OK — 11 spool(s) impreso(s)', 'marked': 11} print_dialogs_confirmed=11
15:35:06 [INFO] core.queue_model — queue_worker_stopped
15:35:06 [INFO] core.queue_model — queue_worker_stop_requested
15:35:16 [INFO] core.queue_model — hu_added hu=T10045836618 pallet=15 origin=CNA
15:36:40 [INFO] core.queue_model — queue_worker_started dynamic_print_mode
15:36:40 [INFO] core.sap_client — sap_connected system=LUP user=LOPEZHJC
15:36:40 [INFO] core.queue_model — queue_worker_sap_connected
15:36:40 [INFO] core.sap_client — setup_phase1_start
15:36:44 [INFO] core.sap_client — tx_opened code=/nZMOVEINBHU current_tx=ZMOVEINBHU
15:36:44 [INFO] core.sap_client — phase1_ready — ctxtP_HU confirmed
15:36:47 [INFO] core.sap_client — hu_phase1_ok hu=T10045831919 msg='Packaging data was saved. Material document 7575048974 was created'
15:36:47 [INFO] core.sap_client — setup_phase2_start
15:36:51 [INFO] core.sap_client — tx_opened code=/nZMMTIJSEP current_tx=ZMMTIJSEP
15:36:51 [INFO] core.sap_client — phase2_ready — txtGV_HU confirmed
15:36:53 [INFO] core.sap_client — hu_phase2_ok hu=T10045831919 duration_ms=1804 phase2_wait=1.0
15:36:53 [INFO] core.sap_client — setup_phase1_start
15:36:57 [INFO] core.sap_client — tx_opened code=/nZMOVEINBHU current_tx=ZMOVEINBHU
15:36:57 [INFO] core.sap_client — phase1_ready — ctxtP_HU confirmed
15:37:00 [INFO] core.sap_client — hu_phase1_ok hu=T10045863883 msg='Packaging data was saved. Material document 7575048983 was created'
15:37:00 [WARNING] core.sap_client — phase2_wrong_screen hu=T10045863883 — re-navigating
15:37:00 [INFO] core.sap_client — setup_phase2_start
15:37:05 [INFO] core.sap_client — tx_opened code=/nZMMTIJSEP current_tx=ZMMTIJSEP
15:37:05 [INFO] core.sap_client — phase2_ready — txtGV_HU confirmed
15:37:07 [INFO] core.sap_client — hu_phase2_ok hu=T10045863883 duration_ms=6336 phase2_wait=1.0
15:37:07 [WARNING] core.sap_client — phase1_wrong_screen hu=T10045830881 — re-navigating
15:37:07 [INFO] core.sap_client — setup_phase1_start
15:37:11 [INFO] core.sap_client — tx_opened code=/nZMOVEINBHU current_tx=ZMOVEINBHU
15:37:11 [INFO] core.sap_client — phase1_ready — ctxtP_HU confirmed
15:37:14 [INFO] core.sap_client — hu_phase1_ok hu=T10045830881 msg='Packaging data was saved. Material document 7575048987 was created'
15:37:14 [WARNING] core.sap_client — phase2_wrong_screen hu=T10045830881 — re-navigating
15:37:14 [INFO] core.sap_client — setup_phase2_start
15:37:18 [INFO] core.sap_client — tx_opened code=/nZMMTIJSEP current_tx=ZMMTIJSEP
15:37:18 [INFO] core.sap_client — phase2_ready — txtGV_HU confirmed
15:37:20 [INFO] core.sap_client — hu_phase2_ok hu=T10045830881 duration_ms=6285 phase2_wait=1.0
15:37:20 [WARNING] core.sap_client — phase1_wrong_screen hu=T10045830889 — re-navigating
15:37:20 [INFO] core.sap_client — setup_phase1_start
15:37:25 [INFO] core.sap_client — tx_opened code=/nZMOVEINBHU current_tx=ZMOVEINBHU
15:37:25 [INFO] core.sap_client — phase1_ready — ctxtP_HU confirmed
15:37:28 [INFO] core.sap_client — hu_phase1_ok hu=T10045830889 msg='Packaging data was saved. Material document 7575048992 was created'
15:37:28 [WARNING] core.sap_client — phase2_wrong_screen hu=T10045830889 — re-navigating
15:37:28 [INFO] core.sap_client — setup_phase2_start
15:37:32 [INFO] core.sap_client — tx_opened code=/nZMMTIJSEP current_tx=ZMMTIJSEP
15:37:32 [INFO] core.sap_client — phase2_ready — txtGV_HU confirmed
15:37:34 [INFO] core.sap_client — hu_phase2_ok hu=T10045830889 duration_ms=6244 phase2_wait=1.0
15:37:34 [WARNING] core.sap_client — phase1_wrong_screen hu=T10045831918 — re-navigating
15:37:34 [INFO] core.sap_client — setup_phase1_start
15:37:38 [INFO] core.sap_client — tx_opened code=/nZMOVEINBHU current_tx=ZMOVEINBHU
15:37:38 [INFO] core.sap_client — phase1_ready — ctxtP_HU confirmed
15:37:41 [INFO] core.sap_client — hu_phase1_ok hu=T10045831918 msg='Packaging data was saved. Material document 7575049000 was created'
15:37:41 [WARNING] core.sap_client — phase2_wrong_screen hu=T10045831918 — re-navigating
15:37:41 [INFO] core.sap_client — setup_phase2_start
15:37:45 [INFO] core.sap_client — tx_opened code=/nZMMTIJSEP current_tx=ZMMTIJSEP
15:37:45 [INFO] core.sap_client — phase2_ready — txtGV_HU confirmed
15:37:47 [INFO] core.sap_client — hu_phase2_ok hu=T10045831918 duration_ms=6187 phase2_wait=1.0
15:37:47 [WARNING] core.sap_client — phase1_wrong_screen hu=T10045863885 — re-navigating
15:37:47 [INFO] core.sap_client — setup_phase1_start
15:37:52 [INFO] core.sap_client — tx_opened code=/nZMOVEINBHU current_tx=ZMOVEINBHU
15:37:52 [INFO] core.sap_client — phase1_ready — ctxtP_HU confirmed
15:37:54 [INFO] core.sap_client — hu_phase1_ok hu=T10045863885 msg='Packaging data was saved. Material document 7575049007 was created'
15:37:54 [WARNING] core.sap_client — phase2_wrong_screen hu=T10045863885 — re-navigating
15:37:54 [INFO] core.sap_client — setup_phase2_start
15:37:59 [INFO] core.sap_client — tx_opened code=/nZMMTIJSEP current_tx=ZMMTIJSEP
15:37:59 [INFO] core.sap_client — phase2_ready — txtGV_HU confirmed
15:38:00 [INFO] core.sap_client — hu_phase2_ok hu=T10045863885 duration_ms=6222 phase2_wait=1.0
15:38:00 [WARNING] core.sap_client — phase1_wrong_screen hu=T10045830890 — re-navigating
15:38:00 [INFO] core.sap_client — setup_phase1_start
15:38:05 [INFO] core.sap_client — tx_opened code=/nZMOVEINBHU current_tx=ZMOVEINBHU
15:38:05 [INFO] core.sap_client — phase1_ready — ctxtP_HU confirmed
15:38:07 [INFO] core.sap_client — hu_phase1_ok hu=T10045830890 msg='Packaging data was saved. Material document 7575049011 was created'
15:38:07 [WARNING] core.sap_client — phase2_wrong_screen hu=T10045830890 — re-navigating
15:38:07 [INFO] core.sap_client — setup_phase2_start
15:38:12 [INFO] core.sap_client — tx_opened code=/nZMMTIJSEP current_tx=ZMMTIJSEP
15:38:12 [INFO] core.sap_client — phase2_ready — txtGV_HU confirmed
15:38:14 [INFO] core.sap_client — hu_phase2_ok hu=T10045830890 duration_ms=6241 phase2_wait=1.0
15:38:14 [WARNING] core.sap_client — phase1_wrong_screen hu=T10045837582 — re-navigating
15:38:14 [INFO] core.sap_client — setup_phase1_start
15:38:18 [INFO] core.sap_client — tx_opened code=/nZMOVEINBHU current_tx=ZMOVEINBHU
15:38:18 [INFO] core.sap_client — phase1_ready — ctxtP_HU confirmed
15:38:20 [INFO] core.sap_client — hu_phase1_ok hu=T10045837582 msg='Packaging data was saved. Material document 7575049018 was created'
15:38:20 [WARNING] core.sap_client — phase2_wrong_screen hu=T10045837582 — re-navigating
15:38:20 [INFO] core.sap_client — setup_phase2_start
15:38:25 [INFO] core.sap_client — tx_opened code=/nZMMTIJSEP current_tx=ZMMTIJSEP
15:38:25 [INFO] core.sap_client — phase2_ready — txtGV_HU confirmed
15:38:27 [INFO] core.sap_client — hu_phase2_ok hu=T10045837582 duration_ms=6121 phase2_wait=1.0
15:38:27 [WARNING] core.sap_client — phase1_wrong_screen hu=T10045865521 — re-navigating
15:38:27 [INFO] core.sap_client — setup_phase1_start
15:38:31 [INFO] core.sap_client — tx_opened code=/nZMOVEINBHU current_tx=ZMOVEINBHU
15:38:31 [INFO] core.sap_client — phase1_ready — ctxtP_HU confirmed
15:38:34 [INFO] core.sap_client — hu_phase1_ok hu=T10045865521 msg='Packaging data was saved. Material document 7575049024 was created'
15:38:34 [WARNING] core.sap_client — phase2_wrong_screen hu=T10045865521 — re-navigating
15:38:34 [INFO] core.sap_client — setup_phase2_start
15:38:39 [INFO] core.sap_client — tx_opened code=/nZMMTIJSEP current_tx=ZMMTIJSEP
15:38:39 [INFO] core.sap_client — phase2_ready — txtGV_HU confirmed
15:38:41 [INFO] core.sap_client — hu_phase2_ok hu=T10045865521 duration_ms=6377 phase2_wait=1.0
15:38:41 [WARNING] core.sap_client — phase1_wrong_screen hu=T10045830826 — re-navigating
15:38:41 [INFO] core.sap_client — setup_phase1_start
15:38:45 [INFO] core.sap_client — tx_opened code=/nZMOVEINBHU current_tx=ZMOVEINBHU
15:38:45 [INFO] core.sap_client — phase1_ready — ctxtP_HU confirmed
15:38:48 [INFO] core.sap_client — hu_phase1_ok hu=T10045830826 msg='Packaging data was saved. Material document 7575051434 was created'
15:38:48 [WARNING] core.sap_client — phase2_wrong_screen hu=T10045830826 — re-navigating
15:38:48 [INFO] core.sap_client — setup_phase2_start
15:38:53 [INFO] core.sap_client — tx_opened code=/nZMMTIJSEP current_tx=ZMMTIJSEP
15:38:53 [INFO] core.sap_client — phase2_ready — txtGV_HU confirmed
15:38:54 [INFO] core.sap_client — hu_phase2_ok hu=T10045830826 duration_ms=6196 phase2_wait=1.0
15:38:54 [WARNING] core.sap_client — phase1_wrong_screen hu=T10045830878 — re-navigating
15:38:54 [INFO] core.sap_client — setup_phase1_start
15:38:59 [INFO] core.sap_client — tx_opened code=/nZMOVEINBHU current_tx=ZMOVEINBHU
15:38:59 [INFO] core.sap_client — phase1_ready — ctxtP_HU confirmed
15:39:02 [INFO] core.sap_client — hu_phase1_ok hu=T10045830878 msg='Packaging data was saved. Material document 7575051441 was created'
15:39:02 [WARNING] core.sap_client — phase2_wrong_screen hu=T10045830878 — re-navigating
15:39:02 [INFO] core.sap_client — setup_phase2_start
15:39:07 [INFO] core.sap_client — tx_opened code=/nZMMTIJSEP current_tx=ZMMTIJSEP
15:39:07 [INFO] core.sap_client — phase2_ready — txtGV_HU confirmed
15:39:08 [INFO] core.sap_client — hu_phase2_ok hu=T10045830878 duration_ms=6307 phase2_wait=1.0
15:39:08 [WARNING] core.sap_client — phase1_wrong_screen hu=T10045836618 — re-navigating
15:39:08 [INFO] core.sap_client — setup_phase1_start
15:39:13 [INFO] core.sap_client — tx_opened code=/nZMOVEINBHU current_tx=ZMOVEINBHU
15:39:13 [INFO] core.sap_client — phase1_ready — ctxtP_HU confirmed
15:39:17 [INFO] core.sap_client — hu_phase1_ok hu=T10045836618 msg='Packaging data was saved. Material document 7575051449 was created'
15:39:17 [WARNING] core.sap_client — phase2_wrong_screen hu=T10045836618 — re-navigating
15:39:17 [INFO] core.sap_client — setup_phase2_start
15:39:21 [INFO] core.sap_client — tx_opened code=/nZMMTIJSEP current_tx=ZMMTIJSEP
15:39:21 [INFO] core.sap_client — phase2_ready — txtGV_HU confirmed
15:39:23 [INFO] core.sap_client — hu_phase2_ok hu=T10045836618 duration_ms=6314 phase2_wait=1.0
15:39:23 [INFO] core.queue_model — pallet_boundary multi_hu pallet=15 count=12 hu_codes=['T10045831919', 'T10045863883', 'T10045830881', 'T10045830889', 'T10045831918', 'T10045863885', 'T10045830890', 'T10045837582', 'T10045865521', 'T10045830826', 'T10045830878', 'T10045836618']
15:39:27 [INFO] core.sap_client — tx_opened code=/nSP01 current_tx=SP01
15:39:30 [INFO] core.sap_client — sp01_scan start scroll_max=20
15:39:43 [INFO] core.sap_client — sp01_scan_done pending=11 completed=0 hu_filter=['T10045831919', 'T10045863883', 'T10045830881', 'T10045830889', 'T10045831918', 'T10045863885', 'T10045830890', 'T10045837582', 'T10045865521', 'T10045830826', 'T10045830878', 'T10045836618']
15:39:43 [INFO] core.sap_client — sp01_attempt=0 pending=11 completed=0 expected=12
15:39:43 [WARNING] core.sap_client — sp01_waiting_spools attempt=1/40 pending=11 completed=0 expected=12 — refresh in 1.5s
15:39:46 [INFO] core.sap_client — sp01_scan start scroll_max=22
15:39:47 [INFO] core.sap_client — sp01_scan_done pending=12 completed=0 hu_filter=['T10045831919', 'T10045863883', 'T10045830881', 'T10045830889', 'T10045831918', 'T10045863885', 'T10045830890', 'T10045837582', 'T10045865521', 'T10045830826', 'T10045830878', 'T10045836618']
15:39:47 [INFO] core.sap_client — sp01_attempt=1 pending=12 completed=0 expected=12
15:39:48 [INFO] core.sap_client — sp01_marked scroll=0 row=4 title=CN-CON-003_T10045836618_20260407223922
15:39:48 [INFO] core.sap_client — sp01_marked scroll=0 row=6 title=CN-CON-003_T10045830878_20260407223907
15:39:49 [INFO] core.sap_client — sp01_marked scroll=0 row=8 title=CN-CON-003_T10045830826_20260407223853
15:39:49 [INFO] core.sap_client — sp01_marked scroll=0 row=10 title=CN-CON-003_T10045865521_20260407223839
15:39:50 [INFO] core.sap_client — sp01_marked scroll=0 row=12 title=CN-CON-003_T10045837582_20260407223825
15:39:50 [INFO] core.sap_client — sp01_marked scroll=0 row=14 title=CN-CON-003_T10045830890_20260407223812
15:39:50 [INFO] core.sap_client — sp01_marked scroll=0 row=16 title=CN-CON-003_T10045863885_20260407223759
15:39:51 [INFO] core.sap_client — sp01_marked scroll=0 row=18 title=CN-CON-003_T10045831918_20260407223746
15:39:51 [INFO] core.sap_client — sp01_marked scroll=0 row=20 title=CN-CON-003_T10045830889_20260407223733
15:39:52 [INFO] core.sap_client — sp01_marked scroll=0 row=22 title=CN-CON-003_T10045830881_20260407223719
15:39:52 [INFO] core.sap_client — sp01_marked scroll=0 row=24 title=CN-CON-003_T10045863883_20260407223705
15:39:52 [INFO] core.sap_client — sp01_marked scroll=0 row=26 title=CN-CON-003_T10045831919_20260407223652
15:39:53 [INFO] core.sap_client — sp01_mark_done total_marked=12
15:39:54 [INFO] core.print_watcher — print_watcher_started idle_timeout=12.0s
15:39:55 [INFO] core.sap_client — sp01_print_confirmed via=btn[25] marked=12
15:39:56 [INFO] core.sap_client — sp01_pallet_done result={'status': 'ok', 'message': 'SP01 OK — 12 spool(s) impreso(s)', 'marked': 12} hu_codes=['T10045831919', 'T10045863883', 'T10045830881', 'T10045830889', 'T10045831918', 'T10045863885', 'T10045830890', 'T10045837582', 'T10045865521', 'T10045830826', 'T10045830878', 'T10045836618']
15:39:56 [INFO] core.queue_model — waiting_for_print_watcher...
15:39:56 [INFO] core.print_watcher — method1_BM_CLICK ok_hwnd=3346616
15:39:56 [INFO] core.print_watcher — confirm_success method=BM_CLICK hwnd=4199194
15:39:56 [INFO] core.print_watcher — print_dialog_confirmed count=1
15:39:58 [INFO] core.print_watcher — method1_BM_CLICK ok_hwnd=2625084
15:39:58 [INFO] core.print_watcher — confirm_success method=BM_CLICK hwnd=7343376
15:39:58 [INFO] core.print_watcher — print_dialog_confirmed count=2
15:39:59 [INFO] core.print_watcher — method1_BM_CLICK ok_hwnd=6753522
15:39:59 [INFO] core.print_watcher — confirm_success method=BM_CLICK hwnd=1969548
15:39:59 [INFO] core.print_watcher — print_dialog_confirmed count=3
15:40:00 [INFO] core.print_watcher — method1_BM_CLICK ok_hwnd=2756156
15:40:01 [INFO] core.print_watcher — confirm_success method=BM_CLICK hwnd=9966460
15:40:01 [INFO] core.print_watcher — print_dialog_confirmed count=4
15:40:02 [INFO] core.print_watcher — method1_BM_CLICK ok_hwnd=7015666
15:40:02 [INFO] core.print_watcher — confirm_success method=BM_CLICK hwnd=4197500
15:40:02 [INFO] core.print_watcher — print_dialog_confirmed count=5
15:40:03 [INFO] core.print_watcher — method1_BM_CLICK ok_hwnd=6229870
15:40:03 [INFO] core.print_watcher — confirm_success method=BM_CLICK hwnd=7016176
15:40:03 [INFO] core.print_watcher — print_dialog_confirmed count=6
15:40:04 [INFO] core.print_watcher — method1_BM_CLICK ok_hwnd=10490686
15:40:04 [INFO] core.print_watcher — confirm_success method=BM_CLICK hwnd=4330166
15:40:04 [INFO] core.print_watcher — print_dialog_confirmed count=7
15:40:06 [INFO] core.print_watcher — method1_BM_CLICK ok_hwnd=3018300
15:40:06 [INFO] core.print_watcher — confirm_success method=BM_CLICK hwnd=9899482
15:40:06 [INFO] core.print_watcher — print_dialog_confirmed count=8
15:40:07 [INFO] core.print_watcher — method1_BM_CLICK ok_hwnd=10621758
15:40:07 [INFO] core.print_watcher — confirm_success method=BM_CLICK hwnd=2624908
15:40:07 [INFO] core.print_watcher — print_dialog_confirmed count=9
15:40:08 [INFO] core.print_watcher — method1_BM_CLICK ok_hwnd=3149372
15:40:09 [INFO] core.print_watcher — confirm_success method=BM_CLICK hwnd=8654222
15:40:09 [INFO] core.print_watcher — print_dialog_confirmed count=10
15:40:10 [INFO] core.print_watcher — method1_BM_CLICK ok_hwnd=10752830
15:40:10 [INFO] core.print_watcher — confirm_success method=BM_CLICK hwnd=4788918
15:40:10 [INFO] core.print_watcher — print_dialog_confirmed count=11
15:40:11 [INFO] core.print_watcher — method1_BM_CLICK ok_hwnd=3280444
15:40:11 [INFO] core.print_watcher — confirm_success method=BM_CLICK hwnd=10818366
15:40:11 [INFO] core.print_watcher — print_dialog_confirmed count=12
15:40:23 [INFO] core.print_watcher — print_watcher_idle_timeout confirmed=12
15:40:23 [INFO] core.print_watcher — print_watcher_stopped confirmed=12
15:40:24 [INFO] core.queue_model — print_watcher_finished confirmed=12
15:40:24 [INFO] core.queue_model — sp01_pallet_result={'status': 'ok', 'message': 'SP01 OK — 12 spool(s) impreso(s)', 'marked': 12} print_dialogs_confirmed=12
15:40:24 [INFO] core.queue_model — queue_worker_stopped
15:40:24 [INFO] core.queue_model — queue_worker_stop_requested
15:47:59 [INFO] core.queue_model — hu_added hu=T10045830555 pallet=15 origin=CNA
15:48:00 [INFO] core.queue_model — hu_added hu=T10045830608 pallet=15 origin=CNA
15:48:02 [INFO] core.queue_model — queue_worker_started dynamic_print_mode
15:48:02 [INFO] core.sap_client — sap_connected system=LUP user=LOPEZHJC
15:48:02 [INFO] core.queue_model — queue_worker_sap_connected
15:48:02 [INFO] core.sap_client — setup_phase1_start
15:48:07 [INFO] core.sap_client — tx_opened code=/nZMOVEINBHU current_tx=ZMOVEINBHU
15:48:07 [INFO] core.sap_client — phase1_ready — ctxtP_HU confirmed
15:48:10 [INFO] core.sap_client — hu_phase1_ok hu=T10045830555 msg='Packaging data was saved. Material document 7575054866 was created'
15:48:10 [INFO] core.sap_client — setup_phase2_start
15:48:14 [INFO] core.sap_client — tx_opened code=/nZMMTIJSEP current_tx=ZMMTIJSEP
15:48:14 [INFO] core.sap_client — phase2_ready — txtGV_HU confirmed
15:48:16 [INFO] core.sap_client — hu_phase2_ok hu=T10045830555 duration_ms=1787 phase2_wait=1.0
15:48:16 [INFO] core.sap_client — setup_phase1_start
15:48:20 [INFO] core.sap_client — tx_opened code=/nZMOVEINBHU current_tx=ZMOVEINBHU
15:48:20 [INFO] core.sap_client — phase1_ready — ctxtP_HU confirmed
15:48:23 [INFO] core.sap_client — hu_phase1_ok hu=T10045830608 msg='Packaging data was saved. Material document 7575054882 was created'
15:48:23 [WARNING] core.sap_client — phase2_wrong_screen hu=T10045830608 — re-navigating
15:48:23 [INFO] core.sap_client — setup_phase2_start
15:48:28 [INFO] core.sap_client — tx_opened code=/nZMMTIJSEP current_tx=ZMMTIJSEP
15:48:28 [INFO] core.sap_client — phase2_ready — txtGV_HU confirmed
15:48:30 [INFO] core.sap_client — hu_phase2_ok hu=T10045830608 duration_ms=6241 phase2_wait=1.0
15:48:30 [INFO] core.queue_model — pallet_boundary multi_hu pallet=15 count=14 hu_codes=['T10045831919', 'T10045863883', 'T10045830881', 'T10045830889', 'T10045831918', 'T10045863885', 'T10045830890', 'T10045837582', 'T10045865521', 'T10045830826', 'T10045830878', 'T10045836618', 'T10045830555', 'T10045830608']
15:48:34 [INFO] core.sap_client — tx_opened code=/nSP01 current_tx=SP01
15:48:37 [INFO] core.sap_client — sp01_scan start scroll_max=26
15:48:38 [INFO] core.sap_client — sp01_scan_done pending=2 completed=12 hu_filter=['T10045831919', 'T10045863883', 'T10045830881', 'T10045830889', 'T10045831918', 'T10045863885', 'T10045830890', 'T10045837582', 'T10045865521', 'T10045830826', 'T10045830878', 'T10045836618', 'T10045830555', 'T10045830608']
15:48:38 [INFO] core.sap_client — sp01_attempt=0 pending=2 completed=12 expected=14
15:48:38 [INFO] core.sap_client — sp01_marked scroll=0 row=4 title=CN-CON-003_T10045830608_20260407224828
15:48:39 [INFO] core.sap_client — sp01_marked scroll=0 row=6 title=CN-CON-003_T10045830555_20260407224815
15:48:39 [INFO] core.sap_client — sp01_mark_done total_marked=2
15:48:41 [INFO] core.print_watcher — print_watcher_started idle_timeout=12.0s
15:48:41 [INFO] core.sap_client — sp01_print_confirmed via=btn[25] marked=2
15:48:42 [INFO] core.print_watcher — method1_BM_CLICK ok_hwnd=5443702
15:48:42 [INFO] core.sap_client — sp01_pallet_done result={'status': 'ok', 'message': 'SP01 OK — 2 spool(s) impreso(s)', 'marked': 2} hu_codes=['T10045831919', 'T10045863883', 'T10045830881', 'T10045830889', 'T10045831918', 'T10045863885', 'T10045830890', 'T10045837582', 'T10045865521', 'T10045830826', 'T10045830878', 'T10045836618', 'T10045830555', 'T10045830608']
15:48:42 [INFO] core.queue_model — waiting_for_print_watcher...
15:48:42 [INFO] core.print_watcher — confirm_success method=BM_CLICK hwnd=7868144
15:48:42 [INFO] core.print_watcher — print_dialog_confirmed count=1
15:48:44 [INFO] core.print_watcher — method1_BM_CLICK ok_hwnd=4198566
15:48:44 [INFO] core.print_watcher — confirm_success method=BM_CLICK hwnd=3804716
15:48:44 [INFO] core.print_watcher — print_dialog_confirmed count=2
15:48:56 [INFO] core.print_watcher — print_watcher_idle_timeout confirmed=2
15:48:56 [INFO] core.print_watcher — print_watcher_stopped confirmed=2
15:48:56 [INFO] core.queue_model — print_watcher_finished confirmed=2
15:48:56 [INFO] core.queue_model — sp01_pallet_result={'status': 'ok', 'message': 'SP01 OK — 2 spool(s) impreso(s)', 'marked': 2} print_dialogs_confirmed=2
15:48:56 [INFO] core.queue_model — queue_worker_stopped
15:48:56 [INFO] core.queue_model — queue_worker_stop_requested
15:57:17 [INFO] core.queue_model — queue_worker_stop_requested
06:42:14 [INFO] core.queue_model — hu_added hu=T10045837524 pallet=15 origin=CNA
06:42:18 [INFO] core.queue_model — remove_hu hu=T10045837524 pallet=15
06:42:20 [INFO] core.queue_model — new_pallet id=16
06:42:24 [INFO] core.queue_model — hu_added hu=T10045837524 pallet=16 origin=CNA
06:42:25 [INFO] core.queue_model — queue_worker_started dynamic_print_mode
06:42:25 [INFO] core.sap_client — sap_connected system=LUP user=
06:42:25 [INFO] core.queue_model — queue_worker_sap_connected
06:42:25 [INFO] core.sap_client — setup_phase1_start
06:42:30 [INFO] core.sap_client — tx_opened code=/nZMOVEINBHU current_tx=S000
06:42:30 [WARNING] core.sap_client — tree_not_found path=wnd[0]/usr/cntlIMAGE_CONTAINER/shellcont/shell/shellcont[0]/shell
06:42:30 [WARNING] core.sap_client — phase1_field_not_visible sbar='This function is not possible'
06:42:30 [WARNING] core.sap_client — phase1_wrong_screen hu=T10045837524 — re-navigating
06:42:30 [INFO] core.sap_client — setup_phase1_start
06:42:35 [INFO] core.sap_client — tx_opened code=/nZMOVEINBHU current_tx=S000
06:42:35 [WARNING] core.sap_client — tree_not_found path=wnd[0]/usr/cntlIMAGE_CONTAINER/shellcont/shell/shellcont[0]/shell
06:42:35 [WARNING] core.sap_client — phase1_field_not_visible sbar='This function is not possible'
06:42:35 [WARNING] core.queue_model — hu_skipped_f2 hu=T10045837524 reason=No se encontró campo HU. SAP: 'This function is not possible'
06:42:35 [INFO] core.queue_model — pallet_boundary multi_hu pallet=15 count=14 hu_codes=['T10045831919', 'T10045863883', 'T10045830881', 'T10045830889', 'T10045831918', 'T10045863885', 'T10045830890', 'T10045837582', 'T10045865521', 'T10045830826', 'T10045830878', 'T10045836618', 'T10045830555', 'T10045830608']
06:42:39 [INFO] core.sap_client — tx_opened code=/nSP01 current_tx=S000
06:42:40 [ERROR] core.sap_client — sp01_pallet_error error=(-2147352567, 'Exception occurred.', (617, 'SAP Frontend Server', 'The virtual key is not enabled.', None, 0, 0), None) hu_codes=['T10045831919', 'T10045863883', 'T10045830881', 'T10045830889', 'T10045831918', 'T10045863885', 'T10045830890', 'T10045837582', 'T10045865521', 'T10045830826', 'T10045830878', 'T10045836618', 'T10045830555', 'T10045830608']
06:42:40 [INFO] core.queue_model — waiting_for_print_watcher...
06:42:40 [INFO] core.queue_model — print_watcher_finished confirmed=2
06:42:40 [INFO] core.queue_model — sp01_pallet_result={'status': 'error', 'message': "SP01 ERROR: (-2147352567, 'Exception occurred.', (617, 'SAP Frontend Server', 'The virtual key is not enabled.', None, 0, 0), None)", 'marked': 0} print_dialogs_confirmed=2
