06:11:36 [INFO] core.queue_model — new_pallet id=1
06:12:38 [INFO] core.queue_model — hu_added hu=TH0000256700 pallet=1 origin=THA
06:12:41 [INFO] core.queue_model — queue_worker_started dynamic_print_mode
06:12:41 [INFO] core.sap_client — sap_connected system=LUP user=LOPEZHJC
06:12:41 [INFO] core.queue_model — queue_worker_sap_connected
06:12:41 [INFO] core.sap_client — setup_phase1_start
06:12:46 [INFO] core.sap_client — tx_opened code=/nZMOVEINBHU current_tx=ZMOVEINBHU
06:12:46 [INFO] core.sap_client — phase1_ready — ctxtP_HU confirmed
06:12:49 [WARNING] core.sap_client — hu_phase1_error_alv hu=TH0000256700 msg='@5C@ Deficit of BA Unrestricted-use 10.00 NR : 0RX3582V MX03 Z322 0107155709'
06:12:50 [WARNING] core.queue_model — hu_skipped_f2 hu=TH0000256700 reason=@5C@ Deficit of BA Unrestricted-use 10.00 NR : 0RX3582V MX03 Z322 0107155709
06:12:50 [INFO] core.queue_model — pallet_boundary single_hu pallet=1 accumulated=[1]
06:12:50 [INFO] core.queue_model — flush_single_hu_pallets pallets=[1] hu_codes=['TH0000256700']
06:12:55 [INFO] core.sap_client — tx_opened code=/nSP01 current_tx=SP01
06:13:00 [WARNING] core.sap_client — sp01_no_rows_found | filter=['TH0000256700'] | filas_leidas=[ninguna]
06:13:00 [INFO] core.sap_client — sp01_global_done result={'status': 'error', 'message': 'No se encontraron spools pendientes', 'marked': 0}
06:13:00 [INFO] core.queue_model — queue_worker_stopped
06:13:00 [INFO] core.queue_model — queue_worker_stop_requested
06:13:31 [INFO] core.queue_model — new_pallet id=1
06:13:39 [INFO] core.queue_model — hu_added hu=TH0000256700 pallet=1 origin=THA
06:13:42 [INFO] core.queue_model — queue_worker_started dynamic_print_mode
06:13:42 [INFO] core.sap_client — sap_connected system=LUP user=LOPEZHJC
06:13:42 [INFO] core.queue_model — queue_worker_sap_connected
06:13:42 [INFO] core.sap_client — setup_phase1_start
06:13:48 [INFO] core.sap_client — tx_opened code=/nZMOVEINBHU current_tx=ZMOVEINBHU
06:13:48 [INFO] core.sap_client — phase1_ready — ctxtP_HU confirmed
06:13:50 [WARNING] core.sap_client — hu_phase1_error_alv hu=TH0000256700 msg='@5C@ Deficit of BA Unrestricted-use 10.00 NR : 0RX3582V MX03 Z322 0107155709'
06:13:52 [WARNING] core.queue_model — hu_skipped_f2 hu=TH0000256700 reason=@5C@ Deficit of BA Unrestricted-use 10.00 NR : 0RX3582V MX03 Z322 0107155709
06:13:52 [INFO] core.queue_model — pallet_boundary single_hu pallet=1 accumulated=[1]
06:13:52 [INFO] core.queue_model — flush_single_hu_pallets pallets=[1] hu_codes=['TH0000256700']
06:13:58 [INFO] core.sap_client — tx_opened code=/nSP01 current_tx=SP01
06:14:02 [WARNING] core.sap_client — sp01_no_rows_found | filter=['TH0000256700'] | filas_leidas=[ninguna]
06:14:02 [INFO] core.sap_client — sp01_global_done result={'status': 'error', 'message': 'No se encontraron spools pendientes', 'marked': 0}
06:14:02 [INFO] core.queue_model — queue_worker_stopped
06:14:02 [INFO] core.queue_model — queue_worker_stop_requested
06:14:34 [INFO] core.queue_model — new_pallet id=1
06:14:43 [INFO] core.queue_model — hu_added hu=TH0000256700 pallet=1 origin=THA
06:14:43 [INFO] core.queue_model — queue_worker_started dynamic_print_mode
06:14:43 [INFO] core.sap_client — sap_connected system=LUP user=LOPEZHJC
06:14:43 [INFO] core.queue_model — queue_worker_sap_connected
06:14:43 [INFO] core.sap_client — setup_phase1_start
06:14:49 [INFO] core.sap_client — tx_opened code=/nZMOVEINBHU current_tx=ZMOVEINBHU
06:14:49 [INFO] core.sap_client — phase1_ready — ctxtP_HU confirmed
06:14:52 [WARNING] core.sap_client — hu_phase1_error_alv hu=TH0000256700 msg='@5C@ Deficit of BA Unrestricted-use 10.00 NR : 0RX3582V MX03 Z322 0107155709'
06:14:53 [WARNING] core.queue_model — hu_skipped_f2 hu=TH0000256700 reason=@5C@ Deficit of BA Unrestricted-use 10.00 NR : 0RX3582V MX03 Z322 0107155709
06:14:53 [INFO] core.queue_model — pallet_boundary single_hu pallet=1 accumulated=[1]
06:14:53 [INFO] core.queue_model — flush_single_hu_pallets pallets=[1] hu_codes=['TH0000256700']
06:14:59 [INFO] core.sap_client — tx_opened code=/nSP01 current_tx=SP01
06:15:03 [WARNING] core.sap_client — sp01_no_rows_found | filter=['TH0000256700'] | filas_leidas=[ninguna]
06:15:03 [INFO] core.sap_client — sp01_global_done result={'status': 'error', 'message': 'No se encontraron spools pendientes', 'marked': 0}
06:15:03 [INFO] core.queue_model — queue_worker_stopped
06:15:03 [INFO] core.queue_model — queue_worker_stop_requested
06:17:50 [INFO] core.queue_model — new_pallet id=1
06:22:28 [INFO] core.queue_model — new_pallet id=1
06:44:53 [INFO] core.queue_model — new_pallet id=1
06:46:03 [INFO] core.queue_model — hu_added hu=T10045786743 pallet=1 origin=CNA
06:46:07 [INFO] core.queue_model — hu_added hu=T10045848443 pallet=1 origin=CNA
06:46:09 [INFO] core.queue_model — hu_added hu=T10045855233 pallet=1 origin=CNA
06:46:13 [INFO] core.queue_model — hu_added hu=T10045850147 pallet=1 origin=CNA
06:46:16 [INFO] core.queue_model — hu_added hu=T10045556933 pallet=1 origin=CNA
06:46:19 [INFO] core.queue_model — hu_added hu=T10045831108 pallet=1 origin=CNA
06:46:20 [WARNING] core.queue_model — hu_duplicate_scan hu=T10045831108
06:46:21 [WARNING] core.queue_model — hu_duplicate_scan hu=T10045831108
06:46:21 [WARNING] core.queue_model — hu_duplicate_scan hu=T10045831108
06:46:22 [WARNING] core.queue_model — hu_duplicate_scan hu=T10045831108
06:46:22 [WARNING] core.queue_model — hu_duplicate_scan hu=T10045831108
06:46:23 [WARNING] core.queue_model — hu_duplicate_scan hu=T10045831108
06:46:23 [WARNING] core.queue_model — hu_duplicate_scan hu=T10045831108
06:46:26 [INFO] core.queue_model — hu_added hu=T10045786650 pallet=1 origin=CNA
06:46:30 [INFO] core.queue_model — hu_added hu=T10045831106 pallet=1 origin=CNA
06:46:33 [INFO] core.queue_model — hu_added hu=T10045786735 pallet=1 origin=CNA
06:46:35 [INFO] core.queue_model — hu_added hu=T10045548822 pallet=1 origin=CNA
06:46:39 [INFO] core.queue_model — hu_added hu=T10045857692 pallet=1 origin=CNA
06:46:42 [INFO] core.queue_model — hu_added hu=T10045788331 pallet=1 origin=CNA
06:46:45 [INFO] core.queue_model — hu_added hu=T10045857690 pallet=1 origin=CNA
06:46:47 [INFO] core.queue_model — hu_added hu=T10045788206 pallet=1 origin=CNA
06:46:54 [INFO] core.queue_model — hu_added hu=T10045788225 pallet=1 origin=CNA
06:51:11 [INFO] core.queue_model — new_pallet id=1
06:51:22 [INFO] core.queue_model — hu_added hu=TH0000268037 pallet=1 origin=THA
06:51:25 [INFO] core.queue_model — hu_added hu=TH0000268090 pallet=1 origin=THA
06:51:29 [INFO] core.queue_model — hu_added hu=TH0000267998 pallet=1 origin=THA
06:51:32 [INFO] core.queue_model — hu_added hu=TH0000268006 pallet=1 origin=THA
06:51:36 [INFO] core.queue_model — hu_added hu=v pallet=2 origin=UNK
06:51:43 [INFO] core.queue_model — hu_added hu=TH0000268036 pallet=3 origin=THA
06:52:04 [INFO] core.queue_model — hu_added hu=TH0000268111 pallet=3 origin=THA
06:52:08 [INFO] core.queue_model — hu_added hu=TH0000268021 pallet=3 origin=THA
06:52:12 [INFO] core.queue_model — hu_added hu=TH0000267996 pallet=3 origin=THA
06:52:15 [INFO] core.queue_model — hu_added hu=TH0000267997 pallet=3 origin=THA
06:52:18 [INFO] core.queue_model — hu_added hu=TH0000268115 pallet=3 origin=THA
06:52:21 [INFO] core.queue_model — hu_added hu=TH0000268007 pallet=3 origin=THA
06:52:24 [INFO] core.queue_model — hu_added hu=TH0000268010 pallet=3 origin=THA
06:52:28 [INFO] core.queue_model — hu_added hu=TH0000268054 pallet=3 origin=THA
06:52:33 [INFO] core.queue_model — hu_added hu=TH0000268011 pallet=3 origin=THA
06:52:38 [INFO] core.queue_model — hu_added hu=TH0000268338 pallet=3 origin=THA
06:53:17 [INFO] core.queue_model — hu_added hu=TH0000268177 pallet=3 origin=THA
06:53:22 [INFO] core.queue_model — hu_added hu=TH0000268300 pallet=3 origin=THA
06:53:33 [INFO] core.queue_model — new_pallet id=4
06:55:50 [INFO] core.queue_model — new_pallet id=1
06:56:06 [INFO] core.queue_model — hu_added hu=TH0000268338 pallet=1 origin=THA
06:56:09 [INFO] core.queue_model — hu_added hu=TH0000268177 pallet=1 origin=THA
06:56:12 [INFO] core.queue_model — hu_added hu=TH0000268300 pallet=1 origin=THA
06:56:16 [INFO] core.queue_model — hu_added hu=TH0000268247 pallet=1 origin=THA
06:56:19 [INFO] core.queue_model — hu_added hu=TH0000268298 pallet=1 origin=THA
06:56:23 [INFO] core.queue_model — hu_added hu=TH0000268350 pallet=1 origin=THA
06:56:26 [INFO] core.queue_model — hu_added hu=TH0000268352 pallet=1 origin=THA
06:56:31 [INFO] core.queue_model — hu_added hu=TH0000268178 pallet=1 origin=THA
06:56:38 [INFO] core.queue_model — hu_added hu=TH0000268161 pallet=1 origin=THA
06:56:42 [INFO] core.queue_model — hu_added hu=TH0000268386 pallet=1 origin=THA
06:56:52 [INFO] core.queue_model — new_pallet id=2
06:56:59 [INFO] core.queue_model — hu_added hu=TH0000268249 pallet=2 origin=THA
06:57:03 [INFO] core.queue_model — hu_added hu=TH0000268294 pallet=2 origin=THA
06:57:07 [INFO] core.queue_model — hu_added hu=TH0000268295 pallet=2 origin=THA
06:57:11 [INFO] core.queue_model — hu_added hu=TH0000268385 pallet=2 origin=THA
06:57:18 [INFO] core.queue_model — hu_added hu=TH0000268175 pallet=2 origin=THA
06:57:23 [INFO] core.queue_model — hu_added hu=TH0000267581 pallet=2 origin=THA
06:57:27 [INFO] core.queue_model — hu_added hu=TH0000267607 pallet=2 origin=THA
06:57:31 [INFO] core.queue_model — hu_added hu=TH0000267583 pallet=2 origin=THA
06:57:36 [INFO] core.queue_model — hu_added hu=TH0000267582 pallet=2 origin=THA
06:57:41 [INFO] core.queue_model — hu_added hu=TH0000267584 pallet=2 origin=THA
07:03:41 [INFO] core.queue_model — new_pallet id=1
07:04:01 [INFO] core.queue_model — hu_added hu=12345678910 pallet=1 origin=UNK
07:04:07 [INFO] core.queue_model — hu_added hu=1234567891011 pallet=1 origin=UNK
07:06:18 [INFO] core.queue_model — new_pallet id=1
07:06:43 [INFO] core.queue_model — hu_added hu=TH0000268090 pallet=1 origin=THA
07:06:45 [INFO] core.queue_model — new_pallet id=2
07:06:52 [INFO] core.queue_model — hu_added hu=C1012089475 pallet=2 origin=BRA/ATL
07:06:55 [INFO] core.queue_model — new_pallet id=3
07:07:00 [INFO] core.queue_model — hu_added hu=T10045556933 pallet=3 origin=CNA
07:07:15 [INFO] core.queue_model — hu_added hu=T10045831108 pallet=3 origin=CNA
07:07:28 [INFO] core.queue_model — free_pallet_id=2 (disponible para reutilizar)
07:08:54 [INFO] core.queue_model — new_pallet id=1
07:09:21 [INFO] core.queue_model — new_pallet id=1
07:09:27 [INFO] core.queue_model — hu_added hu=T10045848443 pallet=1 origin=CNA
07:09:31 [INFO] core.queue_model — hu_added hu=C1012089479 pallet=2 origin=BRA/ATL
07:09:34 [INFO] core.queue_model — hu_added hu=T10045850174 pallet=3 origin=CNA
07:09:38 [INFO] core.queue_model — hu_added hu=T10045786650 pallet=3 origin=CNA
07:09:49 [INFO] core.queue_model — free_pallet_id=2 (disponible para reutilizar)
07:09:53 [INFO] core.queue_model — new_pallet id=2 (reutilizado)
07:10:00 [INFO] core.queue_model — hu_added hu=T10045786735 pallet=2 origin=CNA
07:10:03 [INFO] core.queue_model — new_pallet id=4
07:10:10 [INFO] core.queue_model — hu_added hu=T10045850147 pallet=4 origin=CNA
07:10:16 [INFO] core.queue_model — free_pallet_id=2 (disponible para reutilizar)
07:10:25 [INFO] core.queue_model — new_pallet id=2 (reutilizado)
07:19:37 [INFO] core.queue_model — new_pallet id=1
07:19:59 [INFO] core.queue_model — new_pallet id=1
07:25:02 [INFO] core.queue_model — new_pallet id=1
07:26:02 [INFO] core.queue_model — new_pallet id=1
07:27:21 [INFO] core.queue_model — new_pallet id=1
07:33:37 [INFO] core.queue_model — new_pallet id=1
07:34:00 [INFO] core.queue_model — new_pallet id=1
07:35:01 [INFO] core.queue_model — new_pallet id=1
07:37:04 [INFO] core.queue_model — new_pallet id=1
07:39:13 [INFO] core.queue_model — new_pallet id=1
07:39:57 [INFO] core.queue_model — new_pallet id=1
07:41:39 [INFO] core.queue_model — new_pallet id=1
07:43:54 [INFO] core.queue_model — new_pallet id=1
07:48:36 [INFO] core.queue_model — new_pallet id=1
07:50:10 [INFO] core.queue_model — new_pallet id=1
07:50:25 [INFO] core.queue_model — new_pallet id=1
07:50:39 [INFO] core.queue_model — new_pallet id=1
07:50:49 [INFO] core.queue_model — new_pallet id=1
07:51:10 [INFO] core.queue_model — new_pallet id=1
07:51:25 [INFO] core.queue_model — new_pallet id=1
07:51:47 [INFO] core.queue_model — new_pallet id=1
07:54:55 [INFO] core.queue_model — new_pallet id=1
07:56:28 [INFO] core.queue_model — new_pallet id=1
07:56:52 [INFO] core.queue_model — new_pallet id=1
07:58:23 [INFO] core.queue_model — new_pallet id=1
07:59:18 [INFO] core.queue_model — new_pallet id=1
08:00:54 [INFO] core.queue_model — hu_added hu=TH0000256700 pallet=1 origin=THA
08:00:56 [INFO] core.queue_model — queue_worker_started dynamic_print_mode
08:00:56 [INFO] core.sap_client — sap_connected system=LUP user=LOPEZHJC
08:00:56 [INFO] core.queue_model — queue_worker_sap_connected
08:00:56 [INFO] core.sap_client — setup_phase1_start
08:01:02 [INFO] core.sap_client — tx_opened code=/nZMOVEINBHU current_tx=ZMOVEINBHU
08:01:02 [INFO] core.sap_client — phase1_ready — ctxtP_HU confirmed
08:01:04 [WARNING] core.sap_client — hu_phase1_error_alv hu=TH0000256700 msg='@5C@ Deficit of BA Unrestricted-use 10.00 NR : 0RX3582V MX03 Z322 0107155709'
08:01:05 [WARNING] core.queue_model — hu_skipped_f2 hu=TH0000256700 reason=@5C@ Deficit of BA Unrestricted-use 10.00 NR : 0RX3582V MX03 Z322 0107155709
08:01:05 [INFO] core.queue_model — pallet_boundary single_hu pallet=1 accumulated=[1]
08:01:05 [INFO] core.queue_model — flush_single_hu_pallets pallets=[1] hu_codes=['TH0000256700']
08:01:11 [INFO] core.sap_client — tx_opened code=/nSP01 current_tx=SP01
08:01:15 [WARNING] core.sap_client — sp01_no_rows_found | filter=['TH0000256700'] | filas_leidas=[ninguna]
08:01:15 [INFO] core.sap_client — sp01_global_done result={'status': 'error', 'message': 'No se encontraron spools pendientes', 'marked': 0}
08:01:15 [INFO] core.queue_model — queue_worker_stopped
08:01:15 [INFO] core.queue_model — queue_worker_stop_requested
08:01:32 [INFO] core.queue_model — new_pallet id=1
08:01:35 [INFO] core.queue_model — hu_added hu=TH0000256700 pallet=1 origin=THA
08:01:37 [INFO] core.queue_model — queue_worker_started dynamic_print_mode
08:01:37 [INFO] core.sap_client — sap_connected system=LUP user=LOPEZHJC
08:01:37 [INFO] core.queue_model — queue_worker_sap_connected
08:01:37 [INFO] core.sap_client — setup_phase1_start
08:01:43 [INFO] core.sap_client — tx_opened code=/nZMOVEINBHU current_tx=ZMOVEINBHU
08:01:43 [INFO] core.sap_client — phase1_ready — ctxtP_HU confirmed
08:01:45 [WARNING] core.sap_client — hu_phase1_error_alv hu=TH0000256700 msg='@5C@ Deficit of BA Unrestricted-use 10.00 NR : 0RX3582V MX03 Z322 0107155709'
08:01:46 [WARNING] core.queue_model — hu_skipped_f2 hu=TH0000256700 reason=@5C@ Deficit of BA Unrestricted-use 10.00 NR : 0RX3582V MX03 Z322 0107155709
08:01:46 [INFO] core.queue_model — pallet_boundary single_hu pallet=1 accumulated=[1]
08:01:46 [INFO] core.queue_model — flush_single_hu_pallets pallets=[1] hu_codes=['TH0000256700']
08:01:52 [INFO] core.sap_client — tx_opened code=/nSP01 current_tx=SP01
08:01:57 [WARNING] core.sap_client — sp01_no_rows_found | filter=['TH0000256700'] | filas_leidas=[ninguna]
08:01:57 [INFO] core.sap_client — sp01_global_done result={'status': 'error', 'message': 'No se encontraron spools pendientes', 'marked': 0}
08:01:57 [INFO] core.queue_model — queue_worker_stopped
08:01:58 [INFO] core.queue_model — queue_worker_stop_requested
08:03:05 [INFO] core.queue_model — new_pallet id=1
08:03:13 [INFO] core.queue_model — hu_added hu=TH0000256700 pallet=1 origin=THA
08:03:16 [INFO] core.queue_model — queue_worker_started dynamic_print_mode
08:03:17 [INFO] core.sap_client — sap_connected system=LUP user=LOPEZHJC
08:03:17 [INFO] core.queue_model — queue_worker_sap_connected
08:03:17 [INFO] core.sap_client — setup_phase1_start
08:03:22 [INFO] core.sap_client — tx_opened code=/nZMOVEINBHU current_tx=ZMOVEINBHU
08:03:22 [INFO] core.sap_client — phase1_ready — ctxtP_HU confirmed
08:03:25 [WARNING] core.sap_client — hu_phase1_error_alv hu=TH0000256700 msg='@5C@ Deficit of BA Unrestricted-use 10.00 NR : 0RX3582V MX03 Z322 0107155709'
08:03:27 [WARNING] core.queue_model — hu_skipped_f2 hu=TH0000256700 reason=@5C@ Deficit of BA Unrestricted-use 10.00 NR : 0RX3582V MX03 Z322 0107155709
08:03:27 [INFO] core.queue_model — pallet_boundary single_hu pallet=1 accumulated=[1]
08:03:27 [INFO] core.queue_model — flush_single_hu_pallets pallets=[1] hu_codes=['TH0000256700']
08:03:32 [INFO] core.sap_client — tx_opened code=/nSP01 current_tx=SP01
08:04:42 [INFO] core.queue_model — new_pallet id=1
08:05:08 [INFO] core.queue_model — new_pallet id=1
08:05:36 [INFO] core.queue_model — hu_added hu=TH0000256700 pallet=1 origin=THA
08:05:38 [INFO] core.queue_model — queue_worker_started dynamic_print_mode
08:05:38 [INFO] core.sap_client — sap_connected system=LUP user=LOPEZHJC
08:05:38 [INFO] core.queue_model — queue_worker_sap_connected
08:05:38 [INFO] core.sap_client — setup_phase1_start
08:05:43 [INFO] core.sap_client — tx_opened code=/nZMOVEINBHU current_tx=ZMOVEINBHU
08:05:43 [INFO] core.sap_client — phase1_ready — ctxtP_HU confirmed
08:05:46 [WARNING] core.sap_client — hu_phase1_error_alv hu=TH0000256700 msg='@5C@ Deficit of BA Unrestricted-use 10.00 NR : 0RX3582V MX03 Z322 0107155709'
08:05:47 [WARNING] core.queue_model — hu_skipped_f2 hu=TH0000256700 reason=@5C@ Deficit of BA Unrestricted-use 10.00 NR : 0RX3582V MX03 Z322 0107155709
08:05:47 [INFO] core.queue_model — pallet_boundary single_hu pallet=1 accumulated=[1]
08:05:47 [INFO] core.queue_model — flush_single_hu_pallets pallets=[1] hu_codes=['TH0000256700']
08:05:53 [INFO] core.sap_client — tx_opened code=/nSP01 current_tx=SP01
08:05:57 [WARNING] core.sap_client — sp01_no_rows_found | filter=['TH0000256700'] | filas_leidas=[ninguna]
08:05:57 [INFO] core.sap_client — sp01_global_done result={'status': 'error', 'message': 'No se encontraron spools pendientes', 'marked': 0}
08:05:57 [INFO] core.queue_model — queue_worker_stopped
08:05:57 [INFO] core.queue_model — queue_worker_stop_requested
08:06:16 [INFO] core.queue_model — new_pallet id=1
08:08:07 [INFO] core.queue_model — new_pallet id=1
08:08:22 [INFO] core.queue_model — hu_added hu=TH0000256700 pallet=1 origin=THA
08:08:24 [INFO] core.queue_model — queue_worker_started dynamic_print_mode
08:08:24 [INFO] core.sap_client — sap_connected system=LUP user=LOPEZHJC
08:08:24 [INFO] core.queue_model — queue_worker_sap_connected
08:08:24 [INFO] core.sap_client — setup_phase1_start
08:08:29 [INFO] core.sap_client — tx_opened code=/nZMOVEINBHU current_tx=ZMOVEINBHU
08:08:29 [INFO] core.sap_client — phase1_ready — ctxtP_HU confirmed
08:08:32 [WARNING] core.sap_client — hu_phase1_error_alv hu=TH0000256700 msg='@5C@ Deficit of BA Unrestricted-use 10.00 NR : 0RX3582V MX03 Z322 0107155709'
08:08:33 [WARNING] core.queue_model — hu_skipped_f2 hu=TH0000256700 reason=@5C@ Deficit of BA Unrestricted-use 10.00 NR : 0RX3582V MX03 Z322 0107155709
08:08:33 [INFO] core.queue_model — pallet_boundary single_hu pallet=1 accumulated=[1]
08:08:33 [INFO] core.queue_model — flush_single_hu_pallets pallets=[1] hu_codes=['TH0000256700']
08:08:39 [INFO] core.sap_client — tx_opened code=/nSP01 current_tx=SP01
08:08:44 [WARNING] core.sap_client — sp01_no_rows_found | filter=['TH0000256700'] | filas_leidas=[ninguna]
08:08:44 [INFO] core.sap_client — sp01_global_done result={'status': 'error', 'message': 'No se encontraron spools pendientes', 'marked': 0}
08:08:44 [INFO] core.queue_model — queue_worker_stopped
08:08:44 [INFO] core.queue_model — queue_worker_stop_requested
08:11:07 [INFO] core.queue_model — new_pallet id=1
08:11:33 [INFO] core.queue_model — hu_added hu=TH0000256700 pallet=1 origin=THA
08:11:35 [INFO] core.queue_model — queue_worker_started dynamic_print_mode
08:11:35 [INFO] core.sap_client — sap_connected system=LUP user=LOPEZHJC
08:11:35 [INFO] core.queue_model — queue_worker_sap_connected
08:11:35 [INFO] core.sap_client — setup_phase1_start
08:11:42 [INFO] core.sap_client — tx_opened code=/nZMOVEINBHU current_tx=ZMOVEINBHU
08:11:42 [INFO] core.sap_client — phase1_ready — ctxtP_HU confirmed
08:11:45 [WARNING] core.sap_client — hu_phase1_error_alv hu=TH0000256700 msg='@5C@ Deficit of BA Unrestricted-use 10.00 NR : 0RX3582V MX03 Z322 0107155709'
08:11:47 [WARNING] core.queue_model — hu_skipped_f2 hu=TH0000256700 reason=@5C@ Deficit of BA Unrestricted-use 10.00 NR : 0RX3582V MX03 Z322 0107155709
08:11:47 [INFO] core.queue_model — pallet_boundary single_hu pallet=1 accumulated=[1]
08:11:47 [INFO] core.queue_model — flush_single_hu_pallets pallets=[1] hu_codes=['TH0000256700']
08:11:52 [INFO] core.sap_client — tx_opened code=/nSP01 current_tx=SP01
08:11:57 [WARNING] core.sap_client — sp01_no_rows_found | filter=['TH0000256700'] | filas_leidas=[ninguna]
08:11:57 [INFO] core.sap_client — sp01_global_done result={'status': 'error', 'message': 'No se encontraron spools pendientes', 'marked': 0}
08:11:57 [INFO] core.queue_model — queue_worker_stop_requested
08:11:57 [INFO] core.queue_model — queue_worker_stopped
08:12:47 [INFO] core.queue_model — new_pallet id=1
08:13:27 [INFO] core.queue_model — hu_added hu=TH0000256700 pallet=1 origin=THA
08:13:28 [INFO] core.queue_model — queue_worker_started dynamic_print_mode
08:13:28 [INFO] core.sap_client — sap_connected system=LUP user=LOPEZHJC
08:13:28 [INFO] core.queue_model — queue_worker_sap_connected
08:13:28 [INFO] core.sap_client — setup_phase1_start
08:13:34 [INFO] core.sap_client — tx_opened code=/nZMOVEINBHU current_tx=ZMOVEINBHU
08:13:34 [INFO] core.sap_client — phase1_ready — ctxtP_HU confirmed
08:13:37 [WARNING] core.sap_client — hu_phase1_error_alv hu=TH0000256700 msg='@5C@ Deficit of BA Unrestricted-use 10.00 NR : 0RX3582V MX03 Z322 0107155709'
08:13:39 [WARNING] core.queue_model — hu_skipped_f2 hu=TH0000256700 reason=@5C@ Deficit of BA Unrestricted-use 10.00 NR : 0RX3582V MX03 Z322 0107155709
08:13:39 [INFO] core.queue_model — pallet_boundary single_hu pallet=1 accumulated=[1]
08:13:39 [INFO] core.queue_model — flush_single_hu_pallets pallets=[1] hu_codes=['TH0000256700']
08:13:45 [INFO] core.sap_client — tx_opened code=/nSP01 current_tx=SP01
08:13:49 [WARNING] core.sap_client — sp01_no_rows_found | filter=['TH0000256700'] | filas_leidas=[ninguna]
08:13:49 [INFO] core.sap_client — sp01_global_done result={'status': 'error', 'message': 'No se encontraron spools pendientes', 'marked': 0}
08:13:49 [INFO] core.queue_model — queue_worker_stopped
08:13:49 [INFO] core.queue_model — queue_worker_stop_requested
08:16:29 [INFO] core.queue_model — new_pallet id=1
08:16:51 [INFO] core.queue_model — hu_added hu=TH0000256700 pallet=1 origin=THA
08:16:53 [INFO] core.queue_model — queue_worker_started dynamic_print_mode
08:16:54 [INFO] core.sap_client — sap_connected system=LUP user=LOPEZHJC
08:16:54 [INFO] core.queue_model — queue_worker_sap_connected
08:16:54 [INFO] core.sap_client — setup_phase1_start
08:16:59 [INFO] core.sap_client — tx_opened code=/nZMOVEINBHU current_tx=ZMOVEINBHU
08:16:59 [INFO] core.sap_client — phase1_ready — ctxtP_HU confirmed
08:17:02 [WARNING] core.sap_client — hu_phase1_error_alv hu=TH0000256700 msg='Deficit of BA Unrestricted-use 10.00 NR : 0RX3582V MX03 Z322 0107155709'
08:17:04 [WARNING] core.queue_model — hu_skipped_f2 hu=TH0000256700 reason=Deficit of BA Unrestricted-use 10.00 NR : 0RX3582V MX03 Z322 0107155709
08:17:04 [INFO] core.queue_model — pallet_boundary single_hu pallet=1 accumulated=[1]
08:17:04 [INFO] core.queue_model — flush_single_hu_pallets pallets=[1] hu_codes=['TH0000256700']
08:17:09 [INFO] core.sap_client — tx_opened code=/nSP01 current_tx=SP01
08:17:14 [WARNING] core.sap_client — sp01_no_rows_found | filter=['TH0000256700'] | filas_leidas=[ninguna]
08:17:14 [INFO] core.sap_client — sp01_global_done result={'status': 'error', 'message': 'No se encontraron spools pendientes', 'marked': 0}
08:17:14 [INFO] core.queue_model — queue_worker_stopped
08:17:14 [INFO] core.queue_model — queue_worker_stop_requested
08:44:13 [INFO] core.queue_model — new_pallet id=1
08:49:13 [INFO] core.queue_model — new_pallet id=1
08:50:15 [INFO] core.queue_model — new_pallet id=1
11:08:13 [INFO] core.queue_model — new_pallet id=1
11:08:42 [INFO] core.queue_model — hu_added hu=T10045556933 pallet=1 origin=CNA
11:08:43 [INFO] core.queue_model — hu_added hu=T10045786650 pallet=1 origin=CNA
11:08:46 [INFO] core.queue_model — hu_added hu=C1012089484 pallet=2 origin=BRA/ATL
11:09:12 [INFO] core.queue_model — new_pallet id=3
11:15:55 [INFO] core.queue_model — new_pallet id=1
11:16:00 [INFO] core.queue_model — hu_added hu=C1012089484 pallet=1 origin=BRA/ATL
11:16:03 [INFO] core.queue_model — hu_added hu=T10045556933 pallet=2 origin=CNA
11:16:09 [INFO] core.queue_model — new_pallet id=3
11:16:17 [INFO] core.queue_model — hu_added hu=T10045786650 pallet=3 origin=CNA
11:16:31 [INFO] core.queue_model — hu_added hu=T10045786650 pallet=3 origin=CNA
11:16:35 [INFO] core.queue_model — new_pallet id=4
11:18:18 [INFO] core.queue_model — new_pallet id=1
11:18:23 [INFO] core.queue_model — hu_added hu=C1012089484 pallet=1 origin=BRA/ATL
11:18:27 [INFO] core.queue_model — hu_added hu=T10045786650 pallet=2 origin=CNA
11:18:29 [INFO] core.queue_model — new_pallet id=3
11:18:34 [INFO] core.queue_model — hu_added hu=T10045556933 pallet=3 origin=CNA
11:19:03 [INFO] core.queue_model — free_pallet_id=3 (disponible para reutilizar)
11:19:06 [INFO] core.queue_model — new_pallet id=3 (reutilizado)
11:19:13 [INFO] core.queue_model — free_pallet_id=3 (disponible para reutilizar)
11:19:15 [INFO] core.queue_model — new_pallet id=3 (reutilizado)
11:19:19 [INFO] core.queue_model — free_pallet_id=3 (disponible para reutilizar)
11:19:21 [INFO] core.queue_model — new_pallet id=3 (reutilizado)
11:19:59 [INFO] core.queue_model — new_pallet id=4
11:20:05 [INFO] core.queue_model — free_pallet_id=4 (disponible para reutilizar)
11:20:06 [INFO] core.queue_model — new_pallet id=4 (reutilizado)
11:20:09 [INFO] core.queue_model — free_pallet_id=4 (disponible para reutilizar)
11:20:10 [INFO] core.queue_model — new_pallet id=4 (reutilizado)
11:20:11 [INFO] core.queue_model — new_pallet id=5
11:20:11 [INFO] core.queue_model — new_pallet id=6
11:20:16 [INFO] core.queue_model — free_pallet_id=4 (disponible para reutilizar)
11:20:17 [INFO] core.queue_model — free_pallet_id=5 (disponible para reutilizar)
11:20:19 [INFO] core.queue_model — free_pallet_id=6 (disponible para reutilizar)
11:20:20 [INFO] core.queue_model — new_pallet id=4 (reutilizado)
11:20:21 [INFO] core.queue_model — new_pallet id=5 (reutilizado)
11:20:22 [INFO] core.queue_model — new_pallet id=6 (reutilizado)
11:20:25 [INFO] core.queue_model — free_pallet_id=6 (disponible para reutilizar)
11:20:26 [INFO] core.queue_model — free_pallet_id=5 (disponible para reutilizar)
11:20:28 [INFO] core.queue_model — free_pallet_id=4 (disponible para reutilizar)
11:20:37 [WARNING] core.queue_model — hu_duplicate_scan hu=C1012089484
11:20:44 [INFO] core.queue_model — hu_added hu=T10045556970 pallet=6 origin=CNA
11:20:47 [INFO] core.queue_model — free_pallet_id=6 (disponible para reutilizar)
11:20:51 [INFO] core.queue_model — hu_added hu=T10045556970 pallet=6 origin=CNA
11:21:01 [INFO] core.queue_model — hu_added hu=T10045848446 pallet=6 origin=CNA
11:21:03 [INFO] core.queue_model — new_pallet id=4 (reutilizado)
11:21:06 [INFO] core.queue_model — hu_added hu=T10045857692 pallet=4 origin=CNA
11:21:13 [INFO] core.queue_model — new_pallet id=5 (reutilizado)
11:21:15 [INFO] core.queue_model — hu_added hu=T10045855256 pallet=5 origin=CNA
11:21:19 [INFO] core.queue_model — free_pallet_id=5 (disponible para reutilizar)
11:27:03 [INFO] core.queue_model — free_pallet_id=4 (disponible para reutilizar)
11:27:05 [INFO] core.queue_model — new_pallet id=4 (reutilizado)
11:27:10 [INFO] core.queue_model — free_pallet_id=4 (disponible para reutilizar)
11:27:14 [INFO] core.queue_model — new_pallet id=4 (reutilizado)
11:36:44 [INFO] core.queue_model — new_pallet id=1
11:37:13 [INFO] core.queue_model — hu_added hu=TH0000268090 pallet=1 origin=THA
11:37:14 [INFO] core.queue_model — new_pallet id=2
11:37:18 [INFO] core.queue_model — hu_added hu=TH0000267998 pallet=2 origin=THA
11:37:20 [INFO] core.queue_model — new_pallet id=3
11:37:24 [INFO] core.queue_model — hu_added hu=TH0000268006 pallet=3 origin=THA
11:37:28 [INFO] core.queue_model — new_pallet id=4
11:37:32 [INFO] core.queue_model — hu_added hu=TH0000268114 pallet=4 origin=THA
11:37:36 [INFO] core.queue_model — hu_added hu=TH0000268111 pallet=4 origin=THA
11:37:39 [INFO] core.queue_model — new_pallet id=5
11:37:42 [INFO] core.queue_model — hu_added hu=TH0000267996 pallet=5 origin=THA
11:37:47 [INFO] core.queue_model — new_pallet id=6
11:37:50 [INFO] core.queue_model — hu_added hu=TH0000268115 pallet=6 origin=THA
11:37:54 [INFO] core.queue_model — remove_hu hu=TH0000268115 pallet=6
11:38:01 [INFO] core.queue_model — new_pallet id=7
11:38:15 [INFO] core.queue_model — new_pallet id=8
11:38:20 [INFO] core.queue_model — new_pallet id=9
11:39:13 [WARNING] core.queue_model — hu_duplicate_scan hu=TH0000268111
11:39:17 [INFO] core.queue_model — hu_added hu=C1012089477 pallet=9 origin=BRA/ATL
11:39:20 [INFO] core.queue_model — hu_added hu=C1012089470 pallet=9 origin=BRA/ATL
11:45:48 [INFO] core.queue_model — new_pallet id=1
11:46:36 [INFO] core.queue_model — hu_added hu=TH0000268090 pallet=1 origin=THA
11:46:39 [INFO] core.queue_model — new_pallet id=2
11:46:42 [INFO] core.queue_model — hu_added hu=TH0000267998 pallet=2 origin=THA
11:46:44 [INFO] core.queue_model — new_pallet id=3
11:46:47 [INFO] core.queue_model — hu_added hu=TH0000268006 pallet=3 origin=THA
11:46:48 [INFO] core.queue_model — new_pallet id=4
11:46:51 [INFO] core.queue_model — hu_added hu=TH0000268114 pallet=4 origin=THA
11:46:54 [INFO] core.queue_model — new_pallet id=5
11:46:57 [INFO] core.queue_model — hu_added hu=TH0000268036 pallet=5 origin=THA
11:47:01 [INFO] core.queue_model — new_pallet id=6
11:47:05 [INFO] core.queue_model — hu_added hu=TH0000268111 pallet=6 origin=THA
11:47:10 [INFO] core.queue_model — new_pallet id=7
11:47:13 [INFO] core.queue_model — release_pallet id=7 reciclado=[7]
11:47:17 [INFO] core.queue_model — new_pallet id=7 (reciclado)
11:47:20 [INFO] core.queue_model — release_pallet id=7 reciclado=[7]
11:47:25 [INFO] core.queue_model — hu_added hu=TH0000268021 pallet=6 origin=THA
11:47:28 [INFO] core.queue_model — new_pallet id=7 (reciclado)
11:47:34 [INFO] core.queue_model — remove_hu hu=TH0000268111 pallet=6
11:47:34 [INFO] core.queue_model — remove_hu hu=TH0000268021 pallet=6
11:47:34 [INFO] core.queue_model — release_pallet id=6 reciclado=[6]
11:47:42 [INFO] core.queue_model — hu_added hu=TH0000268007 pallet=7 origin=THA
11:47:46 [INFO] core.queue_model — new_pallet id=6 (reciclado)
11:48:01 [INFO] core.queue_model — hu_added hu=C1012089482 pallet=6 origin=BRA/ATL
11:48:07 [INFO] core.queue_model — remove_hu hu=C1012089482 pallet=6
11:48:08 [INFO] core.queue_model — release_pallet id=6 reciclado=[6]
11:48:11 [INFO] core.queue_model — new_pallet id=6 (reciclado)
11:48:42 [INFO] core.queue_model — hu_added hu=C1012089471 pallet=6 origin=BRA/ATL
11:57:03 [INFO] core.queue_model — new_pallet id=1
11:57:11 [INFO] core.queue_model — hu_added hu=123454599231 pallet=1 origin=UNK
11:57:18 [INFO] core.queue_model — new_pallet id=2
11:57:21 [INFO] core.queue_model — hu_added hu=21321313123123 pallet=2 origin=UNK
11:57:28 [INFO] core.queue_model — new_pallet id=3
11:57:30 [INFO] core.queue_model — hu_added hu=123123213123 pallet=3 origin=UNK
11:57:35 [INFO] core.queue_model — remove_hu hu=123123213123 pallet=3
11:57:45 [INFO] core.queue_model — release_pallet id=3 reciclado=[3]
11:57:47 [INFO] core.queue_model — new_pallet id=4
11:58:05 [INFO] core.queue_model — new_pallet id=1
11:58:09 [INFO] core.queue_model — hu_added hu=123213213213 pallet=1 origin=UNK
11:58:12 [INFO] core.queue_model — new_pallet id=2
11:58:17 [INFO] core.queue_model — hu_added hu=12315341421 pallet=2 origin=UNK
11:58:21 [INFO] core.queue_model — new_pallet id=3
11:58:24 [INFO] core.queue_model — hu_added hu=123123912321 pallet=3 origin=UNK
11:58:28 [INFO] core.queue_model — remove_hu hu=123123912321 pallet=3
11:58:29 [INFO] core.queue_model — release_pallet id=3 reciclado=[3]
11:58:33 [INFO] core.queue_model — new_pallet id=3 (reciclado)
11:58:38 [INFO] core.queue_model — new_pallet id=1
12:03:24 [INFO] core.queue_model — new_pallet id=1
12:03:28 [INFO] core.queue_model — hu_added hu=1239213193023 pallet=1 origin=UNK
12:03:30 [INFO] core.queue_model — new_pallet id=2
12:03:32 [INFO] core.queue_model — hu_added hu=230131231'313 pallet=2 origin=UNK
12:03:35 [INFO] core.queue_model — new_pallet id=3
12:03:38 [INFO] core.queue_model — hu_added hu=12323131321313 pallet=3 origin=UNK
12:03:39 [INFO] core.queue_model — new_pallet id=4
12:03:41 [INFO] core.queue_model — hu_added hu=1232131123213 pallet=4 origin=UNK
12:03:46 [INFO] core.queue_model — remove_hu hu=230131231'313 pallet=2
12:03:46 [INFO] core.queue_model — release_pallet id=2 reciclado=[2]
12:03:53 [INFO] core.queue_model — new_pallet id=2 (reciclado)
12:03:56 [INFO] core.queue_model — hu_added hu=12312312321 pallet=2 origin=UNK
12:04:04 [INFO] core.queue_model — hu_added hu=32131313112331313 pallet=2 origin=UNK
12:04:09 [INFO] core.queue_model — hu_added hu=2132131323213 pallet=2 origin=UNK
12:04:19 [INFO] core.queue_model — hu_added hu=312321312312312321 pallet=2 origin=UNK
12:04:25 [INFO] core.queue_model — new_pallet id=5
12:04:29 [INFO] core.queue_model — hu_added hu=2132132131321323 pallet=5 origin=UNK
12:04:38 [INFO] core.queue_model — new_pallet id=1
12:04:41 [INFO] core.queue_model — hu_added hu=12312312312331 pallet=1 origin=UNK
12:04:42 [INFO] core.queue_model — new_pallet id=2
12:04:44 [INFO] core.queue_model — hu_added hu=123213132131 pallet=2 origin=UNK
12:04:47 [INFO] core.queue_model — new_pallet id=3
12:04:49 [INFO] core.queue_model — hu_added hu=23131231323131 pallet=3 origin=UNK
12:04:53 [INFO] core.queue_model — remove_hu hu=123213132131 pallet=2
12:04:53 [INFO] core.queue_model — release_pallet id=2 reciclado=[2]
12:04:55 [INFO] core.queue_model — new_pallet id=2 (reciclado)
12:04:58 [INFO] core.queue_model — hu_added hu=1231312312312321 pallet=2 origin=UNK
12:05:00 [INFO] core.queue_model — hu_added hu=1231231232131312 pallet=2 origin=UNK
12:05:02 [INFO] core.queue_model — hu_added hu=123123132131231231 pallet=2 origin=UNK
12:05:09 [INFO] core.queue_model — new_pallet id=4
12:05:13 [INFO] core.queue_model — hu_added hu=123213213131 pallet=4 origin=UNK
12:05:16 [INFO] core.queue_model — remove_hu hu=123213213131 pallet=4
12:05:16 [INFO] core.queue_model — release_pallet id=4 reciclado=[4]
12:05:18 [INFO] core.queue_model — new_pallet id=4 (reciclado)
12:05:19 [INFO] core.queue_model — hu_added hu=123123213131 pallet=4 origin=UNK
13:21:21 [INFO] core.queue_model — new_pallet id=1
13:23:26 [INFO] core.queue_model — hu_added hu=T10045837013 pallet=1 origin=CNA
13:23:27 [INFO] core.queue_model — hu_added hu=T10045856151 pallet=1 origin=CNA
13:23:28 [INFO] core.queue_model — hu_added hu=T10045856167 pallet=1 origin=CNA
13:23:29 [INFO] core.queue_model — hu_added hu=T10045856148 pallet=1 origin=CNA
13:23:31 [INFO] core.queue_model — hu_added hu=T10045842894 pallet=1 origin=CNA
13:23:32 [INFO] core.queue_model — hu_added hu=T10045856150 pallet=1 origin=CNA
13:23:34 [INFO] core.queue_model — hu_added hu=T10045856147 pallet=1 origin=CNA
13:23:35 [INFO] core.queue_model — hu_added hu=T10045855626 pallet=1 origin=CNA
13:23:37 [INFO] core.queue_model — hu_added hu=T10045856149 pallet=1 origin=CNA
13:23:40 [INFO] core.queue_model — hu_added hu=T10045856154 pallet=1 origin=CNA
13:23:41 [INFO] core.queue_model — hu_added hu=T10045853286 pallet=1 origin=CNA
13:23:42 [INFO] core.queue_model — hu_added hu=T10045855627 pallet=1 origin=CNA
13:23:43 [INFO] core.queue_model — hu_added hu=T10045842896 pallet=1 origin=CNA
13:23:45 [INFO] core.queue_model — hu_added hu=T10045853271 pallet=1 origin=CNA
13:23:47 [INFO] core.queue_model — new_pallet id=2
13:23:53 [INFO] core.queue_model — queue_worker_started dynamic_print_mode
13:23:53 [INFO] core.sap_client — sap_connected system=LUP user=LOPEZHJC
13:23:53 [INFO] core.queue_model — queue_worker_sap_connected
13:23:53 [INFO] core.sap_client — setup_phase1_start
13:23:59 [INFO] core.sap_client — tx_opened code=/nZMOVEINBHU current_tx=ZMOVEINBHU
13:23:59 [INFO] core.sap_client — phase1_ready — ctxtP_HU confirmed
13:24:03 [INFO] core.sap_client — hu_phase1_ok hu=T10045837013 msg='Packaging data was saved. Material document 7571498254 was created'
13:24:03 [INFO] core.sap_client — setup_phase2_start
13:24:08 [INFO] core.sap_client — tx_opened code=/nZMMTIJSEP current_tx=ZMMTIJSEP
13:24:08 [INFO] core.sap_client — phase2_ready — txtGV_HU confirmed
13:24:09 [INFO] core.sap_client — hu_phase2_ok hu=T10045837013 duration_ms=1200
13:24:09 [INFO] core.sap_client — setup_phase1_start
13:24:14 [INFO] core.sap_client — tx_opened code=/nZMOVEINBHU current_tx=ZMOVEINBHU
13:24:15 [INFO] core.sap_client — phase1_ready — ctxtP_HU confirmed
13:24:18 [INFO] core.sap_client — hu_phase1_ok hu=T10045856151 msg='Packaging data was saved. Material document 7571498258 was created'
13:24:18 [WARNING] core.sap_client — phase2_wrong_screen hu=T10045856151 — re-navigating
13:24:18 [INFO] core.sap_client — setup_phase2_start
13:24:24 [INFO] core.sap_client — tx_opened code=/nZMMTIJSEP current_tx=ZMMTIJSEP
13:24:24 [INFO] core.sap_client — phase2_ready — txtGV_HU confirmed
13:24:25 [INFO] core.sap_client — hu_phase2_ok hu=T10045856151 duration_ms=6156
13:24:25 [WARNING] core.sap_client — phase1_wrong_screen hu=T10045856167 — re-navigating
13:24:25 [INFO] core.sap_client — setup_phase1_start
13:24:30 [INFO] core.sap_client — tx_opened code=/nZMOVEINBHU current_tx=ZMOVEINBHU
13:24:30 [INFO] core.sap_client — phase1_ready — ctxtP_HU confirmed
13:24:33 [INFO] core.sap_client — hu_phase1_duplicate hu=T10045856167
13:24:33 [WARNING] core.sap_client — phase2_wrong_screen hu=T10045856167 — re-navigating
13:24:33 [INFO] core.sap_client — setup_phase2_start
13:24:38 [INFO] core.sap_client — tx_opened code=/nZMMTIJSEP current_tx=ZMMTIJSEP
13:24:38 [INFO] core.sap_client — phase2_ready — txtGV_HU confirmed
13:24:39 [INFO] core.sap_client — hu_phase2_ok hu=T10045856167 duration_ms=5803
13:24:39 [WARNING] core.sap_client — phase1_wrong_screen hu=T10045856148 — re-navigating
13:24:39 [INFO] core.sap_client — setup_phase1_start
13:24:44 [INFO] core.sap_client — tx_opened code=/nZMOVEINBHU current_tx=ZMOVEINBHU
13:24:44 [INFO] core.sap_client — phase1_ready — ctxtP_HU confirmed
13:24:48 [INFO] core.sap_client — hu_phase1_ok hu=T10045856148 msg='Packaging data was saved. Material document 7571498275 was created'
13:24:48 [WARNING] core.sap_client — phase2_wrong_screen hu=T10045856148 — re-navigating
13:24:48 [INFO] core.sap_client — setup_phase2_start
13:24:53 [INFO] core.sap_client — tx_opened code=/nZMMTIJSEP current_tx=ZMMTIJSEP
13:24:53 [INFO] core.sap_client — phase2_ready — txtGV_HU confirmed
13:24:54 [INFO] core.sap_client — hu_phase2_ok hu=T10045856148 duration_ms=6035
13:24:54 [WARNING] core.sap_client — phase1_wrong_screen hu=T10045842894 — re-navigating
13:24:54 [INFO] core.sap_client — setup_phase1_start
13:24:59 [INFO] core.sap_client — tx_opened code=/nZMOVEINBHU current_tx=ZMOVEINBHU
13:24:59 [INFO] core.sap_client — phase1_ready — ctxtP_HU confirmed
13:25:03 [INFO] core.sap_client — hu_phase1_ok hu=T10045842894 msg='Packaging data was saved. Material document 7571498278 was created'
13:25:03 [WARNING] core.sap_client — phase2_wrong_screen hu=T10045842894 — re-navigating
13:25:03 [INFO] core.sap_client — setup_phase2_start
13:25:09 [INFO] core.sap_client — tx_opened code=/nZMMTIJSEP current_tx=ZMMTIJSEP
13:25:09 [INFO] core.sap_client — phase2_ready — txtGV_HU confirmed
13:25:09 [INFO] core.sap_client — hu_phase2_ok hu=T10045842894 duration_ms=6017
13:25:09 [WARNING] core.sap_client — phase1_wrong_screen hu=T10045856150 — re-navigating
13:25:09 [INFO] core.sap_client — setup_phase1_start
13:25:15 [INFO] core.sap_client — tx_opened code=/nZMOVEINBHU current_tx=ZMOVEINBHU
13:25:15 [INFO] core.sap_client — phase1_ready — ctxtP_HU confirmed
13:25:19 [INFO] core.sap_client — hu_phase1_ok hu=T10045856150 msg='Packaging data was saved. Material document 7571498287 was created'
13:25:19 [WARNING] core.sap_client — phase2_wrong_screen hu=T10045856150 — re-navigating
13:25:19 [INFO] core.sap_client — setup_phase2_start
13:25:24 [INFO] core.sap_client — tx_opened code=/nZMMTIJSEP current_tx=ZMMTIJSEP
13:25:24 [INFO] core.sap_client — phase2_ready — txtGV_HU confirmed
13:25:25 [INFO] core.sap_client — hu_phase2_ok hu=T10045856150 duration_ms=6119
13:25:25 [WARNING] core.sap_client — phase1_wrong_screen hu=T10045856147 — re-navigating
13:25:25 [INFO] core.sap_client — setup_phase1_start
13:25:30 [INFO] core.sap_client — tx_opened code=/nZMOVEINBHU current_tx=ZMOVEINBHU
13:25:30 [INFO] core.sap_client — phase1_ready — ctxtP_HU confirmed
13:25:33 [INFO] core.sap_client — hu_phase1_ok hu=T10045856147 msg='HU Already In The Destination Storage Location'
13:25:33 [WARNING] core.sap_client — phase2_wrong_screen hu=T10045856147 — re-navigating
13:25:33 [INFO] core.sap_client — setup_phase2_start
13:25:39 [INFO] core.sap_client — tx_opened code=/nZMMTIJSEP current_tx=ZMMTIJSEP
13:25:39 [INFO] core.sap_client — phase2_ready — txtGV_HU confirmed
13:25:40 [INFO] core.sap_client — hu_phase2_ok hu=T10045856147 duration_ms=6276
13:25:40 [WARNING] core.sap_client — phase1_wrong_screen hu=T10045855626 — re-navigating
13:25:40 [INFO] core.sap_client — setup_phase1_start
13:25:42 [INFO] core.queue_model — hu_added hu=T10045835045 pallet=2 origin=CNA
13:25:44 [INFO] core.queue_model — hu_added hu=T10045865050 pallet=2 origin=CNA
13:25:45 [INFO] core.queue_model — hu_added hu=T10045786918 pallet=2 origin=CNA
13:25:45 [INFO] core.sap_client — tx_opened code=/nZMOVEINBHU current_tx=ZMOVEINBHU
13:25:45 [INFO] core.sap_client — phase1_ready — ctxtP_HU confirmed
13:25:46 [INFO] core.queue_model — hu_added hu=T10045850405 pallet=2 origin=CNA
13:25:47 [INFO] core.queue_model — hu_added hu=T10045850407 pallet=2 origin=CNA
13:25:49 [INFO] core.queue_model — hu_added hu=T10045855590 pallet=2 origin=CNA
13:25:49 [INFO] core.sap_client — hu_phase1_ok hu=T10045855626 msg='Packaging data was saved. Material document 7571498293 was created'
13:25:49 [WARNING] core.sap_client — phase2_wrong_screen hu=T10045855626 — re-navigating
13:25:49 [INFO] core.sap_client — setup_phase2_start
13:25:54 [INFO] core.sap_client — tx_opened code=/nZMMTIJSEP current_tx=ZMMTIJSEP
13:25:54 [INFO] core.sap_client — phase2_ready — txtGV_HU confirmed
13:25:55 [INFO] core.sap_client — hu_phase2_ok hu=T10045855626 duration_ms=6136
13:25:55 [WARNING] core.sap_client — phase1_wrong_screen hu=T10045856149 — re-navigating
13:25:55 [INFO] core.sap_client — setup_phase1_start
13:26:00 [INFO] core.sap_client — tx_opened code=/nZMOVEINBHU current_tx=ZMOVEINBHU
13:26:00 [INFO] core.sap_client — phase1_ready — ctxtP_HU confirmed
13:26:04 [INFO] core.sap_client — hu_phase1_ok hu=T10045856149 msg='Packaging data was saved. Material document 7571498297 was created'
13:26:04 [WARNING] core.sap_client — phase2_wrong_screen hu=T10045856149 — re-navigating
13:26:04 [INFO] core.sap_client — setup_phase2_start
13:26:10 [INFO] core.sap_client — tx_opened code=/nZMMTIJSEP current_tx=ZMMTIJSEP
13:26:10 [INFO] core.sap_client — phase2_ready — txtGV_HU confirmed
13:26:11 [INFO] core.sap_client — hu_phase2_ok hu=T10045856149 duration_ms=6201
13:26:11 [WARNING] core.sap_client — phase1_wrong_screen hu=T10045856154 — re-navigating
13:26:11 [INFO] core.sap_client — setup_phase1_start
13:26:16 [INFO] core.sap_client — tx_opened code=/nZMOVEINBHU current_tx=ZMOVEINBHU
13:26:16 [INFO] core.sap_client — phase1_ready — ctxtP_HU confirmed
13:26:20 [INFO] core.sap_client — hu_phase1_ok hu=T10045856154 msg='Packaging data was saved. Material document 7571498305 was created'
13:26:20 [WARNING] core.sap_client — phase2_wrong_screen hu=T10045856154 — re-navigating
13:26:20 [INFO] core.sap_client — setup_phase2_start
13:26:25 [INFO] core.sap_client — tx_opened code=/nZMMTIJSEP current_tx=ZMMTIJSEP
13:26:25 [INFO] core.sap_client — phase2_ready — txtGV_HU confirmed
13:26:26 [INFO] core.sap_client — hu_phase2_ok hu=T10045856154 duration_ms=6215
13:26:26 [WARNING] core.sap_client — phase1_wrong_screen hu=T10045853286 — re-navigating
13:26:26 [INFO] core.sap_client — setup_phase1_start
13:26:32 [INFO] core.sap_client — tx_opened code=/nZMOVEINBHU current_tx=ZMOVEINBHU
13:26:32 [INFO] core.sap_client — phase1_ready — ctxtP_HU confirmed
13:26:35 [INFO] core.sap_client — hu_phase1_ok hu=T10045853286 msg='Packaging data was saved. Material document 7571498315 was created'
13:26:35 [WARNING] core.sap_client — phase2_wrong_screen hu=T10045853286 — re-navigating
13:26:35 [INFO] core.sap_client — setup_phase2_start
13:26:41 [INFO] core.sap_client — tx_opened code=/nZMMTIJSEP current_tx=ZMMTIJSEP
13:26:41 [INFO] core.sap_client — phase2_ready — txtGV_HU confirmed
13:26:41 [INFO] core.sap_client — hu_phase2_ok hu=T10045853286 duration_ms=6075
13:26:41 [WARNING] core.sap_client — phase1_wrong_screen hu=T10045855627 — re-navigating
13:26:41 [INFO] core.sap_client — setup_phase1_start
13:26:47 [INFO] core.sap_client — tx_opened code=/nZMOVEINBHU current_tx=ZMOVEINBHU
13:26:47 [INFO] core.sap_client — phase1_ready — ctxtP_HU confirmed
13:26:51 [INFO] core.sap_client — hu_phase1_ok hu=T10045855627 msg='Packaging data was saved. Material document 7571498321 was created'
13:26:51 [WARNING] core.sap_client — phase2_wrong_screen hu=T10045855627 — re-navigating
13:26:51 [INFO] core.sap_client — setup_phase2_start
13:26:56 [INFO] core.sap_client — tx_opened code=/nZMMTIJSEP current_tx=ZMMTIJSEP
13:26:56 [INFO] core.sap_client — phase2_ready — txtGV_HU confirmed
13:26:57 [INFO] core.sap_client — hu_phase2_ok hu=T10045855627 duration_ms=6303
13:26:57 [WARNING] core.sap_client — phase1_wrong_screen hu=T10045842896 — re-navigating
13:26:57 [INFO] core.sap_client — setup_phase1_start
13:27:03 [INFO] core.sap_client — tx_opened code=/nZMOVEINBHU current_tx=ZMOVEINBHU
13:27:03 [INFO] core.sap_client — phase1_ready — ctxtP_HU confirmed
13:27:06 [INFO] core.sap_client — hu_phase1_ok hu=T10045842896 msg='Packaging data was saved. Material document 7571498324 was created'
13:27:06 [WARNING] core.sap_client — phase2_wrong_screen hu=T10045842896 — re-navigating
13:27:06 [INFO] core.sap_client — setup_phase2_start
13:27:12 [INFO] core.sap_client — tx_opened code=/nZMMTIJSEP current_tx=ZMMTIJSEP
13:27:12 [INFO] core.sap_client — phase2_ready — txtGV_HU confirmed
13:27:13 [INFO] core.sap_client — hu_phase2_ok hu=T10045842896 duration_ms=6182
13:27:13 [WARNING] core.sap_client — phase1_wrong_screen hu=T10045853271 — re-navigating
13:27:13 [INFO] core.sap_client — setup_phase1_start
13:27:18 [INFO] core.sap_client — tx_opened code=/nZMOVEINBHU current_tx=ZMOVEINBHU
13:27:18 [INFO] core.sap_client — phase1_ready — ctxtP_HU confirmed
13:27:23 [INFO] core.sap_client — hu_phase1_ok hu=T10045853271 msg='Packaging data was saved. Material document 7571498329 was created'
13:27:23 [WARNING] core.sap_client — phase2_wrong_screen hu=T10045853271 — re-navigating
13:27:23 [INFO] core.sap_client — setup_phase2_start
13:27:28 [INFO] core.sap_client — tx_opened code=/nZMMTIJSEP current_tx=ZMMTIJSEP
13:27:28 [INFO] core.sap_client — phase2_ready — txtGV_HU confirmed
13:27:29 [INFO] core.sap_client — hu_phase2_ok hu=T10045853271 duration_ms=6216
13:27:29 [INFO] core.queue_model — pallet_boundary multi_hu pallet=1 count=14 hu_codes=['T10045837013', 'T10045856151', 'T10045856167', 'T10045856148', 'T10045842894', 'T10045856150', 'T10045856147', 'T10045855626', 'T10045856149', 'T10045856154', 'T10045853286', 'T10045855627', 'T10045842896', 'T10045853271']
13:27:34 [INFO] core.sap_client — tx_opened code=/nSP01 current_tx=SP01
13:27:39 [INFO] core.sap_client — sp01_row_marked row=4 title=CN-CON-003_T10045842896_20260402202712
13:27:39 [INFO] core.sap_client — sp01_row_marked row=6 title=CN-CON-003_T10045855627_20260402202657
13:27:39 [INFO] core.sap_client — sp01_row_marked row=8 title=CN-CON-003_T10045853286_20260402202641
13:27:39 [INFO] core.sap_client — sp01_row_marked row=10 title=CN-CON-003_T10045856154_20260402202626
13:27:39 [INFO] core.sap_client — sp01_row_marked row=12 title=CN-CON-003_T10045856149_20260402202610
13:27:39 [INFO] core.sap_client — sp01_row_marked row=14 title=CN-CON-003_T10045855626_20260402202555
13:27:39 [INFO] core.sap_client — sp01_row_marked row=16 title=CN-CON-003_T10045856147_20260402202539
13:27:39 [INFO] core.sap_client — sp01_row_marked row=18 title=CN-CON-003_T10045856150_20260402202524
13:27:39 [INFO] core.sap_client — sp01_row_marked row=20 title=CN-CON-003_T10045842894_20260402202509
13:27:39 [INFO] core.sap_client — sp01_row_marked row=22 title=CN-CON-003_T10045856148_20260402202454
13:27:39 [INFO] core.sap_client — sp01_row_marked row=24 title=CN-CON-003_T10045856167_20260402193955
13:27:39 [INFO] core.sap_client — sp01_row_marked row=26 title=CN-CON-003_T10045856151_20260402202424
13:27:39 [INFO] core.sap_client — sp01_row_marked row=28 title=CN-CON-003_T10045837013_20260402202409
13:27:41 [INFO] core.sap_client — sp01_print_confirmed via=btn[25] marked=13
13:27:43 [INFO] core.sap_client — sp01_pallet_done result={'status': 'ok', 'message': 'SP01 OK — 13 spool(s) impreso(s)', 'marked': 13} hu_codes=['T10045837013', 'T10045856151', 'T10045856167', 'T10045856148', 'T10045842894', 'T10045856150', 'T10045856147', 'T10045855626', 'T10045856149', 'T10045856154', 'T10045853286', 'T10045855627', 'T10045842896', 'T10045853271']
13:27:43 [INFO] core.queue_model — sp01_pallet_result={'status': 'ok', 'message': 'SP01 OK — 13 spool(s) impreso(s)', 'marked': 13}
13:34:25 [INFO] core.queue_model — new_pallet id=1
13:34:36 [INFO] core.queue_model — hu_added hu=T10045835045 pallet=1 origin=CNA
13:34:37 [INFO] core.queue_model — hu_added hu=T10045850405 pallet=1 origin=CNA
13:34:38 [INFO] core.queue_model — hu_added hu=T10045850407 pallet=1 origin=CNA
13:34:40 [INFO] core.queue_model — hu_added hu=T10045855590 pallet=1 origin=CNA
13:34:40 [INFO] core.queue_model — hu_added hu=T10045786918 pallet=1 origin=CNA
13:34:41 [INFO] core.queue_model — hu_added hu=T10045865050 pallet=1 origin=CNA
13:36:13 [INFO] core.queue_model — hu_added hu=T10045837110 pallet=1 origin=CNA
13:36:14 [INFO] core.queue_model — hu_added hu=T10045788515 pallet=1 origin=CNA
13:36:15 [INFO] core.queue_model — hu_added hu=T10045837107 pallet=1 origin=CNA
13:36:15 [INFO] core.queue_model — hu_added hu=T10045786928 pallet=1 origin=CNA
13:36:16 [INFO] core.queue_model — hu_added hu=T10045855835 pallet=1 origin=CNA
13:36:17 [INFO] core.queue_model — hu_added hu=T10045856173 pallet=1 origin=CNA
13:36:18 [INFO] core.queue_model — hu_added hu=T10045837018 pallet=1 origin=CNA
13:36:19 [INFO] core.queue_model — hu_added hu=T10045855844 pallet=1 origin=CNA
13:36:20 [INFO] core.queue_model — hu_added hu=T10045842893 pallet=1 origin=CNA
13:36:20 [INFO] core.queue_model — hu_added hu=T10045837109 pallet=1 origin=CNA
13:36:21 [WARNING] core.queue_model — hu_duplicate_scan hu=T10045837110
13:36:36 [INFO] core.queue_model — queue_worker_started dynamic_print_mode
13:36:36 [INFO] core.sap_client — sap_connected system=LUP user=LOPEZHJC
13:36:36 [INFO] core.queue_model — queue_worker_sap_connected
13:36:36 [INFO] core.sap_client — setup_phase1_start
13:36:41 [INFO] core.sap_client — tx_opened code=/nZMOVEINBHU current_tx=ZMOVEINBHU
13:36:41 [INFO] core.sap_client — phase1_ready — ctxtP_HU confirmed
13:36:46 [INFO] core.sap_client — hu_phase1_ok hu=T10045835045 msg='Packaging data was saved. Material document 7571501609 was created'
13:36:46 [INFO] core.sap_client — setup_phase2_start
13:36:51 [INFO] core.sap_client — tx_opened code=/nZMMTIJSEP current_tx=ZMMTIJSEP
13:36:51 [INFO] core.sap_client — phase2_ready — txtGV_HU confirmed
13:36:52 [INFO] core.sap_client — hu_phase2_ok hu=T10045835045 duration_ms=1051
13:36:52 [INFO] core.sap_client — setup_phase1_start
13:36:58 [INFO] core.sap_client — tx_opened code=/nZMOVEINBHU current_tx=ZMOVEINBHU
13:36:58 [INFO] core.sap_client — phase1_ready — ctxtP_HU confirmed
13:37:02 [INFO] core.sap_client — hu_phase1_ok hu=T10045850405 msg='Packaging data was saved. Material document 7571501624 was created'
13:37:02 [WARNING] core.sap_client — phase2_wrong_screen hu=T10045850405 — re-navigating
13:37:02 [INFO] core.sap_client — setup_phase2_start
13:37:07 [INFO] core.sap_client — tx_opened code=/nZMMTIJSEP current_tx=ZMMTIJSEP
13:37:07 [INFO] core.sap_client — phase2_ready — txtGV_HU confirmed
13:37:08 [INFO] core.sap_client — hu_phase2_ok hu=T10045850405 duration_ms=6371
13:37:08 [WARNING] core.sap_client — phase1_wrong_screen hu=T10045850407 — re-navigating
13:37:08 [INFO] core.sap_client — setup_phase1_start
13:37:13 [INFO] core.sap_client — tx_opened code=/nZMOVEINBHU current_tx=ZMOVEINBHU
13:37:13 [INFO] core.sap_client — phase1_ready — ctxtP_HU confirmed
13:37:17 [INFO] core.sap_client — hu_phase1_ok hu=T10045850407 msg='Packaging data was saved. Material document 7571502731 was created'
13:37:17 [WARNING] core.sap_client — phase2_wrong_screen hu=T10045850407 — re-navigating
13:37:17 [INFO] core.sap_client — setup_phase2_start
13:37:23 [INFO] core.sap_client — tx_opened code=/nZMMTIJSEP current_tx=ZMMTIJSEP
13:37:23 [INFO] core.sap_client — phase2_ready — txtGV_HU confirmed
13:37:24 [INFO] core.sap_client — hu_phase2_ok hu=T10045850407 duration_ms=6214
13:37:24 [WARNING] core.sap_client — phase1_wrong_screen hu=T10045855590 — re-navigating
13:37:24 [INFO] core.sap_client — setup_phase1_start
13:37:29 [INFO] core.sap_client — tx_opened code=/nZMOVEINBHU current_tx=ZMOVEINBHU
13:37:29 [INFO] core.sap_client — phase1_ready — ctxtP_HU confirmed
13:37:33 [INFO] core.sap_client — hu_phase1_ok hu=T10045855590 msg='Packaging data was saved. Material document 7571502734 was created'
13:37:33 [WARNING] core.sap_client — phase2_wrong_screen hu=T10045855590 — re-navigating
13:37:33 [INFO] core.sap_client — setup_phase2_start
13:37:39 [INFO] core.sap_client — tx_opened code=/nZMMTIJSEP current_tx=ZMMTIJSEP
13:37:39 [INFO] core.sap_client — phase2_ready — txtGV_HU confirmed
13:37:40 [INFO] core.sap_client — hu_phase2_ok hu=T10045855590 duration_ms=6304
13:37:40 [WARNING] core.sap_client — phase1_wrong_screen hu=T10045786918 — re-navigating
13:37:40 [INFO] core.sap_client — setup_phase1_start
13:37:45 [INFO] core.sap_client — tx_opened code=/nZMOVEINBHU current_tx=ZMOVEINBHU
13:37:45 [INFO] core.sap_client — phase1_ready — ctxtP_HU confirmed
13:37:49 [INFO] core.sap_client — hu_phase1_ok hu=T10045786918 msg='Packaging data was saved. Material document 7571502739 was created'
13:37:49 [WARNING] core.sap_client — phase2_wrong_screen hu=T10045786918 — re-navigating
13:37:49 [INFO] core.sap_client — setup_phase2_start
13:37:55 [INFO] core.sap_client — tx_opened code=/nZMMTIJSEP current_tx=ZMMTIJSEP
13:37:55 [INFO] core.sap_client — phase2_ready — txtGV_HU confirmed
13:37:55 [INFO] core.sap_client — hu_phase2_ok hu=T10045786918 duration_ms=6308
13:37:55 [WARNING] core.sap_client — phase1_wrong_screen hu=T10045865050 — re-navigating
13:37:55 [INFO] core.sap_client — setup_phase1_start
13:38:01 [INFO] core.sap_client — tx_opened code=/nZMOVEINBHU current_tx=ZMOVEINBHU
13:38:01 [INFO] core.sap_client — phase1_ready — ctxtP_HU confirmed
13:38:05 [INFO] core.sap_client — hu_phase1_ok hu=T10045865050 msg='Packaging data was saved. Material document 7571502756 was created'
13:38:05 [WARNING] core.sap_client — phase2_wrong_screen hu=T10045865050 — re-navigating
13:38:05 [INFO] core.sap_client — setup_phase2_start
13:38:10 [INFO] core.sap_client — tx_opened code=/nZMMTIJSEP current_tx=ZMMTIJSEP
13:38:10 [INFO] core.sap_client — phase2_ready — txtGV_HU confirmed
13:38:11 [INFO] core.sap_client — hu_phase2_ok hu=T10045865050 duration_ms=6227
13:38:11 [WARNING] core.sap_client — phase1_wrong_screen hu=T10045837110 — re-navigating
13:38:11 [INFO] core.sap_client — setup_phase1_start
13:38:16 [INFO] core.sap_client — tx_opened code=/nZMOVEINBHU current_tx=ZMOVEINBHU
13:38:16 [INFO] core.sap_client — phase1_ready — ctxtP_HU confirmed
13:38:21 [INFO] core.sap_client — hu_phase1_ok hu=T10045837110 msg='Packaging data was saved. Material document 7571502760 was created'
13:38:21 [WARNING] core.sap_client — phase2_wrong_screen hu=T10045837110 — re-navigating
13:38:21 [INFO] core.sap_client — setup_phase2_start
13:38:26 [INFO] core.sap_client — tx_opened code=/nZMMTIJSEP current_tx=ZMMTIJSEP
13:38:26 [INFO] core.sap_client — phase2_ready — txtGV_HU confirmed
13:38:27 [INFO] core.sap_client — hu_phase2_ok hu=T10045837110 duration_ms=6271
13:38:27 [WARNING] core.sap_client — phase1_wrong_screen hu=T10045788515 — re-navigating
13:38:27 [INFO] core.sap_client — setup_phase1_start
13:38:32 [INFO] core.sap_client — tx_opened code=/nZMOVEINBHU current_tx=ZMOVEINBHU
13:38:32 [INFO] core.sap_client — phase1_ready — ctxtP_HU confirmed
13:38:35 [INFO] core.queue_model — hu_added hu=T10045865007 pallet=1 origin=CNA
13:38:38 [INFO] core.sap_client — hu_phase1_ok hu=T10045788515 msg='Packaging data was saved. Material document 7571502768 was created'
13:38:38 [WARNING] core.sap_client — phase2_wrong_screen hu=T10045788515 — re-navigating
13:38:38 [INFO] core.sap_client — setup_phase2_start
13:38:40 [INFO] core.queue_model — remove_hu hu=T10045865007 pallet=1
13:38:43 [INFO] core.sap_client — tx_opened code=/nZMMTIJSEP current_tx=ZMMTIJSEP
13:38:43 [INFO] core.sap_client — phase2_ready — txtGV_HU confirmed
13:38:44 [INFO] core.queue_model — new_pallet id=2
13:38:44 [INFO] core.sap_client — hu_phase2_ok hu=T10045788515 duration_ms=6242
13:38:44 [WARNING] core.sap_client — phase1_wrong_screen hu=T10045837107 — re-navigating
13:38:44 [INFO] core.sap_client — setup_phase1_start
13:38:49 [INFO] core.sap_client — tx_opened code=/nZMOVEINBHU current_tx=ZMOVEINBHU
13:38:49 [INFO] core.sap_client — phase1_ready — ctxtP_HU confirmed
13:38:51 [INFO] core.queue_model — hu_added hu=T10045865007 pallet=2 origin=CNA
13:38:52 [INFO] core.queue_model — hu_added hu=T10045855601 pallet=2 origin=CNA
13:38:53 [INFO] core.queue_model — hu_added hu=T10045864999 pallet=2 origin=CNA
13:38:53 [INFO] core.sap_client — hu_phase1_ok hu=T10045837107 msg='Packaging data was saved. Material document 7571502771 was created'
13:38:53 [WARNING] core.sap_client — phase2_wrong_screen hu=T10045837107 — re-navigating
13:38:53 [INFO] core.sap_client — setup_phase2_start
13:38:54 [INFO] core.queue_model — hu_added hu=T10045855603 pallet=2 origin=CNA
13:38:55 [INFO] core.queue_model — hu_added hu=T10045865000 pallet=2 origin=CNA
13:38:56 [INFO] core.queue_model — hu_added hu=T10045857897 pallet=2 origin=CNA
13:38:59 [INFO] core.sap_client — tx_opened code=/nZMMTIJSEP current_tx=ZMMTIJSEP
13:38:59 [INFO] core.sap_client — phase2_ready — txtGV_HU confirmed
13:38:59 [INFO] core.sap_client — hu_phase2_ok hu=T10045837107 duration_ms=6137
13:38:59 [WARNING] core.sap_client — phase1_wrong_screen hu=T10045786928 — re-navigating
13:38:59 [INFO] core.sap_client — setup_phase1_start
13:39:05 [INFO] core.sap_client — tx_opened code=/nZMOVEINBHU current_tx=ZMOVEINBHU
13:39:05 [INFO] core.sap_client — phase1_ready — ctxtP_HU confirmed
13:39:09 [INFO] core.sap_client — hu_phase1_ok hu=T10045786928 msg='Packaging data was saved. Material document 7571502781 was created'
13:39:09 [WARNING] core.sap_client — phase2_wrong_screen hu=T10045786928 — re-navigating
13:39:09 [INFO] core.sap_client — setup_phase2_start
13:39:14 [INFO] core.sap_client — tx_opened code=/nZMMTIJSEP current_tx=ZMMTIJSEP
13:39:14 [INFO] core.sap_client — phase2_ready — txtGV_HU confirmed
13:39:15 [INFO] core.sap_client — hu_phase2_ok hu=T10045786928 duration_ms=6346
13:39:15 [WARNING] core.sap_client — phase1_wrong_screen hu=T10045855835 — re-navigating
13:39:15 [INFO] core.sap_client — setup_phase1_start
13:39:21 [INFO] core.sap_client — tx_opened code=/nZMOVEINBHU current_tx=ZMOVEINBHU
13:39:21 [INFO] core.sap_client — phase1_ready — ctxtP_HU confirmed
13:39:25 [INFO] core.sap_client — hu_phase1_ok hu=T10045855835 msg='Packaging data was saved. Material document 7571502789 was created'
13:39:25 [WARNING] core.sap_client — phase2_wrong_screen hu=T10045855835 — re-navigating
13:39:25 [INFO] core.sap_client — setup_phase2_start
13:39:30 [INFO] core.sap_client — tx_opened code=/nZMMTIJSEP current_tx=ZMMTIJSEP
13:39:30 [INFO] core.sap_client — phase2_ready — txtGV_HU confirmed
13:39:31 [INFO] core.sap_client — hu_phase2_ok hu=T10045855835 duration_ms=6310
13:39:31 [WARNING] core.sap_client — phase1_wrong_screen hu=T10045856173 — re-navigating
13:39:31 [INFO] core.sap_client — setup_phase1_start
13:39:37 [INFO] core.sap_client — tx_opened code=/nZMOVEINBHU current_tx=ZMOVEINBHU
13:39:37 [INFO] core.sap_client — phase1_ready — ctxtP_HU confirmed
13:39:41 [INFO] core.sap_client — hu_phase1_ok hu=T10045856173 msg='Packaging data was saved. Material document 7571502797 was created'
13:39:41 [WARNING] core.sap_client — phase2_wrong_screen hu=T10045856173 — re-navigating
13:39:41 [INFO] core.sap_client — setup_phase2_start
13:39:46 [INFO] core.sap_client — tx_opened code=/nZMMTIJSEP current_tx=ZMMTIJSEP
13:39:46 [INFO] core.sap_client — phase2_ready — txtGV_HU confirmed
13:39:47 [INFO] core.sap_client — hu_phase2_ok hu=T10045856173 duration_ms=6396
13:39:47 [WARNING] core.sap_client — phase1_wrong_screen hu=T10045837018 — re-navigating
13:39:47 [INFO] core.sap_client — setup_phase1_start
13:39:53 [INFO] core.sap_client — tx_opened code=/nZMOVEINBHU current_tx=ZMOVEINBHU
13:39:53 [INFO] core.sap_client — phase1_ready — ctxtP_HU confirmed
13:39:57 [INFO] core.sap_client — hu_phase1_ok hu=T10045837018 msg='Packaging data was saved. Material document 7571502803 was created'
13:39:57 [WARNING] core.sap_client — phase2_wrong_screen hu=T10045837018 — re-navigating
13:39:57 [INFO] core.sap_client — setup_phase2_start
13:40:02 [INFO] core.sap_client — tx_opened code=/nZMMTIJSEP current_tx=ZMMTIJSEP
13:40:02 [INFO] core.sap_client — phase2_ready — txtGV_HU confirmed
13:40:03 [INFO] core.sap_client — hu_phase2_ok hu=T10045837018 duration_ms=6250
13:40:03 [WARNING] core.sap_client — phase1_wrong_screen hu=T10045855844 — re-navigating
13:40:03 [INFO] core.sap_client — setup_phase1_start
13:40:08 [INFO] core.sap_client — tx_opened code=/nZMOVEINBHU current_tx=ZMOVEINBHU
13:40:08 [INFO] core.sap_client — phase1_ready — ctxtP_HU confirmed
13:40:14 [INFO] core.sap_client — hu_phase1_ok hu=T10045855844 msg='Packaging data was saved. Material document 7571502812 was created'
13:40:14 [WARNING] core.sap_client — phase2_wrong_screen hu=T10045855844 — re-navigating
13:40:14 [INFO] core.sap_client — setup_phase2_start
13:40:19 [INFO] core.sap_client — tx_opened code=/nZMMTIJSEP current_tx=ZMMTIJSEP
13:40:19 [INFO] core.sap_client — phase2_ready — txtGV_HU confirmed
13:40:20 [INFO] core.sap_client — hu_phase2_ok hu=T10045855844 duration_ms=6242
13:40:20 [WARNING] core.sap_client — phase1_wrong_screen hu=T10045842893 — re-navigating
13:40:20 [INFO] core.sap_client — setup_phase1_start
13:40:25 [INFO] core.sap_client — tx_opened code=/nZMOVEINBHU current_tx=ZMOVEINBHU
13:40:25 [INFO] core.sap_client — phase1_ready — ctxtP_HU confirmed
13:40:38 [INFO] core.sap_client — hu_phase1_ok hu=T10045842893 msg='Packaging data was saved. Material document 7571502824 was created'
13:40:38 [WARNING] core.sap_client — phase2_wrong_screen hu=T10045842893 — re-navigating
13:40:38 [INFO] core.sap_client — setup_phase2_start
13:40:43 [INFO] core.sap_client — tx_opened code=/nZMMTIJSEP current_tx=ZMMTIJSEP
13:40:43 [INFO] core.sap_client — phase2_ready — txtGV_HU confirmed
13:40:44 [INFO] core.sap_client — hu_phase2_ok hu=T10045842893 duration_ms=6337
13:40:44 [WARNING] core.sap_client — phase1_wrong_screen hu=T10045837109 — re-navigating
13:40:44 [INFO] core.sap_client — setup_phase1_start
13:40:50 [INFO] core.sap_client — tx_opened code=/nZMOVEINBHU current_tx=ZMOVEINBHU
13:40:50 [INFO] core.sap_client — phase1_ready — ctxtP_HU confirmed
13:40:54 [INFO] core.sap_client — hu_phase1_ok hu=T10045837109 msg='Packaging data was saved. Material document 7571504341 was created'
13:40:54 [WARNING] core.sap_client — phase2_wrong_screen hu=T10045837109 — re-navigating
13:40:54 [INFO] core.sap_client — setup_phase2_start
13:40:59 [INFO] core.sap_client — tx_opened code=/nZMMTIJSEP current_tx=ZMMTIJSEP
13:40:59 [INFO] core.sap_client — phase2_ready — txtGV_HU confirmed
13:41:00 [INFO] core.sap_client — hu_phase2_ok hu=T10045837109 duration_ms=6178
13:41:00 [WARNING] core.sap_client — phase1_wrong_screen hu=T10045865007 — re-navigating
13:41:00 [INFO] core.sap_client — setup_phase1_start
13:41:05 [INFO] core.sap_client — tx_opened code=/nZMOVEINBHU current_tx=ZMOVEINBHU
13:41:05 [INFO] core.sap_client — phase1_ready — ctxtP_HU confirmed
13:41:09 [INFO] core.sap_client — hu_phase1_ok hu=T10045865007 msg='Packaging data was saved. Material document 7571504352 was created'
13:41:09 [WARNING] core.sap_client — phase2_wrong_screen hu=T10045865007 — re-navigating
13:41:09 [INFO] core.sap_client — setup_phase2_start
13:41:15 [INFO] core.sap_client — tx_opened code=/nZMMTIJSEP current_tx=ZMMTIJSEP
13:41:15 [INFO] core.sap_client — phase2_ready — txtGV_HU confirmed
13:41:15 [INFO] core.sap_client — hu_phase2_ok hu=T10045865007 duration_ms=6148
13:41:15 [INFO] core.queue_model — pallet_boundary multi_hu pallet=1 count=16 hu_codes=['T10045835045', 'T10045850405', 'T10045850407', 'T10045855590', 'T10045786918', 'T10045865050', 'T10045837110', 'T10045788515', 'T10045837107', 'T10045786928', 'T10045855835', 'T10045856173', 'T10045837018', 'T10045855844', 'T10045842893', 'T10045837109']
13:41:21 [INFO] core.sap_client — tx_opened code=/nSP01 current_tx=SP01
13:41:26 [INFO] core.sap_client — sp01_row_marked row=6 title=CN-CON-003_T10045837109_20260402204100
13:41:26 [INFO] core.sap_client — sp01_row_marked row=8 title=CN-CON-003_T10045842893_20260402204044
13:41:26 [INFO] core.sap_client — sp01_row_marked row=10 title=CN-CON-003_T10045855844_20260402204019
13:41:26 [INFO] core.sap_client — sp01_row_marked row=12 title=CN-CON-003_T10045837018_20260402204002
13:41:26 [INFO] core.sap_client — sp01_row_marked row=14 title=CN-CON-003_T10045856173_20260402203947
13:41:26 [INFO] core.sap_client — sp01_row_marked row=16 title=CN-CON-003_T10045855835_20260402203931
13:41:26 [INFO] core.sap_client — sp01_row_marked row=18 title=CN-CON-003_T10045786928_20260402203915
13:41:26 [INFO] core.sap_client — sp01_row_marked row=20 title=CN-CON-003_T10045837107_20260402203859
13:41:26 [INFO] core.sap_client — sp01_row_marked row=22 title=CN-CON-003_T10045788515_20260402203844
13:41:26 [INFO] core.sap_client — sp01_row_marked row=24 title=CN-CON-003_T10045837110_20260402203827
13:41:26 [INFO] core.sap_client — sp01_row_marked row=26 title=CN-CON-003_T10045865050_20260402203811
13:41:26 [INFO] core.sap_client — sp01_row_marked row=28 title=CN-CON-003_T10045786918_20260402203755
13:41:26 [INFO] core.sap_client — sp01_row_marked row=30 title=CN-CON-003_T10045855590_20260402203739
13:41:26 [INFO] core.sap_client — sp01_row_marked row=32 title=CN-CON-003_T10045850407_20260402203723
13:41:26 [INFO] core.sap_client — sp01_row_marked row=34 title=CN-CON-003_T10045850405_20260402203708
13:41:26 [INFO] core.sap_client — sp01_row_marked row=36 title=CN-CON-003_T10045835045_20260402203652
13:41:28 [INFO] core.sap_client — sp01_print_confirmed via=btn[25] marked=16
13:41:30 [INFO] core.sap_client — sp01_pallet_done result={'status': 'ok', 'message': 'SP01 OK — 16 spool(s) impreso(s)', 'marked': 16} hu_codes=['T10045835045', 'T10045850405', 'T10045850407', 'T10045855590', 'T10045786918', 'T10045865050', 'T10045837110', 'T10045788515', 'T10045837107', 'T10045786928', 'T10045855835', 'T10045856173', 'T10045837018', 'T10045855844', 'T10045842893', 'T10045837109']
13:41:30 [INFO] core.queue_model — sp01_pallet_result={'status': 'ok', 'message': 'SP01 OK — 16 spool(s) impreso(s)', 'marked': 16}
13:45:39 [INFO] core.queue_model — hu_added hu=T10045855861 pallet=2 origin=CNA
13:45:43 [INFO] core.queue_model — hu_added hu=T10045853432 pallet=2 origin=CNA
13:51:10 [WARNING] core.queue_model — hu_duplicate_scan hu=T10045855861
13:51:11 [WARNING] core.queue_model — hu_duplicate_scan hu=T10045853432
13:51:12 [WARNING] core.queue_model — hu_duplicate_scan hu=T10045865007
13:51:13 [WARNING] core.queue_model — hu_duplicate_scan hu=T10045864999
13:51:14 [WARNING] core.queue_model — hu_duplicate_scan hu=T10045865000
13:51:15 [WARNING] core.queue_model — hu_duplicate_scan hu=T10045857897
13:51:16 [WARNING] core.queue_model — hu_duplicate_scan hu=T10045855601
13:51:29 [INFO] core.queue_model — hu_added hu=T10045835006 pallet=2 origin=CNA
13:51:30 [INFO] core.queue_model — hu_added hu=T10045788661 pallet=2 origin=CNA
13:51:30 [INFO] core.queue_model — hu_added hu=T10045855597 pallet=2 origin=CNA
13:51:31 [INFO] core.queue_model — hu_added hu=T10045865001 pallet=2 origin=CNA
13:51:32 [INFO] core.queue_model — hu_added hu=T10045855600 pallet=2 origin=CNA
13:51:34 [INFO] core.queue_model — hu_added hu=T10045865008 pallet=2 origin=CNA
13:51:35 [INFO] core.queue_model — hu_added hu=T10045850430 pallet=2 origin=CNA
13:51:35 [INFO] core.queue_model — hu_added hu=T10045837029 pallet=2 origin=CNA
13:51:36 [INFO] core.queue_model — hu_added hu=T10045855599 pallet=2 origin=CNA
13:51:37 [INFO] core.queue_model — hu_added hu=T10045855602 pallet=2 origin=CNA
13:51:50 [INFO] core.queue_model — queue_worker_resumed_by_ui
13:51:50 [INFO] core.queue_model — queue_worker_resumed_processing
13:51:50 [INFO] core.sap_client — setup_phase1_start
13:51:56 [INFO] core.sap_client — tx_opened code=/nZMOVEINBHU current_tx=ZMOVEINBHU
13:51:56 [INFO] core.sap_client — phase1_ready — ctxtP_HU confirmed
13:51:58 [INFO] core.sap_client — hu_phase1_duplicate hu=T10045865007
13:51:58 [INFO] core.sap_client — setup_phase2_start
13:52:04 [INFO] core.sap_client — tx_opened code=/nZMMTIJSEP current_tx=ZMMTIJSEP
13:52:04 [INFO] core.sap_client — phase2_ready — txtGV_HU confirmed
13:52:05 [INFO] core.sap_client — hu_phase2_ok hu=T10045865007 duration_ms=1001
13:52:05 [INFO] core.sap_client — setup_phase1_start
13:52:10 [INFO] core.sap_client — tx_opened code=/nZMOVEINBHU current_tx=ZMOVEINBHU
13:52:10 [INFO] core.sap_client — phase1_ready — ctxtP_HU confirmed
13:52:16 [INFO] core.sap_client — hu_phase1_ok hu=T10045855601 msg='Packaging data was saved. Material document 7571509301 was created'
13:52:16 [WARNING] core.sap_client — phase2_wrong_screen hu=T10045855601 — re-navigating
13:52:16 [INFO] core.sap_client — setup_phase2_start
13:52:21 [INFO] core.sap_client — tx_opened code=/nZMMTIJSEP current_tx=ZMMTIJSEP
13:52:21 [INFO] core.sap_client — phase2_ready — txtGV_HU confirmed
13:52:22 [INFO] core.sap_client — hu_phase2_ok hu=T10045855601 duration_ms=6159
13:52:22 [WARNING] core.sap_client — phase1_wrong_screen hu=T10045864999 — re-navigating
13:52:22 [INFO] core.sap_client — setup_phase1_start
13:52:27 [INFO] core.sap_client — tx_opened code=/nZMOVEINBHU current_tx=ZMOVEINBHU
13:52:27 [INFO] core.sap_client — phase1_ready — ctxtP_HU confirmed
13:52:31 [INFO] core.sap_client — hu_phase1_ok hu=T10045864999 msg='Packaging data was saved. Material document 7571510635 was created'
13:52:31 [WARNING] core.sap_client — phase2_wrong_screen hu=T10045864999 — re-navigating
13:52:31 [INFO] core.sap_client — setup_phase2_start
13:52:36 [INFO] core.sap_client — tx_opened code=/nZMMTIJSEP current_tx=ZMMTIJSEP
13:52:36 [INFO] core.sap_client — phase2_ready — txtGV_HU confirmed
13:52:37 [INFO] core.sap_client — hu_phase2_ok hu=T10045864999 duration_ms=6156
13:52:37 [WARNING] core.sap_client — phase1_wrong_screen hu=T10045855603 — re-navigating
13:52:37 [INFO] core.sap_client — setup_phase1_start
13:52:43 [INFO] core.sap_client — tx_opened code=/nZMOVEINBHU current_tx=ZMOVEINBHU
13:52:43 [INFO] core.sap_client — phase1_ready — ctxtP_HU confirmed
13:52:47 [INFO] core.sap_client — hu_phase1_ok hu=T10045855603 msg='Packaging data was saved. Material document 7571510655 was created'
13:52:47 [WARNING] core.sap_client — phase2_wrong_screen hu=T10045855603 — re-navigating
13:52:47 [INFO] core.sap_client — setup_phase2_start
13:52:52 [INFO] core.sap_client — tx_opened code=/nZMMTIJSEP current_tx=ZMMTIJSEP
13:52:52 [INFO] core.sap_client — phase2_ready — txtGV_HU confirmed
13:52:53 [INFO] core.sap_client — hu_phase2_ok hu=T10045855603 duration_ms=6257
13:52:53 [WARNING] core.sap_client — phase1_wrong_screen hu=T10045865000 — re-navigating
13:52:53 [INFO] core.sap_client — setup_phase1_start
13:52:58 [INFO] core.sap_client — tx_opened code=/nZMOVEINBHU current_tx=ZMOVEINBHU
13:52:58 [INFO] core.sap_client — phase1_ready — ctxtP_HU confirmed
13:53:02 [INFO] core.sap_client — hu_phase1_ok hu=T10045865000 msg='Packaging data was saved. Material document 7571510660 was created'
13:53:02 [WARNING] core.sap_client — phase2_wrong_screen hu=T10045865000 — re-navigating
13:53:02 [INFO] core.sap_client — setup_phase2_start
13:53:08 [INFO] core.sap_client — tx_opened code=/nZMMTIJSEP current_tx=ZMMTIJSEP
13:53:08 [INFO] core.sap_client — phase2_ready — txtGV_HU confirmed
13:53:08 [INFO] core.sap_client — hu_phase2_ok hu=T10045865000 duration_ms=6231
13:53:08 [WARNING] core.sap_client — phase1_wrong_screen hu=T10045857897 — re-navigating
13:53:08 [INFO] core.sap_client — setup_phase1_start
13:53:14 [INFO] core.sap_client — tx_opened code=/nZMOVEINBHU current_tx=ZMOVEINBHU
13:53:14 [INFO] core.sap_client — phase1_ready — ctxtP_HU confirmed
13:53:18 [INFO] core.sap_client — hu_phase1_ok hu=T10045857897 msg='Packaging data was saved. Material document 7571510671 was created'
13:53:18 [WARNING] core.sap_client — phase2_wrong_screen hu=T10045857897 — re-navigating
13:53:18 [INFO] core.sap_client — setup_phase2_start
13:53:24 [INFO] core.sap_client — tx_opened code=/nZMMTIJSEP current_tx=ZMMTIJSEP
13:53:24 [INFO] core.sap_client — phase2_ready — txtGV_HU confirmed
13:53:25 [INFO] core.sap_client — hu_phase2_ok hu=T10045857897 duration_ms=6303
13:53:25 [WARNING] core.sap_client — phase1_wrong_screen hu=T10045855861 — re-navigating
13:53:25 [INFO] core.sap_client — setup_phase1_start
13:53:30 [INFO] core.sap_client — tx_opened code=/nZMOVEINBHU current_tx=ZMOVEINBHU
13:53:30 [INFO] core.sap_client — phase1_ready — ctxtP_HU confirmed
13:53:34 [INFO] core.sap_client — hu_phase1_ok hu=T10045855861 msg='Packaging data was saved. Material document 7571510688 was created'
13:53:34 [WARNING] core.sap_client — phase2_wrong_screen hu=T10045855861 — re-navigating
13:53:34 [INFO] core.sap_client — setup_phase2_start
13:53:39 [INFO] core.sap_client — tx_opened code=/nZMMTIJSEP current_tx=ZMMTIJSEP
13:53:39 [INFO] core.sap_client — phase2_ready — txtGV_HU confirmed
13:53:40 [INFO] core.sap_client — hu_phase2_ok hu=T10045855861 duration_ms=6153
13:53:40 [WARNING] core.sap_client — phase1_wrong_screen hu=T10045853432 — re-navigating
13:53:40 [INFO] core.sap_client — setup_phase1_start
13:53:45 [INFO] core.sap_client — tx_opened code=/nZMOVEINBHU current_tx=ZMOVEINBHU
13:53:46 [INFO] core.sap_client — phase1_ready — ctxtP_HU confirmed
13:53:49 [INFO] core.sap_client — hu_phase1_ok hu=T10045853432 msg='Packaging data was saved. Material document 7571510712 was created'
13:53:49 [WARNING] core.sap_client — phase2_wrong_screen hu=T10045853432 — re-navigating
13:53:49 [INFO] core.sap_client — setup_phase2_start
13:53:55 [INFO] core.sap_client — tx_opened code=/nZMMTIJSEP current_tx=ZMMTIJSEP
13:53:55 [INFO] core.sap_client — phase2_ready — txtGV_HU confirmed
13:53:55 [INFO] core.sap_client — hu_phase2_ok hu=T10045853432 duration_ms=6060
13:53:55 [WARNING] core.sap_client — phase1_wrong_screen hu=T10045835006 — re-navigating
13:53:55 [INFO] core.sap_client — setup_phase1_start
13:54:01 [INFO] core.sap_client — tx_opened code=/nZMOVEINBHU current_tx=ZMOVEINBHU
13:54:01 [INFO] core.sap_client — phase1_ready — ctxtP_HU confirmed
13:54:05 [INFO] core.sap_client — hu_phase1_ok hu=T10045835006 msg='Packaging data was saved. Material document 7571510722 was created'
13:54:05 [WARNING] core.sap_client — phase2_wrong_screen hu=T10045835006 — re-navigating
13:54:05 [INFO] core.sap_client — setup_phase2_start
13:54:11 [INFO] core.sap_client — tx_opened code=/nZMMTIJSEP current_tx=ZMMTIJSEP
13:54:11 [INFO] core.sap_client — phase2_ready — txtGV_HU confirmed
13:54:11 [INFO] core.queue_model — new_pallet id=3
13:54:12 [INFO] core.sap_client — hu_phase2_ok hu=T10045835006 duration_ms=6263
13:54:12 [WARNING] core.sap_client — phase1_wrong_screen hu=T10045788661 — re-navigating
13:54:12 [INFO] core.sap_client — setup_phase1_start
13:54:17 [INFO] core.sap_client — tx_opened code=/nZMOVEINBHU current_tx=ZMOVEINBHU
13:54:17 [INFO] core.sap_client — phase1_ready — ctxtP_HU confirmed
13:54:22 [INFO] core.sap_client — hu_phase1_ok hu=T10045788661 msg='Packaging data was saved. Material document 7571511440 was created'
13:54:22 [WARNING] core.sap_client — phase2_wrong_screen hu=T10045788661 — re-navigating
13:54:22 [INFO] core.sap_client — setup_phase2_start
13:54:28 [INFO] core.sap_client — tx_opened code=/nZMMTIJSEP current_tx=ZMMTIJSEP
13:54:28 [INFO] core.sap_client — phase2_ready — txtGV_HU confirmed
13:54:28 [INFO] core.sap_client — hu_phase2_ok hu=T10045788661 duration_ms=6219
13:54:29 [WARNING] core.sap_client — phase1_wrong_screen hu=T10045855597 — re-navigating
13:54:29 [INFO] core.sap_client — setup_phase1_start
13:54:34 [INFO] core.sap_client — tx_opened code=/nZMOVEINBHU current_tx=ZMOVEINBHU
13:54:34 [INFO] core.sap_client — phase1_ready — ctxtP_HU confirmed
13:54:38 [INFO] core.sap_client — hu_phase1_ok hu=T10045855597 msg='Packaging data was saved. Material document 7571511447 was created'
13:54:38 [WARNING] core.sap_client — phase2_wrong_screen hu=T10045855597 — re-navigating
13:54:38 [INFO] core.sap_client — setup_phase2_start
13:54:43 [INFO] core.sap_client — tx_opened code=/nZMMTIJSEP current_tx=ZMMTIJSEP
13:54:43 [INFO] core.sap_client — phase2_ready — txtGV_HU confirmed
13:54:44 [INFO] core.sap_client — hu_phase2_ok hu=T10045855597 duration_ms=6195
13:54:44 [WARNING] core.sap_client — phase1_wrong_screen hu=T10045865001 — re-navigating
13:54:44 [INFO] core.sap_client — setup_phase1_start
13:54:50 [INFO] core.sap_client — tx_opened code=/nZMOVEINBHU current_tx=ZMOVEINBHU
13:54:50 [INFO] core.sap_client — phase1_ready — ctxtP_HU confirmed
13:54:54 [INFO] core.sap_client — hu_phase1_ok hu=T10045865001 msg='Packaging data was saved. Material document 7571511459 was created'
13:54:54 [WARNING] core.sap_client — phase2_wrong_screen hu=T10045865001 — re-navigating
13:54:54 [INFO] core.sap_client — setup_phase2_start
13:54:59 [INFO] core.sap_client — tx_opened code=/nZMMTIJSEP current_tx=ZMMTIJSEP
13:54:59 [INFO] core.sap_client — phase2_ready — txtGV_HU confirmed
13:55:00 [INFO] core.sap_client — hu_phase2_ok hu=T10045865001 duration_ms=6227
13:55:00 [WARNING] core.sap_client — phase1_wrong_screen hu=T10045855600 — re-navigating
13:55:00 [INFO] core.sap_client — setup_phase1_start
13:55:05 [INFO] core.sap_client — tx_opened code=/nZMOVEINBHU current_tx=ZMOVEINBHU
13:55:05 [INFO] core.sap_client — phase1_ready — ctxtP_HU confirmed
13:55:09 [INFO] core.sap_client — hu_phase1_ok hu=T10045855600 msg='Packaging data was saved. Material document 7571511469 was created'
13:55:09 [WARNING] core.sap_client — phase2_wrong_screen hu=T10045855600 — re-navigating
13:55:09 [INFO] core.sap_client — setup_phase2_start
13:55:14 [INFO] core.sap_client — tx_opened code=/nZMMTIJSEP current_tx=ZMMTIJSEP
13:55:14 [INFO] core.sap_client — phase2_ready — txtGV_HU confirmed
13:55:15 [INFO] core.sap_client — hu_phase2_ok hu=T10045855600 duration_ms=6149
13:55:15 [WARNING] core.sap_client — phase1_wrong_screen hu=T10045865008 — re-navigating
13:55:15 [INFO] core.sap_client — setup_phase1_start
13:55:21 [INFO] core.sap_client — tx_opened code=/nZMOVEINBHU current_tx=ZMOVEINBHU
13:55:21 [INFO] core.sap_client — phase1_ready — ctxtP_HU confirmed
13:55:25 [INFO] core.sap_client — hu_phase1_ok hu=T10045865008 msg='Packaging data was saved. Material document 7571511485 was created'
13:55:25 [WARNING] core.sap_client — phase2_wrong_screen hu=T10045865008 — re-navigating
13:55:25 [INFO] core.sap_client — setup_phase2_start
13:55:30 [INFO] core.sap_client — tx_opened code=/nZMMTIJSEP current_tx=ZMMTIJSEP
13:55:30 [INFO] core.sap_client — phase2_ready — txtGV_HU confirmed
13:55:31 [INFO] core.sap_client — hu_phase2_ok hu=T10045865008 duration_ms=6222
13:55:31 [WARNING] core.sap_client — phase1_wrong_screen hu=T10045850430 — re-navigating
13:55:31 [INFO] core.sap_client — setup_phase1_start
13:55:36 [INFO] core.sap_client — tx_opened code=/nZMOVEINBHU current_tx=ZMOVEINBHU
13:55:36 [INFO] core.sap_client — phase1_ready — ctxtP_HU confirmed
13:55:40 [INFO] core.sap_client — hu_phase1_ok hu=T10045850430 msg='Packaging data was saved. Material document 7571511501 was created'
13:55:40 [WARNING] core.sap_client — phase2_wrong_screen hu=T10045850430 — re-navigating
13:55:40 [INFO] core.sap_client — setup_phase2_start
13:55:45 [INFO] core.sap_client — tx_opened code=/nZMMTIJSEP current_tx=ZMMTIJSEP
13:55:45 [INFO] core.sap_client — phase2_ready — txtGV_HU confirmed
13:55:46 [INFO] core.sap_client — hu_phase2_ok hu=T10045850430 duration_ms=6306
13:55:46 [WARNING] core.sap_client — phase1_wrong_screen hu=T10045837029 — re-navigating
13:55:46 [INFO] core.sap_client — setup_phase1_start
13:55:52 [INFO] core.sap_client — tx_opened code=/nZMOVEINBHU current_tx=ZMOVEINBHU
13:55:52 [INFO] core.sap_client — phase1_ready — ctxtP_HU confirmed
13:55:56 [INFO] core.sap_client — hu_phase1_ok hu=T10045837029 msg='Packaging data was saved. Material document 7571511509 was created'
13:55:56 [WARNING] core.sap_client — phase2_wrong_screen hu=T10045837029 — re-navigating
13:55:56 [INFO] core.sap_client — setup_phase2_start
13:56:01 [INFO] core.sap_client — tx_opened code=/nZMMTIJSEP current_tx=ZMMTIJSEP
13:56:01 [INFO] core.sap_client — phase2_ready — txtGV_HU confirmed
13:56:02 [INFO] core.sap_client — hu_phase2_ok hu=T10045837029 duration_ms=6308
13:56:02 [WARNING] core.sap_client — phase1_wrong_screen hu=T10045855599 — re-navigating
13:56:02 [INFO] core.sap_client — setup_phase1_start
13:56:07 [INFO] core.sap_client — tx_opened code=/nZMOVEINBHU current_tx=ZMOVEINBHU
13:56:07 [INFO] core.sap_client — phase1_ready — ctxtP_HU confirmed
13:56:11 [INFO] core.sap_client — hu_phase1_ok hu=T10045855599 msg='Packaging data was saved. Material document 7571511513 was created'
13:56:11 [WARNING] core.sap_client — phase2_wrong_screen hu=T10045855599 — re-navigating
13:56:11 [INFO] core.sap_client — setup_phase2_start
13:56:16 [INFO] core.sap_client — tx_opened code=/nZMMTIJSEP current_tx=ZMMTIJSEP
13:56:16 [INFO] core.sap_client — phase2_ready — txtGV_HU confirmed
13:56:17 [INFO] core.sap_client — hu_phase2_ok hu=T10045855599 duration_ms=6209
13:56:17 [WARNING] core.sap_client — phase1_wrong_screen hu=T10045855602 — re-navigating
13:56:17 [INFO] core.sap_client — setup_phase1_start
13:56:23 [INFO] core.sap_client — tx_opened code=/nZMOVEINBHU current_tx=ZMOVEINBHU
13:56:23 [INFO] core.sap_client — phase1_ready — ctxtP_HU confirmed
13:56:26 [INFO] core.sap_client — hu_phase1_ok hu=T10045855602 msg='Packaging data was saved. Material document 7571511523 was created'
13:56:26 [WARNING] core.sap_client — phase2_wrong_screen hu=T10045855602 — re-navigating
13:56:26 [INFO] core.sap_client — setup_phase2_start
13:56:32 [INFO] core.sap_client — tx_opened code=/nZMMTIJSEP current_tx=ZMMTIJSEP
13:56:32 [INFO] core.sap_client — phase2_ready — txtGV_HU confirmed
13:56:33 [INFO] core.sap_client — hu_phase2_ok hu=T10045855602 duration_ms=6128
13:56:33 [INFO] core.queue_model — pallet_boundary multi_hu pallet=2 count=18 hu_codes=['T10045865007', 'T10045855601', 'T10045864999', 'T10045855603', 'T10045865000', 'T10045857897', 'T10045855861', 'T10045853432', 'T10045835006', 'T10045788661', 'T10045855597', 'T10045865001', 'T10045855600', 'T10045865008', 'T10045850430', 'T10045837029', 'T10045855599', 'T10045855602']
13:56:38 [INFO] core.sap_client — tx_opened code=/nSP01 current_tx=SP01
13:56:43 [INFO] core.sap_client — sp01_row_marked row=4 title=CN-CON-003_T10045855602_20260402205632
13:56:43 [INFO] core.sap_client — sp01_row_marked row=6 title=CN-CON-003_T10045855599_20260402205617
13:56:43 [INFO] core.sap_client — sp01_row_marked row=8 title=CN-CON-003_T10045837029_20260402205601
13:56:43 [INFO] core.sap_client — sp01_row_marked row=10 title=CN-CON-003_T10045850430_20260402205546
13:56:43 [INFO] core.sap_client — sp01_row_marked row=12 title=CN-CON-003_T10045865008_20260402205531
13:56:43 [INFO] core.sap_client — sp01_row_marked row=14 title=CN-CON-003_T10045855600_20260402205515
13:56:43 [INFO] core.sap_client — sp01_row_marked row=16 title=CN-CON-003_T10045865001_20260402205500
13:56:43 [INFO] core.sap_client — sp01_row_marked row=18 title=CN-CON-003_T10045855597_20260402205444
13:56:43 [INFO] core.sap_client — sp01_row_marked row=20 title=CN-CON-003_T10045788661_20260402205428
13:56:43 [INFO] core.sap_client — sp01_row_marked row=22 title=CN-CON-003_T10045835006_20260402205411
13:56:43 [INFO] core.sap_client — sp01_row_marked row=24 title=CN-CON-003_T10045853432_20260402205355
13:56:43 [INFO] core.sap_client — sp01_row_marked row=26 title=CN-CON-003_T10045855861_20260402205340
13:56:43 [INFO] core.sap_client — sp01_row_marked row=28 title=CN-CON-003_T10045857897_20260402205324
13:56:43 [INFO] core.sap_client — sp01_row_marked row=30 title=CN-CON-003_T10045865000_20260402205308
13:56:43 [INFO] core.sap_client — sp01_row_marked row=32 title=CN-CON-003_T10045855603_20260402205253
13:56:43 [INFO] core.sap_client — sp01_row_marked row=34 title=CN-CON-003_T10045864999_20260402205237
13:56:43 [INFO] core.sap_client — sp01_row_marked row=36 title=CN-CON-003_T10045855601_20260402205222
13:56:43 [INFO] core.sap_client — sp01_row_marked row=38 title=CN-CON-003_T10045865007_20260402204115
13:56:43 [INFO] core.sap_client — sp01_row_marked row=40 title=CN-CON-003_T10045865007_20260402204115
13:56:45 [INFO] core.sap_client — sp01_print_confirmed via=btn[25] marked=19
13:56:47 [INFO] core.sap_client — sp01_pallet_done result={'status': 'ok', 'message': 'SP01 OK — 19 spool(s) impreso(s)', 'marked': 19} hu_codes=['T10045865007', 'T10045855601', 'T10045864999', 'T10045855603', 'T10045865000', 'T10045857897', 'T10045855861', 'T10045853432', 'T10045835006', 'T10045788661', 'T10045855597', 'T10045865001', 'T10045855600', 'T10045865008', 'T10045850430', 'T10045837029', 'T10045855599', 'T10045855602']
13:56:47 [INFO] core.queue_model — sp01_pallet_result={'status': 'ok', 'message': 'SP01 OK — 19 spool(s) impreso(s)', 'marked': 19}
13:56:47 [INFO] core.queue_model — queue_worker_stop_requested
13:56:47 [INFO] core.queue_model — queue_worker_stopped
14:00:25 [INFO] core.queue_model — hu_added hu=T10045842895 pallet=3 origin=CNA
14:00:28 [INFO] core.queue_model — hu_added hu=T10045850403 pallet=3 origin=CNA
14:00:30 [INFO] core.queue_model — hu_added hu=T10045837016 pallet=3 origin=CNA
14:00:32 [INFO] core.queue_model — hu_added hu=T10045853281 pallet=3 origin=CNA
14:00:33 [INFO] core.queue_model — hu_added hu=T10045869028 pallet=3 origin=CNA
14:00:34 [INFO] core.queue_model — hu_added hu=T10045853431 pallet=3 origin=CNA
14:00:35 [WARNING] core.queue_model — hu_duplicate_scan hu=T10045842895
14:00:41 [INFO] core.queue_model — queue_worker_started dynamic_print_mode
14:00:41 [INFO] core.sap_client — sap_connected system=LUP user=LOPEZHJC
14:00:41 [INFO] core.queue_model — queue_worker_sap_connected
14:00:41 [INFO] core.sap_client — setup_phase1_start
14:00:47 [INFO] core.sap_client — tx_opened code=/nZMOVEINBHU current_tx=ZMOVEINBHU
14:00:47 [INFO] core.sap_client — phase1_ready — ctxtP_HU confirmed
14:00:50 [INFO] core.sap_client — hu_phase1_ok hu=T10045842895 msg='Packaging data was saved. Material document 7571513588 was created'
14:00:50 [INFO] core.sap_client — setup_phase2_start
14:00:56 [INFO] core.sap_client — tx_opened code=/nZMMTIJSEP current_tx=ZMMTIJSEP
14:00:56 [INFO] core.sap_client — phase2_ready — txtGV_HU confirmed
14:00:57 [INFO] core.sap_client — hu_phase2_ok hu=T10045842895 duration_ms=1359
14:00:57 [INFO] core.sap_client — setup_phase1_start
14:01:02 [INFO] core.sap_client — tx_opened code=/nZMOVEINBHU current_tx=ZMOVEINBHU
14:01:02 [INFO] core.sap_client — phase1_ready — ctxtP_HU confirmed
14:01:06 [INFO] core.sap_client — hu_phase1_ok hu=T10045850403 msg='Packaging data was saved. Material document 7571513613 was created'
14:01:06 [WARNING] core.sap_client — phase2_wrong_screen hu=T10045850403 — re-navigating
14:01:06 [INFO] core.sap_client — setup_phase2_start
14:01:11 [INFO] core.sap_client — tx_opened code=/nZMMTIJSEP current_tx=ZMMTIJSEP
14:01:11 [INFO] core.sap_client — phase2_ready — txtGV_HU confirmed
14:01:12 [INFO] core.sap_client — hu_phase2_ok hu=T10045850403 duration_ms=6259
14:01:12 [WARNING] core.sap_client — phase1_wrong_screen hu=T10045837016 — re-navigating
14:01:12 [INFO] core.sap_client — setup_phase1_start
14:01:18 [INFO] core.sap_client — tx_opened code=/nZMOVEINBHU current_tx=ZMOVEINBHU
14:01:18 [INFO] core.sap_client — phase1_ready — ctxtP_HU confirmed
14:01:22 [INFO] core.sap_client — hu_phase1_ok hu=T10045837016 msg='Packaging data was saved. Material document 7571513624 was created'
14:01:22 [WARNING] core.sap_client — phase2_wrong_screen hu=T10045837016 — re-navigating
14:01:22 [INFO] core.sap_client — setup_phase2_start
14:01:27 [INFO] core.sap_client — tx_opened code=/nZMMTIJSEP current_tx=ZMMTIJSEP
14:01:27 [INFO] core.sap_client — phase2_ready — txtGV_HU confirmed
14:01:28 [INFO] core.sap_client — hu_phase2_ok hu=T10045837016 duration_ms=6366
14:01:28 [WARNING] core.sap_client — phase1_wrong_screen hu=T10045853281 — re-navigating
14:01:28 [INFO] core.sap_client — setup_phase1_start
14:01:33 [INFO] core.sap_client — tx_opened code=/nZMOVEINBHU current_tx=ZMOVEINBHU
14:01:33 [INFO] core.sap_client — phase1_ready — ctxtP_HU confirmed
14:01:39 [INFO] core.sap_client — hu_phase1_ok hu=T10045853281 msg='Packaging data was saved. Material document 7571514531 was created'
14:01:39 [WARNING] core.sap_client — phase2_wrong_screen hu=T10045853281 — re-navigating
14:01:39 [INFO] core.sap_client — setup_phase2_start
14:01:45 [INFO] core.sap_client — tx_opened code=/nZMMTIJSEP current_tx=ZMMTIJSEP
14:01:45 [INFO] core.sap_client — phase2_ready — txtGV_HU confirmed
14:01:45 [INFO] core.sap_client — hu_phase2_ok hu=T10045853281 duration_ms=6209
14:01:45 [WARNING] core.sap_client — phase1_wrong_screen hu=T10045869028 — re-navigating
14:01:45 [INFO] core.sap_client — setup_phase1_start
14:01:50 [INFO] core.queue_model — hu_added hu=T10045857554 pallet=3 origin=CNA
14:01:50 [INFO] core.queue_model — hu_added hu=T10045856242 pallet=3 origin=CNA
14:01:51 [INFO] core.sap_client — tx_opened code=/nZMOVEINBHU current_tx=ZMOVEINBHU
14:01:51 [INFO] core.sap_client — phase1_ready — ctxtP_HU confirmed
14:01:51 [INFO] core.queue_model — hu_added hu=T10045868979 pallet=3 origin=CNA
14:01:52 [INFO] core.queue_model — hu_added hu=T10045786915 pallet=3 origin=CNA
14:01:53 [INFO] core.queue_model — hu_added hu=T10045786919 pallet=3 origin=CNA
14:01:54 [INFO] core.queue_model — hu_added hu=T10045868974 pallet=3 origin=CNA
14:01:55 [INFO] core.queue_model — hu_added hu=T10045856244 pallet=3 origin=CNA
14:01:55 [INFO] core.sap_client — hu_phase1_ok hu=T10045869028 msg='Packaging data was saved. Material document 7571514538 was created'
14:01:55 [WARNING] core.sap_client — phase2_wrong_screen hu=T10045869028 — re-navigating
14:01:55 [INFO] core.sap_client — setup_phase2_start
14:01:56 [INFO] core.queue_model — hu_added hu=T10045853282 pallet=3 origin=CNA
14:01:57 [INFO] core.queue_model — hu_added hu=T10045857553 pallet=3 origin=CNA
14:01:57 [INFO] core.queue_model — hu_added hu=T10045831321 pallet=3 origin=CNA
14:02:00 [INFO] core.sap_client — tx_opened code=/nZMMTIJSEP current_tx=ZMMTIJSEP
14:02:00 [INFO] core.sap_client — phase2_ready — txtGV_HU confirmed
14:02:01 [INFO] core.sap_client — hu_phase2_ok hu=T10045869028 duration_ms=6405
14:02:01 [WARNING] core.sap_client — phase1_wrong_screen hu=T10045853431 — re-navigating
14:02:01 [INFO] core.sap_client — setup_phase1_start
14:02:07 [INFO] core.sap_client — tx_opened code=/nZMOVEINBHU current_tx=ZMOVEINBHU
14:02:07 [INFO] core.sap_client — phase1_ready — ctxtP_HU confirmed
14:02:10 [INFO] core.sap_client — hu_phase1_ok hu=T10045853431 msg='Packaging data was saved. Material document 7571514548 was created'
14:02:10 [WARNING] core.sap_client — phase2_wrong_screen hu=T10045853431 — re-navigating
14:02:10 [INFO] core.sap_client — setup_phase2_start
14:02:16 [INFO] core.sap_client — tx_opened code=/nZMMTIJSEP current_tx=ZMMTIJSEP
14:02:16 [INFO] core.sap_client — phase2_ready — txtGV_HU confirmed
14:02:17 [INFO] core.sap_client — hu_phase2_ok hu=T10045853431 duration_ms=6299
14:02:17 [WARNING] core.sap_client — phase1_wrong_screen hu=T10045857554 — re-navigating
14:02:17 [INFO] core.sap_client — setup_phase1_start
14:02:22 [INFO] core.sap_client — tx_opened code=/nZMOVEINBHU current_tx=ZMOVEINBHU
14:02:22 [INFO] core.sap_client — phase1_ready — ctxtP_HU confirmed
14:02:26 [INFO] core.sap_client — hu_phase1_ok hu=T10045857554 msg='Packaging data was saved. Material document 7571514560 was created'
14:02:26 [WARNING] core.sap_client — phase2_wrong_screen hu=T10045857554 — re-navigating
14:02:26 [INFO] core.sap_client — setup_phase2_start
14:02:31 [INFO] core.sap_client — tx_opened code=/nZMMTIJSEP current_tx=ZMMTIJSEP
14:02:31 [INFO] core.sap_client — phase2_ready — txtGV_HU confirmed
14:02:32 [INFO] core.sap_client — hu_phase2_ok hu=T10045857554 duration_ms=6169
14:02:32 [WARNING] core.sap_client — phase1_wrong_screen hu=T10045856242 — re-navigating
14:02:32 [INFO] core.sap_client — setup_phase1_start
14:02:38 [INFO] core.sap_client — tx_opened code=/nZMOVEINBHU current_tx=ZMOVEINBHU
14:02:38 [INFO] core.sap_client — phase1_ready — ctxtP_HU confirmed
14:02:42 [INFO] core.sap_client — hu_phase1_ok hu=T10045856242 msg='Packaging data was saved. Material document 7571514571 was created'
14:02:42 [WARNING] core.sap_client — phase2_wrong_screen hu=T10045856242 — re-navigating
14:02:42 [INFO] core.sap_client — setup_phase2_start
14:02:47 [INFO] core.sap_client — tx_opened code=/nZMMTIJSEP current_tx=ZMMTIJSEP
14:02:47 [INFO] core.sap_client — phase2_ready — txtGV_HU confirmed
14:02:48 [INFO] core.sap_client — hu_phase2_ok hu=T10045856242 duration_ms=6221
14:02:48 [WARNING] core.sap_client — phase1_wrong_screen hu=T10045868979 — re-navigating
14:02:48 [INFO] core.sap_client — setup_phase1_start
14:02:54 [INFO] core.sap_client — tx_opened code=/nZMOVEINBHU current_tx=ZMOVEINBHU
14:02:54 [INFO] core.sap_client — phase1_ready — ctxtP_HU confirmed
14:02:57 [INFO] core.sap_client — hu_phase1_ok hu=T10045868979 msg='Packaging data was saved. Material document 7571514583 was created'
14:02:57 [WARNING] core.sap_client — phase2_wrong_screen hu=T10045868979 — re-navigating
14:02:57 [INFO] core.sap_client — setup_phase2_start
14:03:03 [INFO] core.sap_client — tx_opened code=/nZMMTIJSEP current_tx=ZMMTIJSEP
14:03:03 [INFO] core.sap_client — phase2_ready — txtGV_HU confirmed
14:03:04 [INFO] core.sap_client — hu_phase2_ok hu=T10045868979 duration_ms=6314
14:03:04 [WARNING] core.sap_client — phase1_wrong_screen hu=T10045786915 — re-navigating
14:03:04 [INFO] core.sap_client — setup_phase1_start
14:03:09 [INFO] core.sap_client — tx_opened code=/nZMOVEINBHU current_tx=ZMOVEINBHU
14:03:09 [INFO] core.sap_client — phase1_ready — ctxtP_HU confirmed
14:03:14 [INFO] core.sap_client — hu_phase1_ok hu=T10045786915 msg='Packaging data was saved. Material document 7571514591 was created'
14:03:14 [WARNING] core.sap_client — phase2_wrong_screen hu=T10045786915 — re-navigating
14:03:14 [INFO] core.sap_client — setup_phase2_start
14:03:19 [INFO] core.sap_client — tx_opened code=/nZMMTIJSEP current_tx=ZMMTIJSEP
14:03:19 [INFO] core.sap_client — phase2_ready — txtGV_HU confirmed
14:03:20 [INFO] core.sap_client — hu_phase2_ok hu=T10045786915 duration_ms=6457
14:03:20 [WARNING] core.sap_client — phase1_wrong_screen hu=T10045786919 — re-navigating
14:03:20 [INFO] core.sap_client — setup_phase1_start
14:03:26 [INFO] core.sap_client — tx_opened code=/nZMOVEINBHU current_tx=ZMOVEINBHU
14:03:26 [INFO] core.sap_client — phase1_ready — ctxtP_HU confirmed
14:03:30 [INFO] core.sap_client — hu_phase1_ok hu=T10045786919 msg='Packaging data was saved. Material document 7571514601 was created'
14:03:30 [WARNING] core.sap_client — phase2_wrong_screen hu=T10045786919 — re-navigating
14:03:30 [INFO] core.sap_client — setup_phase2_start
14:03:35 [INFO] core.sap_client — tx_opened code=/nZMMTIJSEP current_tx=ZMMTIJSEP
14:03:35 [INFO] core.sap_client — phase2_ready — txtGV_HU confirmed
14:03:36 [INFO] core.sap_client — hu_phase2_ok hu=T10045786919 duration_ms=6188
14:03:36 [WARNING] core.sap_client — phase1_wrong_screen hu=T10045868974 — re-navigating
14:03:36 [INFO] core.sap_client — setup_phase1_start
14:03:41 [INFO] core.sap_client — tx_opened code=/nZMOVEINBHU current_tx=ZMOVEINBHU
14:03:41 [INFO] core.sap_client — phase1_ready — ctxtP_HU confirmed
14:03:45 [INFO] core.sap_client — hu_phase1_ok hu=T10045868974 msg='Packaging data was saved. Material document 7571514612 was created'
14:03:45 [WARNING] core.sap_client — phase2_wrong_screen hu=T10045868974 — re-navigating
14:03:45 [INFO] core.sap_client — setup_phase2_start
14:03:50 [INFO] core.sap_client — tx_opened code=/nZMMTIJSEP current_tx=ZMMTIJSEP
14:03:50 [INFO] core.sap_client — phase2_ready — txtGV_HU confirmed
14:03:51 [INFO] core.sap_client — hu_phase2_ok hu=T10045868974 duration_ms=6287
14:03:51 [WARNING] core.sap_client — phase1_wrong_screen hu=T10045856244 — re-navigating
14:03:51 [INFO] core.sap_client — setup_phase1_start
14:03:57 [INFO] core.sap_client — tx_opened code=/nZMOVEINBHU current_tx=ZMOVEINBHU
14:03:57 [INFO] core.sap_client — phase1_ready — ctxtP_HU confirmed
14:04:01 [INFO] core.sap_client — hu_phase1_ok hu=T10045856244 msg='Packaging data was saved. Material document 7571514622 was created'
14:04:01 [WARNING] core.sap_client — phase2_wrong_screen hu=T10045856244 — re-navigating
14:04:01 [INFO] core.sap_client — setup_phase2_start
14:04:06 [INFO] core.sap_client — tx_opened code=/nZMMTIJSEP current_tx=ZMMTIJSEP
14:04:06 [INFO] core.sap_client — phase2_ready — txtGV_HU confirmed
14:04:07 [INFO] core.sap_client — hu_phase2_ok hu=T10045856244 duration_ms=6261
14:04:07 [WARNING] core.sap_client — phase1_wrong_screen hu=T10045853282 — re-navigating
14:04:07 [INFO] core.sap_client — setup_phase1_start
14:04:13 [INFO] core.sap_client — tx_opened code=/nZMOVEINBHU current_tx=ZMOVEINBHU
14:04:13 [INFO] core.sap_client — phase1_ready — ctxtP_HU confirmed
14:04:18 [INFO] core.sap_client — hu_phase1_ok hu=T10045853282 msg='Packaging data was saved. Material document 7571515631 was created'
14:04:18 [WARNING] core.sap_client — phase2_wrong_screen hu=T10045853282 — re-navigating
14:04:18 [INFO] core.sap_client — setup_phase2_start
14:04:23 [INFO] core.sap_client — tx_opened code=/nZMMTIJSEP current_tx=ZMMTIJSEP
14:04:23 [INFO] core.sap_client — phase2_ready — txtGV_HU confirmed
14:04:24 [INFO] core.sap_client — hu_phase2_ok hu=T10045853282 duration_ms=6227
14:04:24 [WARNING] core.sap_client — phase1_wrong_screen hu=T10045857553 — re-navigating
14:04:24 [INFO] core.sap_client — setup_phase1_start
14:04:29 [INFO] core.sap_client — tx_opened code=/nZMOVEINBHU current_tx=ZMOVEINBHU
14:04:29 [INFO] core.sap_client — phase1_ready — ctxtP_HU confirmed
14:04:33 [INFO] core.sap_client — hu_phase1_ok hu=T10045857553 msg='Packaging data was saved. Material document 7571515636 was created'
14:04:33 [WARNING] core.sap_client — phase2_wrong_screen hu=T10045857553 — re-navigating
14:04:33 [INFO] core.sap_client — setup_phase2_start
14:04:38 [INFO] core.sap_client — tx_opened code=/nZMMTIJSEP current_tx=ZMMTIJSEP
14:04:38 [INFO] core.sap_client — phase2_ready — txtGV_HU confirmed
14:04:39 [INFO] core.sap_client — hu_phase2_ok hu=T10045857553 duration_ms=6123
14:04:39 [WARNING] core.sap_client — phase1_wrong_screen hu=T10045831321 — re-navigating
14:04:39 [INFO] core.sap_client — setup_phase1_start
14:04:44 [INFO] core.sap_client — tx_opened code=/nZMOVEINBHU current_tx=ZMOVEINBHU
14:04:44 [INFO] core.sap_client — phase1_ready — ctxtP_HU confirmed
14:04:48 [INFO] core.sap_client — hu_phase1_ok hu=T10045831321 msg='Packaging data was saved. Material document 7571515640 was created'
14:04:48 [WARNING] core.sap_client — phase2_wrong_screen hu=T10045831321 — re-navigating
14:04:48 [INFO] core.sap_client — setup_phase2_start
14:04:53 [INFO] core.sap_client — tx_opened code=/nZMMTIJSEP current_tx=ZMMTIJSEP
14:04:53 [INFO] core.sap_client — phase2_ready — txtGV_HU confirmed
14:04:54 [INFO] core.sap_client — hu_phase2_ok hu=T10045831321 duration_ms=6203
14:04:54 [INFO] core.queue_model — pallet_boundary multi_hu pallet=3 count=16 hu_codes=['T10045842895', 'T10045850403', 'T10045837016', 'T10045853281', 'T10045869028', 'T10045853431', 'T10045857554', 'T10045856242', 'T10045868979', 'T10045786915', 'T10045786919', 'T10045868974', 'T10045856244', 'T10045853282', 'T10045857553', 'T10045831321']
14:05:00 [INFO] core.sap_client — tx_opened code=/nSP01 current_tx=SP01
14:05:05 [INFO] core.sap_client — sp01_row_marked row=4 title=CN-CON-003_T10045831321_20260402210454
14:05:05 [INFO] core.sap_client — sp01_row_marked row=6 title=CN-CON-003_T10045857553_20260402210439
14:05:05 [INFO] core.sap_client — sp01_row_marked row=8 title=CN-CON-003_T10045853282_20260402210423
14:05:05 [INFO] core.sap_client — sp01_row_marked row=10 title=CN-CON-003_T10045856244_20260402210407
14:05:05 [INFO] core.sap_client — sp01_row_marked row=12 title=CN-CON-003_T10045868974_20260402210351
14:05:05 [INFO] core.sap_client — sp01_row_marked row=14 title=CN-CON-003_T10045786919_20260402210335
14:05:05 [INFO] core.sap_client — sp01_row_marked row=16 title=CN-CON-003_T10045786915_20260402210320
14:05:05 [INFO] core.sap_client — sp01_row_marked row=18 title=CN-CON-003_T10045868979_20260402210303
14:05:05 [INFO] core.sap_client — sp01_row_marked row=20 title=CN-CON-003_T10045856242_20260402210248
14:05:05 [INFO] core.sap_client — sp01_row_marked row=22 title=CN-CON-003_T10045857554_20260402210232
14:05:05 [INFO] core.sap_client — sp01_row_marked row=24 title=CN-CON-003_T10045853431_20260402210216
14:05:05 [INFO] core.sap_client — sp01_row_marked row=26 title=CN-CON-003_T10045869028_20260402210201
14:05:05 [INFO] core.sap_client — sp01_row_marked row=28 title=CN-CON-003_T10045853281_20260402210145
14:05:05 [INFO] core.sap_client — sp01_row_marked row=30 title=CN-CON-003_T10045837016_20260402210128
14:05:05 [INFO] core.sap_client — sp01_row_marked row=32 title=CN-CON-003_T10045850403_20260402210112
14:05:05 [INFO] core.sap_client — sp01_row_marked row=34 title=CN-CON-003_T10045842895_20260402210056
14:05:07 [INFO] core.sap_client — sp01_print_confirmed via=btn[25] marked=16
14:05:09 [INFO] core.sap_client — sp01_pallet_done result={'status': 'ok', 'message': 'SP01 OK — 16 spool(s) impreso(s)', 'marked': 16} hu_codes=['T10045842895', 'T10045850403', 'T10045837016', 'T10045853281', 'T10045869028', 'T10045853431', 'T10045857554', 'T10045856242', 'T10045868979', 'T10045786915', 'T10045786919', 'T10045868974', 'T10045856244', 'T10045853282', 'T10045857553', 'T10045831321']
14:05:09 [INFO] core.queue_model — sp01_pallet_result={'status': 'ok', 'message': 'SP01 OK — 16 spool(s) impreso(s)', 'marked': 16}
14:05:09 [INFO] core.queue_model — queue_worker_stopped
14:05:09 [INFO] core.queue_model — queue_worker_stop_requested
14:07:57 [INFO] core.queue_model — new_pallet id=4
14:07:59 [INFO] core.queue_model — hu_added hu=T10045856179 pallet=4 origin=CNA
14:08:00 [INFO] core.queue_model — hu_added hu=T10045837034 pallet=4 origin=CNA
14:08:01 [INFO] core.queue_model — hu_added hu=T10045856182 pallet=4 origin=CNA
14:08:02 [INFO] core.queue_model — hu_added hu=T10045831326 pallet=4 origin=CNA
14:08:05 [INFO] core.queue_model — queue_worker_started dynamic_print_mode
14:08:05 [INFO] core.sap_client — sap_connected system=LUP user=LOPEZHJC
14:08:05 [INFO] core.queue_model — queue_worker_sap_connected
14:08:05 [INFO] core.sap_client — setup_phase1_start
14:08:10 [INFO] core.queue_model — hu_added hu=T10045853303 pallet=4 origin=CNA
14:08:11 [INFO] core.sap_client — tx_opened code=/nZMOVEINBHU current_tx=ZMOVEINBHU
14:08:11 [INFO] core.sap_client — phase1_ready — ctxtP_HU confirmed
14:08:12 [INFO] core.queue_model — hu_added hu=T10045837035 pallet=4 origin=CNA
14:08:12 [INFO] core.queue_model — hu_added hu=T10045831325 pallet=4 origin=CNA
14:08:12 [INFO] core.queue_model — hu_added hu=T10045837032 pallet=4 origin=CNA
14:08:15 [INFO] core.sap_client — hu_phase1_ok hu=T10045856179 msg='Packaging data was saved. Material document 7571516582 was created'
14:08:15 [INFO] core.sap_client — setup_phase2_start
14:08:16 [INFO] core.queue_model — hu_added hu=T10045856181 pallet=4 origin=CNA
14:08:16 [INFO] core.queue_model — hu_added hu=T10045837033 pallet=4 origin=CNA
14:08:20 [INFO] core.sap_client — tx_opened code=/nZMMTIJSEP current_tx=ZMMTIJSEP
14:08:20 [INFO] core.sap_client — phase2_ready — txtGV_HU confirmed
14:08:20 [INFO] core.queue_model — hu_added hu=T10045855467 pallet=4 origin=CNA
14:08:21 [INFO] core.sap_client — hu_phase2_ok hu=T10045856179 duration_ms=1059
14:08:21 [INFO] core.sap_client — setup_phase1_start
14:08:22 [WARNING] core.queue_model — hu_duplicate_scan hu=T10045856179
14:08:23 [WARNING] core.queue_model — hu_duplicate_scan hu=T10045831326
14:08:25 [WARNING] core.queue_model — hu_duplicate_scan hu=T10045856182
14:08:26 [WARNING] core.queue_model — hu_duplicate_scan hu=T10045837034
14:08:27 [INFO] core.sap_client — tx_opened code=/nZMOVEINBHU current_tx=ZMOVEINBHU
14:08:27 [INFO] core.sap_client — phase1_ready — ctxtP_HU confirmed
14:08:31 [INFO] core.sap_client — hu_phase1_ok hu=T10045837034 msg='Packaging data was saved. Material document 7571516594 was created'
14:08:31 [WARNING] core.sap_client — phase2_wrong_screen hu=T10045837034 — re-navigating
14:08:31 [INFO] core.sap_client — setup_phase2_start
14:08:36 [INFO] core.sap_client — tx_opened code=/nZMMTIJSEP current_tx=ZMMTIJSEP
14:08:36 [INFO] core.sap_client — phase2_ready — txtGV_HU confirmed
14:08:37 [INFO] core.sap_client — hu_phase2_ok hu=T10045837034 duration_ms=6132
14:08:37 [WARNING] core.sap_client — phase1_wrong_screen hu=T10045856182 — re-navigating
14:08:37 [INFO] core.sap_client — setup_phase1_start
14:08:42 [INFO] core.sap_client — tx_opened code=/nZMOVEINBHU current_tx=ZMOVEINBHU
14:08:42 [INFO] core.sap_client — phase1_ready — ctxtP_HU confirmed
14:08:46 [INFO] core.sap_client — hu_phase1_ok hu=T10045856182 msg='Packaging data was saved. Material document 7571516609 was created'
14:08:46 [WARNING] core.sap_client — phase2_wrong_screen hu=T10045856182 — re-navigating
14:08:46 [INFO] core.sap_client — setup_phase2_start
14:08:51 [INFO] core.sap_client — tx_opened code=/nZMMTIJSEP current_tx=ZMMTIJSEP
14:08:51 [INFO] core.sap_client — phase2_ready — txtGV_HU confirmed
14:08:52 [INFO] core.sap_client — hu_phase2_ok hu=T10045856182 duration_ms=6152
14:08:52 [WARNING] core.sap_client — phase1_wrong_screen hu=T10045831326 — re-navigating
14:08:52 [INFO] core.sap_client — setup_phase1_start
14:08:58 [INFO] core.sap_client — tx_opened code=/nZMOVEINBHU current_tx=ZMOVEINBHU
14:08:58 [INFO] core.sap_client — phase1_ready — ctxtP_HU confirmed
14:09:02 [INFO] core.sap_client — hu_phase1_ok hu=T10045831326 msg='Packaging data was saved. Material document 7571516621 was created'
14:09:02 [WARNING] core.sap_client — phase2_wrong_screen hu=T10045831326 — re-navigating
14:09:02 [INFO] core.sap_client — setup_phase2_start
14:09:07 [INFO] core.sap_client — tx_opened code=/nZMMTIJSEP current_tx=ZMMTIJSEP
14:09:07 [INFO] core.sap_client — phase2_ready — txtGV_HU confirmed
14:09:08 [INFO] core.sap_client — hu_phase2_ok hu=T10045831326 duration_ms=6311
14:09:08 [WARNING] core.sap_client — phase1_wrong_screen hu=T10045853303 — re-navigating
14:09:08 [INFO] core.sap_client — setup_phase1_start
14:09:14 [INFO] core.sap_client — tx_opened code=/nZMOVEINBHU current_tx=ZMOVEINBHU
14:09:14 [INFO] core.sap_client — phase1_ready — ctxtP_HU confirmed
14:09:18 [INFO] core.sap_client — hu_phase1_ok hu=T10045853303 msg='Packaging data was saved. Material document 7571517560 was created'
14:09:18 [WARNING] core.sap_client — phase2_wrong_screen hu=T10045853303 — re-navigating
14:09:18 [INFO] core.sap_client — setup_phase2_start
14:09:23 [INFO] core.sap_client — tx_opened code=/nZMMTIJSEP current_tx=ZMMTIJSEP
14:09:23 [INFO] core.sap_client — phase2_ready — txtGV_HU confirmed
14:09:24 [INFO] core.sap_client — hu_phase2_ok hu=T10045853303 duration_ms=6177
14:09:24 [WARNING] core.sap_client — phase1_wrong_screen hu=T10045837035 — re-navigating
14:09:24 [INFO] core.sap_client — setup_phase1_start
14:09:30 [INFO] core.sap_client — tx_opened code=/nZMOVEINBHU current_tx=ZMOVEINBHU
14:09:30 [INFO] core.sap_client — phase1_ready — ctxtP_HU confirmed
14:09:33 [INFO] core.sap_client — hu_phase1_ok hu=T10045837035 msg='Packaging data was saved. Material document 7571517574 was created'
14:09:33 [WARNING] core.sap_client — phase2_wrong_screen hu=T10045837035 — re-navigating
14:09:33 [INFO] core.sap_client — setup_phase2_start
14:09:38 [INFO] core.sap_client — tx_opened code=/nZMMTIJSEP current_tx=ZMMTIJSEP
14:09:38 [INFO] core.sap_client — phase2_ready — txtGV_HU confirmed
14:09:39 [INFO] core.sap_client — hu_phase2_ok hu=T10045837035 duration_ms=6252
14:09:39 [WARNING] core.sap_client — phase1_wrong_screen hu=T10045831325 — re-navigating
14:09:39 [INFO] core.sap_client — setup_phase1_start
14:09:45 [INFO] core.sap_client — tx_opened code=/nZMOVEINBHU current_tx=ZMOVEINBHU
14:09:45 [INFO] core.sap_client — phase1_ready — ctxtP_HU confirmed
14:09:49 [INFO] core.sap_client — hu_phase1_ok hu=T10045831325 msg='Packaging data was saved. Material document 7571517581 was created'
14:09:49 [WARNING] core.sap_client — phase2_wrong_screen hu=T10045831325 — re-navigating
14:09:49 [INFO] core.sap_client — setup_phase2_start
14:09:54 [INFO] core.sap_client — tx_opened code=/nZMMTIJSEP current_tx=ZMMTIJSEP
14:09:54 [INFO] core.sap_client — phase2_ready — txtGV_HU confirmed
14:09:55 [INFO] core.sap_client — hu_phase2_ok hu=T10045831325 duration_ms=6277
14:09:55 [WARNING] core.sap_client — phase1_wrong_screen hu=T10045837032 — re-navigating
14:09:55 [INFO] core.sap_client — setup_phase1_start
14:10:00 [INFO] core.sap_client — tx_opened code=/nZMOVEINBHU current_tx=ZMOVEINBHU
14:10:00 [INFO] core.sap_client — phase1_ready — ctxtP_HU confirmed
14:10:04 [INFO] core.sap_client — hu_phase1_ok hu=T10045837032 msg='Packaging data was saved. Material document 7571517615 was created'
14:10:04 [WARNING] core.sap_client — phase2_wrong_screen hu=T10045837032 — re-navigating
14:10:04 [INFO] core.sap_client — setup_phase2_start
14:10:09 [INFO] core.sap_client — tx_opened code=/nZMMTIJSEP current_tx=ZMMTIJSEP
14:10:09 [INFO] core.sap_client — phase2_ready — txtGV_HU confirmed
14:10:10 [INFO] core.sap_client — hu_phase2_ok hu=T10045837032 duration_ms=6207
14:10:10 [WARNING] core.sap_client — phase1_wrong_screen hu=T10045856181 — re-navigating
14:10:10 [INFO] core.sap_client — setup_phase1_start
14:10:16 [INFO] core.sap_client — tx_opened code=/nZMOVEINBHU current_tx=ZMOVEINBHU
14:10:16 [INFO] core.sap_client — phase1_ready — ctxtP_HU confirmed
14:10:19 [INFO] core.sap_client — hu_phase1_ok hu=T10045856181 msg='Packaging data was saved. Material document 7571518136 was created'
14:10:19 [WARNING] core.sap_client — phase2_wrong_screen hu=T10045856181 — re-navigating
14:10:19 [INFO] core.sap_client — setup_phase2_start
14:10:25 [INFO] core.sap_client — tx_opened code=/nZMMTIJSEP current_tx=ZMMTIJSEP
14:10:25 [INFO] core.sap_client — phase2_ready — txtGV_HU confirmed
14:10:26 [INFO] core.sap_client — hu_phase2_ok hu=T10045856181 duration_ms=6230
14:10:26 [WARNING] core.sap_client — phase1_wrong_screen hu=T10045837033 — re-navigating
14:10:26 [INFO] core.sap_client — setup_phase1_start
14:10:31 [INFO] core.sap_client — tx_opened code=/nZMOVEINBHU current_tx=ZMOVEINBHU
14:10:31 [INFO] core.sap_client — phase1_ready — ctxtP_HU confirmed
14:10:35 [INFO] core.sap_client — hu_phase1_ok hu=T10045837033 msg='Packaging data was saved. Material document 7571518147 was created'
14:10:35 [WARNING] core.sap_client — phase2_wrong_screen hu=T10045837033 — re-navigating
14:10:35 [INFO] core.sap_client — setup_phase2_start
14:10:40 [INFO] core.sap_client — tx_opened code=/nZMMTIJSEP current_tx=ZMMTIJSEP
14:10:40 [INFO] core.sap_client — phase2_ready — txtGV_HU confirmed
14:10:41 [INFO] core.sap_client — hu_phase2_ok hu=T10045837033 duration_ms=6299
14:10:41 [WARNING] core.sap_client — phase1_wrong_screen hu=T10045855467 — re-navigating
14:10:41 [INFO] core.sap_client — setup_phase1_start
14:10:46 [INFO] core.sap_client — tx_opened code=/nZMOVEINBHU current_tx=ZMOVEINBHU
14:10:46 [INFO] core.sap_client — phase1_ready — ctxtP_HU confirmed
14:10:50 [INFO] core.sap_client — hu_phase1_ok hu=T10045855467 msg='Packaging data was saved. Material document 7571518153 was created'
14:10:50 [WARNING] core.sap_client — phase2_wrong_screen hu=T10045855467 — re-navigating
14:10:50 [INFO] core.sap_client — setup_phase2_start
14:10:56 [INFO] core.sap_client — tx_opened code=/nZMMTIJSEP current_tx=ZMMTIJSEP
14:10:56 [INFO] core.sap_client — phase2_ready — txtGV_HU confirmed
14:10:56 [INFO] core.sap_client — hu_phase2_ok hu=T10045855467 duration_ms=6161
14:10:56 [INFO] core.queue_model — pallet_boundary multi_hu pallet=4 count=11 hu_codes=['T10045856179', 'T10045837034', 'T10045856182', 'T10045831326', 'T10045853303', 'T10045837035', 'T10045831325', 'T10045837032', 'T10045856181', 'T10045837033', 'T10045855467']
14:11:02 [INFO] core.sap_client — tx_opened code=/nSP01 current_tx=SP01
14:11:07 [INFO] core.sap_client — sp01_row_marked row=4 title=CN-CON-003_T10045855467_20260402211056
14:11:07 [INFO] core.sap_client — sp01_row_marked row=6 title=CN-CON-003_T10045837033_20260402211041
14:11:07 [INFO] core.sap_client — sp01_row_marked row=8 title=CN-CON-003_T10045856181_20260402211025
14:11:07 [INFO] core.sap_client — sp01_row_marked row=10 title=CN-CON-003_T10045837032_20260402211010
14:11:07 [INFO] core.sap_client — sp01_row_marked row=12 title=CN-CON-003_T10045831325_20260402210954
14:11:07 [INFO] core.sap_client — sp01_row_marked row=14 title=CN-CON-003_T10045837035_20260402210939
14:11:07 [INFO] core.sap_client — sp01_row_marked row=16 title=CN-CON-003_T10045853303_20260402210924
14:11:07 [INFO] core.sap_client — sp01_row_marked row=18 title=CN-CON-003_T10045831326_20260402210908
14:11:07 [INFO] core.sap_client — sp01_row_marked row=20 title=CN-CON-003_T10045856182_20260402210852
14:11:07 [INFO] core.sap_client — sp01_row_marked row=22 title=CN-CON-003_T10045837034_20260402210836
14:11:07 [INFO] core.sap_client — sp01_row_marked row=24 title=CN-CON-003_T10045856179_20260402210821
14:11:09 [INFO] core.sap_client — sp01_print_confirmed via=btn[25] marked=11
14:11:11 [INFO] core.sap_client — sp01_pallet_done result={'status': 'ok', 'message': 'SP01 OK — 11 spool(s) impreso(s)', 'marked': 11} hu_codes=['T10045856179', 'T10045837034', 'T10045856182', 'T10045831326', 'T10045853303', 'T10045837035', 'T10045831325', 'T10045837032', 'T10045856181', 'T10045837033', 'T10045855467']
14:11:11 [INFO] core.queue_model — sp01_pallet_result={'status': 'ok', 'message': 'SP01 OK — 11 spool(s) impreso(s)', 'marked': 11}
14:11:11 [INFO] core.queue_model — queue_worker_stopped
14:11:11 [INFO] core.queue_model — queue_worker_stop_requested
15:01:34 [INFO] core.queue_model — hu_added hu=T10045855830 pallet=4 origin=CNA
15:01:36 [INFO] core.queue_model — hu_added hu=T10045855444 pallet=4 origin=CNA
15:01:38 [INFO] core.queue_model — hu_added hu=T10045868977 pallet=4 origin=CNA
15:01:39 [INFO] core.queue_model — hu_added hu=T10045865023 pallet=4 origin=CNA
15:01:39 [INFO] core.queue_model — hu_added hu=T10045865005 pallet=4 origin=CNA
15:01:40 [INFO] core.queue_model — hu_added hu=T10045865004 pallet=4 origin=CNA
15:01:45 [INFO] core.queue_model — hu_added hu=T10045855833 pallet=4 origin=CNA
15:01:46 [INFO] core.queue_model — hu_added hu=T10045855593 pallet=4 origin=CNA
15:01:46 [INFO] core.queue_model — hu_added hu=T10045857556 pallet=4 origin=CNA
15:01:47 [INFO] core.queue_model — hu_added hu=T10045865021 pallet=4 origin=CNA
15:01:47 [INFO] core.queue_model — hu_added hu=T10045856270 pallet=4 origin=CNA
15:01:49 [INFO] core.queue_model — hu_added hu=T10045855592 pallet=4 origin=CNA
15:01:50 [INFO] core.queue_model — hu_added hu=T10045868980 pallet=4 origin=CNA
15:01:51 [INFO] core.queue_model — hu_added hu=T10045856263 pallet=4 origin=CNA
15:02:53 [INFO] core.queue_model — remove_hu hu=T10045865004 pallet=4
15:02:56 [INFO] core.queue_model — remove_hu hu=T10045856263 pallet=4
15:02:57 [INFO] core.queue_model — remove_hu hu=T10045868980 pallet=4
15:02:59 [INFO] core.queue_model — remove_hu hu=T10045855592 pallet=4
15:03:00 [INFO] core.queue_model — remove_hu hu=T10045856270 pallet=4
15:03:01 [INFO] core.queue_model — remove_hu hu=T10045865021 pallet=4
15:03:03 [INFO] core.queue_model — remove_hu hu=T10045857556 pallet=4
15:03:05 [INFO] core.queue_model — remove_hu hu=T10045855593 pallet=4
15:03:06 [INFO] core.queue_model — remove_hu hu=T10045855833 pallet=4
15:03:08 [INFO] core.queue_model — remove_hu hu=T10045865005 pallet=4
15:03:09 [INFO] core.queue_model — remove_hu hu=T10045865023 pallet=4
15:03:10 [INFO] core.queue_model — remove_hu hu=T10045868977 pallet=4
15:03:12 [INFO] core.queue_model — remove_hu hu=T10045855444 pallet=4
15:03:14 [INFO] core.queue_model — remove_hu hu=T10045855830 pallet=4
15:04:18 [INFO] core.queue_model — hu_added hu=T10045857888 pallet=4 origin=CNA
15:04:37 [INFO] core.queue_model — new_pallet id=1
15:05:41 [INFO] core.queue_model — new_pallet id=1
15:05:45 [INFO] core.queue_model — hu_added hu=2972642274 pallet=1 origin=ITA
15:05:51 [INFO] core.queue_model — hu_added hu=2972642270 pallet=2 origin=ITA
15:05:55 [INFO] core.queue_model — hu_added hu=2972642389 pallet=3 origin=ITA
15:05:57 [INFO] core.queue_model — hu_added hu=2972642071 pallet=4 origin=ITA
15:05:59 [INFO] core.queue_model — hu_added hu=2972638340 pallet=5 origin=ITA
15:06:01 [INFO] core.queue_model — hu_added hu=2972642050 pallet=6 origin=ITA
15:06:02 [INFO] core.queue_model — hu_added hu=2972642076 pallet=7 origin=ITA
15:06:06 [INFO] core.queue_model — hu_added hu=2972642070 pallet=8 origin=ITA
15:06:09 [INFO] core.queue_model — hu_added hu=2972642051 pallet=9 origin=ITA
15:06:12 [INFO] core.queue_model — hu_added hu=2972638562 pallet=10 origin=ITA
15:06:18 [INFO] core.queue_model — hu_added hu=2972642039 pallet=11 origin=ITA
15:06:21 [INFO] core.queue_model — hu_added hu=2972642057 pallet=12 origin=ITA
15:06:51 [INFO] core.queue_model — queue_worker_started dynamic_print_mode
15:06:51 [INFO] core.sap_client — sap_connected system=LUP user=LOPEZHJC
15:06:51 [INFO] core.queue_model — queue_worker_sap_connected
15:06:51 [INFO] core.sap_client — setup_phase1_start
15:06:56 [INFO] core.sap_client — tx_opened code=/nZMOVEINBHU current_tx=ZMOVEINBHU
15:06:56 [INFO] core.sap_client — phase1_ready — ctxtP_HU confirmed
15:07:03 [INFO] core.sap_client — hu_phase1_ok hu=2972642274 msg='Packaging data was saved. Material document 7571545265 was created'
15:07:03 [INFO] core.sap_client — setup_phase2_start
15:07:09 [INFO] core.sap_client — tx_opened code=/nZMMTIJSEP current_tx=ZMMTIJSEP
15:07:09 [INFO] core.sap_client — phase2_ready — txtGV_HU confirmed
15:07:10 [INFO] core.sap_client — hu_phase2_ok hu=2972642274 duration_ms=1002
15:07:10 [INFO] core.queue_model — pallet_boundary single_hu pallet=1 accumulated=[1]
15:07:10 [INFO] core.sap_client — setup_phase1_start
15:07:10 [INFO] core.queue_model — hu_added hu=2972642060 pallet=13 origin=ITA
15:07:12 [INFO] core.queue_model — hu_added hu=2972642038 pallet=14 origin=ITA
15:07:14 [INFO] core.queue_model — hu_added hu=2972642054 pallet=15 origin=ITA
15:07:15 [INFO] core.sap_client — tx_opened code=/nZMOVEINBHU current_tx=ZMOVEINBHU
15:07:15 [INFO] core.sap_client — phase1_ready — ctxtP_HU confirmed
15:07:19 [INFO] core.queue_model — hu_added hu=2972642035 pallet=16 origin=ITA
15:07:21 [INFO] core.queue_model — hu_added hu=2972642047 pallet=17 origin=ITA
15:07:21 [INFO] core.sap_client — hu_phase1_ok hu=2972642270 msg='Packaging data was saved. Material document 7571545321 was created'
15:07:21 [WARNING] core.sap_client — phase2_wrong_screen hu=2972642270 — re-navigating
15:07:21 [INFO] core.sap_client — setup_phase2_start
15:07:26 [INFO] core.sap_client — tx_opened code=/nZMMTIJSEP current_tx=ZMMTIJSEP
15:07:26 [INFO] core.sap_client — phase2_ready — txtGV_HU confirmed
15:07:27 [INFO] core.sap_client — hu_phase2_ok hu=2972642270 duration_ms=6151
15:07:27 [INFO] core.queue_model — pallet_boundary single_hu pallet=2 accumulated=[1, 2]
15:07:27 [WARNING] core.sap_client — phase1_wrong_screen hu=2972642389 — re-navigating
15:07:27 [INFO] core.sap_client — setup_phase1_start
15:07:28 [INFO] core.queue_model — hu_added hu=2972643840 pallet=18 origin=ITA
15:07:32 [INFO] core.sap_client — tx_opened code=/nZMOVEINBHU current_tx=ZMOVEINBHU
15:07:32 [INFO] core.sap_client — phase1_ready — ctxtP_HU confirmed
15:07:40 [INFO] core.sap_client — hu_phase1_ok hu=2972642389 msg='Packaging data was saved. Material document 7571546291 was created'
15:07:40 [WARNING] core.sap_client — phase2_wrong_screen hu=2972642389 — re-navigating
15:07:40 [INFO] core.sap_client — setup_phase2_start
15:07:41 [INFO] core.queue_model — hu_added hu=2972637744 pallet=19 origin=ITA
15:07:46 [INFO] core.sap_client — tx_opened code=/nZMMTIJSEP current_tx=ZMMTIJSEP
15:07:46 [INFO] core.sap_client — phase2_ready — txtGV_HU confirmed
15:07:46 [INFO] core.sap_client — hu_phase2_ok hu=2972642389 duration_ms=6223
15:07:46 [INFO] core.queue_model — pallet_boundary single_hu pallet=3 accumulated=[1, 2, 3]
15:07:46 [WARNING] core.sap_client — phase1_wrong_screen hu=2972642071 — re-navigating
15:07:46 [INFO] core.sap_client — setup_phase1_start
15:07:47 [INFO] core.queue_model — hu_added hu=2972642407 pallet=20 origin=ITA
15:07:48 [INFO] core.queue_model — hu_added hu=2972642397 pallet=21 origin=ITA
15:07:49 [INFO] core.queue_model — hu_added hu=2972642457 pallet=22 origin=ITA
15:07:52 [INFO] core.sap_client — tx_opened code=/nZMOVEINBHU current_tx=ZMOVEINBHU
15:07:52 [INFO] core.sap_client — phase1_ready — ctxtP_HU confirmed
15:07:52 [INFO] core.queue_model — hu_added hu=2972642405 pallet=23 origin=ITA
15:07:57 [INFO] core.queue_model — hu_added hu=2972642400 pallet=24 origin=ITA
15:07:59 [INFO] core.sap_client — hu_phase1_ok hu=2972642071 msg='Packaging data was saved. Material document 7571546630 was created'
15:07:59 [WARNING] core.sap_client — phase2_wrong_screen hu=2972642071 — re-navigating
15:07:59 [INFO] core.sap_client — setup_phase2_start
15:07:59 [INFO] core.queue_model — hu_added hu=2972642435 pallet=25 origin=ITA
15:08:04 [INFO] core.sap_client — tx_opened code=/nZMMTIJSEP current_tx=ZMMTIJSEP
15:08:04 [INFO] core.sap_client — phase2_ready — txtGV_HU confirmed
15:08:05 [INFO] core.sap_client — hu_phase2_ok hu=2972642071 duration_ms=6313
15:08:05 [INFO] core.queue_model — pallet_boundary single_hu pallet=4 accumulated=[1, 2, 3, 4]
15:08:05 [WARNING] core.sap_client — phase1_wrong_screen hu=2972638340 — re-navigating
15:08:05 [INFO] core.sap_client — setup_phase1_start
15:08:10 [INFO] core.queue_model — hu_added hu=2972642406 pallet=26 origin=ITA
15:08:10 [INFO] core.sap_client — tx_opened code=/nZMOVEINBHU current_tx=ZMOVEINBHU
15:08:10 [INFO] core.sap_client — phase1_ready — ctxtP_HU confirmed
15:08:12 [INFO] core.queue_model — hu_added hu=2972642399 pallet=27 origin=ITA
15:08:14 [INFO] core.queue_model — hu_added hu=2972642458 pallet=28 origin=ITA
15:08:15 [INFO] core.queue_model — hu_added hu=2972642408 pallet=29 origin=ITA
15:08:16 [INFO] core.queue_model — hu_added hu=2972642401 pallet=30 origin=ITA
15:08:16 [INFO] core.sap_client — hu_phase1_ok hu=2972638340 msg='Packaging data was saved. Material document 7571546711 was created'
15:08:16 [WARNING] core.sap_client — phase2_wrong_screen hu=2972638340 — re-navigating
15:08:16 [INFO] core.sap_client — setup_phase2_start
15:08:17 [INFO] core.queue_model — hu_added hu=2972642398 pallet=31 origin=ITA
15:08:21 [INFO] core.sap_client — tx_opened code=/nZMMTIJSEP current_tx=ZMMTIJSEP
15:08:21 [INFO] core.sap_client — phase2_ready — txtGV_HU confirmed
15:08:22 [INFO] core.sap_client — hu_phase2_ok hu=2972638340 duration_ms=6186
15:08:22 [INFO] core.queue_model — pallet_boundary single_hu pallet=5 accumulated=[1, 2, 3, 4, 5]
15:08:22 [WARNING] core.sap_client — phase1_wrong_screen hu=2972642050 — re-navigating
15:08:22 [INFO] core.sap_client — setup_phase1_start
15:08:22 [INFO] core.queue_model — hu_added hu=2972642430 pallet=32 origin=ITA
15:08:27 [INFO] core.queue_model — hu_added hu=2972642403 pallet=33 origin=ITA
15:08:28 [INFO] core.sap_client — tx_opened code=/nZMOVEINBHU current_tx=ZMOVEINBHU
15:08:28 [INFO] core.sap_client — phase1_ready — ctxtP_HU confirmed
15:08:34 [INFO] core.sap_client — hu_phase1_ok hu=2972642050 msg='Packaging data was saved. Material document 7571546962 was created'
15:08:34 [WARNING] core.sap_client — phase2_wrong_screen hu=2972642050 — re-navigating
15:08:34 [INFO] core.sap_client — setup_phase2_start
15:08:39 [INFO] core.sap_client — tx_opened code=/nZMMTIJSEP current_tx=ZMMTIJSEP
15:08:39 [INFO] core.sap_client — phase2_ready — txtGV_HU confirmed
15:08:40 [INFO] core.sap_client — hu_phase2_ok hu=2972642050 duration_ms=6326
15:08:40 [INFO] core.queue_model — pallet_boundary single_hu pallet=6 accumulated=[1, 2, 3, 4, 5, 6]
15:08:40 [WARNING] core.sap_client — phase1_wrong_screen hu=2972642076 — re-navigating
15:08:40 [INFO] core.sap_client — setup_phase1_start
15:08:45 [INFO] core.sap_client — tx_opened code=/nZMOVEINBHU current_tx=ZMOVEINBHU
15:08:45 [INFO] core.sap_client — phase1_ready — ctxtP_HU confirmed
15:08:49 [INFO] core.sap_client — hu_phase1_ok hu=2972642076 msg='Packaging data was saved. Material document 7571547007 was created'
15:08:49 [WARNING] core.sap_client — phase2_wrong_screen hu=2972642076 — re-navigating
15:08:49 [INFO] core.sap_client — setup_phase2_start
15:08:55 [INFO] core.sap_client — tx_opened code=/nZMMTIJSEP current_tx=ZMMTIJSEP
15:08:55 [INFO] core.sap_client — phase2_ready — txtGV_HU confirmed
15:08:55 [INFO] core.sap_client — hu_phase2_ok hu=2972642076 duration_ms=6188
15:08:55 [INFO] core.queue_model — pallet_boundary single_hu pallet=7 accumulated=[1, 2, 3, 4, 5, 6, 7]
15:08:55 [WARNING] core.sap_client — phase1_wrong_screen hu=2972642070 — re-navigating
15:08:55 [INFO] core.sap_client — setup_phase1_start
15:09:01 [INFO] core.queue_model — hu_added hu=C1016451848 pallet=34 origin=BRA/ATL
15:09:01 [INFO] core.sap_client — tx_opened code=/nZMOVEINBHU current_tx=ZMOVEINBHU
15:09:01 [INFO] core.sap_client — phase1_ready — ctxtP_HU confirmed
15:09:05 [INFO] core.sap_client — hu_phase1_ok hu=2972642070 msg='Packaging data was saved. Material document 7571547242 was created'
15:09:05 [WARNING] core.sap_client — phase2_wrong_screen hu=2972642070 — re-navigating
15:09:05 [INFO] core.sap_client — setup_phase2_start
15:09:10 [INFO] core.sap_client — tx_opened code=/nZMMTIJSEP current_tx=ZMMTIJSEP
15:09:10 [INFO] core.sap_client — phase2_ready — txtGV_HU confirmed
15:09:11 [INFO] core.queue_model — hu_added hu=C1016451850 pallet=34 origin=BRA/ATL
15:09:11 [INFO] core.sap_client — hu_phase2_ok hu=2972642070 duration_ms=6262
15:09:11 [INFO] core.queue_model — pallet_boundary single_hu pallet=8 accumulated=[1, 2, 3, 4, 5, 6, 7, 8]
15:09:11 [WARNING] core.sap_client — phase1_wrong_screen hu=2972642051 — re-navigating
15:09:11 [INFO] core.sap_client — setup_phase1_start
15:09:17 [INFO] core.sap_client — tx_opened code=/nZMOVEINBHU current_tx=ZMOVEINBHU
15:09:17 [INFO] core.sap_client — phase1_ready — ctxtP_HU confirmed
15:09:21 [INFO] core.sap_client — hu_phase1_ok hu=2972642051 msg='Packaging data was saved. Material document 7571547266 was created'
15:09:21 [WARNING] core.sap_client — phase2_wrong_screen hu=2972642051 — re-navigating
15:09:21 [INFO] core.sap_client — setup_phase2_start
15:09:26 [INFO] core.sap_client — tx_opened code=/nZMMTIJSEP current_tx=ZMMTIJSEP
15:09:26 [INFO] core.sap_client — phase2_ready — txtGV_HU confirmed
15:09:27 [INFO] core.queue_model — hu_added hu=C1016347455 pallet=34 origin=BRA/ATL
15:09:27 [INFO] core.sap_client — hu_phase2_ok hu=2972642051 duration_ms=6420
15:09:27 [INFO] core.queue_model — pallet_boundary single_hu pallet=9 accumulated=[1, 2, 3, 4, 5, 6, 7, 8, 9]
15:09:27 [WARNING] core.sap_client — phase1_wrong_screen hu=2972638562 — re-navigating
15:09:27 [INFO] core.sap_client — setup_phase1_start
15:09:33 [INFO] core.sap_client — tx_opened code=/nZMOVEINBHU current_tx=ZMOVEINBHU
15:09:33 [INFO] core.sap_client — phase1_ready — ctxtP_HU confirmed
15:09:37 [INFO] core.sap_client — hu_phase1_ok hu=2972638562 msg='Packaging data was saved. Material document 7571547299 was created'
15:09:37 [WARNING] core.sap_client — phase2_wrong_screen hu=2972638562 — re-navigating
15:09:37 [INFO] core.sap_client — setup_phase2_start
15:09:42 [INFO] core.sap_client — tx_opened code=/nZMMTIJSEP current_tx=ZMMTIJSEP
15:09:42 [INFO] core.sap_client — phase2_ready — txtGV_HU confirmed
15:09:43 [INFO] core.sap_client — hu_phase2_ok hu=2972638562 duration_ms=6055
15:09:43 [INFO] core.queue_model — pallet_boundary single_hu pallet=10 accumulated=[1, 2, 3, 4, 5, 6, 7, 8, 9, 10]
15:09:43 [WARNING] core.sap_client — phase1_wrong_screen hu=2972642039 — re-navigating
15:09:43 [INFO] core.sap_client — setup_phase1_start
15:09:44 [INFO] core.queue_model — hu_added hu=C1016431121 pallet=34 origin=BRA/ATL
15:09:49 [INFO] core.sap_client — tx_opened code=/nZMOVEINBHU current_tx=ZMOVEINBHU
15:09:49 [INFO] core.sap_client — phase1_ready — ctxtP_HU confirmed
15:09:56 [INFO] core.sap_client — hu_phase1_ok hu=2972642039 msg='Packaging data was saved. Material document 7571547847 was created'
15:09:56 [WARNING] core.sap_client — phase2_wrong_screen hu=2972642039 — re-navigating
15:09:56 [INFO] core.sap_client — setup_phase2_start
15:09:59 [INFO] core.queue_model — hu_added hu=C1016431120 pallet=34 origin=BRA/ATL
15:10:02 [INFO] core.sap_client — tx_opened code=/nZMMTIJSEP current_tx=ZMMTIJSEP
15:10:02 [INFO] core.sap_client — phase2_ready — txtGV_HU confirmed
15:10:03 [INFO] core.sap_client — hu_phase2_ok hu=2972642039 duration_ms=6405
15:10:03 [INFO] core.queue_model — pallet_boundary single_hu pallet=11 accumulated=[1, 2, 3, 4, 5, 6, 7, 8, 9, 10, 11]
15:10:03 [WARNING] core.sap_client — phase1_wrong_screen hu=2972642057 — re-navigating
15:10:03 [INFO] core.sap_client — setup_phase1_start
15:10:08 [INFO] core.sap_client — tx_opened code=/nZMOVEINBHU current_tx=ZMOVEINBHU
15:10:08 [INFO] core.sap_client — phase1_ready — ctxtP_HU confirmed
15:10:31 [INFO] core.sap_client — hu_phase1_ok hu=2972642057 msg='Packaging data was saved. Material document 7571547922 was created'
15:10:31 [WARNING] core.sap_client — phase2_wrong_screen hu=2972642057 — re-navigating
15:10:31 [INFO] core.sap_client — setup_phase2_start
15:10:36 [INFO] core.sap_client — tx_opened code=/nZMMTIJSEP current_tx=ZMMTIJSEP
15:10:36 [INFO] core.sap_client — phase2_ready — txtGV_HU confirmed
15:10:37 [INFO] core.sap_client — hu_phase2_ok hu=2972642057 duration_ms=6499
15:10:37 [INFO] core.queue_model — pallet_boundary single_hu pallet=12 accumulated=[1, 2, 3, 4, 5, 6, 7, 8, 9, 10, 11, 12]
15:10:37 [WARNING] core.sap_client — phase1_wrong_screen hu=2972642060 — re-navigating
15:10:37 [INFO] core.sap_client — setup_phase1_start
15:10:43 [INFO] core.sap_client — tx_opened code=/nZMOVEINBHU current_tx=ZMOVEINBHU
15:10:43 [INFO] core.sap_client — phase1_ready — ctxtP_HU confirmed
15:10:53 [INFO] core.sap_client — hu_phase1_ok hu=2972642060 msg='Packaging data was saved. Material document 7571548427 was created'
15:10:53 [WARNING] core.sap_client — phase2_wrong_screen hu=2972642060 — re-navigating
15:10:53 [INFO] core.sap_client — setup_phase2_start
15:10:58 [INFO] core.sap_client — tx_opened code=/nZMMTIJSEP current_tx=ZMMTIJSEP
15:10:58 [INFO] core.sap_client — phase2_ready — txtGV_HU confirmed
15:10:59 [INFO] core.sap_client — hu_phase2_ok hu=2972642060 duration_ms=6509
15:10:59 [INFO] core.queue_model — pallet_boundary single_hu pallet=13 accumulated=[1, 2, 3, 4, 5, 6, 7, 8, 9, 10, 11, 12, 13]
15:10:59 [WARNING] core.sap_client — phase1_wrong_screen hu=2972642038 — re-navigating
15:10:59 [INFO] core.sap_client — setup_phase1_start
15:11:04 [INFO] core.sap_client — tx_opened code=/nZMOVEINBHU current_tx=ZMOVEINBHU
15:11:04 [INFO] core.sap_client — phase1_ready — ctxtP_HU confirmed
15:11:14 [INFO] core.sap_client — hu_phase1_ok hu=2972642038 msg='Packaging data was saved. Material document 7571548762 was created'
15:11:14 [WARNING] core.sap_client — phase2_wrong_screen hu=2972642038 — re-navigating
15:11:14 [INFO] core.sap_client — setup_phase2_start
15:11:20 [INFO] core.sap_client — tx_opened code=/nZMMTIJSEP current_tx=ZMMTIJSEP
15:11:20 [INFO] core.sap_client — phase2_ready — txtGV_HU confirmed
15:11:21 [INFO] core.sap_client — hu_phase2_ok hu=2972642038 duration_ms=6181
15:11:21 [INFO] core.queue_model — pallet_boundary single_hu pallet=14 accumulated=[1, 2, 3, 4, 5, 6, 7, 8, 9, 10, 11, 12, 13, 14]
15:11:21 [WARNING] core.sap_client — phase1_wrong_screen hu=2972642054 — re-navigating
15:11:21 [INFO] core.sap_client — setup_phase1_start
15:11:26 [INFO] core.sap_client — tx_opened code=/nZMOVEINBHU current_tx=ZMOVEINBHU
15:11:26 [INFO] core.sap_client — phase1_ready — ctxtP_HU confirmed
15:11:37 [INFO] core.sap_client — hu_phase1_ok hu=2972642054 msg='Packaging data was saved. Material document 7571549674 was created'
15:11:37 [WARNING] core.sap_client — phase2_wrong_screen hu=2972642054 — re-navigating
15:11:37 [INFO] core.sap_client — setup_phase2_start
15:11:42 [INFO] core.sap_client — tx_opened code=/nZMMTIJSEP current_tx=ZMMTIJSEP
15:11:42 [INFO] core.sap_client — phase2_ready — txtGV_HU confirmed
15:11:43 [INFO] core.sap_client — hu_phase2_ok hu=2972642054 duration_ms=6546
15:11:43 [INFO] core.queue_model — pallet_boundary single_hu pallet=15 accumulated=[1, 2, 3, 4, 5, 6, 7, 8, 9, 10, 11, 12, 13, 14, 15]
15:11:44 [WARNING] core.sap_client — phase1_wrong_screen hu=2972642035 — re-navigating
15:11:44 [INFO] core.sap_client — setup_phase1_start
15:11:49 [INFO] core.sap_client — tx_opened code=/nZMOVEINBHU current_tx=ZMOVEINBHU
15:11:49 [INFO] core.sap_client — phase1_ready — ctxtP_HU confirmed
15:11:57 [INFO] core.sap_client — hu_phase1_ok hu=2972642035 msg='Packaging data was saved. Material document 7571549881 was created'
15:11:57 [WARNING] core.sap_client — phase2_wrong_screen hu=2972642035 — re-navigating
15:11:57 [INFO] core.sap_client — setup_phase2_start
15:12:02 [INFO] core.sap_client — tx_opened code=/nZMMTIJSEP current_tx=ZMMTIJSEP
15:12:02 [INFO] core.sap_client — phase2_ready — txtGV_HU confirmed
15:12:03 [INFO] core.sap_client — hu_phase2_ok hu=2972642035 duration_ms=6320
15:12:03 [INFO] core.queue_model — pallet_boundary single_hu pallet=16 accumulated=[1, 2, 3, 4, 5, 6, 7, 8, 9, 10, 11, 12, 13, 14, 15, 16]
15:12:03 [WARNING] core.sap_client — phase1_wrong_screen hu=2972642047 — re-navigating
15:12:03 [INFO] core.sap_client — setup_phase1_start
15:12:09 [INFO] core.sap_client — tx_opened code=/nZMOVEINBHU current_tx=ZMOVEINBHU
15:12:09 [INFO] core.sap_client — phase1_ready — ctxtP_HU confirmed
15:12:16 [INFO] core.sap_client — hu_phase1_ok hu=2972642047 msg='Packaging data was saved. Material document 7571549922 was created'
15:12:16 [WARNING] core.sap_client — phase2_wrong_screen hu=2972642047 — re-navigating
15:12:16 [INFO] core.sap_client — setup_phase2_start
15:12:21 [INFO] core.sap_client — tx_opened code=/nZMMTIJSEP current_tx=ZMMTIJSEP
15:12:21 [INFO] core.sap_client — phase2_ready — txtGV_HU confirmed
15:12:22 [INFO] core.sap_client — hu_phase2_ok hu=2972642047 duration_ms=6228
15:12:22 [INFO] core.queue_model — pallet_boundary single_hu pallet=17 accumulated=[1, 2, 3, 4, 5, 6, 7, 8, 9, 10, 11, 12, 13, 14, 15, 16, 17]
15:12:22 [WARNING] core.sap_client — phase1_wrong_screen hu=2972643840 — re-navigating
15:12:22 [INFO] core.sap_client — setup_phase1_start
15:12:27 [INFO] core.sap_client — tx_opened code=/nZMOVEINBHU current_tx=ZMOVEINBHU
15:12:27 [INFO] core.sap_client — phase1_ready — ctxtP_HU confirmed
15:12:31 [INFO] core.sap_client — hu_phase1_ok hu=2972643840 msg='Packaging data was saved. Material document 7571550654 was created'
15:12:31 [WARNING] core.sap_client — phase2_wrong_screen hu=2972643840 — re-navigating
15:12:31 [INFO] core.sap_client — setup_phase2_start
15:12:36 [INFO] core.sap_client — tx_opened code=/nZMMTIJSEP current_tx=ZMMTIJSEP
15:12:37 [INFO] core.sap_client — phase2_ready — txtGV_HU confirmed
15:12:37 [INFO] core.sap_client — hu_phase2_ok hu=2972643840 duration_ms=6163
15:12:37 [INFO] core.queue_model — pallet_boundary single_hu pallet=18 accumulated=[1, 2, 3, 4, 5, 6, 7, 8, 9, 10, 11, 12, 13, 14, 15, 16, 17, 18]
15:12:37 [WARNING] core.sap_client — phase1_wrong_screen hu=2972637744 — re-navigating
15:12:37 [INFO] core.sap_client — setup_phase1_start
15:12:43 [INFO] core.sap_client — tx_opened code=/nZMOVEINBHU current_tx=ZMOVEINBHU
15:12:43 [INFO] core.sap_client — phase1_ready — ctxtP_HU confirmed
15:12:47 [INFO] core.sap_client — hu_phase1_ok hu=2972637744 msg='Packaging data was saved. Material document 7571550686 was created'
15:12:47 [WARNING] core.sap_client — phase2_wrong_screen hu=2972637744 — re-navigating
15:12:47 [INFO] core.sap_client — setup_phase2_start
15:12:53 [INFO] core.sap_client — tx_opened code=/nZMMTIJSEP current_tx=ZMMTIJSEP
15:12:53 [INFO] core.sap_client — phase2_ready — txtGV_HU confirmed
15:12:54 [INFO] core.sap_client — hu_phase2_ok hu=2972637744 duration_ms=6225
15:12:54 [INFO] core.queue_model — pallet_boundary single_hu pallet=19 accumulated=[1, 2, 3, 4, 5, 6, 7, 8, 9, 10, 11, 12, 13, 14, 15, 16, 17, 18, 19]
15:12:54 [WARNING] core.sap_client — phase1_wrong_screen hu=2972642407 — re-navigating
15:12:54 [INFO] core.sap_client — setup_phase1_start
15:12:59 [INFO] core.sap_client — tx_opened code=/nZMOVEINBHU current_tx=ZMOVEINBHU
15:12:59 [INFO] core.sap_client — phase1_ready — ctxtP_HU confirmed
15:13:07 [INFO] core.sap_client — hu_phase1_ok hu=2972642407 msg='Packaging data was saved. Material document 7571550707 was created'
15:13:07 [WARNING] core.sap_client — phase2_wrong_screen hu=2972642407 — re-navigating
15:13:07 [INFO] core.sap_client — setup_phase2_start
15:13:13 [INFO] core.sap_client — tx_opened code=/nZMMTIJSEP current_tx=ZMMTIJSEP
15:13:13 [INFO] core.sap_client — phase2_ready — txtGV_HU confirmed
15:13:13 [INFO] core.sap_client — hu_phase2_ok hu=2972642407 duration_ms=6234
15:13:13 [INFO] core.queue_model — pallet_boundary single_hu pallet=20 accumulated=[1, 2, 3, 4, 5, 6, 7, 8, 9, 10, 11, 12, 13, 14, 15, 16, 17, 18, 19, 20]
15:13:13 [WARNING] core.sap_client — phase1_wrong_screen hu=2972642397 — re-navigating
15:13:13 [INFO] core.sap_client — setup_phase1_start
15:13:19 [INFO] core.sap_client — tx_opened code=/nZMOVEINBHU current_tx=ZMOVEINBHU
15:13:19 [INFO] core.sap_client — phase1_ready — ctxtP_HU confirmed
15:13:23 [INFO] core.sap_client — hu_phase1_ok hu=2972642397 msg='Packaging data was saved. Material document 7571551174 was created'
15:13:23 [WARNING] core.sap_client — phase2_wrong_screen hu=2972642397 — re-navigating
15:13:23 [INFO] core.sap_client — setup_phase2_start
15:13:28 [INFO] core.sap_client — tx_opened code=/nZMMTIJSEP current_tx=ZMMTIJSEP
15:13:28 [INFO] core.sap_client — phase2_ready — txtGV_HU confirmed
15:13:29 [INFO] core.sap_client — hu_phase2_ok hu=2972642397 duration_ms=6398
15:13:29 [INFO] core.queue_model — pallet_boundary single_hu pallet=21 accumulated=[1, 2, 3, 4, 5, 6, 7, 8, 9, 10, 11, 12, 13, 14, 15, 16, 17, 18, 19, 20, 21]
15:13:29 [WARNING] core.sap_client — phase1_wrong_screen hu=2972642457 — re-navigating
15:13:29 [INFO] core.sap_client — setup_phase1_start
15:13:35 [INFO] core.sap_client — tx_opened code=/nZMOVEINBHU current_tx=ZMOVEINBHU
15:13:35 [INFO] core.sap_client — phase1_ready — ctxtP_HU confirmed
15:13:40 [INFO] core.sap_client — hu_phase1_ok hu=2972642457 msg='Packaging data was saved. Material document 7571551732 was created'
15:13:40 [WARNING] core.sap_client — phase2_wrong_screen hu=2972642457 — re-navigating
15:13:40 [INFO] core.sap_client — setup_phase2_start
15:13:46 [INFO] core.sap_client — tx_opened code=/nZMMTIJSEP current_tx=ZMMTIJSEP
15:13:46 [INFO] core.sap_client — phase2_ready — txtGV_HU confirmed
15:13:47 [INFO] core.sap_client — hu_phase2_ok hu=2972642457 duration_ms=6521
15:13:47 [INFO] core.queue_model — pallet_boundary single_hu pallet=22 accumulated=[1, 2, 3, 4, 5, 6, 7, 8, 9, 10, 11, 12, 13, 14, 15, 16, 17, 18, 19, 20, 21, 22]
15:13:47 [WARNING] core.sap_client — phase1_wrong_screen hu=2972642405 — re-navigating
15:13:47 [INFO] core.sap_client — setup_phase1_start
15:13:52 [INFO] core.sap_client — tx_opened code=/nZMOVEINBHU current_tx=ZMOVEINBHU
15:13:52 [INFO] core.sap_client — phase1_ready — ctxtP_HU confirmed
15:14:00 [INFO] core.sap_client — hu_phase1_ok hu=2972642405 msg='Packaging data was saved. Material document 7571551777 was created'
15:14:00 [WARNING] core.sap_client — phase2_wrong_screen hu=2972642405 — re-navigating
15:14:00 [INFO] core.sap_client — setup_phase2_start
15:14:05 [INFO] core.sap_client — tx_opened code=/nZMMTIJSEP current_tx=ZMMTIJSEP
15:14:05 [INFO] core.sap_client — phase2_ready — txtGV_HU confirmed
15:14:07 [INFO] core.sap_client — hu_phase2_ok hu=2972642405 duration_ms=6398
15:14:07 [INFO] core.queue_model — pallet_boundary single_hu pallet=23 accumulated=[1, 2, 3, 4, 5, 6, 7, 8, 9, 10, 11, 12, 13, 14, 15, 16, 17, 18, 19, 20, 21, 22, 23]
15:14:07 [WARNING] core.sap_client — phase1_wrong_screen hu=2972642400 — re-navigating
15:14:07 [INFO] core.sap_client — setup_phase1_start
15:14:12 [INFO] core.sap_client — tx_opened code=/nZMOVEINBHU current_tx=ZMOVEINBHU
15:14:12 [INFO] core.sap_client — phase1_ready — ctxtP_HU confirmed
15:14:20 [INFO] core.sap_client — hu_phase1_ok hu=2972642400 msg='Packaging data was saved. Material document 7571552235 was created'
15:14:20 [WARNING] core.sap_client — phase2_wrong_screen hu=2972642400 — re-navigating
15:14:20 [INFO] core.sap_client — setup_phase2_start
15:14:25 [INFO] core.sap_client — tx_opened code=/nZMMTIJSEP current_tx=ZMMTIJSEP
15:14:25 [INFO] core.sap_client — phase2_ready — txtGV_HU confirmed
15:14:26 [INFO] core.sap_client — hu_phase2_ok hu=2972642400 duration_ms=6178
15:14:26 [INFO] core.queue_model — pallet_boundary single_hu pallet=24 accumulated=[1, 2, 3, 4, 5, 6, 7, 8, 9, 10, 11, 12, 13, 14, 15, 16, 17, 18, 19, 20, 21, 22, 23, 24]
15:14:26 [WARNING] core.sap_client — phase1_wrong_screen hu=2972642435 — re-navigating
15:14:26 [INFO] core.sap_client — setup_phase1_start
15:14:31 [INFO] core.sap_client — tx_opened code=/nZMOVEINBHU current_tx=ZMOVEINBHU
15:14:31 [INFO] core.sap_client — phase1_ready — ctxtP_HU confirmed
15:14:39 [INFO] core.sap_client — hu_phase1_ok hu=2972642435 msg='Packaging data was saved. Material document 7571552291 was created'
15:14:39 [WARNING] core.sap_client — phase2_wrong_screen hu=2972642435 — re-navigating
15:14:39 [INFO] core.sap_client — setup_phase2_start
15:14:44 [INFO] core.sap_client — tx_opened code=/nZMMTIJSEP current_tx=ZMMTIJSEP
15:14:44 [INFO] core.sap_client — phase2_ready — txtGV_HU confirmed
15:14:45 [INFO] core.sap_client — hu_phase2_ok hu=2972642435 duration_ms=6144
15:14:45 [INFO] core.queue_model — pallet_boundary single_hu pallet=25 accumulated=[1, 2, 3, 4, 5, 6, 7, 8, 9, 10, 11, 12, 13, 14, 15, 16, 17, 18, 19, 20, 21, 22, 23, 24, 25]
15:14:45 [WARNING] core.sap_client — phase1_wrong_screen hu=2972642406 — re-navigating
15:14:45 [INFO] core.sap_client — setup_phase1_start
15:14:50 [INFO] core.sap_client — tx_opened code=/nZMOVEINBHU current_tx=ZMOVEINBHU
15:14:50 [INFO] core.sap_client — phase1_ready — ctxtP_HU confirmed
15:14:57 [INFO] core.sap_client — hu_phase1_ok hu=2972642406 msg='Packaging data was saved. Material document 7571553071 was created'
15:14:57 [WARNING] core.sap_client — phase2_wrong_screen hu=2972642406 — re-navigating
15:14:57 [INFO] core.sap_client — setup_phase2_start
15:15:03 [INFO] core.sap_client — tx_opened code=/nZMMTIJSEP current_tx=ZMMTIJSEP
15:15:03 [INFO] core.sap_client — phase2_ready — txtGV_HU confirmed
15:15:03 [INFO] core.sap_client — hu_phase2_ok hu=2972642406 duration_ms=6168
15:15:03 [INFO] core.queue_model — pallet_boundary single_hu pallet=26 accumulated=[1, 2, 3, 4, 5, 6, 7, 8, 9, 10, 11, 12, 13, 14, 15, 16, 17, 18, 19, 20, 21, 22, 23, 24, 25, 26]
15:15:04 [WARNING] core.sap_client — phase1_wrong_screen hu=2972642399 — re-navigating
15:15:04 [INFO] core.sap_client — setup_phase1_start
15:15:09 [INFO] core.sap_client — tx_opened code=/nZMOVEINBHU current_tx=ZMOVEINBHU
15:15:09 [INFO] core.sap_client — phase1_ready — ctxtP_HU confirmed
15:15:19 [INFO] core.sap_client — hu_phase1_ok hu=2972642399 msg='Packaging data was saved. Material document 7571553538 was created'
15:15:19 [WARNING] core.sap_client — phase2_wrong_screen hu=2972642399 — re-navigating
15:15:19 [INFO] core.sap_client — setup_phase2_start
15:15:24 [INFO] core.sap_client — tx_opened code=/nZMMTIJSEP current_tx=ZMMTIJSEP
15:15:24 [INFO] core.sap_client — phase2_ready — txtGV_HU confirmed
15:15:25 [INFO] core.sap_client — hu_phase2_ok hu=2972642399 duration_ms=6231
15:15:25 [INFO] core.queue_model — pallet_boundary single_hu pallet=27 accumulated=[1, 2, 3, 4, 5, 6, 7, 8, 9, 10, 11, 12, 13, 14, 15, 16, 17, 18, 19, 20, 21, 22, 23, 24, 25, 26, 27]
15:15:25 [WARNING] core.sap_client — phase1_wrong_screen hu=2972642458 — re-navigating
15:15:25 [INFO] core.sap_client — setup_phase1_start
15:15:31 [INFO] core.sap_client — tx_opened code=/nZMOVEINBHU current_tx=ZMOVEINBHU
15:15:31 [INFO] core.sap_client — phase1_ready — ctxtP_HU confirmed
15:15:39 [INFO] core.sap_client — hu_phase1_ok hu=2972642458 msg='Packaging data was saved. Material document 7571553565 was created'
15:15:39 [WARNING] core.sap_client — phase2_wrong_screen hu=2972642458 — re-navigating
15:15:39 [INFO] core.sap_client — setup_phase2_start
15:15:44 [INFO] core.sap_client — tx_opened code=/nZMMTIJSEP current_tx=ZMMTIJSEP
15:15:44 [INFO] core.sap_client — phase2_ready — txtGV_HU confirmed
15:15:45 [INFO] core.sap_client — hu_phase2_ok hu=2972642458 duration_ms=6293
15:15:45 [INFO] core.queue_model — pallet_boundary single_hu pallet=28 accumulated=[1, 2, 3, 4, 5, 6, 7, 8, 9, 10, 11, 12, 13, 14, 15, 16, 17, 18, 19, 20, 21, 22, 23, 24, 25, 26, 27, 28]
15:15:45 [WARNING] core.sap_client — phase1_wrong_screen hu=2972642408 — re-navigating
15:15:45 [INFO] core.sap_client — setup_phase1_start
15:15:50 [INFO] core.sap_client — tx_opened code=/nZMOVEINBHU current_tx=ZMOVEINBHU
15:15:50 [INFO] core.sap_client — phase1_ready — ctxtP_HU confirmed
15:15:58 [INFO] core.sap_client — hu_phase1_ok hu=2972642408 msg='Packaging data was saved. Material document 7571553587 was created'
15:15:58 [WARNING] core.sap_client — phase2_wrong_screen hu=2972642408 — re-navigating
15:15:58 [INFO] core.sap_client — setup_phase2_start
15:16:03 [INFO] core.sap_client — tx_opened code=/nZMMTIJSEP current_tx=ZMMTIJSEP
15:16:03 [INFO] core.sap_client — phase2_ready — txtGV_HU confirmed
15:16:04 [INFO] core.sap_client — hu_phase2_ok hu=2972642408 duration_ms=6169
15:16:04 [INFO] core.queue_model — pallet_boundary single_hu pallet=29 accumulated=[1, 2, 3, 4, 5, 6, 7, 8, 9, 10, 11, 12, 13, 14, 15, 16, 17, 18, 19, 20, 21, 22, 23, 24, 25, 26, 27, 28, 29]
15:16:04 [WARNING] core.sap_client — phase1_wrong_screen hu=2972642401 — re-navigating
15:16:04 [INFO] core.sap_client — setup_phase1_start
15:16:09 [INFO] core.sap_client — tx_opened code=/nZMOVEINBHU current_tx=ZMOVEINBHU
15:16:09 [INFO] core.sap_client — phase1_ready — ctxtP_HU confirmed
15:16:15 [INFO] core.sap_client — hu_phase1_ok hu=2972642401 msg='Packaging data was saved. Material document 7571553595 was created'
15:16:15 [WARNING] core.sap_client — phase2_wrong_screen hu=2972642401 — re-navigating
15:16:15 [INFO] core.sap_client — setup_phase2_start
15:16:20 [INFO] core.sap_client — tx_opened code=/nZMMTIJSEP current_tx=ZMMTIJSEP
15:16:20 [INFO] core.sap_client — phase2_ready — txtGV_HU confirmed
15:16:21 [INFO] core.sap_client — hu_phase2_ok hu=2972642401 duration_ms=6030
15:16:21 [INFO] core.queue_model — pallet_boundary single_hu pallet=30 accumulated=[1, 2, 3, 4, 5, 6, 7, 8, 9, 10, 11, 12, 13, 14, 15, 16, 17, 18, 19, 20, 21, 22, 23, 24, 25, 26, 27, 28, 29, 30]
15:16:21 [WARNING] core.sap_client — phase1_wrong_screen hu=2972642398 — re-navigating
15:16:21 [INFO] core.sap_client — setup_phase1_start
15:16:26 [INFO] core.sap_client — tx_opened code=/nZMOVEINBHU current_tx=ZMOVEINBHU
15:16:26 [INFO] core.sap_client — phase1_ready — ctxtP_HU confirmed
15:16:33 [INFO] core.sap_client — hu_phase1_ok hu=2972642398 msg='Packaging data was saved. Material document 7571553616 was created'
15:16:33 [WARNING] core.sap_client — phase2_wrong_screen hu=2972642398 — re-navigating
15:16:33 [INFO] core.sap_client — setup_phase2_start
15:16:38 [INFO] core.sap_client — tx_opened code=/nZMMTIJSEP current_tx=ZMMTIJSEP
15:16:38 [INFO] core.sap_client — phase2_ready — txtGV_HU confirmed
15:16:39 [INFO] core.sap_client — hu_phase2_ok hu=2972642398 duration_ms=6182
15:16:39 [INFO] core.queue_model — pallet_boundary single_hu pallet=31 accumulated=[1, 2, 3, 4, 5, 6, 7, 8, 9, 10, 11, 12, 13, 14, 15, 16, 17, 18, 19, 20, 21, 22, 23, 24, 25, 26, 27, 28, 29, 30, 31]
15:16:39 [WARNING] core.sap_client — phase1_wrong_screen hu=2972642430 — re-navigating
15:16:39 [INFO] core.sap_client — setup_phase1_start
15:16:45 [INFO] core.sap_client — tx_opened code=/nZMOVEINBHU current_tx=ZMOVEINBHU
15:16:45 [INFO] core.sap_client — phase1_ready — ctxtP_HU confirmed
15:16:50 [INFO] core.sap_client — hu_phase1_ok hu=2972642430 msg='Packaging data was saved. Material document 7571553629 was created'
15:16:50 [WARNING] core.sap_client — phase2_wrong_screen hu=2972642430 — re-navigating
15:16:50 [INFO] core.sap_client — setup_phase2_start
15:16:56 [INFO] core.sap_client — tx_opened code=/nZMMTIJSEP current_tx=ZMMTIJSEP
15:16:56 [INFO] core.sap_client — phase2_ready — txtGV_HU confirmed
15:16:56 [INFO] core.sap_client — hu_phase2_ok hu=2972642430 duration_ms=6212
15:16:56 [INFO] core.queue_model — pallet_boundary single_hu pallet=32 accumulated=[1, 2, 3, 4, 5, 6, 7, 8, 9, 10, 11, 12, 13, 14, 15, 16, 17, 18, 19, 20, 21, 22, 23, 24, 25, 26, 27, 28, 29, 30, 31, 32]
15:16:56 [WARNING] core.sap_client — phase1_wrong_screen hu=2972642403 — re-navigating
15:16:56 [INFO] core.sap_client — setup_phase1_start
15:17:02 [INFO] core.sap_client — tx_opened code=/nZMOVEINBHU current_tx=ZMOVEINBHU
15:17:02 [INFO] core.sap_client — phase1_ready — ctxtP_HU confirmed
15:17:08 [INFO] core.sap_client — hu_phase1_ok hu=2972642403 msg='Packaging data was saved. Material document 7571554688 was created'
15:17:08 [WARNING] core.sap_client — phase2_wrong_screen hu=2972642403 — re-navigating
15:17:08 [INFO] core.sap_client — setup_phase2_start
15:17:13 [INFO] core.sap_client — tx_opened code=/nZMMTIJSEP current_tx=ZMMTIJSEP
15:17:13 [INFO] core.sap_client — phase2_ready — txtGV_HU confirmed
15:17:14 [INFO] core.sap_client — hu_phase2_ok hu=2972642403 duration_ms=6154
15:17:14 [INFO] core.queue_model — pallet_boundary single_hu pallet=33 accumulated=[1, 2, 3, 4, 5, 6, 7, 8, 9, 10, 11, 12, 13, 14, 15, 16, 17, 18, 19, 20, 21, 22, 23, 24, 25, 26, 27, 28, 29, 30, 31, 32, 33]
15:17:14 [WARNING] core.sap_client — phase1_wrong_screen hu=C1016451848 — re-navigating
15:17:14 [INFO] core.sap_client — setup_phase1_start
15:17:19 [INFO] core.sap_client — tx_opened code=/nZMOVEINBHU current_tx=ZMOVEINBHU
15:17:19 [INFO] core.sap_client — phase1_ready — ctxtP_HU confirmed
15:17:23 [INFO] core.sap_client — hu_phase1_ok hu=C1016451848 msg='Packaging data was saved. Material document 7571554714 was created'
15:17:23 [WARNING] core.sap_client — phase2_wrong_screen hu=C1016451848 — re-navigating
15:17:23 [INFO] core.sap_client — setup_phase2_start
15:17:28 [INFO] core.sap_client — tx_opened code=/nZMMTIJSEP current_tx=ZMMTIJSEP
15:17:28 [INFO] core.sap_client — phase2_ready — txtGV_HU confirmed
15:17:29 [INFO] core.sap_client — hu_phase2_ok hu=C1016451848 duration_ms=6059
15:17:29 [WARNING] core.sap_client — phase1_wrong_screen hu=C1016451850 — re-navigating
15:17:29 [INFO] core.sap_client — setup_phase1_start
15:17:34 [INFO] core.sap_client — tx_opened code=/nZMOVEINBHU current_tx=ZMOVEINBHU
15:17:34 [INFO] core.sap_client — phase1_ready — ctxtP_HU confirmed
15:17:38 [INFO] core.sap_client — hu_phase1_ok hu=C1016451850 msg='Packaging data was saved. Material document 7571554725 was created'
15:17:38 [WARNING] core.sap_client — phase2_wrong_screen hu=C1016451850 — re-navigating
15:17:38 [INFO] core.sap_client — setup_phase2_start
15:17:43 [INFO] core.sap_client — tx_opened code=/nZMMTIJSEP current_tx=ZMMTIJSEP
15:17:43 [INFO] core.sap_client — phase2_ready — txtGV_HU confirmed
15:17:44 [INFO] core.sap_client — hu_phase2_ok hu=C1016451850 duration_ms=6053
15:17:44 [WARNING] core.sap_client — phase1_wrong_screen hu=C1016347455 — re-navigating
15:17:44 [INFO] core.sap_client — setup_phase1_start
15:17:49 [INFO] core.sap_client — tx_opened code=/nZMOVEINBHU current_tx=ZMOVEINBHU
15:17:49 [INFO] core.sap_client — phase1_ready — ctxtP_HU confirmed
15:17:53 [INFO] core.sap_client — hu_phase1_ok hu=C1016347455 msg='Packaging data was saved. Material document 7571555133 was created'
15:17:53 [WARNING] core.sap_client — phase2_wrong_screen hu=C1016347455 — re-navigating
15:17:53 [INFO] core.sap_client — setup_phase2_start
15:17:58 [INFO] core.sap_client — tx_opened code=/nZMMTIJSEP current_tx=ZMMTIJSEP
15:17:58 [INFO] core.sap_client — phase2_ready — txtGV_HU confirmed
15:17:59 [INFO] core.sap_client — hu_phase2_ok hu=C1016347455 duration_ms=6064
15:17:59 [WARNING] core.sap_client — phase1_wrong_screen hu=C1016431121 — re-navigating
15:17:59 [INFO] core.sap_client — setup_phase1_start
15:18:04 [INFO] core.sap_client — tx_opened code=/nZMOVEINBHU current_tx=ZMOVEINBHU
15:18:04 [INFO] core.sap_client — phase1_ready — ctxtP_HU confirmed
15:18:08 [INFO] core.sap_client — hu_phase1_ok hu=C1016431121 msg='Packaging data was saved. Material document 7571555139 was created'
15:18:08 [WARNING] core.sap_client — phase2_wrong_screen hu=C1016431121 — re-navigating
15:18:08 [INFO] core.sap_client — setup_phase2_start
15:18:13 [INFO] core.sap_client — tx_opened code=/nZMMTIJSEP current_tx=ZMMTIJSEP
15:18:13 [INFO] core.sap_client — phase2_ready — txtGV_HU confirmed
15:18:14 [INFO] core.sap_client — hu_phase2_ok hu=C1016431121 duration_ms=6096
15:18:14 [WARNING] core.sap_client — phase1_wrong_screen hu=C1016431120 — re-navigating
15:18:14 [INFO] core.sap_client — setup_phase1_start
15:18:19 [INFO] core.sap_client — tx_opened code=/nZMOVEINBHU current_tx=ZMOVEINBHU
15:18:19 [INFO] core.sap_client — phase1_ready — ctxtP_HU confirmed
15:18:23 [INFO] core.sap_client — hu_phase1_ok hu=C1016431120 msg='Packaging data was saved. Material document 7571555158 was created'
15:18:23 [WARNING] core.sap_client — phase2_wrong_screen hu=C1016431120 — re-navigating
15:18:23 [INFO] core.sap_client — setup_phase2_start
15:18:28 [INFO] core.sap_client — tx_opened code=/nZMMTIJSEP current_tx=ZMMTIJSEP
15:18:28 [INFO] core.sap_client — phase2_ready — txtGV_HU confirmed
15:18:29 [INFO] core.sap_client — hu_phase2_ok hu=C1016431120 duration_ms=5999
15:18:29 [INFO] core.queue_model — pallet_boundary multi_hu pallet=34 count=5 hu_codes=['C1016451848', 'C1016451850', 'C1016347455', 'C1016431121', 'C1016431120']
15:18:34 [INFO] core.sap_client — tx_opened code=/nSP01 current_tx=SP01
15:18:39 [INFO] core.sap_client — sp01_row_marked row=4 title=CN-CON-003_C1016431120_20260402221829
15:18:39 [INFO] core.sap_client — sp01_row_marked row=6 title=CN-CON-003_C1016431121_20260402221814
15:18:39 [INFO] core.sap_client — sp01_row_marked row=8 title=CN-CON-003_C1016347455_20260402221759
15:18:39 [INFO] core.sap_client — sp01_row_marked row=10 title=CN-CON-003_C1016451850_20260402221744
15:18:39 [INFO] core.sap_client — sp01_row_marked row=14 title=CN-CON-003_C1016451848_20260402221729
15:18:41 [INFO] core.sap_client — sp01_print_confirmed via=btn[25] marked=5
15:18:43 [INFO] core.sap_client — sp01_pallet_done result={'status': 'ok', 'message': 'SP01 OK — 5 spool(s) impreso(s)', 'marked': 5} hu_codes=['C1016451848', 'C1016451850', 'C1016347455', 'C1016431121', 'C1016431120']
15:18:43 [INFO] core.queue_model — sp01_pallet_result={'status': 'ok', 'message': 'SP01 OK — 5 spool(s) impreso(s)', 'marked': 5}
15:18:43 [INFO] core.queue_model — flush_single_hu_pallets pallets=[1, 2, 3, 4, 5, 6, 7, 8, 9, 10, 11, 12, 13, 14, 15, 16, 17, 18, 19, 20, 21, 22, 23, 24, 25, 26, 27, 28, 29, 30, 31, 32, 33] hu_codes=['2972642274', '2972642270', '2972642389', '2972642071', '2972638340', '2972642050', '2972642076', '2972642070', '2972642051', '2972638562', '2972642039', '2972642057', '2972642060', '2972642038', '2972642054', '2972642035', '2972642047', '2972643840', '2972637744', '2972642407', '2972642397', '2972642457', '2972642405', '2972642400', '2972642435', '2972642406', '2972642399', '2972642458', '2972642408', '2972642401', '2972642398', '2972642430', '2972642403']
15:18:48 [INFO] core.sap_client — tx_opened code=/nSP01 current_tx=SP01
15:18:53 [INFO] core.sap_client — sp01_row_marked row=12 title=CN-CON-003_00000000002972642403_20260402221714
15:18:53 [INFO] core.sap_client — sp01_row_marked row=16 title=CN-CON-003_00000000002972642430_20260402221656
15:18:53 [INFO] core.sap_client — sp01_row_marked row=18 title=CN-CON-003_00000000002972642398_20260402221639
15:18:53 [INFO] core.sap_client — sp01_row_marked row=20 title=CN-CON-003_00000000002972642401_20260402221621
15:18:53 [INFO] core.sap_client — sp01_row_marked row=22 title=CN-CON-003_00000000002972642408_20260402221604
15:18:53 [INFO] core.sap_client — sp01_row_marked row=24 title=CN-CON-003_00000000002972642458_20260402221545
15:18:53 [INFO] core.sap_client — sp01_row_marked row=26 title=CN-CON-003_00000000002972642399_20260402221525
15:18:53 [INFO] core.sap_client — sp01_row_marked row=28 title=CN-CON-003_00000000002972642406_20260402221503
15:18:53 [INFO] core.sap_client — sp01_row_marked row=30 title=CN-CON-003_00000000002972642435_20260402221444
15:18:53 [INFO] core.sap_client — sp01_row_marked row=32 title=CN-CON-003_00000000002972642400_20260402221425
15:18:53 [INFO] core.sap_client — sp01_row_marked row=34 title=CN-CON-003_00000000002972642405_20260402221406
15:18:53 [INFO] core.sap_client — sp01_row_marked row=36 title=CN-CON-003_00000000002972637744_20260402221253
15:18:53 [INFO] core.sap_client — sp01_row_marked row=38 title=CN-CON-003_00000000002972642457_20260402221346
15:18:53 [INFO] core.sap_client — sp01_row_marked row=40 title=CN-CON-003_00000000002972642407_20260402221313
15:18:53 [INFO] core.sap_client — sp01_row_marked row=42 title=CN-CON-003_00000000002972642397_20260402221329
15:18:53 [INFO] core.sap_client — sp01_row_marked row=44 title=CN-CON-003_00000000002972642047_20260402221222
15:18:53 [INFO] core.sap_client — sp01_row_marked row=46 title=CN-CON-003_00000000002972643840_20260402221237
15:18:53 [INFO] core.sap_client — sp01_row_marked row=48 title=CN-CON-003_00000000002972642035_20260402221203
15:18:53 [INFO] core.sap_client — sp01_row_marked row=50 title=CN-CON-003_00000000002972642054_20260402221143
15:18:55 [INFO] core.sap_client — sp01_print_confirmed via=btn[25] marked=19
15:18:57 [INFO] core.sap_client — sp01_global_done result={'status': 'ok', 'message': 'SP01 OK — 19 spool(s) impreso(s)', 'marked': 19}
15:18:57 [INFO] core.queue_model — queue_worker_stopped
15:18:57 [INFO] core.queue_model — queue_worker_stop_requested
15:38:17 [INFO] core.queue_model — new_pallet id=35
15:38:38 [INFO] core.queue_model — hu_added hu=T10045855587 pallet=35 origin=CNA
15:38:39 [INFO] core.queue_model — hu_added hu=T10045831327 pallet=35 origin=CNA
15:38:39 [INFO] core.queue_model — hu_added hu=T10045857906 pallet=35 origin=CNA
15:38:41 [INFO] core.queue_model — hu_added hu=T10045857904 pallet=35 origin=CNA
15:38:42 [INFO] core.queue_model — hu_added hu=T10045865006 pallet=35 origin=CNA
15:38:43 [INFO] core.queue_model — hu_added hu=T10045855929 pallet=35 origin=CNA
15:38:51 [INFO] core.queue_model — hu_added hu=T10045865009 pallet=35 origin=CNA
15:38:52 [INFO] core.queue_model — hu_added hu=T10045855559 pallet=35 origin=CNA
15:38:53 [INFO] core.queue_model — hu_added hu=T10045850406 pallet=35 origin=CNA
15:38:54 [INFO] core.queue_model — hu_added hu=T10045839028 pallet=35 origin=CNA
15:38:55 [INFO] core.queue_model — hu_added hu=T10045853301 pallet=35 origin=CNA
15:38:58 [INFO] core.queue_model — hu_added hu=T10045786929 pallet=35 origin=CNA
15:38:59 [INFO] core.queue_model — hu_added hu=T10045850395 pallet=35 origin=CNA
15:39:00 [INFO] core.queue_model — hu_added hu=T10045855466 pallet=35 origin=CNA
15:39:01 [INFO] core.queue_model — hu_added hu=T10045850404 pallet=35 origin=CNA
15:39:01 [INFO] core.queue_model — hu_added hu=T10045855937 pallet=35 origin=CNA
15:39:14 [INFO] core.queue_model — queue_worker_started dynamic_print_mode
15:39:14 [INFO] core.sap_client — sap_connected system=LUP user=LOPEZHJC
15:39:14 [INFO] core.queue_model — queue_worker_sap_connected
15:39:14 [INFO] core.sap_client — setup_phase1_start
15:39:19 [INFO] core.sap_client — tx_opened code=/nZMOVEINBHU current_tx=ZMOVEINBHU
15:39:19 [INFO] core.sap_client — phase1_ready — ctxtP_HU confirmed
15:39:24 [INFO] core.sap_client — hu_phase1_ok hu=T10045855587 msg='Packaging data was saved. Material document 7571565178 was created'
15:39:24 [INFO] core.sap_client — setup_phase2_start
15:39:29 [INFO] core.sap_client — tx_opened code=/nZMMTIJSEP current_tx=ZMMTIJSEP
15:39:29 [INFO] core.sap_client — phase2_ready — txtGV_HU confirmed
15:39:31 [INFO] core.sap_client — hu_phase2_ok hu=T10045855587 duration_ms=1229
15:39:31 [INFO] core.sap_client — setup_phase1_start
15:39:36 [INFO] core.sap_client — tx_opened code=/nZMOVEINBHU current_tx=ZMOVEINBHU
15:39:36 [INFO] core.sap_client — phase1_ready — ctxtP_HU confirmed
15:39:40 [INFO] core.sap_client — hu_phase1_ok hu=T10045831327 msg='Packaging data was saved. Material document 7571565194 was created'
15:39:40 [WARNING] core.sap_client — phase2_wrong_screen hu=T10045831327 — re-navigating
15:39:40 [INFO] core.sap_client — setup_phase2_start
15:39:45 [INFO] core.sap_client — tx_opened code=/nZMMTIJSEP current_tx=ZMMTIJSEP
15:39:45 [INFO] core.sap_client — phase2_ready — txtGV_HU confirmed
15:39:46 [INFO] core.sap_client — hu_phase2_ok hu=T10045831327 duration_ms=6097
15:39:46 [WARNING] core.sap_client — phase1_wrong_screen hu=T10045857906 — re-navigating
15:39:46 [INFO] core.sap_client — setup_phase1_start
15:39:48 [INFO] core.queue_model — new_pallet id=36
15:39:51 [INFO] core.sap_client — tx_opened code=/nZMOVEINBHU current_tx=ZMOVEINBHU
15:39:51 [INFO] core.sap_client — phase1_ready — ctxtP_HU confirmed
15:39:55 [INFO] core.sap_client — hu_phase1_ok hu=T10045857906 msg='Packaging data was saved. Material document 7571565200 was created'
15:39:55 [WARNING] core.sap_client — phase2_wrong_screen hu=T10045857906 — re-navigating
15:39:55 [INFO] core.sap_client — setup_phase2_start
15:40:00 [INFO] core.sap_client — tx_opened code=/nZMMTIJSEP current_tx=ZMMTIJSEP
15:40:00 [INFO] core.sap_client — phase2_ready — txtGV_HU confirmed
15:40:01 [INFO] core.queue_model — hu_added hu=T10045837011 pallet=36 origin=CNA
15:40:01 [INFO] core.sap_client — hu_phase2_ok hu=T10045857906 duration_ms=6132
15:40:01 [WARNING] core.sap_client — phase1_wrong_screen hu=T10045857904 — re-navigating
15:40:01 [INFO] core.sap_client — setup_phase1_start
15:40:02 [INFO] core.queue_model — hu_added hu=T10045837012 pallet=36 origin=CNA
15:40:03 [INFO] core.queue_model — hu_added hu=T10045856153 pallet=36 origin=CNA
15:40:04 [INFO] core.queue_model — hu_added hu=T10045837010 pallet=36 origin=CNA
15:40:05 [INFO] core.queue_model — hu_added hu=T10045855649 pallet=36 origin=CNA
15:40:06 [INFO] core.queue_model — hu_added hu=T10045853252 pallet=36 origin=CNA
15:40:06 [WARNING] core.queue_model — hu_duplicate_scan hu=T10045837011
15:40:06 [INFO] core.sap_client — tx_opened code=/nZMOVEINBHU current_tx=ZMOVEINBHU
15:40:06 [INFO] core.sap_client — phase1_ready — ctxtP_HU confirmed
15:40:09 [INFO] core.queue_model — hu_added hu=T10045856156 pallet=36 origin=CNA
15:40:09 [INFO] core.queue_model — hu_added hu=T10045842883 pallet=36 origin=CNA
15:40:10 [INFO] core.queue_model — hu_added hu=T10045842882 pallet=36 origin=CNA
15:40:10 [INFO] core.queue_model — hu_added hu=T10045856152 pallet=36 origin=CNA
15:40:11 [INFO] core.sap_client — hu_phase1_ok hu=T10045857904 msg='Packaging data was saved. Material document 7571565225 was created'
15:40:11 [WARNING] core.sap_client — phase2_wrong_screen hu=T10045857904 — re-navigating
15:40:11 [INFO] core.sap_client — setup_phase2_start
15:40:13 [INFO] core.queue_model — hu_added hu=T10045855504 pallet=36 origin=CNA
15:40:14 [INFO] core.queue_model — hu_added hu=T10045865024 pallet=36 origin=CNA
15:40:14 [INFO] core.queue_model — hu_added hu=T10045855542 pallet=36 origin=CNA
15:40:15 [INFO] core.queue_model — hu_added hu=T10045837009 pallet=36 origin=CNA
15:40:16 [INFO] core.sap_client — tx_opened code=/nZMMTIJSEP current_tx=ZMMTIJSEP
15:40:16 [INFO] core.sap_client — phase2_ready — txtGV_HU confirmed
15:40:17 [INFO] core.sap_client — hu_phase2_ok hu=T10045857904 duration_ms=6118
15:40:17 [WARNING] core.sap_client — phase1_wrong_screen hu=T10045865006 — re-navigating
15:40:17 [INFO] core.sap_client — setup_phase1_start
15:40:23 [INFO] core.sap_client — tx_opened code=/nZMOVEINBHU current_tx=ZMOVEINBHU
15:40:23 [INFO] core.sap_client — phase1_ready — ctxtP_HU confirmed
15:40:27 [INFO] core.sap_client — hu_phase1_ok hu=T10045865006 msg='Packaging data was saved. Material document 7571565947 was created'
15:40:27 [WARNING] core.sap_client — phase2_wrong_screen hu=T10045865006 — re-navigating
15:40:27 [INFO] core.sap_client — setup_phase2_start
15:40:32 [INFO] core.sap_client — tx_opened code=/nZMMTIJSEP current_tx=ZMMTIJSEP
15:40:32 [INFO] core.sap_client — phase2_ready — txtGV_HU confirmed
15:40:33 [INFO] core.sap_client — hu_phase2_ok hu=T10045865006 duration_ms=6122
15:40:33 [WARNING] core.sap_client — phase1_wrong_screen hu=T10045855929 — re-navigating
15:40:33 [INFO] core.sap_client — setup_phase1_start
15:40:38 [INFO] core.sap_client — tx_opened code=/nZMOVEINBHU current_tx=ZMOVEINBHU
15:40:38 [INFO] core.sap_client — phase1_ready — ctxtP_HU confirmed
15:40:42 [INFO] core.sap_client — hu_phase1_ok hu=T10045855929 msg='Packaging data was saved. Material document 7571565955 was created'
15:40:42 [WARNING] core.sap_client — phase2_wrong_screen hu=T10045855929 — re-navigating
15:40:42 [INFO] core.sap_client — setup_phase2_start
15:40:48 [INFO] core.sap_client — tx_opened code=/nZMMTIJSEP current_tx=ZMMTIJSEP
15:40:48 [INFO] core.sap_client — phase2_ready — txtGV_HU confirmed
15:40:48 [INFO] core.sap_client — hu_phase2_ok hu=T10045855929 duration_ms=6048
15:40:48 [WARNING] core.sap_client — phase1_wrong_screen hu=T10045865009 — re-navigating
15:40:48 [INFO] core.sap_client — setup_phase1_start
15:40:54 [INFO] core.sap_client — tx_opened code=/nZMOVEINBHU current_tx=ZMOVEINBHU
15:40:54 [INFO] core.sap_client — phase1_ready — ctxtP_HU confirmed
15:40:57 [INFO] core.sap_client — hu_phase1_ok hu=T10045865009 msg='Packaging data was saved. Material document 7571565970 was created'
15:40:57 [WARNING] core.sap_client — phase2_wrong_screen hu=T10045865009 — re-navigating
15:40:57 [INFO] core.sap_client — setup_phase2_start
15:41:03 [INFO] core.sap_client — tx_opened code=/nZMMTIJSEP current_tx=ZMMTIJSEP
15:41:03 [INFO] core.sap_client — phase2_ready — txtGV_HU confirmed
15:41:03 [INFO] core.sap_client — hu_phase2_ok hu=T10045865009 duration_ms=6101
15:41:03 [WARNING] core.sap_client — phase1_wrong_screen hu=T10045855559 — re-navigating
15:41:03 [INFO] core.sap_client — setup_phase1_start
15:41:09 [INFO] core.sap_client — tx_opened code=/nZMOVEINBHU current_tx=ZMOVEINBHU
15:41:09 [INFO] core.sap_client — phase1_ready — ctxtP_HU confirmed
15:41:14 [INFO] core.sap_client — hu_phase1_ok hu=T10045855559 msg='Packaging data was saved. Material document 7571565977 was created'
15:41:14 [WARNING] core.sap_client — phase2_wrong_screen hu=T10045855559 — re-navigating
15:41:14 [INFO] core.sap_client — setup_phase2_start
15:41:19 [INFO] core.sap_client — tx_opened code=/nZMMTIJSEP current_tx=ZMMTIJSEP
15:41:19 [INFO] core.sap_client — phase2_ready — txtGV_HU confirmed
15:41:20 [INFO] core.sap_client — hu_phase2_ok hu=T10045855559 duration_ms=6227
15:41:20 [WARNING] core.sap_client — phase1_wrong_screen hu=T10045850406 — re-navigating
15:41:20 [INFO] core.sap_client — setup_phase1_start
15:41:25 [INFO] core.sap_client — tx_opened code=/nZMOVEINBHU current_tx=ZMOVEINBHU
15:41:25 [INFO] core.sap_client — phase1_ready — ctxtP_HU confirmed
15:41:29 [INFO] core.sap_client — hu_phase1_ok hu=T10045850406 msg='Packaging data was saved. Material document 7571565991 was created'
15:41:29 [WARNING] core.sap_client — phase2_wrong_screen hu=T10045850406 — re-navigating
15:41:29 [INFO] core.sap_client — setup_phase2_start
15:41:34 [INFO] core.sap_client — tx_opened code=/nZMMTIJSEP current_tx=ZMMTIJSEP
15:41:34 [INFO] core.sap_client — phase2_ready — txtGV_HU confirmed
15:41:35 [INFO] core.sap_client — hu_phase2_ok hu=T10045850406 duration_ms=6151
15:41:35 [WARNING] core.sap_client — phase1_wrong_screen hu=T10045839028 — re-navigating
15:41:35 [INFO] core.sap_client — setup_phase1_start
15:41:40 [INFO] core.sap_client — tx_opened code=/nZMOVEINBHU current_tx=ZMOVEINBHU
15:41:40 [INFO] core.sap_client — phase1_ready — ctxtP_HU confirmed
15:41:44 [INFO] core.sap_client — hu_phase1_ok hu=T10045839028 msg='Packaging data was saved. Material document 7571566007 was created'
15:41:44 [WARNING] core.sap_client — phase2_wrong_screen hu=T10045839028 — re-navigating
15:41:44 [INFO] core.sap_client — setup_phase2_start
15:41:50 [INFO] core.sap_client — tx_opened code=/nZMMTIJSEP current_tx=ZMMTIJSEP
15:41:50 [INFO] core.sap_client — phase2_ready — txtGV_HU confirmed
15:41:51 [INFO] core.sap_client — hu_phase2_ok hu=T10045839028 duration_ms=6420
15:41:51 [WARNING] core.sap_client — phase1_wrong_screen hu=T10045853301 — re-navigating
15:41:51 [INFO] core.sap_client — setup_phase1_start
15:41:56 [INFO] core.sap_client — tx_opened code=/nZMOVEINBHU current_tx=ZMOVEINBHU
15:41:56 [INFO] core.sap_client — phase1_ready — ctxtP_HU confirmed
15:42:00 [INFO] core.sap_client — hu_phase1_ok hu=T10045853301 msg='Packaging data was saved. Material document 7571566015 was created'
15:42:00 [WARNING] core.sap_client — phase2_wrong_screen hu=T10045853301 — re-navigating
15:42:00 [INFO] core.sap_client — setup_phase2_start
15:42:06 [INFO] core.sap_client — tx_opened code=/nZMMTIJSEP current_tx=ZMMTIJSEP
15:42:06 [INFO] core.sap_client — phase2_ready — txtGV_HU confirmed
15:42:06 [INFO] core.sap_client — hu_phase2_ok hu=T10045853301 duration_ms=6002
15:42:06 [WARNING] core.sap_client — phase1_wrong_screen hu=T10045786929 — re-navigating
15:42:06 [INFO] core.sap_client — setup_phase1_start
15:42:12 [INFO] core.sap_client — tx_opened code=/nZMOVEINBHU current_tx=ZMOVEINBHU
15:42:12 [INFO] core.sap_client — phase1_ready — ctxtP_HU confirmed
15:42:15 [INFO] core.sap_client — hu_phase1_ok hu=T10045786929 msg='Packaging data was saved. Material document 7571566831 was created'
15:42:15 [WARNING] core.sap_client — phase2_wrong_screen hu=T10045786929 — re-navigating
15:42:15 [INFO] core.sap_client — setup_phase2_start
15:42:21 [INFO] core.sap_client — tx_opened code=/nZMMTIJSEP current_tx=ZMMTIJSEP
15:42:21 [INFO] core.sap_client — phase2_ready — txtGV_HU confirmed
15:42:21 [INFO] core.sap_client — hu_phase2_ok hu=T10045786929 duration_ms=6262
15:42:21 [WARNING] core.sap_client — phase1_wrong_screen hu=T10045850395 — re-navigating
15:42:21 [INFO] core.sap_client — setup_phase1_start
15:42:27 [INFO] core.sap_client — tx_opened code=/nZMOVEINBHU current_tx=ZMOVEINBHU
15:42:27 [INFO] core.sap_client — phase1_ready — ctxtP_HU confirmed
15:42:30 [INFO] core.sap_client — hu_phase1_ok hu=T10045850395 msg='Packaging data was saved. Material document 7571566842 was created'
15:42:30 [WARNING] core.sap_client — phase2_wrong_screen hu=T10045850395 — re-navigating
15:42:30 [INFO] core.sap_client — setup_phase2_start
15:42:36 [INFO] core.sap_client — tx_opened code=/nZMMTIJSEP current_tx=ZMMTIJSEP
15:42:36 [INFO] core.sap_client — phase2_ready — txtGV_HU confirmed
15:42:36 [INFO] core.sap_client — hu_phase2_ok hu=T10045850395 duration_ms=6047
15:42:36 [WARNING] core.sap_client — phase1_wrong_screen hu=T10045855466 — re-navigating
15:42:36 [INFO] core.sap_client — setup_phase1_start
15:42:42 [INFO] core.sap_client — tx_opened code=/nZMOVEINBHU current_tx=ZMOVEINBHU
15:42:42 [INFO] core.sap_client — phase1_ready — ctxtP_HU confirmed
15:42:46 [INFO] core.sap_client — hu_phase1_ok hu=T10045855466 msg='Packaging data was saved. Material document 7571566851 was created'
15:42:46 [WARNING] core.sap_client — phase2_wrong_screen hu=T10045855466 — re-navigating
15:42:46 [INFO] core.sap_client — setup_phase2_start
15:42:51 [INFO] core.sap_client — tx_opened code=/nZMMTIJSEP current_tx=ZMMTIJSEP
15:42:51 [INFO] core.sap_client — phase2_ready — txtGV_HU confirmed
15:42:52 [INFO] core.queue_model — new_pallet id=37
15:42:52 [INFO] core.sap_client — hu_phase2_ok hu=T10045855466 duration_ms=6092
15:42:52 [WARNING] core.sap_client — phase1_wrong_screen hu=T10045850404 — re-navigating
15:42:52 [INFO] core.sap_client — setup_phase1_start
15:42:56 [INFO] core.queue_model — hu_added hu=T10045868981 pallet=37 origin=CNA
15:42:57 [INFO] core.queue_model — hu_added hu=T10045850402 pallet=37 origin=CNA
15:42:57 [INFO] core.sap_client — tx_opened code=/nZMOVEINBHU current_tx=ZMOVEINBHU
15:42:57 [INFO] core.sap_client — phase1_ready — ctxtP_HU confirmed
15:42:59 [INFO] core.queue_model — hu_added hu=T10045837036 pallet=37 origin=CNA
15:43:00 [INFO] core.queue_model — hu_added hu=T10045831356 pallet=37 origin=CNA
15:43:01 [INFO] core.sap_client — hu_phase1_ok hu=T10045850404 msg='Packaging data was saved. Material document 7571566869 was created'
15:43:01 [WARNING] core.sap_client — phase2_wrong_screen hu=T10045850404 — re-navigating
15:43:01 [INFO] core.sap_client — setup_phase2_start
15:43:01 [INFO] core.queue_model — hu_added hu=T10045855543 pallet=37 origin=CNA
15:43:02 [INFO] core.queue_model — hu_added hu=T10045853332 pallet=37 origin=CNA
15:43:06 [INFO] core.sap_client — tx_opened code=/nZMMTIJSEP current_tx=ZMMTIJSEP
15:43:06 [INFO] core.sap_client — phase2_ready — txtGV_HU confirmed
15:43:07 [INFO] core.sap_client — hu_phase2_ok hu=T10045850404 duration_ms=6127
15:43:07 [WARNING] core.sap_client — phase1_wrong_screen hu=T10045855937 — re-navigating
15:43:07 [INFO] core.sap_client — setup_phase1_start
15:43:11 [INFO] core.queue_model — hu_added hu=T10045788553 pallet=37 origin=CNA
15:43:11 [INFO] core.queue_model — hu_added hu=T10045868998 pallet=37 origin=CNA
15:43:12 [INFO] core.queue_model — hu_added hu=T10045857903 pallet=37 origin=CNA
15:43:13 [INFO] core.sap_client — tx_opened code=/nZMOVEINBHU current_tx=ZMOVEINBHU
15:43:13 [INFO] core.sap_client — phase1_ready — ctxtP_HU confirmed
15:43:13 [INFO] core.queue_model — hu_added hu=T10045831355 pallet=37 origin=CNA
15:43:14 [INFO] core.queue_model — hu_added hu=T10045856146 pallet=37 origin=CNA
15:43:15 [INFO] core.queue_model — hu_added hu=T10045855862 pallet=37 origin=CNA
15:43:15 [INFO] core.queue_model — hu_added hu=T10045856251 pallet=37 origin=CNA
15:43:16 [INFO] core.sap_client — hu_phase1_ok hu=T10045855937 msg='Packaging data was saved. Material document 7571566877 was created'
15:43:16 [WARNING] core.sap_client — phase2_wrong_screen hu=T10045855937 — re-navigating
15:43:16 [INFO] core.sap_client — setup_phase2_start
15:43:16 [INFO] core.queue_model — hu_added hu=T10045831331 pallet=37 origin=CNA
15:43:20 [INFO] core.queue_model — new_pallet id=38
15:43:21 [INFO] core.sap_client — tx_opened code=/nZMMTIJSEP current_tx=ZMMTIJSEP
15:43:21 [INFO] core.sap_client — phase2_ready — txtGV_HU confirmed
15:43:22 [INFO] core.sap_client — hu_phase2_ok hu=T10045855937 duration_ms=6066
15:43:22 [INFO] core.queue_model — pallet_boundary multi_hu pallet=35 count=16 hu_codes=['T10045855587', 'T10045831327', 'T10045857906', 'T10045857904', 'T10045865006', 'T10045855929', 'T10045865009', 'T10045855559', 'T10045850406', 'T10045839028', 'T10045853301', 'T10045786929', 'T10045850395', 'T10045855466', 'T10045850404', 'T10045855937']
15:43:28 [INFO] core.sap_client — tx_opened code=/nSP01 current_tx=SP01
15:43:29 [INFO] core.queue_model — hu_added hu=T10045788672 pallet=38 origin=CNA
15:43:30 [INFO] core.queue_model — hu_added hu=T10045859951 pallet=38 origin=CNA
15:43:31 [INFO] core.queue_model — hu_added hu=T10045856249 pallet=38 origin=CNA
15:43:32 [INFO] core.queue_model — hu_added hu=T10045842879 pallet=38 origin=CNA
15:43:32 [INFO] core.sap_client — sp01_row_marked row=4 title=CN-CON-003_T10045855937_20260402224322
15:43:32 [INFO] core.sap_client — sp01_row_marked row=6 title=CN-CON-003_T10045850404_20260402224307
15:43:32 [INFO] core.sap_client — sp01_row_marked row=8 title=CN-CON-003_T10045855466_20260402224252
15:43:32 [INFO] core.sap_client — sp01_row_marked row=10 title=CN-CON-003_T10045850395_20260402224236
15:43:32 [INFO] core.sap_client — sp01_row_marked row=12 title=CN-CON-003_T10045786929_20260402224221
15:43:32 [INFO] core.sap_client — sp01_row_marked row=14 title=CN-CON-003_T10045853301_20260402224206
15:43:32 [INFO] core.sap_client — sp01_row_marked row=16 title=CN-CON-003_T10045839028_20260402224150
15:43:32 [INFO] core.sap_client — sp01_row_marked row=20 title=CN-CON-003_T10045850406_20260402224135
15:43:32 [INFO] core.sap_client — sp01_row_marked row=22 title=CN-CON-003_T10045855559_20260402224120
15:43:32 [INFO] core.sap_client — sp01_row_marked row=24 title=CN-CON-003_T10045865009_20260402224103
15:43:32 [INFO] core.sap_client — sp01_row_marked row=26 title=CN-CON-003_T10045855929_20260402224048
15:43:32 [INFO] core.sap_client — sp01_row_marked row=28 title=CN-CON-003_T10045865006_20260402224032
15:43:32 [INFO] core.sap_client — sp01_row_marked row=30 title=CN-CON-003_T10045857904_20260402224017
15:43:32 [INFO] core.sap_client — sp01_row_marked row=32 title=CN-CON-003_T10045857906_20260402224001
15:43:32 [INFO] core.sap_client — sp01_row_marked row=34 title=CN-CON-003_T10045831327_20260402223946
15:43:32 [INFO] core.sap_client — sp01_row_marked row=36 title=CN-CON-003_T10045855587_20260402223930
15:43:32 [INFO] core.queue_model — hu_added hu=T10045855859 pallet=38 origin=CNA
15:43:34 [INFO] core.queue_model — hu_added hu=T10045842881 pallet=38 origin=CNA
15:43:34 [INFO] core.sap_client — sp01_print_confirmed via=btn[25] marked=16
15:43:36 [INFO] core.sap_client — sp01_pallet_done result={'status': 'ok', 'message': 'SP01 OK — 16 spool(s) impreso(s)', 'marked': 16} hu_codes=['T10045855587', 'T10045831327', 'T10045857906', 'T10045857904', 'T10045865006', 'T10045855929', 'T10045865009', 'T10045855559', 'T10045850406', 'T10045839028', 'T10045853301', 'T10045786929', 'T10045850395', 'T10045855466', 'T10045850404', 'T10045855937']
15:43:36 [INFO] core.queue_model — sp01_pallet_result={'status': 'ok', 'message': 'SP01 OK — 16 spool(s) impreso(s)', 'marked': 16}
15:43:43 [INFO] core.queue_model — hu_added hu=T10045835032 pallet=38 origin=CNA
15:43:44 [INFO] core.queue_model — hu_added hu=T10045831398 pallet=38 origin=CNA
15:43:44 [INFO] core.queue_model — hu_added hu=T10045850390 pallet=38 origin=CNA
15:43:45 [INFO] core.queue_model — hu_added hu=T10045855858 pallet=38 origin=CNA
15:43:45 [INFO] core.queue_model — hu_added hu=T10045855838 pallet=38 origin=CNA
15:43:46 [INFO] core.queue_model — hu_added hu=T10045786920 pallet=38 origin=CNA
15:43:47 [INFO] core.queue_model — hu_added hu=T10045868975 pallet=38 origin=CNA
15:43:48 [INFO] core.queue_model — hu_added hu=T10045856247 pallet=38 origin=CNA
15:43:49 [INFO] core.queue_model — new_pallet id=39
15:43:59 [INFO] core.queue_model — hu_added hu=T10045856243 pallet=39 origin=CNA
15:44:00 [INFO] core.queue_model — hu_added hu=T10045864996 pallet=39 origin=CNA
15:44:01 [INFO] core.queue_model — hu_added hu=T10045842967 pallet=39 origin=CNA
15:44:02 [INFO] core.queue_model — hu_added hu=T10045855625 pallet=39 origin=CNA
15:44:03 [INFO] core.queue_model — hu_added hu=T10045850393 pallet=39 origin=CNA
15:44:04 [INFO] core.queue_model — hu_added hu=T10045850391 pallet=39 origin=CNA
15:44:31 [INFO] core.queue_model — hu_added hu=T10045837005 pallet=39 origin=CNA
15:44:32 [INFO] core.queue_model — hu_added hu=T10045842880 pallet=39 origin=CNA
15:44:33 [INFO] core.queue_model — hu_added hu=T10045842966 pallet=39 origin=CNA
15:44:34 [INFO] core.queue_model — hu_added hu=T10045837007 pallet=39 origin=CNA
15:44:35 [INFO] core.queue_model — hu_added hu=T10045786917 pallet=39 origin=CNA
15:44:36 [INFO] core.queue_model — hu_added hu=T10045850392 pallet=39 origin=CNA
15:44:37 [INFO] core.queue_model — hu_added hu=T10045856177 pallet=39 origin=CNA
15:44:38 [INFO] core.queue_model — hu_added hu=T10045856245 pallet=39 origin=CNA
15:45:10 [INFO] core.queue_model — queue_worker_resumed_by_ui
15:45:10 [INFO] core.queue_model — queue_worker_resumed_processing
15:45:10 [INFO] core.sap_client — setup_phase1_start
15:45:16 [INFO] core.sap_client — tx_opened code=/nZMOVEINBHU current_tx=ZMOVEINBHU
15:45:16 [INFO] core.sap_client — phase1_ready — ctxtP_HU confirmed
15:45:19 [INFO] core.sap_client — hu_phase1_ok hu=T10045837011 msg='Packaging data was saved. Material document 7571567675 was created'
15:45:19 [INFO] core.sap_client — setup_phase2_start
15:45:24 [INFO] core.sap_client — tx_opened code=/nZMMTIJSEP current_tx=ZMMTIJSEP
15:45:24 [INFO] core.sap_client — phase2_ready — txtGV_HU confirmed
15:45:25 [INFO] core.sap_client — hu_phase2_ok hu=T10045837011 duration_ms=1001
15:45:25 [INFO] core.sap_client — setup_phase1_start
15:45:31 [INFO] core.sap_client — tx_opened code=/nZMOVEINBHU current_tx=ZMOVEINBHU
15:45:31 [INFO] core.sap_client — phase1_ready — ctxtP_HU confirmed
15:45:34 [INFO] core.sap_client — hu_phase1_ok hu=T10045837012 msg='Packaging data was saved. Material document 7571567681 was created'
15:45:34 [WARNING] core.sap_client — phase2_wrong_screen hu=T10045837012 — re-navigating
15:45:34 [INFO] core.sap_client — setup_phase2_start
15:45:40 [INFO] core.sap_client — tx_opened code=/nZMMTIJSEP current_tx=ZMMTIJSEP
15:45:40 [INFO] core.sap_client — phase2_ready — txtGV_HU confirmed
15:45:40 [INFO] core.sap_client — hu_phase2_ok hu=T10045837012 duration_ms=6085
15:45:40 [WARNING] core.sap_client — phase1_wrong_screen hu=T10045856153 — re-navigating
15:45:40 [INFO] core.sap_client — setup_phase1_start
15:45:46 [INFO] core.sap_client — tx_opened code=/nZMOVEINBHU current_tx=ZMOVEINBHU
15:45:46 [INFO] core.sap_client — phase1_ready — ctxtP_HU confirmed
15:45:49 [INFO] core.sap_client — hu_phase1_ok hu=T10045856153 msg='Packaging data was saved. Material document 7571567698 was created'
15:45:49 [WARNING] core.sap_client — phase2_wrong_screen hu=T10045856153 — re-navigating
15:45:49 [INFO] core.sap_client — setup_phase2_start
15:45:55 [INFO] core.sap_client — tx_opened code=/nZMMTIJSEP current_tx=ZMMTIJSEP
15:45:55 [INFO] core.sap_client — phase2_ready — txtGV_HU confirmed
15:45:55 [INFO] core.sap_client — hu_phase2_ok hu=T10045856153 duration_ms=6058
15:45:55 [WARNING] core.sap_client — phase1_wrong_screen hu=T10045837010 — re-navigating
15:45:55 [INFO] core.sap_client — setup_phase1_start
15:46:01 [INFO] core.sap_client — tx_opened code=/nZMOVEINBHU current_tx=ZMOVEINBHU
15:46:01 [INFO] core.sap_client — phase1_ready — ctxtP_HU confirmed
15:46:04 [INFO] core.sap_client — hu_phase1_ok hu=T10045837010 msg='Packaging data was saved. Material document 7571567705 was created'
15:46:04 [WARNING] core.sap_client — phase2_wrong_screen hu=T10045837010 — re-navigating
15:46:04 [INFO] core.sap_client — setup_phase2_start
15:46:10 [INFO] core.sap_client — tx_opened code=/nZMMTIJSEP current_tx=ZMMTIJSEP
15:46:10 [INFO] core.sap_client — phase2_ready — txtGV_HU confirmed
15:46:11 [INFO] core.sap_client — hu_phase2_ok hu=T10045837010 duration_ms=6104
15:46:11 [WARNING] core.sap_client — phase1_wrong_screen hu=T10045855649 — re-navigating
15:46:11 [INFO] core.sap_client — setup_phase1_start
15:46:16 [INFO] core.sap_client — tx_opened code=/nZMOVEINBHU current_tx=ZMOVEINBHU
15:46:16 [INFO] core.sap_client — phase1_ready — ctxtP_HU confirmed
15:46:20 [INFO] core.sap_client — hu_phase1_ok hu=T10045855649 msg='Packaging data was saved. Material document 7571567721 was created'
15:46:20 [WARNING] core.sap_client — phase2_wrong_screen hu=T10045855649 — re-navigating
15:46:20 [INFO] core.sap_client — setup_phase2_start
15:46:25 [INFO] core.sap_client — tx_opened code=/nZMMTIJSEP current_tx=ZMMTIJSEP
15:46:25 [INFO] core.sap_client — phase2_ready — txtGV_HU confirmed
15:46:26 [INFO] core.sap_client — hu_phase2_ok hu=T10045855649 duration_ms=6093
15:46:26 [WARNING] core.sap_client — phase1_wrong_screen hu=T10045853252 — re-navigating
15:46:26 [INFO] core.sap_client — setup_phase1_start
15:46:31 [INFO] core.sap_client — tx_opened code=/nZMOVEINBHU current_tx=ZMOVEINBHU
15:46:31 [INFO] core.sap_client — phase1_ready — ctxtP_HU confirmed
15:46:36 [INFO] core.sap_client — hu_phase1_ok hu=T10045853252 msg='Packaging data was saved. Material document 7571568530 was created'
15:46:36 [WARNING] core.sap_client — phase2_wrong_screen hu=T10045853252 — re-navigating
15:46:36 [INFO] core.sap_client — setup_phase2_start
15:46:42 [INFO] core.sap_client — tx_opened code=/nZMMTIJSEP current_tx=ZMMTIJSEP
15:46:42 [INFO] core.sap_client — phase2_ready — txtGV_HU confirmed
15:46:42 [INFO] core.sap_client — hu_phase2_ok hu=T10045853252 duration_ms=6172
15:46:43 [WARNING] core.sap_client — phase1_wrong_screen hu=T10045856156 — re-navigating
15:46:43 [INFO] core.sap_client — setup_phase1_start
15:46:48 [INFO] core.sap_client — tx_opened code=/nZMOVEINBHU current_tx=ZMOVEINBHU
15:46:48 [INFO] core.sap_client — phase1_ready — ctxtP_HU confirmed
15:46:52 [INFO] core.sap_client — hu_phase1_ok hu=T10045856156 msg='Packaging data was saved. Material document 7571568537 was created'
15:46:52 [WARNING] core.sap_client — phase2_wrong_screen hu=T10045856156 — re-navigating
15:46:52 [INFO] core.sap_client — setup_phase2_start
15:46:57 [INFO] core.sap_client — tx_opened code=/nZMMTIJSEP current_tx=ZMMTIJSEP
15:46:57 [INFO] core.sap_client — phase2_ready — txtGV_HU confirmed
15:46:58 [INFO] core.sap_client — hu_phase2_ok hu=T10045856156 duration_ms=6126
15:46:58 [WARNING] core.sap_client — phase1_wrong_screen hu=T10045842883 — re-navigating
15:46:58 [INFO] core.sap_client — setup_phase1_start
15:47:03 [INFO] core.sap_client — tx_opened code=/nZMOVEINBHU current_tx=ZMOVEINBHU
15:47:03 [INFO] core.sap_client — phase1_ready — ctxtP_HU confirmed
15:47:07 [INFO] core.sap_client — hu_phase1_ok hu=T10045842883 msg='Packaging data was saved. Material document 7571568546 was created'
15:47:07 [WARNING] core.sap_client — phase2_wrong_screen hu=T10045842883 — re-navigating
15:47:07 [INFO] core.sap_client — setup_phase2_start
15:47:12 [INFO] core.sap_client — tx_opened code=/nZMMTIJSEP current_tx=ZMMTIJSEP
15:47:12 [INFO] core.sap_client — phase2_ready — txtGV_HU confirmed
15:47:13 [INFO] core.sap_client — hu_phase2_ok hu=T10045842883 duration_ms=6051
15:47:13 [WARNING] core.sap_client — phase1_wrong_screen hu=T10045842882 — re-navigating
15:47:13 [INFO] core.sap_client — setup_phase1_start
15:47:18 [INFO] core.sap_client — tx_opened code=/nZMOVEINBHU current_tx=ZMOVEINBHU
15:47:18 [INFO] core.sap_client — phase1_ready — ctxtP_HU confirmed
15:47:23 [INFO] core.sap_client — hu_phase1_ok hu=T10045842882 msg='Packaging data was saved. Material document 7571568560 was created'
15:47:23 [WARNING] core.sap_client — phase2_wrong_screen hu=T10045842882 — re-navigating
15:47:23 [INFO] core.sap_client — setup_phase2_start
15:47:28 [INFO] core.sap_client — tx_opened code=/nZMMTIJSEP current_tx=ZMMTIJSEP
15:47:28 [INFO] core.sap_client — phase2_ready — txtGV_HU confirmed
15:47:29 [INFO] core.sap_client — hu_phase2_ok hu=T10045842882 duration_ms=6049
15:47:29 [WARNING] core.sap_client — phase1_wrong_screen hu=T10045856152 — re-navigating
15:47:29 [INFO] core.sap_client — setup_phase1_start
15:47:34 [INFO] core.sap_client — tx_opened code=/nZMOVEINBHU current_tx=ZMOVEINBHU
15:47:34 [INFO] core.sap_client — phase1_ready — ctxtP_HU confirmed
15:47:38 [INFO] core.sap_client — hu_phase1_ok hu=T10045856152 msg='Packaging data was saved. Material document 7571568571 was created'
15:47:38 [WARNING] core.sap_client — phase2_wrong_screen hu=T10045856152 — re-navigating
15:47:38 [INFO] core.sap_client — setup_phase2_start
15:47:44 [INFO] core.sap_client — tx_opened code=/nZMMTIJSEP current_tx=ZMMTIJSEP
15:47:44 [INFO] core.sap_client — phase2_ready — txtGV_HU confirmed
15:47:45 [INFO] core.sap_client — hu_phase2_ok hu=T10045856152 duration_ms=6470
15:47:45 [WARNING] core.sap_client — phase1_wrong_screen hu=T10045855504 — re-navigating
15:47:45 [INFO] core.sap_client — setup_phase1_start
15:47:50 [INFO] core.sap_client — tx_opened code=/nZMOVEINBHU current_tx=ZMOVEINBHU
15:47:50 [INFO] core.sap_client — phase1_ready — ctxtP_HU confirmed
15:47:54 [INFO] core.sap_client — hu_phase1_ok hu=T10045855504 msg='Packaging data was saved. Material document 7571568578 was created'
15:47:54 [WARNING] core.sap_client — phase2_wrong_screen hu=T10045855504 — re-navigating
15:47:54 [INFO] core.sap_client — setup_phase2_start
15:48:00 [INFO] core.sap_client — tx_opened code=/nZMMTIJSEP current_tx=ZMMTIJSEP
15:48:00 [INFO] core.sap_client — phase2_ready — txtGV_HU confirmed
15:48:00 [INFO] core.sap_client — hu_phase2_ok hu=T10045855504 duration_ms=6100
15:48:00 [WARNING] core.sap_client — phase1_wrong_screen hu=T10045865024 — re-navigating
15:48:00 [INFO] core.sap_client — setup_phase1_start
15:48:06 [INFO] core.sap_client — tx_opened code=/nZMOVEINBHU current_tx=ZMOVEINBHU
15:48:06 [INFO] core.sap_client — phase1_ready — ctxtP_HU confirmed
15:48:10 [INFO] core.sap_client — hu_phase1_ok hu=T10045865024 msg='Packaging data was saved. Material document 7571568595 was created'
15:48:10 [WARNING] core.sap_client — phase2_wrong_screen hu=T10045865024 — re-navigating
15:48:10 [INFO] core.sap_client — setup_phase2_start
15:48:15 [INFO] core.sap_client — tx_opened code=/nZMMTIJSEP current_tx=ZMMTIJSEP
15:48:15 [INFO] core.sap_client — phase2_ready — txtGV_HU confirmed
15:48:16 [INFO] core.sap_client — hu_phase2_ok hu=T10045865024 duration_ms=6091
15:48:16 [WARNING] core.sap_client — phase1_wrong_screen hu=T10045855542 — re-navigating
15:48:16 [INFO] core.sap_client — setup_phase1_start
15:48:21 [INFO] core.sap_client — tx_opened code=/nZMOVEINBHU current_tx=ZMOVEINBHU
15:48:21 [INFO] core.sap_client — phase1_ready — ctxtP_HU confirmed
15:48:24 [INFO] core.sap_client — hu_phase1_ok hu=T10045855542 msg='Packaging data was saved. Material document 7571568614 was created'
15:48:24 [WARNING] core.sap_client — phase2_wrong_screen hu=T10045855542 — re-navigating
15:48:24 [INFO] core.sap_client — setup_phase2_start
15:48:30 [INFO] core.sap_client — tx_opened code=/nZMMTIJSEP current_tx=ZMMTIJSEP
15:48:30 [INFO] core.sap_client — phase2_ready — txtGV_HU confirmed
15:48:30 [INFO] core.sap_client — hu_phase2_ok hu=T10045855542 duration_ms=6054
15:48:31 [WARNING] core.sap_client — phase1_wrong_screen hu=T10045837009 — re-navigating
15:48:31 [INFO] core.sap_client — setup_phase1_start
15:48:36 [INFO] core.sap_client — tx_opened code=/nZMOVEINBHU current_tx=ZMOVEINBHU
15:48:36 [INFO] core.sap_client — phase1_ready — ctxtP_HU confirmed
15:48:39 [INFO] core.sap_client — hu_phase1_ok hu=T10045837009 msg='Packaging data was saved. Material document 7571568626 was created'
15:48:39 [WARNING] core.sap_client — phase2_wrong_screen hu=T10045837009 — re-navigating
15:48:39 [INFO] core.sap_client — setup_phase2_start
15:48:45 [INFO] core.sap_client — tx_opened code=/nZMMTIJSEP current_tx=ZMMTIJSEP
15:48:45 [INFO] core.sap_client — phase2_ready — txtGV_HU confirmed
15:48:45 [INFO] core.sap_client — hu_phase2_ok hu=T10045837009 duration_ms=6123
15:48:45 [INFO] core.queue_model — pallet_boundary multi_hu pallet=36 count=14 hu_codes=['T10045837011', 'T10045837012', 'T10045856153', 'T10045837010', 'T10045855649', 'T10045853252', 'T10045856156', 'T10045842883', 'T10045842882', 'T10045856152', 'T10045855504', 'T10045865024', 'T10045855542', 'T10045837009']
15:48:51 [INFO] core.sap_client — tx_opened code=/nSP01 current_tx=SP01
15:48:56 [INFO] core.sap_client — sp01_row_marked row=4 title=CN-CON-003_T10045837009_20260402224845
15:48:56 [INFO] core.sap_client — sp01_row_marked row=6 title=CN-CON-003_T10045855542_20260402224830
15:48:56 [INFO] core.sap_client — sp01_row_marked row=8 title=CN-CON-003_T10045865024_20260402224815
15:48:56 [INFO] core.sap_client — sp01_row_marked row=10 title=CN-CON-003_T10045855504_20260402224800
15:48:56 [INFO] core.sap_client — sp01_row_marked row=12 title=CN-CON-003_T10045856152_20260402224744
15:48:56 [INFO] core.sap_client — sp01_row_marked row=14 title=CN-CON-003_T10045842882_20260402224729
15:48:56 [INFO] core.sap_client — sp01_row_marked row=16 title=CN-CON-003_T10045842883_20260402224713
15:48:56 [INFO] core.sap_client — sp01_row_marked row=18 title=CN-CON-003_T10045856156_20260402224657
15:48:56 [INFO] core.sap_client — sp01_row_marked row=20 title=CN-CON-003_T10045853252_20260402224642
15:48:56 [INFO] core.sap_client — sp01_row_marked row=22 title=CN-CON-003_T10045855649_20260402224626
15:48:56 [INFO] core.sap_client — sp01_row_marked row=24 title=CN-CON-003_T10045837010_20260402224610
15:48:56 [INFO] core.sap_client — sp01_row_marked row=26 title=CN-CON-003_T10045856153_20260402224555
15:48:56 [INFO] core.sap_client — sp01_row_marked row=28 title=CN-CON-003_T10045837012_20260402224540
15:48:56 [INFO] core.sap_client — sp01_row_marked row=30 title=CN-CON-003_T10045837011_20260402224525
15:48:57 [INFO] core.sap_client — sp01_print_confirmed via=btn[25] marked=14
15:48:59 [INFO] core.sap_client — sp01_pallet_done result={'status': 'ok', 'message': 'SP01 OK — 14 spool(s) impreso(s)', 'marked': 14} hu_codes=['T10045837011', 'T10045837012', 'T10045856153', 'T10045837010', 'T10045855649', 'T10045853252', 'T10045856156', 'T10045842883', 'T10045842882', 'T10045856152', 'T10045855504', 'T10045865024', 'T10045855542', 'T10045837009']
15:48:59 [INFO] core.queue_model — sp01_pallet_result={'status': 'ok', 'message': 'SP01 OK — 14 spool(s) impreso(s)', 'marked': 14}
15:49:30 [INFO] core.queue_model — queue_worker_resumed_by_ui
15:49:30 [INFO] core.queue_model — queue_worker_resumed_processing
15:49:30 [INFO] core.sap_client — setup_phase1_start
15:49:36 [INFO] core.sap_client — tx_opened code=/nZMOVEINBHU current_tx=ZMOVEINBHU
15:49:36 [INFO] core.sap_client — phase1_ready — ctxtP_HU confirmed
15:49:39 [INFO] core.sap_client — hu_phase1_ok hu=T10045868981 msg='Packaging data was saved. Material document 7571569466 was created'
15:49:39 [INFO] core.sap_client — setup_phase2_start
15:49:44 [INFO] core.sap_client — tx_opened code=/nZMMTIJSEP current_tx=ZMMTIJSEP
15:49:45 [INFO] core.sap_client — phase2_ready — txtGV_HU confirmed
15:49:46 [INFO] core.sap_client — hu_phase2_ok hu=T10045868981 duration_ms=1002
15:49:46 [INFO] core.sap_client — setup_phase1_start
15:49:51 [INFO] core.sap_client — tx_opened code=/nZMOVEINBHU current_tx=ZMOVEINBHU
15:49:51 [INFO] core.sap_client — phase1_ready — ctxtP_HU confirmed
15:49:55 [INFO] core.sap_client — hu_phase1_ok hu=T10045850402 msg='Packaging data was saved. Material document 7571569476 was created'
15:49:55 [WARNING] core.sap_client — phase2_wrong_screen hu=T10045850402 — re-navigating
15:49:55 [INFO] core.sap_client — setup_phase2_start
15:50:00 [INFO] core.sap_client — tx_opened code=/nZMMTIJSEP current_tx=ZMMTIJSEP
15:50:00 [INFO] core.sap_client — phase2_ready — txtGV_HU confirmed
15:50:01 [INFO] core.sap_client — hu_phase2_ok hu=T10045850402 duration_ms=6079
15:50:01 [WARNING] core.sap_client — phase1_wrong_screen hu=T10045837036 — re-navigating
15:50:01 [INFO] core.sap_client — setup_phase1_start
15:50:06 [INFO] core.sap_client — tx_opened code=/nZMOVEINBHU current_tx=ZMOVEINBHU
15:50:06 [INFO] core.sap_client — phase1_ready — ctxtP_HU confirmed
15:50:10 [INFO] core.sap_client — hu_phase1_ok hu=T10045837036 msg='Packaging data was saved. Material document 7571569481 was created'
15:50:10 [WARNING] core.sap_client — phase2_wrong_screen hu=T10045837036 — re-navigating
15:50:10 [INFO] core.sap_client — setup_phase2_start
15:50:15 [INFO] core.sap_client — tx_opened code=/nZMMTIJSEP current_tx=ZMMTIJSEP
15:50:15 [INFO] core.sap_client — phase2_ready — txtGV_HU confirmed
15:50:16 [INFO] core.sap_client — hu_phase2_ok hu=T10045837036 duration_ms=6046
15:50:16 [WARNING] core.sap_client — phase1_wrong_screen hu=T10045831356 — re-navigating
15:50:16 [INFO] core.sap_client — setup_phase1_start
15:50:21 [INFO] core.sap_client — tx_opened code=/nZMOVEINBHU current_tx=ZMOVEINBHU
15:50:21 [INFO] core.sap_client — phase1_ready — ctxtP_HU confirmed
15:50:25 [INFO] core.sap_client — hu_phase1_ok hu=T10045831356 msg='Packaging data was saved. Material document 7571569506 was created'
15:50:25 [WARNING] core.sap_client — phase2_wrong_screen hu=T10045831356 — re-navigating
15:50:25 [INFO] core.sap_client — setup_phase2_start
15:50:30 [INFO] core.sap_client — tx_opened code=/nZMMTIJSEP current_tx=ZMMTIJSEP
15:50:30 [INFO] core.sap_client — phase2_ready — txtGV_HU confirmed
15:50:31 [INFO] core.sap_client — hu_phase2_ok hu=T10045831356 duration_ms=6078
15:50:31 [WARNING] core.sap_client — phase1_wrong_screen hu=T10045855543 — re-navigating
15:50:31 [INFO] core.sap_client — setup_phase1_start
15:50:36 [INFO] core.sap_client — tx_opened code=/nZMOVEINBHU current_tx=ZMOVEINBHU
15:50:36 [INFO] core.sap_client — phase1_ready — ctxtP_HU confirmed
15:50:40 [INFO] core.sap_client — hu_phase1_ok hu=T10045855543 msg='Packaging data was saved. Material document 7571570292 was created'
15:50:40 [WARNING] core.sap_client — phase2_wrong_screen hu=T10045855543 — re-navigating
15:50:40 [INFO] core.sap_client — setup_phase2_start
15:50:45 [INFO] core.sap_client — tx_opened code=/nZMMTIJSEP current_tx=ZMMTIJSEP
15:50:45 [INFO] core.sap_client — phase2_ready — txtGV_HU confirmed
15:50:46 [INFO] core.sap_client — hu_phase2_ok hu=T10045855543 duration_ms=6088
15:50:46 [WARNING] core.sap_client — phase1_wrong_screen hu=T10045853332 — re-navigating
15:50:46 [INFO] core.sap_client — setup_phase1_start
15:50:51 [INFO] core.sap_client — tx_opened code=/nZMOVEINBHU current_tx=ZMOVEINBHU
15:50:51 [INFO] core.sap_client — phase1_ready — ctxtP_HU confirmed
15:50:55 [INFO] core.sap_client — hu_phase1_ok hu=T10045853332 msg='Packaging data was saved. Material document 7571570300 was created'
15:50:55 [WARNING] core.sap_client — phase2_wrong_screen hu=T10045853332 — re-navigating
15:50:55 [INFO] core.sap_client — setup_phase2_start
15:51:00 [INFO] core.sap_client — tx_opened code=/nZMMTIJSEP current_tx=ZMMTIJSEP
15:51:00 [INFO] core.sap_client — phase2_ready — txtGV_HU confirmed
15:51:01 [INFO] core.sap_client — hu_phase2_ok hu=T10045853332 duration_ms=6020
15:51:01 [WARNING] core.sap_client — phase1_wrong_screen hu=T10045788553 — re-navigating
15:51:01 [INFO] core.sap_client — setup_phase1_start
15:51:06 [INFO] core.sap_client — tx_opened code=/nZMOVEINBHU current_tx=ZMOVEINBHU
15:51:06 [INFO] core.sap_client — phase1_ready — ctxtP_HU confirmed
15:51:10 [INFO] core.sap_client — hu_phase1_ok hu=T10045788553 msg='Packaging data was saved. Material document 7571570314 was created'
15:51:10 [WARNING] core.sap_client — phase2_wrong_screen hu=T10045788553 — re-navigating
15:51:10 [INFO] core.sap_client — setup_phase2_start
15:51:16 [INFO] core.sap_client — tx_opened code=/nZMMTIJSEP current_tx=ZMMTIJSEP
15:51:16 [INFO] core.sap_client — phase2_ready — txtGV_HU confirmed
15:51:16 [INFO] core.sap_client — hu_phase2_ok hu=T10045788553 duration_ms=6083
15:51:16 [WARNING] core.sap_client — phase1_wrong_screen hu=T10045868998 — re-navigating
15:51:16 [INFO] core.sap_client — setup_phase1_start
15:51:22 [INFO] core.sap_client — tx_opened code=/nZMOVEINBHU current_tx=ZMOVEINBHU
15:51:22 [INFO] core.sap_client — phase1_ready — ctxtP_HU confirmed
15:51:25 [INFO] core.sap_client — hu_phase1_ok hu=T10045868998 msg='Packaging data was saved. Material document 7571570539 was created'
15:51:25 [WARNING] core.sap_client — phase2_wrong_screen hu=T10045868998 — re-navigating
15:51:25 [INFO] core.sap_client — setup_phase2_start
15:51:31 [INFO] core.sap_client — tx_opened code=/nZMMTIJSEP current_tx=ZMMTIJSEP
15:51:31 [INFO] core.sap_client — phase2_ready — txtGV_HU confirmed
15:51:31 [INFO] core.sap_client — hu_phase2_ok hu=T10045868998 duration_ms=6101
15:51:31 [WARNING] core.sap_client — phase1_wrong_screen hu=T10045857903 — re-navigating
15:51:31 [INFO] core.sap_client — setup_phase1_start
15:51:37 [INFO] core.sap_client — tx_opened code=/nZMOVEINBHU current_tx=ZMOVEINBHU
15:51:37 [INFO] core.sap_client — phase1_ready — ctxtP_HU confirmed
15:51:41 [INFO] core.sap_client — hu_phase1_ok hu=T10045857903 msg='Packaging data was saved. Material document 7571570547 was created'
15:51:41 [WARNING] core.sap_client — phase2_wrong_screen hu=T10045857903 — re-navigating
15:51:41 [INFO] core.sap_client — setup_phase2_start
15:51:46 [INFO] core.sap_client — tx_opened code=/nZMMTIJSEP current_tx=ZMMTIJSEP
15:51:46 [INFO] core.sap_client — phase2_ready — txtGV_HU confirmed
15:51:47 [INFO] core.sap_client — hu_phase2_ok hu=T10045857903 duration_ms=6118
15:51:47 [WARNING] core.sap_client — phase1_wrong_screen hu=T10045831355 — re-navigating
15:51:47 [INFO] core.sap_client — setup_phase1_start
15:51:52 [INFO] core.sap_client — tx_opened code=/nZMOVEINBHU current_tx=ZMOVEINBHU
15:51:52 [INFO] core.sap_client — phase1_ready — ctxtP_HU confirmed
15:51:56 [INFO] core.sap_client — hu_phase1_ok hu=T10045831355 msg='Packaging data was saved. Material document 7571570560 was created'
15:51:56 [WARNING] core.sap_client — phase2_wrong_screen hu=T10045831355 — re-navigating
15:51:56 [INFO] core.sap_client — setup_phase2_start
15:52:01 [INFO] core.sap_client — tx_opened code=/nZMMTIJSEP current_tx=ZMMTIJSEP
15:52:01 [INFO] core.sap_client — phase2_ready — txtGV_HU confirmed
15:52:02 [INFO] core.sap_client — hu_phase2_ok hu=T10045831355 duration_ms=6223
15:52:02 [WARNING] core.sap_client — phase1_wrong_screen hu=T10045856146 — re-navigating
15:52:02 [INFO] core.sap_client — setup_phase1_start
15:52:08 [INFO] core.sap_client — tx_opened code=/nZMOVEINBHU current_tx=ZMOVEINBHU
15:52:08 [INFO] core.sap_client — phase1_ready — ctxtP_HU confirmed
15:52:12 [INFO] core.sap_client — hu_phase1_ok hu=T10045856146 msg='Packaging data was saved. Material document 7571570575 was created'
15:52:12 [WARNING] core.sap_client — phase2_wrong_screen hu=T10045856146 — re-navigating
15:52:12 [INFO] core.sap_client — setup_phase2_start
15:52:17 [INFO] core.sap_client — tx_opened code=/nZMMTIJSEP current_tx=ZMMTIJSEP
15:52:17 [INFO] core.sap_client — phase2_ready — txtGV_HU confirmed
15:52:18 [INFO] core.sap_client — hu_phase2_ok hu=T10045856146 duration_ms=6197
15:52:18 [WARNING] core.sap_client — phase1_wrong_screen hu=T10045855862 — re-navigating
15:52:18 [INFO] core.sap_client — setup_phase1_start
15:52:24 [INFO] core.sap_client — tx_opened code=/nZMOVEINBHU current_tx=ZMOVEINBHU
15:52:24 [INFO] core.sap_client — phase1_ready — ctxtP_HU confirmed
15:52:27 [INFO] core.sap_client — hu_phase1_ok hu=T10045855862 msg='Packaging data was saved. Material document 7571570592 was created'
15:52:27 [WARNING] core.sap_client — phase2_wrong_screen hu=T10045855862 — re-navigating
15:52:27 [INFO] core.sap_client — setup_phase2_start
15:52:33 [INFO] core.sap_client — tx_opened code=/nZMMTIJSEP current_tx=ZMMTIJSEP
15:52:33 [INFO] core.sap_client — phase2_ready — txtGV_HU confirmed
15:52:33 [INFO] core.sap_client — hu_phase2_ok hu=T10045855862 duration_ms=6115
15:52:33 [WARNING] core.sap_client — phase1_wrong_screen hu=T10045856251 — re-navigating
15:52:33 [INFO] core.sap_client — setup_phase1_start
15:52:39 [INFO] core.sap_client — tx_opened code=/nZMOVEINBHU current_tx=ZMOVEINBHU
15:52:39 [INFO] core.sap_client — phase1_ready — ctxtP_HU confirmed
15:52:43 [INFO] core.sap_client — hu_phase1_ok hu=T10045856251 msg='Packaging data was saved. Material document 7571570602 was created'
15:52:43 [WARNING] core.sap_client — phase2_wrong_screen hu=T10045856251 — re-navigating
15:52:43 [INFO] core.sap_client — setup_phase2_start
15:52:49 [INFO] core.sap_client — tx_opened code=/nZMMTIJSEP current_tx=ZMMTIJSEP
15:52:49 [INFO] core.sap_client — phase2_ready — txtGV_HU confirmed
15:52:50 [INFO] core.sap_client — hu_phase2_ok hu=T10045856251 duration_ms=6261
15:52:50 [WARNING] core.sap_client — phase1_wrong_screen hu=T10045831331 — re-navigating
15:52:50 [INFO] core.sap_client — setup_phase1_start
15:52:55 [INFO] core.sap_client — tx_opened code=/nZMOVEINBHU current_tx=ZMOVEINBHU
15:52:55 [INFO] core.sap_client — phase1_ready — ctxtP_HU confirmed
15:52:59 [INFO] core.sap_client — hu_phase1_ok hu=T10045831331 msg='Packaging data was saved. Material document 7571570606 was created'
15:52:59 [WARNING] core.sap_client — phase2_wrong_screen hu=T10045831331 — re-navigating
15:52:59 [INFO] core.sap_client — setup_phase2_start
15:53:04 [INFO] core.sap_client — tx_opened code=/nZMMTIJSEP current_tx=ZMMTIJSEP
15:53:04 [INFO] core.sap_client — phase2_ready — txtGV_HU confirmed
15:53:05 [INFO] core.sap_client — hu_phase2_ok hu=T10045831331 duration_ms=6131
15:53:05 [INFO] core.queue_model — pallet_boundary multi_hu pallet=37 count=14 hu_codes=['T10045868981', 'T10045850402', 'T10045837036', 'T10045831356', 'T10045855543', 'T10045853332', 'T10045788553', 'T10045868998', 'T10045857903', 'T10045831355', 'T10045856146', 'T10045855862', 'T10045856251', 'T10045831331']
15:53:10 [INFO] core.sap_client — tx_opened code=/nSP01 current_tx=SP01
15:53:15 [INFO] core.sap_client — sp01_row_marked row=4 title=CN-CON-003_T10045831331_20260402225305
15:53:15 [INFO] core.sap_client — sp01_row_marked row=6 title=CN-CON-003_T10045856251_20260402225249
15:53:15 [INFO] core.sap_client — sp01_row_marked row=8 title=CN-CON-003_T10045855862_20260402225233
15:53:15 [INFO] core.sap_client — sp01_row_marked row=10 title=CN-CON-003_T10045856146_20260402225218
15:53:15 [INFO] core.sap_client — sp01_row_marked row=12 title=CN-CON-003_T10045831355_20260402225202
15:53:15 [INFO] core.sap_client — sp01_row_marked row=14 title=CN-CON-003_T10045857903_20260402225147
15:53:15 [INFO] core.sap_client — sp01_row_marked row=16 title=CN-CON-003_T10045868998_20260402225131
15:53:15 [INFO] core.sap_client — sp01_row_marked row=18 title=CN-CON-003_T10045788553_20260402225116
15:53:15 [INFO] core.sap_client — sp01_row_marked row=20 title=CN-CON-003_T10045853332_20260402225101
15:53:15 [INFO] core.sap_client — sp01_row_marked row=22 title=CN-CON-003_T10045855543_20260402225046
15:53:15 [INFO] core.sap_client — sp01_row_marked row=24 title=CN-CON-003_T10045831356_20260402225031
15:53:15 [INFO] core.sap_client — sp01_row_marked row=26 title=CN-CON-003_T10045837036_20260402225015
15:53:15 [INFO] core.sap_client — sp01_row_marked row=28 title=CN-CON-003_T10045850402_20260402225000
15:53:15 [INFO] core.sap_client — sp01_row_marked row=30 title=CN-CON-003_T10045868981_20260402224945
15:53:17 [INFO] core.sap_client — sp01_print_confirmed via=btn[25] marked=14
15:53:19 [INFO] core.sap_client — sp01_pallet_done result={'status': 'ok', 'message': 'SP01 OK — 14 spool(s) impreso(s)', 'marked': 14} hu_codes=['T10045868981', 'T10045850402', 'T10045837036', 'T10045831356', 'T10045855543', 'T10045853332', 'T10045788553', 'T10045868998', 'T10045857903', 'T10045831355', 'T10045856146', 'T10045855862', 'T10045856251', 'T10045831331']
15:53:19 [INFO] core.queue_model — sp01_pallet_result={'status': 'ok', 'message': 'SP01 OK — 14 spool(s) impreso(s)', 'marked': 14}
15:53:25 [INFO] core.queue_model — queue_worker_resumed_by_ui
15:53:25 [INFO] core.queue_model — queue_worker_resumed_processing
15:53:25 [INFO] core.sap_client — setup_phase1_start
15:53:30 [INFO] core.sap_client — tx_opened code=/nZMOVEINBHU current_tx=ZMOVEINBHU
15:53:30 [INFO] core.sap_client — phase1_ready — ctxtP_HU confirmed
15:53:35 [INFO] core.sap_client — hu_phase1_ok hu=T10045788672 msg='Packaging data was saved. Material document 7571570624 was created'
15:53:35 [INFO] core.sap_client — setup_phase2_start
15:53:40 [INFO] core.sap_client — tx_opened code=/nZMMTIJSEP current_tx=ZMMTIJSEP
15:53:40 [INFO] core.sap_client — phase2_ready — txtGV_HU confirmed
15:53:41 [INFO] core.sap_client — hu_phase2_ok hu=T10045788672 duration_ms=1001
15:53:41 [INFO] core.sap_client — setup_phase1_start
15:53:47 [INFO] core.sap_client — tx_opened code=/nZMOVEINBHU current_tx=ZMOVEINBHU
15:53:47 [INFO] core.sap_client — phase1_ready — ctxtP_HU confirmed
15:53:53 [INFO] core.sap_client — hu_phase1_ok hu=T10045859951 msg='Packaging data was saved. Material document 7571571243 was created'
15:53:53 [WARNING] core.sap_client — phase2_wrong_screen hu=T10045859951 — re-navigating
15:53:53 [INFO] core.sap_client — setup_phase2_start
15:53:59 [INFO] core.sap_client — tx_opened code=/nZMMTIJSEP current_tx=ZMMTIJSEP
15:53:59 [INFO] core.sap_client — phase2_ready — txtGV_HU confirmed
15:54:00 [INFO] core.sap_client — hu_phase2_ok hu=T10045859951 duration_ms=6543
15:54:00 [WARNING] core.sap_client — phase1_wrong_screen hu=T10045856249 — re-navigating
15:54:00 [INFO] core.sap_client — setup_phase1_start
15:54:05 [INFO] core.sap_client — tx_opened code=/nZMOVEINBHU current_tx=ZMOVEINBHU
15:54:05 [INFO] core.sap_client — phase1_ready — ctxtP_HU confirmed
15:54:09 [INFO] core.sap_client — hu_phase1_ok hu=T10045856249 msg='Packaging data was saved. Material document 7571571259 was created'
15:54:09 [WARNING] core.sap_client — phase2_wrong_screen hu=T10045856249 — re-navigating
15:54:09 [INFO] core.sap_client — setup_phase2_start
15:54:15 [INFO] core.sap_client — tx_opened code=/nZMMTIJSEP current_tx=ZMMTIJSEP
15:54:15 [INFO] core.sap_client — phase2_ready — txtGV_HU confirmed
15:54:16 [INFO] core.sap_client — hu_phase2_ok hu=T10045856249 duration_ms=6229
15:54:16 [WARNING] core.sap_client — phase1_wrong_screen hu=T10045842879 — re-navigating
15:54:16 [INFO] core.sap_client — setup_phase1_start
15:54:21 [INFO] core.sap_client — tx_opened code=/nZMOVEINBHU current_tx=ZMOVEINBHU
15:54:21 [INFO] core.sap_client — phase1_ready — ctxtP_HU confirmed
15:54:25 [INFO] core.sap_client — hu_phase1_ok hu=T10045842879 msg='Packaging data was saved. Material document 7571571270 was created'
15:54:25 [WARNING] core.sap_client — phase2_wrong_screen hu=T10045842879 — re-navigating
15:54:25 [INFO] core.sap_client — setup_phase2_start
15:54:30 [INFO] core.sap_client — tx_opened code=/nZMMTIJSEP current_tx=ZMMTIJSEP
15:54:30 [INFO] core.sap_client — phase2_ready — txtGV_HU confirmed
15:54:31 [INFO] core.sap_client — hu_phase2_ok hu=T10045842879 duration_ms=6208
15:54:31 [WARNING] core.sap_client — phase1_wrong_screen hu=T10045855859 — re-navigating
15:54:31 [INFO] core.sap_client — setup_phase1_start
15:54:36 [INFO] core.sap_client — tx_opened code=/nZMOVEINBHU current_tx=ZMOVEINBHU
15:54:36 [INFO] core.sap_client — phase1_ready — ctxtP_HU confirmed
15:54:40 [INFO] core.sap_client — hu_phase1_ok hu=T10045855859 msg='Packaging data was saved. Material document 7571571281 was created'
15:54:40 [WARNING] core.sap_client — phase2_wrong_screen hu=T10045855859 — re-navigating
15:54:40 [INFO] core.sap_client — setup_phase2_start
15:54:46 [INFO] core.sap_client — tx_opened code=/nZMMTIJSEP current_tx=ZMMTIJSEP
15:54:46 [INFO] core.sap_client — phase2_ready — txtGV_HU confirmed
15:54:46 [INFO] core.sap_client — hu_phase2_ok hu=T10045855859 duration_ms=6168
15:54:46 [WARNING] core.sap_client — phase1_wrong_screen hu=T10045842881 — re-navigating
15:54:46 [INFO] core.sap_client — setup_phase1_start
15:54:52 [INFO] core.sap_client — tx_opened code=/nZMOVEINBHU current_tx=ZMOVEINBHU
15:54:52 [INFO] core.sap_client — phase1_ready — ctxtP_HU confirmed
15:54:56 [INFO] core.sap_client — hu_phase1_ok hu=T10045842881 msg='Packaging data was saved. Material document 7571571295 was created'
15:54:56 [WARNING] core.sap_client — phase2_wrong_screen hu=T10045842881 — re-navigating
15:54:56 [INFO] core.sap_client — setup_phase2_start
15:55:01 [INFO] core.sap_client — tx_opened code=/nZMMTIJSEP current_tx=ZMMTIJSEP
15:55:01 [INFO] core.sap_client — phase2_ready — txtGV_HU confirmed
15:55:02 [INFO] core.sap_client — hu_phase2_ok hu=T10045842881 duration_ms=6071
15:55:02 [WARNING] core.sap_client — phase1_wrong_screen hu=T10045835032 — re-navigating
15:55:02 [INFO] core.sap_client — setup_phase1_start
15:55:07 [INFO] core.sap_client — tx_opened code=/nZMOVEINBHU current_tx=ZMOVEINBHU
15:55:07 [INFO] core.sap_client — phase1_ready — ctxtP_HU confirmed
15:55:12 [INFO] core.sap_client — hu_phase1_ok hu=T10045835032 msg='Packaging data was saved. Material document 7571571302 was created'
15:55:12 [WARNING] core.sap_client — phase2_wrong_screen hu=T10045835032 — re-navigating
15:55:12 [INFO] core.sap_client — setup_phase2_start
15:55:17 [INFO] core.sap_client — tx_opened code=/nZMMTIJSEP current_tx=ZMMTIJSEP
15:55:17 [INFO] core.sap_client — phase2_ready — txtGV_HU confirmed
15:55:18 [INFO] core.sap_client — hu_phase2_ok hu=T10045835032 duration_ms=6079
15:55:18 [WARNING] core.sap_client — phase1_wrong_screen hu=T10045831398 — re-navigating
15:55:18 [INFO] core.sap_client — setup_phase1_start
15:55:23 [INFO] core.sap_client — tx_opened code=/nZMOVEINBHU current_tx=ZMOVEINBHU
15:55:23 [INFO] core.sap_client — phase1_ready — ctxtP_HU confirmed
15:55:27 [INFO] core.sap_client — hu_phase1_ok hu=T10045831398 msg='Packaging data was saved. Material document 7571571316 was created'
15:55:27 [WARNING] core.sap_client — phase2_wrong_screen hu=T10045831398 — re-navigating
15:55:27 [INFO] core.sap_client — setup_phase2_start
15:55:32 [INFO] core.sap_client — tx_opened code=/nZMMTIJSEP current_tx=ZMMTIJSEP
15:55:32 [INFO] core.sap_client — phase2_ready — txtGV_HU confirmed
15:55:33 [INFO] core.sap_client — hu_phase2_ok hu=T10045831398 duration_ms=6131
15:55:33 [WARNING] core.sap_client — phase1_wrong_screen hu=T10045850390 — re-navigating
15:55:33 [INFO] core.sap_client — setup_phase1_start
15:55:38 [INFO] core.sap_client — tx_opened code=/nZMOVEINBHU current_tx=ZMOVEINBHU
15:55:38 [INFO] core.sap_client — phase1_ready — ctxtP_HU confirmed
15:55:42 [INFO] core.sap_client — hu_phase1_ok hu=T10045850390 msg='Packaging data was saved. Material document 7571572234 was created'
15:55:42 [WARNING] core.sap_client — phase2_wrong_screen hu=T10045850390 — re-navigating
15:55:42 [INFO] core.sap_client — setup_phase2_start
15:55:47 [INFO] core.sap_client — tx_opened code=/nZMMTIJSEP current_tx=ZMMTIJSEP
15:55:47 [INFO] core.sap_client — phase2_ready — txtGV_HU confirmed
15:55:48 [INFO] core.sap_client — hu_phase2_ok hu=T10045850390 duration_ms=6090
15:55:48 [WARNING] core.sap_client — phase1_wrong_screen hu=T10045855858 — re-navigating
15:55:48 [INFO] core.sap_client — setup_phase1_start
15:55:53 [INFO] core.sap_client — tx_opened code=/nZMOVEINBHU current_tx=ZMOVEINBHU
15:55:53 [INFO] core.sap_client — phase1_ready — ctxtP_HU confirmed
15:55:57 [INFO] core.sap_client — hu_phase1_ok hu=T10045855858 msg='Packaging data was saved. Material document 7571572242 was created'
15:55:57 [WARNING] core.sap_client — phase2_wrong_screen hu=T10045855858 — re-navigating
15:55:57 [INFO] core.sap_client — setup_phase2_start
15:56:03 [INFO] core.sap_client — tx_opened code=/nZMMTIJSEP current_tx=ZMMTIJSEP
15:56:03 [INFO] core.sap_client — phase2_ready — txtGV_HU confirmed
15:56:03 [INFO] core.sap_client — hu_phase2_ok hu=T10045855858 duration_ms=6042
15:56:03 [WARNING] core.sap_client — phase1_wrong_screen hu=T10045855838 — re-navigating
15:56:03 [INFO] core.sap_client — setup_phase1_start
15:56:09 [INFO] core.sap_client — tx_opened code=/nZMOVEINBHU current_tx=ZMOVEINBHU
15:56:09 [INFO] core.sap_client — phase1_ready — ctxtP_HU confirmed
15:56:12 [INFO] core.sap_client — hu_phase1_ok hu=T10045855838 msg='Packaging data was saved. Material document 7571572248 was created'
15:56:12 [WARNING] core.sap_client — phase2_wrong_screen hu=T10045855838 — re-navigating
15:56:12 [INFO] core.sap_client — setup_phase2_start
15:56:18 [INFO] core.sap_client — tx_opened code=/nZMMTIJSEP current_tx=ZMMTIJSEP
15:56:18 [INFO] core.sap_client — phase2_ready — txtGV_HU confirmed
15:56:18 [INFO] core.sap_client — hu_phase2_ok hu=T10045855838 duration_ms=6074
15:56:19 [WARNING] core.sap_client — phase1_wrong_screen hu=T10045786920 — re-navigating
15:56:19 [INFO] core.sap_client — setup_phase1_start
15:56:24 [INFO] core.sap_client — tx_opened code=/nZMOVEINBHU current_tx=ZMOVEINBHU
15:56:24 [INFO] core.sap_client — phase1_ready — ctxtP_HU confirmed
15:56:27 [INFO] core.sap_client — hu_phase1_ok hu=T10045786920 msg='Packaging data was saved. Material document 7571572258 was created'
15:56:27 [WARNING] core.sap_client — phase2_wrong_screen hu=T10045786920 — re-navigating
15:56:27 [INFO] core.sap_client — setup_phase2_start
15:56:33 [INFO] core.sap_client — tx_opened code=/nZMMTIJSEP current_tx=ZMMTIJSEP
15:56:33 [INFO] core.sap_client — phase2_ready — txtGV_HU confirmed
15:56:33 [INFO] core.sap_client — hu_phase2_ok hu=T10045786920 duration_ms=6157
15:56:33 [WARNING] core.sap_client — phase1_wrong_screen hu=T10045868975 — re-navigating
15:56:33 [INFO] core.sap_client — setup_phase1_start
15:56:39 [INFO] core.sap_client — tx_opened code=/nZMOVEINBHU current_tx=ZMOVEINBHU
15:56:39 [INFO] core.sap_client — phase1_ready — ctxtP_HU confirmed
15:56:42 [INFO] core.sap_client — hu_phase1_ok hu=T10045868975 msg='Packaging data was saved. Material document 7571572272 was created'
15:56:42 [WARNING] core.sap_client — phase2_wrong_screen hu=T10045868975 — re-navigating
15:56:42 [INFO] core.sap_client — setup_phase2_start
15:56:48 [INFO] core.sap_client — tx_opened code=/nZMMTIJSEP current_tx=ZMMTIJSEP
15:56:48 [INFO] core.sap_client — phase2_ready — txtGV_HU confirmed
15:56:48 [INFO] core.sap_client — hu_phase2_ok hu=T10045868975 duration_ms=6138
15:56:48 [WARNING] core.sap_client — phase1_wrong_screen hu=T10045856247 — re-navigating
15:56:48 [INFO] core.sap_client — setup_phase1_start
15:56:54 [INFO] core.sap_client — tx_opened code=/nZMOVEINBHU current_tx=ZMOVEINBHU
15:56:54 [INFO] core.sap_client — phase1_ready — ctxtP_HU confirmed
15:56:57 [INFO] core.sap_client — hu_phase1_ok hu=T10045856247 msg='Packaging data was saved. Material document 7571572283 was created'
15:56:57 [WARNING] core.sap_client — phase2_wrong_screen hu=T10045856247 — re-navigating
15:56:57 [INFO] core.sap_client — setup_phase2_start
15:57:03 [INFO] core.sap_client — tx_opened code=/nZMMTIJSEP current_tx=ZMMTIJSEP
15:57:03 [INFO] core.sap_client — phase2_ready — txtGV_HU confirmed
15:57:04 [INFO] core.sap_client — hu_phase2_ok hu=T10045856247 duration_ms=6080
15:57:04 [INFO] core.queue_model — pallet_boundary multi_hu pallet=38 count=14 hu_codes=['T10045788672', 'T10045859951', 'T10045856249', 'T10045842879', 'T10045855859', 'T10045842881', 'T10045835032', 'T10045831398', 'T10045850390', 'T10045855858', 'T10045855838', 'T10045786920', 'T10045868975', 'T10045856247']
15:57:09 [INFO] core.sap_client — tx_opened code=/nSP01 current_tx=SP01
15:57:14 [INFO] core.sap_client — sp01_row_marked row=4 title=CN-CON-003_T10045856247_20260402225703
15:57:14 [INFO] core.sap_client — sp01_row_marked row=6 title=CN-CON-003_T10045868975_20260402225648
15:57:14 [INFO] core.sap_client — sp01_row_marked row=8 title=CN-CON-003_T10045786920_20260402225633
15:57:14 [INFO] core.sap_client — sp01_row_marked row=10 title=CN-CON-003_T10045855838_20260402225618
15:57:14 [INFO] core.sap_client — sp01_row_marked row=12 title=CN-CON-003_T10045855858_20260402225603
15:57:14 [INFO] core.sap_client — sp01_row_marked row=14 title=CN-CON-003_T10045850390_20260402225548
15:57:14 [INFO] core.sap_client — sp01_row_marked row=16 title=CN-CON-003_T10045831398_20260402225533
15:57:14 [INFO] core.sap_client — sp01_row_marked row=18 title=CN-CON-003_T10045835032_20260402225518
15:57:14 [INFO] core.sap_client — sp01_row_marked row=20 title=CN-CON-003_T10045842881_20260402225501
15:57:14 [INFO] core.sap_client — sp01_row_marked row=22 title=CN-CON-003_T10045855859_20260402225446
15:57:14 [INFO] core.sap_client — sp01_row_marked row=24 title=CN-CON-003_T10045842879_20260402225431
15:57:14 [INFO] core.sap_client — sp01_row_marked row=26 title=CN-CON-003_T10045856249_20260402225415
15:57:14 [INFO] core.sap_client — sp01_row_marked row=28 title=CN-CON-003_T10045859951_20260402225359
15:57:14 [INFO] core.sap_client — sp01_row_marked row=30 title=CN-CON-003_T10045788672_20260402225341
15:57:16 [INFO] core.sap_client — sp01_print_confirmed via=btn[25] marked=14
15:57:18 [INFO] core.sap_client — sp01_pallet_done result={'status': 'ok', 'message': 'SP01 OK — 14 spool(s) impreso(s)', 'marked': 14} hu_codes=['T10045788672', 'T10045859951', 'T10045856249', 'T10045842879', 'T10045855859', 'T10045842881', 'T10045835032', 'T10045831398', 'T10045850390', 'T10045855858', 'T10045855838', 'T10045786920', 'T10045868975', 'T10045856247']
15:57:18 [INFO] core.queue_model — sp01_pallet_result={'status': 'ok', 'message': 'SP01 OK — 14 spool(s) impreso(s)', 'marked': 14}
15:57:20 [INFO] core.queue_model — queue_worker_resumed_by_ui
15:57:20 [INFO] core.queue_model — queue_worker_resumed_processing
15:57:20 [INFO] core.sap_client — setup_phase1_start
15:57:25 [INFO] core.sap_client — tx_opened code=/nZMOVEINBHU current_tx=ZMOVEINBHU
15:57:25 [INFO] core.sap_client — phase1_ready — ctxtP_HU confirmed
15:57:29 [INFO] core.sap_client — hu_phase1_ok hu=T10045856243 msg='Packaging data was saved. Material document 7571572313 was created'
15:57:29 [INFO] core.sap_client — setup_phase2_start
15:57:34 [INFO] core.sap_client — tx_opened code=/nZMMTIJSEP current_tx=ZMMTIJSEP
15:57:34 [INFO] core.sap_client — phase2_ready — txtGV_HU confirmed
15:57:35 [INFO] core.sap_client — hu_phase2_ok hu=T10045856243 duration_ms=1001
15:57:35 [INFO] core.sap_client — setup_phase1_start
15:57:41 [INFO] core.sap_client — tx_opened code=/nZMOVEINBHU current_tx=ZMOVEINBHU
15:57:41 [INFO] core.sap_client — phase1_ready — ctxtP_HU confirmed
15:57:44 [INFO] core.sap_client — hu_phase1_ok hu=T10045864996 msg='Packaging data was saved. Material document 7571573231 was created'
15:57:44 [WARNING] core.sap_client — phase2_wrong_screen hu=T10045864996 — re-navigating
15:57:44 [INFO] core.sap_client — setup_phase2_start
15:57:50 [INFO] core.sap_client — tx_opened code=/nZMMTIJSEP current_tx=ZMMTIJSEP
15:57:50 [INFO] core.sap_client — phase2_ready — txtGV_HU confirmed
15:57:50 [INFO] core.sap_client — hu_phase2_ok hu=T10045864996 duration_ms=6175
15:57:51 [WARNING] core.sap_client — phase1_wrong_screen hu=T10045842967 — re-navigating
15:57:51 [INFO] core.sap_client — setup_phase1_start
15:57:56 [INFO] core.sap_client — tx_opened code=/nZMOVEINBHU current_tx=ZMOVEINBHU
15:57:56 [INFO] core.sap_client — phase1_ready — ctxtP_HU confirmed
15:58:00 [INFO] core.sap_client — hu_phase1_ok hu=T10045842967 msg='Packaging data was saved. Material document 7571573244 was created'
15:58:00 [WARNING] core.sap_client — phase2_wrong_screen hu=T10045842967 — re-navigating
15:58:00 [INFO] core.sap_client — setup_phase2_start
15:58:06 [INFO] core.sap_client — tx_opened code=/nZMMTIJSEP current_tx=ZMMTIJSEP
15:58:06 [INFO] core.sap_client — phase2_ready — txtGV_HU confirmed
15:58:06 [INFO] core.sap_client — hu_phase2_ok hu=T10045842967 duration_ms=6166
15:58:07 [WARNING] core.sap_client — phase1_wrong_screen hu=T10045855625 — re-navigating
15:58:07 [INFO] core.sap_client — setup_phase1_start
15:58:12 [INFO] core.sap_client — tx_opened code=/nZMOVEINBHU current_tx=ZMOVEINBHU
15:58:12 [INFO] core.sap_client — phase1_ready — ctxtP_HU confirmed
15:58:15 [INFO] core.sap_client — hu_phase1_ok hu=T10045855625 msg='Packaging data was saved. Material document 7571573262 was created'
15:58:15 [WARNING] core.sap_client — phase2_wrong_screen hu=T10045855625 — re-navigating
15:58:15 [INFO] core.sap_client — setup_phase2_start
15:58:21 [INFO] core.sap_client — tx_opened code=/nZMMTIJSEP current_tx=ZMMTIJSEP
15:58:21 [INFO] core.sap_client — phase2_ready — txtGV_HU confirmed
15:58:21 [INFO] core.sap_client — hu_phase2_ok hu=T10045855625 duration_ms=6078
15:58:21 [WARNING] core.sap_client — phase1_wrong_screen hu=T10045850393 — re-navigating
15:58:21 [INFO] core.sap_client — setup_phase1_start
15:58:27 [INFO] core.sap_client — tx_opened code=/nZMOVEINBHU current_tx=ZMOVEINBHU
15:58:27 [INFO] core.sap_client — phase1_ready — ctxtP_HU confirmed
15:58:30 [INFO] core.sap_client — hu_phase1_ok hu=T10045850393 msg='Packaging data was saved. Material document 7571573272 was created'
15:58:30 [WARNING] core.sap_client — phase2_wrong_screen hu=T10045850393 — re-navigating
15:58:30 [INFO] core.sap_client — setup_phase2_start
15:58:35 [INFO] core.sap_client — tx_opened code=/nZMMTIJSEP current_tx=ZMMTIJSEP
15:58:35 [INFO] core.sap_client — phase2_ready — txtGV_HU confirmed
15:58:36 [INFO] core.sap_client — hu_phase2_ok hu=T10045850393 duration_ms=6003
15:58:36 [WARNING] core.sap_client — phase1_wrong_screen hu=T10045850391 — re-navigating
15:58:36 [INFO] core.sap_client — setup_phase1_start
15:58:42 [INFO] core.sap_client — tx_opened code=/nZMOVEINBHU current_tx=ZMOVEINBHU
15:58:42 [INFO] core.sap_client — phase1_ready — ctxtP_HU confirmed
15:58:45 [INFO] core.sap_client — hu_phase1_ok hu=T10045850391 msg='Packaging data was saved. Material document 7571573282 was created'
15:58:45 [WARNING] core.sap_client — phase2_wrong_screen hu=T10045850391 — re-navigating
15:58:45 [INFO] core.sap_client — setup_phase2_start
15:58:50 [INFO] core.sap_client — tx_opened code=/nZMMTIJSEP current_tx=ZMMTIJSEP
15:58:50 [INFO] core.sap_client — phase2_ready — txtGV_HU confirmed
15:58:51 [INFO] core.sap_client — hu_phase2_ok hu=T10045850391 duration_ms=6045
15:58:51 [WARNING] core.sap_client — phase1_wrong_screen hu=T10045837005 — re-navigating
15:58:51 [INFO] core.sap_client — setup_phase1_start
15:58:57 [INFO] core.sap_client — tx_opened code=/nZMOVEINBHU current_tx=ZMOVEINBHU
15:58:57 [INFO] core.sap_client — phase1_ready — ctxtP_HU confirmed
15:59:00 [INFO] core.sap_client — hu_phase1_ok hu=T10045837005 msg='Packaging data was saved. Material document 7571573303 was created'
15:59:00 [WARNING] core.sap_client — phase2_wrong_screen hu=T10045837005 — re-navigating
15:59:00 [INFO] core.sap_client — setup_phase2_start
15:59:05 [INFO] core.sap_client — tx_opened code=/nZMMTIJSEP current_tx=ZMMTIJSEP
15:59:05 [INFO] core.sap_client — phase2_ready — txtGV_HU confirmed
15:59:06 [INFO] core.sap_client — hu_phase2_ok hu=T10045837005 duration_ms=6171
15:59:06 [WARNING] core.sap_client — phase1_wrong_screen hu=T10045842880 — re-navigating
15:59:06 [INFO] core.sap_client — setup_phase1_start
15:59:12 [INFO] core.sap_client — tx_opened code=/nZMOVEINBHU current_tx=ZMOVEINBHU
15:59:12 [INFO] core.sap_client — phase1_ready — ctxtP_HU confirmed
15:59:15 [INFO] core.sap_client — hu_phase1_ok hu=T10045842880 msg='Packaging data was saved. Material document 7571573318 was created'
15:59:15 [WARNING] core.sap_client — phase2_wrong_screen hu=T10045842880 — re-navigating
15:59:15 [INFO] core.sap_client — setup_phase2_start
15:59:20 [INFO] core.sap_client — tx_opened code=/nZMMTIJSEP current_tx=ZMMTIJSEP
15:59:20 [INFO] core.sap_client — phase2_ready — txtGV_HU confirmed
15:59:21 [INFO] core.sap_client — hu_phase2_ok hu=T10045842880 duration_ms=6071
15:59:21 [WARNING] core.sap_client — phase1_wrong_screen hu=T10045842966 — re-navigating
15:59:21 [INFO] core.sap_client — setup_phase1_start
15:59:26 [INFO] core.sap_client — tx_opened code=/nZMOVEINBHU current_tx=ZMOVEINBHU
15:59:26 [INFO] core.sap_client — phase1_ready — ctxtP_HU confirmed
15:59:30 [INFO] core.sap_client — hu_phase1_ok hu=T10045842966 msg='Packaging data was saved. Material document 7571573736 was created'
15:59:30 [WARNING] core.sap_client — phase2_wrong_screen hu=T10045842966 — re-navigating
15:59:30 [INFO] core.sap_client — setup_phase2_start
15:59:35 [INFO] core.sap_client — tx_opened code=/nZMMTIJSEP current_tx=ZMMTIJSEP
15:59:35 [INFO] core.sap_client — phase2_ready — txtGV_HU confirmed
15:59:36 [INFO] core.sap_client — hu_phase2_ok hu=T10045842966 duration_ms=6048
15:59:36 [WARNING] core.sap_client — phase1_wrong_screen hu=T10045837007 — re-navigating
15:59:36 [INFO] core.sap_client — setup_phase1_start
15:59:41 [INFO] core.sap_client — tx_opened code=/nZMOVEINBHU current_tx=ZMOVEINBHU
15:59:41 [INFO] core.sap_client — phase1_ready — ctxtP_HU confirmed
15:59:45 [INFO] core.sap_client — hu_phase1_ok hu=T10045837007 msg='Packaging data was saved. Material document 7571573754 was created'
15:59:45 [WARNING] core.sap_client — phase2_wrong_screen hu=T10045837007 — re-navigating
15:59:45 [INFO] core.sap_client — setup_phase2_start
15:59:51 [INFO] core.sap_client — tx_opened code=/nZMMTIJSEP current_tx=ZMMTIJSEP
15:59:51 [INFO] core.sap_client — phase2_ready — txtGV_HU confirmed
15:59:51 [INFO] core.sap_client — hu_phase2_ok hu=T10045837007 duration_ms=6092
15:59:51 [WARNING] core.sap_client — phase1_wrong_screen hu=T10045786917 — re-navigating
15:59:51 [INFO] core.sap_client — setup_phase1_start
15:59:57 [INFO] core.sap_client — tx_opened code=/nZMOVEINBHU current_tx=ZMOVEINBHU
15:59:57 [INFO] core.sap_client — phase1_ready — ctxtP_HU confirmed
16:00:00 [INFO] core.sap_client — hu_phase1_ok hu=T10045786917 msg='Packaging data was saved. Material document 7571573776 was created'
16:00:00 [WARNING] core.sap_client — phase2_wrong_screen hu=T10045786917 — re-navigating
16:00:00 [INFO] core.sap_client — setup_phase2_start
16:00:06 [INFO] core.sap_client — tx_opened code=/nZMMTIJSEP current_tx=ZMMTIJSEP
16:00:06 [INFO] core.sap_client — phase2_ready — txtGV_HU confirmed
16:00:07 [INFO] core.sap_client — hu_phase2_ok hu=T10045786917 duration_ms=6134
16:00:07 [WARNING] core.sap_client — phase1_wrong_screen hu=T10045850392 — re-navigating
16:00:07 [INFO] core.sap_client — setup_phase1_start
16:00:12 [INFO] core.sap_client — tx_opened code=/nZMOVEINBHU current_tx=ZMOVEINBHU
16:00:12 [INFO] core.sap_client — phase1_ready — ctxtP_HU confirmed
16:00:15 [INFO] core.sap_client — hu_phase1_ok hu=T10045850392 msg='Packaging data was saved. Material document 7571573793 was created'
16:00:15 [WARNING] core.sap_client — phase2_wrong_screen hu=T10045850392 — re-navigating
16:00:15 [INFO] core.sap_client — setup_phase2_start
16:00:21 [INFO] core.sap_client — tx_opened code=/nZMMTIJSEP current_tx=ZMMTIJSEP
16:00:21 [INFO] core.sap_client — phase2_ready — txtGV_HU confirmed
16:00:22 [INFO] core.sap_client — hu_phase2_ok hu=T10045850392 duration_ms=6143
16:00:22 [WARNING] core.sap_client — phase1_wrong_screen hu=T10045856177 — re-navigating
16:00:22 [INFO] core.sap_client — setup_phase1_start
16:00:27 [INFO] core.sap_client — tx_opened code=/nZMOVEINBHU current_tx=ZMOVEINBHU
16:00:27 [INFO] core.sap_client — phase1_ready — ctxtP_HU confirmed
16:00:30 [INFO] core.sap_client — hu_phase1_ok hu=T10045856177 msg='Packaging data was saved. Material document 7571573821 was created'
16:00:30 [WARNING] core.sap_client — phase2_wrong_screen hu=T10045856177 — re-navigating
16:00:30 [INFO] core.sap_client — setup_phase2_start
16:00:36 [INFO] core.sap_client — tx_opened code=/nZMMTIJSEP current_tx=ZMMTIJSEP
16:00:36 [INFO] core.sap_client — phase2_ready — txtGV_HU confirmed
16:00:36 [INFO] core.sap_client — hu_phase2_ok hu=T10045856177 duration_ms=6132
16:00:37 [WARNING] core.sap_client — phase1_wrong_screen hu=T10045856245 — re-navigating
16:00:37 [INFO] core.sap_client — setup_phase1_start
16:00:42 [INFO] core.sap_client — tx_opened code=/nZMOVEINBHU current_tx=ZMOVEINBHU
16:00:42 [INFO] core.sap_client — phase1_ready — ctxtP_HU confirmed
16:00:46 [INFO] core.sap_client — hu_phase1_ok hu=T10045856245 msg='Packaging data was saved. Material document 7571573827 was created'
16:00:46 [WARNING] core.sap_client — phase2_wrong_screen hu=T10045856245 — re-navigating
16:00:46 [INFO] core.sap_client — setup_phase2_start
16:00:51 [INFO] core.sap_client — tx_opened code=/nZMMTIJSEP current_tx=ZMMTIJSEP
16:00:51 [INFO] core.sap_client — phase2_ready — txtGV_HU confirmed
16:00:52 [INFO] core.sap_client — hu_phase2_ok hu=T10045856245 duration_ms=6149
16:00:52 [INFO] core.queue_model — pallet_boundary multi_hu pallet=39 count=14 hu_codes=['T10045856243', 'T10045864996', 'T10045842967', 'T10045855625', 'T10045850393', 'T10045850391', 'T10045837005', 'T10045842880', 'T10045842966', 'T10045837007', 'T10045786917', 'T10045850392', 'T10045856177', 'T10045856245']
16:00:57 [INFO] core.sap_client — tx_opened code=/nSP01 current_tx=SP01
16:01:02 [INFO] core.sap_client — sp01_waiting_spools attempt=1/40 found=13 expected=14 — refreshing in 3.0s
16:01:07 [INFO] core.sap_client — sp01_row_marked row=4 title=CN-CON-003_T10045856245_20260402230052
16:01:07 [INFO] core.sap_client — sp01_row_marked row=6 title=CN-CON-003_T10045856177_20260402230036
16:01:07 [INFO] core.sap_client — sp01_row_marked row=8 title=CN-CON-003_T10045850392_20260402230021
16:01:07 [INFO] core.sap_client — sp01_row_marked row=10 title=CN-CON-003_T10045786917_20260402230006
16:01:07 [INFO] core.sap_client — sp01_row_marked row=12 title=CN-CON-003_T10045837007_20260402225951
16:01:07 [INFO] core.sap_client — sp01_row_marked row=14 title=CN-CON-003_T10045842966_20260402225936
16:01:07 [INFO] core.sap_client — sp01_row_marked row=16 title=CN-CON-003_T10045842880_20260402225921
16:01:07 [INFO] core.sap_client — sp01_row_marked row=18 title=CN-CON-003_T10045837005_20260402225906
16:01:07 [INFO] core.sap_client — sp01_row_marked row=20 title=CN-CON-003_T10045850391_20260402225851
16:01:07 [INFO] core.sap_client — sp01_row_marked row=22 title=CN-CON-003_T10045850393_20260402225836
16:01:07 [INFO] core.sap_client — sp01_row_marked row=24 title=CN-CON-003_T10045855625_20260402225821
16:01:07 [INFO] core.sap_client — sp01_row_marked row=26 title=CN-CON-003_T10045842967_20260402225806
16:01:07 [INFO] core.sap_client — sp01_row_marked row=28 title=CN-CON-003_T10045864996_20260402225750
16:01:07 [INFO] core.sap_client — sp01_row_marked row=30 title=CN-CON-003_T10045856243_20260402225735
16:01:09 [INFO] core.sap_client — sp01_print_confirmed via=btn[25] marked=14
16:01:11 [INFO] core.sap_client — sp01_pallet_done result={'status': 'ok', 'message': 'SP01 OK — 14 spool(s) impreso(s)', 'marked': 14} hu_codes=['T10045856243', 'T10045864996', 'T10045842967', 'T10045855625', 'T10045850393', 'T10045850391', 'T10045837005', 'T10045842880', 'T10045842966', 'T10045837007', 'T10045786917', 'T10045850392', 'T10045856177', 'T10045856245']
16:01:11 [INFO] core.queue_model — sp01_pallet_result={'status': 'ok', 'message': 'SP01 OK — 14 spool(s) impreso(s)', 'marked': 14}
16:01:11 [INFO] core.queue_model — queue_worker_stopped
16:01:11 [INFO] core.queue_model — queue_worker_stop_requested
16:01:38 [WARNING] core.queue_model — hu_duplicate_scan hu=2972642057
16:14:50 [INFO] core.queue_model — hu_added hu=TH0000256700 pallet=40 origin=THA
16:14:56 [INFO] core.queue_model — queue_worker_started dynamic_print_mode
16:14:56 [INFO] core.sap_client — sap_connected system=LUP user=LOPEZHJC
16:14:56 [INFO] core.queue_model — queue_worker_sap_connected
16:14:56 [INFO] core.sap_client — setup_phase1_start
16:15:01 [INFO] core.sap_client — tx_opened code=/nZMOVEINBHU current_tx=ZMOVEINBHU
16:15:01 [INFO] core.sap_client — phase1_ready — ctxtP_HU confirmed
16:15:05 [INFO] core.sap_client — hu_phase1_ok hu=TH0000256700 msg='Packaging data was saved. Material document 7571581571 was created'
16:15:05 [INFO] core.sap_client — setup_phase2_start
16:15:11 [INFO] core.sap_client — tx_opened code=/nZMMTIJSEP current_tx=ZMMTIJSEP
16:15:11 [INFO] core.sap_client — phase2_ready — txtGV_HU confirmed
16:15:12 [INFO] core.sap_client — hu_phase2_ok hu=TH0000256700 duration_ms=1001
16:15:12 [INFO] core.queue_model — pallet_boundary single_hu pallet=40 accumulated=[40]
16:15:12 [INFO] core.queue_model — flush_single_hu_pallets pallets=[40] hu_codes=['TH0000256700']
16:15:17 [INFO] core.sap_client — tx_opened code=/nSP01 current_tx=SP01
16:15:22 [WARNING] core.sap_client — sp01_no_rows_found | filter=['TH0000256700'] | filas_leidas=[row=4 status='Compl.' title='CN-CON-003_00000000002972642057_20260402221037' | row=6 status='Compl.' title='CN-CON-003_T10045856245_20260402230052' | row=8 status='Compl.' title='CN-CON-003_T10045856177_20260402230036' | row=10 status='Compl.' title='CN-CON-003_T10045850392_20260402230021' | row=12 status='Compl.' title='CN-CON-003_T10045786917_20260402230006' | row=14 status='Compl.' title='CN-CON-003_T10045837007_20260402225951' | row=16 status='Compl.' title='CN-CON-003_T10045842966_20260402225936' | row=18 status='Compl.' title='CN-CON-003_T10045842880_20260402225921' | row=20 status='Compl.' title='CN-CON-003_T10045837005_20260402225906' | row=22 status='Compl.' title='CN-CON-003_T10045850391_20260402225851']
16:15:22 [INFO] core.sap_client — sp01_global_done result={'status': 'error', 'message': 'No se encontraron spools pendientes', 'marked': 0}
16:15:22 [INFO] core.queue_model — queue_worker_stop_requested
16:15:22 [INFO] core.queue_model — queue_worker_stopped
16:20:34 [INFO] core.queue_model — new_pallet id=1
16:26:07 [INFO] core.queue_model — new_pallet id=1
16:32:07 [INFO] core.queue_model — new_pallet id=1
16:32:28 [INFO] core.queue_model — hu_added hu=T10045859951 pallet=1 origin=CNA
16:32:34 [INFO] core.queue_model — hu_added hu=T10045856249 pallet=1 origin=CNA
16:32:38 [INFO] core.queue_model — hu_added hu=T10045842879 pallet=1 origin=CNA
16:32:43 [INFO] core.queue_model — hu_added hu=T10045855859 pallet=1 origin=CNA
16:32:48 [INFO] core.queue_model — hu_added hu=T10045842881 pallet=1 origin=CNA
16:32:55 [INFO] core.queue_model — hu_added hu=T10045835032 pallet=1 origin=CNA
16:33:00 [INFO] core.queue_model — hu_added hu=T10045831398 pallet=1 origin=CNA
16:33:04 [INFO] core.queue_model — queue_worker_started dynamic_print_mode
16:33:04 [INFO] core.sap_client — sap_connected system=LUP user=LOPEZHJC
16:33:04 [INFO] core.queue_model — queue_worker_sap_connected
16:33:04 [INFO] core.sap_client — setup_phase1_start
16:33:08 [INFO] core.sap_client — tx_opened code=/nZMOVEINBHU current_tx=ZMOVEINBHU
16:33:08 [INFO] core.sap_client — phase1_ready — ctxtP_HU confirmed
16:33:11 [INFO] core.sap_client — hu_phase1_duplicate hu=T10045859951
16:33:11 [INFO] core.sap_client — setup_phase2_start
16:33:15 [INFO] core.sap_client — tx_opened code=/nZMMTIJSEP current_tx=ZMMTIJSEP
16:33:15 [INFO] core.sap_client — phase2_ready — txtGV_HU confirmed
16:33:17 [INFO] core.sap_client — hu_phase2_ok hu=T10045859951 duration_ms=1425 phase2_wait=1.0
16:33:17 [INFO] core.sap_client — setup_phase1_start
16:33:21 [INFO] core.sap_client — tx_opened code=/nZMOVEINBHU current_tx=ZMOVEINBHU
16:33:21 [INFO] core.sap_client — phase1_ready — ctxtP_HU confirmed
16:33:24 [INFO] core.sap_client — hu_phase1_duplicate hu=T10045856249
16:33:24 [WARNING] core.sap_client — phase2_wrong_screen hu=T10045856249 — re-navigating
16:33:24 [INFO] core.sap_client — setup_phase2_start
16:33:28 [INFO] core.sap_client — tx_opened code=/nZMMTIJSEP current_tx=ZMMTIJSEP
16:33:28 [INFO] core.sap_client — phase2_ready — txtGV_HU confirmed
16:33:30 [INFO] core.sap_client — hu_phase2_ok hu=T10045856249 duration_ms=5783 phase2_wait=1.0
16:33:30 [WARNING] core.sap_client — phase1_wrong_screen hu=T10045842879 — re-navigating
16:33:30 [INFO] core.sap_client — setup_phase1_start
16:33:34 [INFO] core.sap_client — tx_opened code=/nZMOVEINBHU current_tx=ZMOVEINBHU
16:33:34 [INFO] core.sap_client — phase1_ready — ctxtP_HU confirmed
16:33:37 [INFO] core.sap_client — hu_phase1_duplicate hu=T10045842879
16:33:37 [WARNING] core.sap_client — phase2_wrong_screen hu=T10045842879 — re-navigating
16:33:37 [INFO] core.sap_client — setup_phase2_start
16:33:41 [INFO] core.sap_client — tx_opened code=/nZMMTIJSEP current_tx=ZMMTIJSEP
16:33:41 [INFO] core.sap_client — phase2_ready — txtGV_HU confirmed
16:33:43 [INFO] core.sap_client — hu_phase2_ok hu=T10045842879 duration_ms=5766 phase2_wait=1.0
16:33:43 [WARNING] core.sap_client — phase1_wrong_screen hu=T10045855859 — re-navigating
16:33:43 [INFO] core.sap_client — setup_phase1_start
16:33:47 [INFO] core.sap_client — tx_opened code=/nZMOVEINBHU current_tx=ZMOVEINBHU
16:33:47 [INFO] core.sap_client — phase1_ready — ctxtP_HU confirmed
16:33:50 [INFO] core.sap_client — hu_phase1_duplicate hu=T10045855859
16:33:50 [WARNING] core.sap_client — phase2_wrong_screen hu=T10045855859 — re-navigating
16:33:50 [INFO] core.sap_client — setup_phase2_start
16:33:54 [INFO] core.sap_client — tx_opened code=/nZMMTIJSEP current_tx=ZMMTIJSEP
16:33:54 [INFO] core.sap_client — phase2_ready — txtGV_HU confirmed
16:33:56 [INFO] core.sap_client — hu_phase2_ok hu=T10045855859 duration_ms=5781 phase2_wait=1.0
16:33:56 [WARNING] core.sap_client — phase1_wrong_screen hu=T10045842881 — re-navigating
16:33:56 [INFO] core.sap_client — setup_phase1_start
16:34:00 [INFO] core.sap_client — tx_opened code=/nZMOVEINBHU current_tx=ZMOVEINBHU
16:34:00 [INFO] core.sap_client — phase1_ready — ctxtP_HU confirmed
16:34:03 [INFO] core.sap_client — hu_phase1_duplicate hu=T10045842881
16:34:03 [WARNING] core.sap_client — phase2_wrong_screen hu=T10045842881 — re-navigating
16:34:03 [INFO] core.sap_client — setup_phase2_start
16:34:07 [INFO] core.sap_client — tx_opened code=/nZMMTIJSEP current_tx=ZMMTIJSEP
16:34:07 [INFO] core.sap_client — phase2_ready — txtGV_HU confirmed
16:34:09 [INFO] core.sap_client — hu_phase2_ok hu=T10045842881 duration_ms=5796 phase2_wait=1.0
16:34:09 [WARNING] core.sap_client — phase1_wrong_screen hu=T10045835032 — re-navigating
16:34:09 [INFO] core.sap_client — setup_phase1_start
16:34:13 [INFO] core.sap_client — tx_opened code=/nZMOVEINBHU current_tx=ZMOVEINBHU
16:34:13 [INFO] core.sap_client — phase1_ready — ctxtP_HU confirmed
16:34:16 [INFO] core.sap_client — hu_phase1_duplicate hu=T10045835032
16:34:16 [WARNING] core.sap_client — phase2_wrong_screen hu=T10045835032 — re-navigating
16:34:16 [INFO] core.sap_client — setup_phase2_start
16:34:20 [INFO] core.sap_client — tx_opened code=/nZMMTIJSEP current_tx=ZMMTIJSEP
16:34:20 [INFO] core.sap_client — phase2_ready — txtGV_HU confirmed
16:34:22 [INFO] core.sap_client — hu_phase2_ok hu=T10045835032 duration_ms=5831 phase2_wait=1.0
16:34:22 [WARNING] core.sap_client — phase1_wrong_screen hu=T10045831398 — re-navigating
16:34:22 [INFO] core.sap_client — setup_phase1_start
16:34:26 [INFO] core.sap_client — tx_opened code=/nZMOVEINBHU current_tx=ZMOVEINBHU
16:34:26 [INFO] core.sap_client — phase1_ready — ctxtP_HU confirmed
16:34:29 [INFO] core.sap_client — hu_phase1_duplicate hu=T10045831398
16:34:29 [WARNING] core.sap_client — phase2_wrong_screen hu=T10045831398 — re-navigating
16:34:29 [INFO] core.sap_client — setup_phase2_start
16:34:33 [INFO] core.sap_client — tx_opened code=/nZMMTIJSEP current_tx=ZMMTIJSEP
16:34:33 [INFO] core.sap_client — phase2_ready — txtGV_HU confirmed
16:34:35 [INFO] core.sap_client — hu_phase2_ok hu=T10045831398 duration_ms=5769 phase2_wait=1.0
16:34:35 [INFO] core.queue_model — pallet_boundary multi_hu pallet=1 count=7 hu_codes=['T10045859951', 'T10045856249', 'T10045842879', 'T10045855859', 'T10045842881', 'T10045835032', 'T10045831398']
16:34:39 [INFO] core.sap_client — tx_opened code=/nSP01 current_tx=SP01
16:34:42 [INFO] core.sap_client — sp01_row_marked row=4 title=CN-CON-003_T10045831398_20260402225533
16:34:42 [INFO] core.sap_client — sp01_row_marked row=6 title=CN-CON-003_T10045835032_20260402225518
16:34:42 [INFO] core.sap_client — sp01_row_marked row=8 title=CN-CON-003_T10045842881_20260402225501
16:34:42 [INFO] core.sap_client — sp01_row_marked row=10 title=CN-CON-003_T10045855859_20260402225446
16:34:42 [INFO] core.sap_client — sp01_row_marked row=12 title=CN-CON-003_T10045842879_20260402225431
16:34:42 [INFO] core.sap_client — sp01_row_marked row=14 title=CN-CON-003_T10045856249_20260402225415
16:34:42 [INFO] core.sap_client — sp01_row_marked row=16 title=CN-CON-003_T10045859951_20260402225359
16:34:44 [INFO] core.sap_client — sp01_print_confirmed via=btn[25] marked=7
16:34:46 [INFO] core.sap_client — sp01_pallet_done result={'status': 'ok', 'message': 'SP01 OK — 7 spool(s) impreso(s)', 'marked': 7} hu_codes=['T10045859951', 'T10045856249', 'T10045842879', 'T10045855859', 'T10045842881', 'T10045835032', 'T10045831398']
16:34:46 [INFO] core.queue_model — sp01_pallet_result={'status': 'ok', 'message': 'SP01 OK — 7 spool(s) impreso(s)', 'marked': 7}
16:34:46 [INFO] core.queue_model — queue_worker_stopped
16:34:46 [INFO] core.queue_model — queue_worker_stop_requested
16:35:39 [INFO] core.queue_model — new_pallet id=1
16:35:44 [INFO] core.queue_model — hu_added hu=T10045857888 pallet=1 origin=CNA
16:35:46 [INFO] core.queue_model — queue_worker_started dynamic_print_mode
16:35:46 [INFO] core.sap_client — sap_connected system=LUP user=LOPEZHJC
16:35:46 [INFO] core.queue_model — queue_worker_sap_connected
16:35:46 [INFO] core.sap_client — setup_phase1_start
16:35:50 [INFO] core.sap_client — tx_opened code=/nZMOVEINBHU current_tx=ZMOVEINBHU
16:35:50 [INFO] core.sap_client — phase1_ready — ctxtP_HU confirmed
16:35:53 [INFO] core.sap_client — hu_phase1_duplicate hu=T10045857888
16:35:53 [INFO] core.sap_client — setup_phase2_start
16:35:57 [INFO] core.sap_client — tx_opened code=/nZMMTIJSEP current_tx=ZMMTIJSEP
16:35:57 [INFO] core.sap_client — phase2_ready — txtGV_HU confirmed
16:35:59 [INFO] core.sap_client — hu_phase2_ok hu=T10045857888 duration_ms=1404 phase2_wait=1.0
16:35:59 [INFO] core.queue_model — pallet_boundary single_hu pallet=1 accumulated=[1]
16:35:59 [INFO] core.queue_model — flush_single_hu_pallets pallets=[1] hu_codes=['T10045857888']
16:36:03 [INFO] core.sap_client — tx_opened code=/nSP01 current_tx=SP01
16:36:06 [INFO] core.sap_client — sp01_row_marked row=4 title=CN-CON-003_T10045857888_20260402180703
16:36:08 [INFO] core.sap_client — sp01_print_confirmed via=btn[13] marked=1
16:36:10 [INFO] core.sap_client — sp01_global_done result={'status': 'ok', 'message': 'SP01 OK — 1 spool(s) impreso(s)', 'marked': 1}
16:36:10 [INFO] core.queue_model — queue_worker_stopped
16:36:10 [INFO] core.queue_model — queue_worker_stop_requested
16:38:29 [INFO] core.queue_model — new_pallet id=1
16:38:35 [INFO] core.queue_model — hu_added hu=T10045857888 pallet=1 origin=CNA
16:38:38 [INFO] core.queue_model — queue_worker_started dynamic_print_mode
16:38:38 [INFO] core.sap_client — sap_connected system=LUP user=LOPEZHJC
16:38:38 [INFO] core.queue_model — queue_worker_sap_connected
16:38:38 [INFO] core.sap_client — setup_phase1_start
16:38:43 [INFO] core.sap_client — tx_opened code=/nZMOVEINBHU current_tx=ZMOVEINBHU
16:38:43 [INFO] core.sap_client — phase1_ready — ctxtP_HU confirmed
16:38:45 [INFO] core.sap_client — hu_phase1_duplicate hu=T10045857888
16:38:45 [INFO] core.sap_client — setup_phase2_start
16:38:50 [INFO] core.sap_client — tx_opened code=/nZMMTIJSEP current_tx=ZMMTIJSEP
16:38:50 [INFO] core.sap_client — phase2_ready — txtGV_HU confirmed
16:38:51 [INFO] core.sap_client — hu_phase2_ok hu=T10045857888 duration_ms=1451 phase2_wait=1.0
16:38:51 [INFO] core.queue_model — pallet_boundary single_hu pallet=1 accumulated=[1]
16:38:51 [INFO] core.queue_model — flush_single_hu_pallets pallets=[1] hu_codes=['T10045857888']
16:38:56 [INFO] core.sap_client — tx_opened code=/nSP01 current_tx=SP01
16:38:59 [INFO] core.sap_client — sp01_row_marked row=4 title=CN-CON-003_T10045857888_20260402180703
16:39:01 [INFO] core.sap_client — sp01_print_confirmed via=btn[13] marked=1
16:39:03 [INFO] core.sap_client — sp01_global_done result={'status': 'ok', 'message': 'SP01 OK — 1 spool(s) impreso(s)', 'marked': 1}
16:39:03 [INFO] core.queue_model — queue_worker_stopped
16:39:03 [INFO] core.queue_model — queue_worker_stop_requested
16:40:20 [INFO] core.queue_model — new_pallet id=1
16:40:22 [INFO] core.queue_model — hu_added hu=T10045857888 pallet=1 origin=CNA
16:40:27 [INFO] core.queue_model — queue_worker_started dynamic_print_mode
16:40:27 [INFO] core.sap_client — sap_connected system=LUP user=LOPEZHJC
16:40:27 [INFO] core.queue_model — queue_worker_sap_connected
16:40:27 [INFO] core.sap_client — setup_phase1_start
16:40:31 [INFO] core.sap_client — tx_opened code=/nZMOVEINBHU current_tx=ZMOVEINBHU
16:40:31 [INFO] core.sap_client — phase1_ready — ctxtP_HU confirmed
16:40:34 [INFO] core.sap_client — hu_phase1_duplicate hu=T10045857888
16:40:34 [INFO] core.sap_client — setup_phase2_start
16:40:38 [INFO] core.sap_client — tx_opened code=/nZMMTIJSEP current_tx=ZMMTIJSEP
16:40:38 [INFO] core.sap_client — phase2_ready — txtGV_HU confirmed
16:40:40 [INFO] core.sap_client — hu_phase2_ok hu=T10045857888 duration_ms=1427 phase2_wait=1.0
16:40:40 [INFO] core.queue_model — pallet_boundary single_hu pallet=1 accumulated=[1]
16:40:40 [INFO] core.queue_model — flush_single_hu_pallets pallets=[1] hu_codes=['T10045857888']
16:40:44 [INFO] core.sap_client — tx_opened code=/nSP01 current_tx=SP01
16:40:47 [INFO] core.sap_client — sp01_row_marked row=4 title=CN-CON-003_T10045857888_20260402180703
16:40:49 [INFO] core.sap_client — sp01_print_confirmed via=btn[13] marked=1
16:40:51 [INFO] core.sap_client — sp01_global_done result={'status': 'ok', 'message': 'SP01 OK — 1 spool(s) impreso(s)', 'marked': 1}
16:40:51 [INFO] core.queue_model — queue_worker_stopped
16:40:51 [INFO] core.queue_model — queue_worker_stop_requested
16:41:03 [INFO] core.queue_model — new_pallet id=1
16:41:07 [INFO] core.queue_model — hu_added hu=T10045856249 pallet=1 origin=CNA
16:41:14 [INFO] core.queue_model — hu_added hu=TH0000256700 pallet=2 origin=THA
16:41:17 [INFO] core.queue_model — hu_added hu=T10045850393 pallet=3 origin=CNA
16:41:23 [INFO] core.queue_model — hu_added hu=T10045856243 pallet=3 origin=CNA
16:41:25 [INFO] core.queue_model — queue_worker_started dynamic_print_mode
16:41:25 [INFO] core.sap_client — sap_connected system=LUP user=LOPEZHJC
16:41:25 [INFO] core.queue_model — queue_worker_sap_connected
16:41:25 [INFO] core.sap_client — setup_phase1_start
16:41:29 [INFO] core.sap_client — tx_opened code=/nZMOVEINBHU current_tx=ZMOVEINBHU
16:41:29 [INFO] core.sap_client — phase1_ready — ctxtP_HU confirmed
16:41:32 [INFO] core.sap_client — hu_phase1_duplicate hu=T10045856249
16:41:32 [INFO] core.sap_client — setup_phase2_start
16:41:37 [INFO] core.sap_client — tx_opened code=/nZMMTIJSEP current_tx=ZMMTIJSEP
16:41:37 [INFO] core.sap_client — phase2_ready — txtGV_HU confirmed
16:41:38 [INFO] core.sap_client — hu_phase2_ok hu=T10045856249 duration_ms=1403 phase2_wait=1.0
16:41:38 [INFO] core.queue_model — pallet_boundary single_hu pallet=1 accumulated=[1]
16:41:38 [INFO] core.sap_client — setup_phase1_start
16:41:42 [INFO] core.sap_client — tx_opened code=/nZMOVEINBHU current_tx=ZMOVEINBHU
16:41:42 [INFO] core.sap_client — phase1_ready — ctxtP_HU confirmed
16:41:45 [INFO] core.sap_client — hu_phase1_duplicate hu=TH0000256700
16:41:45 [WARNING] core.sap_client — phase2_wrong_screen hu=TH0000256700 — re-navigating
16:41:45 [INFO] core.sap_client — setup_phase2_start
16:41:50 [INFO] core.sap_client — tx_opened code=/nZMMTIJSEP current_tx=ZMMTIJSEP
16:41:50 [INFO] core.sap_client — phase2_ready — txtGV_HU confirmed
16:41:51 [INFO] core.sap_client — hu_phase2_ok hu=TH0000256700 duration_ms=5882 phase2_wait=1.0
16:41:51 [INFO] core.queue_model — pallet_boundary single_hu pallet=2 accumulated=[1, 2]
16:41:51 [WARNING] core.sap_client — phase1_wrong_screen hu=T10045850393 — re-navigating
16:41:51 [INFO] core.sap_client — setup_phase1_start
16:41:56 [INFO] core.sap_client — tx_opened code=/nZMOVEINBHU current_tx=ZMOVEINBHU
16:41:56 [INFO] core.sap_client — phase1_ready — ctxtP_HU confirmed
16:41:59 [INFO] core.sap_client — hu_phase1_duplicate hu=T10045850393
16:41:59 [WARNING] core.sap_client — phase2_wrong_screen hu=T10045850393 — re-navigating
16:41:59 [INFO] core.sap_client — setup_phase2_start
16:42:03 [INFO] core.sap_client — tx_opened code=/nZMMTIJSEP current_tx=ZMMTIJSEP
16:42:03 [INFO] core.sap_client — phase2_ready — txtGV_HU confirmed
16:42:04 [INFO] core.sap_client — hu_phase2_ok hu=T10045850393 duration_ms=5769 phase2_wait=1.0
16:42:04 [WARNING] core.sap_client — phase1_wrong_screen hu=T10045856243 — re-navigating
16:42:04 [INFO] core.sap_client — setup_phase1_start
16:42:09 [INFO] core.sap_client — tx_opened code=/nZMOVEINBHU current_tx=ZMOVEINBHU
16:42:09 [INFO] core.sap_client — phase1_ready — ctxtP_HU confirmed
16:42:12 [INFO] core.sap_client — hu_phase1_duplicate hu=T10045856243
16:42:12 [WARNING] core.sap_client — phase2_wrong_screen hu=T10045856243 — re-navigating
16:42:12 [INFO] core.sap_client — setup_phase2_start
16:42:16 [INFO] core.sap_client — tx_opened code=/nZMMTIJSEP current_tx=ZMMTIJSEP
16:42:16 [INFO] core.sap_client — phase2_ready — txtGV_HU confirmed
16:42:18 [INFO] core.sap_client — hu_phase2_ok hu=T10045856243 duration_ms=5837 phase2_wait=1.0
16:42:18 [INFO] core.queue_model — pallet_boundary multi_hu pallet=3 count=2 hu_codes=['T10045850393', 'T10045856243']
16:42:22 [INFO] core.sap_client — tx_opened code=/nSP01 current_tx=SP01
16:42:25 [INFO] core.sap_client — sp01_row_marked row=4 title=CN-CON-003_T10045856243_20260402225735
16:42:25 [INFO] core.sap_client — sp01_row_marked row=6 title=CN-CON-003_T10045850393_20260402225836
16:42:27 [INFO] core.sap_client — sp01_print_confirmed via=btn[25] marked=2
16:42:29 [INFO] core.sap_client — sp01_pallet_done result={'status': 'ok', 'message': 'SP01 OK — 2 spool(s) impreso(s)', 'marked': 2} hu_codes=['T10045850393', 'T10045856243']
16:42:29 [INFO] core.queue_model — sp01_pallet_result={'status': 'ok', 'message': 'SP01 OK — 2 spool(s) impreso(s)', 'marked': 2}
16:42:29 [INFO] core.queue_model — flush_single_hu_pallets pallets=[1, 2] hu_codes=['T10045856249', 'TH0000256700']
16:42:33 [INFO] core.sap_client — tx_opened code=/nSP01 current_tx=SP01
16:42:36 [INFO] core.sap_client — sp01_row_marked row=8 title=CN-CON-003_TH0000256700_20260402231511
16:42:36 [INFO] core.sap_client — sp01_row_marked row=10 title=CN-CON-003_T10045856249_20260402225415
16:42:38 [INFO] core.sap_client — sp01_print_confirmed via=btn[25] marked=2
16:42:40 [INFO] core.sap_client — sp01_global_done result={'status': 'ok', 'message': 'SP01 OK — 2 spool(s) impreso(s)', 'marked': 2}
16:42:40 [INFO] core.queue_model — queue_worker_stopped
16:42:40 [INFO] core.queue_model — queue_worker_stop_requested
16:43:21 [INFO] core.queue_model — new_pallet id=1
16:43:25 [INFO] core.queue_model — hu_added hu=T10045857888 pallet=1 origin=CNA
16:43:28 [INFO] core.queue_model — queue_worker_started dynamic_print_mode
16:43:28 [INFO] core.sap_client — sap_connected system=LUP user=LOPEZHJC
16:43:28 [INFO] core.queue_model — queue_worker_sap_connected
16:43:28 [INFO] core.sap_client — setup_phase1_start
16:43:32 [INFO] core.sap_client — tx_opened code=/nZMOVEINBHU current_tx=ZMOVEINBHU
16:43:32 [INFO] core.sap_client — phase1_ready — ctxtP_HU confirmed
16:43:35 [INFO] core.sap_client — hu_phase1_duplicate hu=T10045857888
16:43:35 [INFO] core.sap_client — setup_phase2_start
16:43:40 [INFO] core.sap_client — tx_opened code=/nZMMTIJSEP current_tx=ZMMTIJSEP
16:43:40 [INFO] core.sap_client — phase2_ready — txtGV_HU confirmed
16:43:41 [INFO] core.sap_client — hu_phase2_ok hu=T10045857888 duration_ms=1499 phase2_wait=1.0
16:43:41 [INFO] core.queue_model — pallet_boundary single_hu pallet=1 accumulated=[1]
16:43:41 [INFO] core.queue_model — flush_single_hu_pallets pallets=[1] hu_codes=['T10045857888']
16:43:46 [INFO] core.sap_client — tx_opened code=/nSP01 current_tx=SP01
16:43:49 [INFO] core.sap_client — sp01_row_marked row=4 title=CN-CON-003_T10045857888_20260402180703
16:43:50 [INFO] core.sap_client — sp01_print_confirmed via=btn[13] marked=1
16:43:52 [INFO] core.sap_client — sp01_global_done result={'status': 'ok', 'message': 'SP01 OK — 1 spool(s) impreso(s)', 'marked': 1}
16:43:52 [INFO] core.queue_model — queue_worker_stopped
16:43:52 [INFO] core.queue_model — queue_worker_stop_requested
16:46:17 [INFO] core.queue_model — new_pallet id=1
16:46:21 [INFO] core.queue_model — hu_added hu=T10045857888 pallet=1 origin=CNA
16:46:35 [INFO] core.queue_model — hu_added hu=2972638562 pallet=2 origin=ITA
16:46:43 [INFO] core.queue_model — queue_worker_started dynamic_print_mode
16:46:43 [INFO] core.sap_client — sap_connected system=LUP user=LOPEZHJC
16:46:43 [INFO] core.queue_model — queue_worker_sap_connected
16:46:43 [INFO] core.sap_client — setup_phase1_start
16:46:47 [INFO] core.sap_client — tx_opened code=/nZMOVEINBHU current_tx=ZMOVEINBHU
16:46:47 [INFO] core.sap_client — phase1_ready — ctxtP_HU confirmed
16:46:50 [INFO] core.sap_client — hu_phase1_duplicate hu=T10045857888
16:46:50 [INFO] core.sap_client — setup_phase2_start
16:46:55 [INFO] core.sap_client — tx_opened code=/nZMMTIJSEP current_tx=ZMMTIJSEP
16:46:55 [INFO] core.sap_client — phase2_ready — txtGV_HU confirmed
16:46:56 [INFO] core.sap_client — hu_phase2_ok hu=T10045857888 duration_ms=1573 phase2_wait=1.0
16:46:56 [INFO] core.queue_model — pallet_boundary single_hu pallet=1 accumulated=[1]
16:46:56 [INFO] core.sap_client — setup_phase1_start
16:47:01 [INFO] core.sap_client — tx_opened code=/nZMOVEINBHU current_tx=ZMOVEINBHU
16:47:01 [INFO] core.sap_client — phase1_ready — ctxtP_HU confirmed
16:47:03 [INFO] core.sap_client — hu_phase1_duplicate hu=2972638562
16:47:03 [WARNING] core.sap_client — phase2_wrong_screen hu=2972638562 — re-navigating
16:47:03 [INFO] core.sap_client — setup_phase2_start
16:47:08 [INFO] core.sap_client — tx_opened code=/nZMMTIJSEP current_tx=ZMMTIJSEP
16:47:08 [INFO] core.sap_client — phase2_ready — txtGV_HU confirmed
16:47:11 [INFO] core.sap_client — hu_phase2_ok hu=2972638562 duration_ms=7333 phase2_wait=2.5
16:47:11 [INFO] core.queue_model — pallet_boundary single_hu pallet=2 accumulated=[1, 2]
16:47:11 [INFO] core.queue_model — flush_single_hu_pallets pallets=[1, 2] hu_codes=['T10045857888', '2972638562']
16:47:15 [INFO] core.sap_client — tx_opened code=/nSP01 current_tx=SP01
16:47:18 [INFO] core.sap_client — sp01_row_marked row=4 title=CN-CON-003_00000000002972638562_20260402220943
16:47:18 [INFO] core.sap_client — sp01_row_marked row=6 title=CN-CON-003_T10045857888_20260402180703
16:47:20 [INFO] core.sap_client — sp01_print_confirmed via=btn[25] marked=2
16:47:22 [INFO] core.sap_client — sp01_global_done result={'status': 'ok', 'message': 'SP01 OK — 2 spool(s) impreso(s)', 'marked': 2}
16:47:22 [INFO] core.queue_model — queue_worker_stopped
16:47:22 [INFO] core.queue_model — queue_worker_stop_requested
16:52:44 [INFO] core.queue_model — new_pallet id=1
16:52:47 [INFO] core.queue_model — hu_added hu=T10045857888 pallet=1 origin=CNA
16:52:50 [INFO] core.queue_model — queue_worker_started dynamic_print_mode
16:52:50 [INFO] core.sap_client — sap_connected system=LUP user=LOPEZHJC
16:52:50 [INFO] core.queue_model — queue_worker_sap_connected
16:52:50 [INFO] core.sap_client — setup_phase1_start
16:52:54 [INFO] core.sap_client — tx_opened code=/nZMOVEINBHU current_tx=ZMOVEINBHU
16:52:54 [INFO] core.sap_client — phase1_ready — ctxtP_HU confirmed
16:52:57 [INFO] core.sap_client — hu_phase1_duplicate hu=T10045857888
16:52:57 [INFO] core.sap_client — setup_phase2_start
16:53:01 [INFO] core.sap_client — tx_opened code=/nZMMTIJSEP current_tx=ZMMTIJSEP
16:53:01 [INFO] core.sap_client — phase2_ready — txtGV_HU confirmed
16:53:03 [INFO] core.sap_client — hu_phase2_ok hu=T10045857888 duration_ms=1395 phase2_wait=1.0
16:53:03 [INFO] core.queue_model — pallet_boundary single_hu pallet=1 accumulated=[1]
16:53:03 [INFO] core.queue_model — flush_single_hu_pallets pallets=[1] hu_codes=['T10045857888']
16:53:07 [INFO] core.sap_client — tx_opened code=/nSP01 current_tx=SP01
16:53:10 [INFO] core.sap_client — sp01_row_marked row=4 title=CN-CON-003_T10045857888_20260402180703
16:53:12 [INFO] core.sap_client — sp01_print_confirmed via=btn[13] marked=1
16:53:14 [INFO] core.sap_client — sp01_global_done result={'status': 'ok', 'message': 'SP01 OK — 1 spool(s) impreso(s)', 'marked': 1}
16:53:14 [INFO] core.queue_model — queue_worker_stopped
16:53:14 [INFO] core.queue_model — queue_worker_stop_requested
16:53:18 [INFO] core.queue_model — new_pallet id=1
16:53:59 [INFO] core.queue_model — new_pallet id=1
16:54:59 [INFO] core.queue_model — hu_added hu=T10045865009 pallet=1 origin=CNA
16:55:03 [INFO] core.queue_model — hu_added hu=T10045855559 pallet=1 origin=CNA
16:55:05 [INFO] core.queue_model — hu_added hu=T10045850406 pallet=1 origin=CNA
16:55:08 [INFO] core.queue_model — hu_added hu=T10045839028 pallet=1 origin=CNA
16:55:11 [INFO] core.queue_model — hu_added hu=T10045853301 pallet=1 origin=CNA
16:55:13 [INFO] core.queue_model — queue_worker_started dynamic_print_mode
16:55:13 [INFO] core.sap_client — sap_connected system=LUP user=LOPEZHJC
16:55:13 [INFO] core.queue_model — queue_worker_sap_connected
16:55:13 [INFO] core.sap_client — setup_phase1_start
16:55:17 [INFO] core.sap_client — tx_opened code=/nZMOVEINBHU current_tx=ZMOVEINBHU
16:55:17 [INFO] core.sap_client — phase1_ready — ctxtP_HU confirmed
16:55:20 [INFO] core.sap_client — hu_phase1_duplicate hu=T10045865009
16:55:20 [INFO] core.sap_client — setup_phase2_start
16:55:24 [INFO] core.sap_client — tx_opened code=/nZMMTIJSEP current_tx=ZMMTIJSEP
16:55:24 [INFO] core.sap_client — phase2_ready — txtGV_HU confirmed
16:55:26 [INFO] core.sap_client — hu_phase2_ok hu=T10045865009 duration_ms=1426 phase2_wait=1.0
16:55:26 [INFO] core.sap_client — setup_phase1_start
16:55:30 [INFO] core.sap_client — tx_opened code=/nZMOVEINBHU current_tx=ZMOVEINBHU
16:55:30 [INFO] core.sap_client — phase1_ready — ctxtP_HU confirmed
16:55:33 [INFO] core.sap_client — hu_phase1_duplicate hu=T10045855559
16:55:33 [WARNING] core.sap_client — phase2_wrong_screen hu=T10045855559 — re-navigating
16:55:33 [INFO] core.sap_client — setup_phase2_start
16:55:38 [INFO] core.sap_client — tx_opened code=/nZMMTIJSEP current_tx=ZMMTIJSEP
16:55:38 [INFO] core.sap_client — phase2_ready — txtGV_HU confirmed
16:55:39 [INFO] core.sap_client — hu_phase2_ok hu=T10045855559 duration_ms=5792 phase2_wait=1.0
16:55:39 [WARNING] core.sap_client — phase1_wrong_screen hu=T10045850406 — re-navigating
16:55:39 [INFO] core.sap_client — setup_phase1_start
16:55:44 [INFO] core.sap_client — tx_opened code=/nZMOVEINBHU current_tx=ZMOVEINBHU
16:55:44 [INFO] core.sap_client — phase1_ready — ctxtP_HU confirmed
16:55:46 [INFO] core.sap_client — hu_phase1_duplicate hu=T10045850406
16:55:46 [WARNING] core.sap_client — phase2_wrong_screen hu=T10045850406 — re-navigating
16:55:46 [INFO] core.sap_client — setup_phase2_start
16:55:51 [INFO] core.sap_client — tx_opened code=/nZMMTIJSEP current_tx=ZMMTIJSEP
16:55:51 [INFO] core.sap_client — phase2_ready — txtGV_HU confirmed
16:55:52 [INFO] core.sap_client — hu_phase2_ok hu=T10045850406 duration_ms=5797 phase2_wait=1.0
16:55:52 [WARNING] core.sap_client — phase1_wrong_screen hu=T10045839028 — re-navigating
16:55:52 [INFO] core.sap_client — setup_phase1_start
16:55:57 [INFO] core.sap_client — tx_opened code=/nZMOVEINBHU current_tx=ZMOVEINBHU
16:55:57 [INFO] core.sap_client — phase1_ready — ctxtP_HU confirmed
16:56:00 [INFO] core.sap_client — hu_phase1_duplicate hu=T10045839028
16:56:00 [WARNING] core.sap_client — phase2_wrong_screen hu=T10045839028 — re-navigating
16:56:00 [INFO] core.sap_client — setup_phase2_start
16:56:04 [INFO] core.sap_client — tx_opened code=/nZMMTIJSEP current_tx=ZMMTIJSEP
16:56:04 [INFO] core.sap_client — phase2_ready — txtGV_HU confirmed
16:56:05 [INFO] core.sap_client — hu_phase2_ok hu=T10045839028 duration_ms=5842 phase2_wait=1.0
16:56:05 [WARNING] core.sap_client — phase1_wrong_screen hu=T10045853301 — re-navigating
16:56:05 [INFO] core.sap_client — setup_phase1_start
16:56:10 [INFO] core.sap_client — tx_opened code=/nZMOVEINBHU current_tx=ZMOVEINBHU
16:56:10 [INFO] core.sap_client — phase1_ready — ctxtP_HU confirmed
16:56:13 [INFO] core.sap_client — hu_phase1_duplicate hu=T10045853301
16:56:13 [WARNING] core.sap_client — phase2_wrong_screen hu=T10045853301 — re-navigating
16:56:13 [INFO] core.sap_client — setup_phase2_start
16:56:17 [INFO] core.sap_client — tx_opened code=/nZMMTIJSEP current_tx=ZMMTIJSEP
16:56:17 [INFO] core.sap_client — phase2_ready — txtGV_HU confirmed
16:56:18 [INFO] core.sap_client — hu_phase2_ok hu=T10045853301 duration_ms=5818 phase2_wait=1.0
16:56:18 [INFO] core.queue_model — pallet_boundary multi_hu pallet=1 count=5 hu_codes=['T10045865009', 'T10045855559', 'T10045850406', 'T10045839028', 'T10045853301']
16:56:23 [INFO] core.sap_client — tx_opened code=/nSP01 current_tx=SP01
16:56:26 [INFO] core.sap_client — sp01_row_marked row=4 title=CN-CON-003_T10045853301_20260402224206
16:56:26 [INFO] core.sap_client — sp01_row_marked row=6 title=CN-CON-003_T10045839028_20260402224150
16:56:26 [INFO] core.sap_client — sp01_row_marked row=8 title=CN-CON-003_T10045850406_20260402224135
16:56:26 [INFO] core.sap_client — sp01_row_marked row=10 title=CN-CON-003_T10045855559_20260402224120
16:56:26 [INFO] core.sap_client — sp01_row_marked row=12 title=CN-CON-003_T10045865009_20260402224103
16:56:28 [INFO] core.sap_client — sp01_print_confirmed via=btn[25] marked=5
16:56:30 [INFO] core.sap_client — sp01_pallet_done result={'status': 'ok', 'message': 'SP01 OK — 5 spool(s) impreso(s)', 'marked': 5} hu_codes=['T10045865009', 'T10045855559', 'T10045850406', 'T10045839028', 'T10045853301']
16:56:30 [INFO] core.queue_model — sp01_pallet_result={'status': 'ok', 'message': 'SP01 OK — 5 spool(s) impreso(s)', 'marked': 5}
16:56:30 [INFO] core.queue_model — queue_worker_stopped
16:56:30 [INFO] core.queue_model — queue_worker_stop_requested
17:29:53 [INFO] core.queue_model — new_pallet id=1
17:31:13 [INFO] core.queue_model — new_pallet id=1
17:31:25 [INFO] core.queue_model — new_pallet id=1
17:31:33 [INFO] core.queue_model — new_pallet id=1
17:33:42 [INFO] core.queue_model — new_pallet id=1
17:34:03 [INFO] core.queue_model — new_pallet id=1
17:34:24 [INFO] core.queue_model — new_pallet id=1
17:38:17 [INFO] core.queue_model — new_pallet id=1
17:39:36 [INFO] core.queue_model — new_pallet id=1
17:40:42 [INFO] core.queue_model — new_pallet id=1
17:40:59 [INFO] core.queue_model — new_pallet id=1
17:42:32 [INFO] core.queue_model — new_pallet id=1
17:48:43 [INFO] core.queue_model — new_pallet id=1
17:50:10 [INFO] core.queue_model — new_pallet id=1
17:50:41 [INFO] core.queue_model — new_pallet id=1
