08:47:56 [INFO] core.queue_model — hu_added hu=TH0000256911 pallet=1 origin=UNK
08:48:12 [INFO] core.queue_model — new_pallet id=2
08:48:13 [INFO] core.queue_model — hu_added hu=TH0000256910 pallet=2 origin=UNK
08:50:11 [INFO] core.queue_model — hu_added hu=TH0000256003 pallet=2 origin=UNK
08:50:11 [INFO] core.queue_model — new_pallet id=3
08:50:13 [INFO] core.queue_model — hu_added hu=TH0000256002 pallet=3 origin=UNK
08:50:14 [INFO] core.queue_model — new_pallet id=4
08:50:18 [INFO] core.queue_model — hu_added hu=TH0000256008 pallet=4 origin=UNK
08:50:19 [INFO] core.queue_model — new_pallet id=5
08:50:21 [INFO] core.queue_model — hu_added hu=TH0000256242 pallet=5 origin=UNK
08:50:22 [INFO] core.queue_model — new_pallet id=6
08:50:23 [INFO] core.queue_model — hu_added hu=TH0000256013 pallet=6 origin=UNK
08:50:25 [INFO] core.queue_model — new_pallet id=7
08:50:27 [INFO] core.queue_model — hu_added hu=TH0000256065 pallet=7 origin=UNK
08:50:29 [INFO] core.queue_model — new_pallet id=8
08:51:12 [INFO] core.queue_model — hu_added hu=TH0000256009 pallet=8 origin=UNK
08:51:14 [INFO] core.queue_model — new_pallet id=9
08:51:50 [INFO] core.queue_model — hu_added hu=TH0000256034 pallet=9 origin=UNK
08:51:51 [INFO] core.queue_model — new_pallet id=10
08:51:57 [INFO] core.queue_model — hu_added hu=TH0000256115 pallet=10 origin=UNK
08:51:59 [INFO] core.queue_model — new_pallet id=11
08:52:21 [INFO] core.queue_model — queue_worker_started dynamic_print_mode
08:52:21 [INFO] ui.queue_window — worker_started_from_ui
08:52:21 [INFO] core.sap_client — sap_connected system=LUP user=LOPEZHJC
08:52:21 [INFO] core.queue_model — queue_worker_sap_connected
08:52:21 [INFO] core.sap_client — setup_phase1_start
08:52:27 [INFO] core.sap_client — tx_opened code=/nZMOVEINBHU current_tx=ZMOVEINBHU
08:52:27 [INFO] core.sap_client — phase1_ready — ctxtP_HU confirmed
08:52:31 [INFO] core.sap_client — hu_phase1_ok hu=TH0000256911
08:52:31 [INFO] core.sap_client — setup_phase2_start
08:52:36 [INFO] core.sap_client — tx_opened code=/nZMMTIJSEP current_tx=ZMMTIJSEP
08:52:36 [INFO] core.sap_client — phase2_ready — txtGV_HU confirmed
08:52:37 [INFO] core.sap_client — hu_phase2_ok hu=TH0000256911 duration_ms=1391
08:52:37 [INFO] core.queue_model — pallet_boundary single_hu pallet=1 accumulated=[1]
08:52:37 [INFO] core.sap_client — setup_phase1_start
08:52:43 [INFO] core.sap_client — tx_opened code=/nZMOVEINBHU current_tx=ZMOVEINBHU
08:52:43 [INFO] core.sap_client — phase1_ready — ctxtP_HU confirmed
08:52:46 [INFO] core.sap_client — hu_phase1_ok hu=TH0000256910
08:52:46 [WARNING] core.sap_client — phase2_wrong_screen hu=TH0000256910 — re-navigating
08:52:46 [INFO] core.sap_client — setup_phase2_start
08:52:52 [INFO] core.sap_client — tx_opened code=/nZMMTIJSEP current_tx=ZMMTIJSEP
08:52:52 [INFO] core.sap_client — phase2_ready — txtGV_HU confirmed
08:52:53 [INFO] core.sap_client — hu_phase2_ok hu=TH0000256910 duration_ms=6463
08:52:53 [WARNING] core.sap_client — phase1_wrong_screen hu=TH0000256003 — re-navigating
08:52:53 [INFO] core.sap_client — setup_phase1_start
08:52:58 [INFO] core.sap_client — tx_opened code=/nZMOVEINBHU current_tx=ZMOVEINBHU
08:52:58 [INFO] core.sap_client — phase1_ready — ctxtP_HU confirmed
08:53:02 [INFO] core.sap_client — hu_phase1_ok hu=TH0000256003
08:53:02 [WARNING] core.sap_client — phase2_wrong_screen hu=TH0000256003 — re-navigating
08:53:02 [INFO] core.sap_client — setup_phase2_start
08:53:08 [INFO] core.sap_client — tx_opened code=/nZMMTIJSEP current_tx=ZMMTIJSEP
08:53:08 [INFO] core.sap_client — phase2_ready — txtGV_HU confirmed
08:53:09 [INFO] core.sap_client — hu_phase2_ok hu=TH0000256003 duration_ms=6247
08:53:09 [INFO] core.queue_model — pallet_boundary multi_hu pallet=2 count=2 hu_codes=['TH0000256910', 'TH0000256003']
08:53:14 [INFO] core.sap_client — tx_opened code=/nSP01 current_tx=SP01
08:53:19 [INFO] core.sap_client — sp01_row_marked row=4 title=CN-CON-003_TH0000256003_20260327155308
08:53:19 [INFO] core.sap_client — sp01_row_marked row=6 title=CN-CON-003_TH0000256910_20260327155253
08:53:21 [INFO] core.sap_client — sp01_print_confirmed via=btn[25] marked=2
08:53:23 [INFO] core.sap_client — sp01_pallet_done result={'status': 'ok', 'message': 'SP01 OK — 2 spool(s) impreso(s)', 'marked': 2} hu_codes=['TH0000256910', 'TH0000256003']
08:53:23 [INFO] core.queue_model — sp01_pallet_result={'status': 'ok', 'message': 'SP01 OK — 2 spool(s) impreso(s)', 'marked': 2}
08:53:23 [INFO] ui.queue_window — ui_paused_after_pallet pallet_id=2
08:53:25 [INFO] core.queue_model — hu_added hu=T10045864506 pallet=11 origin=THA
08:53:28 [INFO] core.queue_model — new_pallet id=12
08:53:33 [INFO] core.queue_model — hu_added hu=T10045856628 pallet=12 origin=THA
08:54:34 [INFO] core.queue_model — queue_worker_resumed_by_ui
08:54:34 [INFO] ui.queue_window — continue_pressed_by_user
08:54:34 [INFO] core.queue_model — queue_worker_resumed_processing
08:54:34 [INFO] core.sap_client — setup_phase1_start
08:54:40 [INFO] core.sap_client — tx_opened code=/nZMOVEINBHU current_tx=ZMOVEINBHU
08:54:40 [INFO] core.sap_client — phase1_ready — ctxtP_HU confirmed
08:54:44 [INFO] core.sap_client — hu_phase1_ok hu=TH0000256002
08:54:44 [INFO] core.sap_client — setup_phase2_start
08:54:50 [INFO] core.sap_client — tx_opened code=/nZMMTIJSEP current_tx=ZMMTIJSEP
08:54:50 [INFO] core.sap_client — phase2_ready — txtGV_HU confirmed
08:54:51 [INFO] core.sap_client — hu_phase2_ok hu=TH0000256002 duration_ms=1134
08:54:51 [INFO] core.queue_model — pallet_boundary single_hu pallet=3 accumulated=[1, 3]
08:54:51 [INFO] core.sap_client — setup_phase1_start
08:54:56 [INFO] core.sap_client — tx_opened code=/nZMOVEINBHU current_tx=ZMOVEINBHU
08:54:56 [INFO] core.sap_client — phase1_ready — ctxtP_HU confirmed
08:55:00 [INFO] core.sap_client — hu_phase1_ok hu=TH0000256008
08:55:00 [WARNING] core.sap_client — phase2_wrong_screen hu=TH0000256008 — re-navigating
08:55:00 [INFO] core.sap_client — setup_phase2_start
08:55:06 [INFO] core.sap_client — tx_opened code=/nZMMTIJSEP current_tx=ZMMTIJSEP
08:55:06 [INFO] core.sap_client — phase2_ready — txtGV_HU confirmed
08:55:07 [INFO] core.sap_client — hu_phase2_ok hu=TH0000256008 duration_ms=6561
08:55:07 [INFO] core.queue_model — pallet_boundary single_hu pallet=4 accumulated=[1, 3, 4]
08:55:07 [WARNING] core.sap_client — phase1_wrong_screen hu=TH0000256242 — re-navigating
08:55:07 [INFO] core.sap_client — setup_phase1_start
08:55:12 [INFO] core.sap_client — tx_opened code=/nZMOVEINBHU current_tx=ZMOVEINBHU
08:55:12 [INFO] core.sap_client — phase1_ready — ctxtP_HU confirmed
08:55:17 [INFO] core.sap_client — hu_phase1_ok hu=TH0000256242
08:55:17 [WARNING] core.sap_client — phase2_wrong_screen hu=TH0000256242 — re-navigating
08:55:17 [INFO] core.sap_client — setup_phase2_start
08:55:22 [INFO] core.sap_client — tx_opened code=/nZMMTIJSEP current_tx=ZMMTIJSEP
08:55:22 [INFO] core.sap_client — phase2_ready — txtGV_HU confirmed
08:55:23 [INFO] core.sap_client — hu_phase2_ok hu=TH0000256242 duration_ms=6396
08:55:23 [INFO] core.queue_model — pallet_boundary single_hu pallet=5 accumulated=[1, 3, 4, 5]
08:55:23 [WARNING] core.sap_client — phase1_wrong_screen hu=TH0000256013 — re-navigating
08:55:23 [INFO] core.sap_client — setup_phase1_start
08:55:29 [INFO] core.sap_client — tx_opened code=/nZMOVEINBHU current_tx=ZMOVEINBHU
08:55:29 [INFO] core.sap_client — phase1_ready — ctxtP_HU confirmed
08:55:34 [INFO] core.sap_client — hu_phase1_ok hu=TH0000256013
08:55:34 [WARNING] core.sap_client — phase2_wrong_screen hu=TH0000256013 — re-navigating
08:55:34 [INFO] core.sap_client — setup_phase2_start
08:55:40 [INFO] core.sap_client — tx_opened code=/nZMMTIJSEP current_tx=ZMMTIJSEP
08:55:40 [INFO] core.sap_client — phase2_ready — txtGV_HU confirmed
08:55:41 [INFO] core.sap_client — hu_phase2_ok hu=TH0000256013 duration_ms=6734
08:55:41 [INFO] core.queue_model — pallet_boundary single_hu pallet=6 accumulated=[1, 3, 4, 5, 6]
08:55:41 [WARNING] core.sap_client — phase1_wrong_screen hu=TH0000256065 — re-navigating
08:55:41 [INFO] core.sap_client — setup_phase1_start
08:55:47 [INFO] core.sap_client — tx_opened code=/nZMOVEINBHU current_tx=ZMOVEINBHU
08:55:47 [INFO] core.sap_client — phase1_ready — ctxtP_HU confirmed
08:55:51 [INFO] core.sap_client — hu_phase1_ok hu=TH0000256065
08:55:51 [WARNING] core.sap_client — phase2_wrong_screen hu=TH0000256065 — re-navigating
08:55:51 [INFO] core.sap_client — setup_phase2_start
08:55:56 [INFO] core.sap_client — tx_opened code=/nZMMTIJSEP current_tx=ZMMTIJSEP
08:55:56 [INFO] core.sap_client — phase2_ready — txtGV_HU confirmed
08:55:57 [INFO] core.sap_client — hu_phase2_ok hu=TH0000256065 duration_ms=6360
08:55:57 [INFO] core.queue_model — pallet_boundary single_hu pallet=7 accumulated=[1, 3, 4, 5, 6, 7]
08:55:57 [WARNING] core.sap_client — phase1_wrong_screen hu=TH0000256009 — re-navigating
08:55:57 [INFO] core.sap_client — setup_phase1_start
08:56:03 [INFO] core.sap_client — tx_opened code=/nZMOVEINBHU current_tx=ZMOVEINBHU
08:56:03 [INFO] core.sap_client — phase1_ready — ctxtP_HU confirmed
08:56:08 [INFO] core.sap_client — hu_phase1_ok hu=TH0000256009
08:56:08 [WARNING] core.sap_client — phase2_wrong_screen hu=TH0000256009 — re-navigating
08:56:08 [INFO] core.sap_client — setup_phase2_start
08:56:13 [INFO] core.sap_client — tx_opened code=/nZMMTIJSEP current_tx=ZMMTIJSEP
08:56:13 [INFO] core.sap_client — phase2_ready — txtGV_HU confirmed
08:56:14 [INFO] core.sap_client — hu_phase2_ok hu=TH0000256009 duration_ms=6390
08:56:15 [INFO] core.queue_model — pallet_boundary single_hu pallet=8 accumulated=[1, 3, 4, 5, 6, 7, 8]
08:56:15 [WARNING] core.sap_client — phase1_wrong_screen hu=TH0000256034 — re-navigating
08:56:15 [INFO] core.sap_client — setup_phase1_start
08:56:20 [INFO] core.sap_client — tx_opened code=/nZMOVEINBHU current_tx=ZMOVEINBHU
08:56:20 [INFO] core.sap_client — phase1_ready — ctxtP_HU confirmed
08:56:25 [INFO] core.sap_client — hu_phase1_ok hu=TH0000256034
08:56:25 [WARNING] core.sap_client — phase2_wrong_screen hu=TH0000256034 — re-navigating
08:56:25 [INFO] core.sap_client — setup_phase2_start
08:56:30 [INFO] core.sap_client — tx_opened code=/nZMMTIJSEP current_tx=ZMMTIJSEP
08:56:30 [INFO] core.sap_client — phase2_ready — txtGV_HU confirmed
08:56:31 [INFO] core.sap_client — hu_phase2_ok hu=TH0000256034 duration_ms=6544
08:56:31 [INFO] core.queue_model — pallet_boundary single_hu pallet=9 accumulated=[1, 3, 4, 5, 6, 7, 8, 9]
08:56:31 [WARNING] core.sap_client — phase1_wrong_screen hu=TH0000256115 — re-navigating
08:56:31 [INFO] core.sap_client — setup_phase1_start
08:56:37 [INFO] core.sap_client — tx_opened code=/nZMOVEINBHU current_tx=ZMOVEINBHU
08:56:37 [INFO] core.sap_client — phase1_ready — ctxtP_HU confirmed
08:57:27 [INFO] core.sap_client — hu_phase1_ok hu=TH0000256115
08:57:27 [WARNING] core.sap_client — phase2_wrong_screen hu=TH0000256115 — re-navigating
08:57:27 [INFO] core.sap_client — setup_phase2_start
08:57:33 [INFO] core.sap_client — tx_opened code=/nZMMTIJSEP current_tx=ZMMTIJSEP
08:57:33 [INFO] core.sap_client — phase2_ready — txtGV_HU confirmed
08:57:34 [INFO] core.sap_client — hu_phase2_ok hu=TH0000256115 duration_ms=7145
08:57:34 [INFO] core.queue_model — pallet_boundary single_hu pallet=10 accumulated=[1, 3, 4, 5, 6, 7, 8, 9, 10]
08:57:34 [WARNING] core.sap_client — phase1_wrong_screen hu=T10045864506 — re-navigating
08:57:34 [INFO] core.sap_client — setup_phase1_start
08:57:40 [INFO] core.sap_client — tx_opened code=/nZMOVEINBHU current_tx=ZMOVEINBHU
08:57:40 [INFO] core.sap_client — phase1_ready — ctxtP_HU confirmed
08:57:50 [INFO] core.sap_client — hu_phase1_ok hu=T10045864506
08:57:50 [WARNING] core.sap_client — phase2_wrong_screen hu=T10045864506 — re-navigating
08:57:50 [INFO] core.sap_client — setup_phase2_start
08:57:56 [INFO] core.sap_client — tx_opened code=/nZMMTIJSEP current_tx=ZMMTIJSEP
08:57:56 [INFO] core.sap_client — phase2_ready — txtGV_HU confirmed
08:57:56 [INFO] core.sap_client — hu_phase2_ok hu=T10045864506 duration_ms=6366
08:57:56 [INFO] core.queue_model — pallet_boundary single_hu pallet=11 accumulated=[1, 3, 4, 5, 6, 7, 8, 9, 10, 11]
08:57:57 [WARNING] core.sap_client — phase1_wrong_screen hu=T10045856628 — re-navigating
08:57:57 [INFO] core.sap_client — setup_phase1_start
08:58:02 [INFO] core.sap_client — tx_opened code=/nZMOVEINBHU current_tx=ZMOVEINBHU
08:58:02 [INFO] core.sap_client — phase1_ready — ctxtP_HU confirmed
08:58:08 [INFO] core.sap_client — hu_phase1_ok hu=T10045856628
08:58:08 [WARNING] core.sap_client — phase2_wrong_screen hu=T10045856628 — re-navigating
08:58:08 [INFO] core.sap_client — setup_phase2_start
08:58:13 [INFO] core.sap_client — tx_opened code=/nZMMTIJSEP current_tx=ZMMTIJSEP
08:58:13 [INFO] core.sap_client — phase2_ready — txtGV_HU confirmed
08:58:14 [INFO] core.sap_client — hu_phase2_ok hu=T10045856628 duration_ms=6160
08:58:14 [INFO] core.queue_model — pallet_boundary single_hu pallet=12 accumulated=[1, 3, 4, 5, 6, 7, 8, 9, 10, 11, 12]
08:58:14 [INFO] core.queue_model — flush_single_hu_pallets pallets=[1, 3, 4, 5, 6, 7, 8, 9, 10, 11, 12] hu_codes=['TH0000256911', 'TH0000256002', 'TH0000256008', 'TH0000256242', 'TH0000256013', 'TH0000256065', 'TH0000256009', 'TH0000256034', 'TH0000256115', 'T10045864506', 'T10045856628']
08:58:19 [INFO] core.sap_client — tx_opened code=/nSP01 current_tx=SP01
08:58:24 [INFO] core.sap_client — sp01_row_marked row=4 title=CN-CON-003_T10045864506_20260327155755
08:58:24 [INFO] core.sap_client — sp01_row_marked row=6 title=CN-CON-003_TH0000256115_20260327155733
08:58:24 [INFO] core.sap_client — sp01_row_marked row=8 title=CN-CON-003_TH0000256034_20260327155631
08:58:24 [INFO] core.sap_client — sp01_row_marked row=10 title=CN-CON-003_TH0000256009_20260327155614
08:58:24 [INFO] core.sap_client — sp01_row_marked row=12 title=CN-CON-003_TH0000256065_20260327155557
08:58:24 [INFO] core.sap_client — sp01_row_marked row=14 title=CN-CON-003_TH0000256013_20260327155541
08:58:24 [INFO] core.sap_client — sp01_row_marked row=16 title=CN-CON-003_TH0000256242_20260327155523
08:58:24 [INFO] core.sap_client — sp01_row_marked row=18 title=CN-CON-003_TH0000256008_20260327155506
08:58:24 [INFO] core.sap_client — sp01_row_marked row=20 title=CN-CON-003_TH0000256002_20260327155450
08:58:24 [INFO] core.sap_client — sp01_row_marked row=26 title=CN-CON-003_TH0000256911_20260327155237
08:58:27 [INFO] core.sap_client — sp01_print_confirmed via=btn[25] marked=10
08:58:29 [INFO] core.sap_client — sp01_global_done result={'status': 'ok', 'message': 'SP01 OK — 10 spool(s) impreso(s)', 'marked': 10}
08:58:29 [INFO] core.queue_model — queue_worker_stopped
08:58:29 [INFO] core.queue_model — queue_worker_stop_requested
10:39:52 [INFO] core.queue_model — hu_added hu=C1015537606 pallet=1 origin=ATL
10:39:57 [INFO] core.queue_model — new_pallet id=2
10:39:59 [WARNING] core.queue_model — hu_duplicate_scan hu=C1015537606
10:40:03 [INFO] core.queue_model — hu_added hu=ELPS000083324 pallet=2 origin=UNK
10:50:00 [INFO] core.queue_model — hu_added hu=2972632606 pallet=1 origin=ITA
10:50:04 [INFO] core.queue_model — queue_worker_started dynamic_print_mode
10:50:04 [INFO] ui.queue_window — worker_started_from_ui
10:50:04 [INFO] core.sap_client — sap_connected system=LUP user=LOPEZHJC
10:50:04 [INFO] core.queue_model — queue_worker_sap_connected
10:50:04 [INFO] core.sap_client — setup_phase1_start
10:50:10 [INFO] core.sap_client — tx_opened code=/nZMOVEINBHU current_tx=ZMOVEINBHU
10:50:10 [INFO] core.sap_client — phase1_ready — ctxtP_HU confirmed
10:50:21 [INFO] core.queue_model — hu_added hu=2972632594 pallet=2 origin=ITA
10:50:21 [INFO] core.queue_model — hu_added hu=2972632589 pallet=3 origin=ITA
10:50:21 [INFO] core.queue_model — hu_added hu=2972632604 pallet=4 origin=ITA
10:50:23 [INFO] core.queue_model — hu_added hu=2972632592 pallet=5 origin=ITA
10:50:24 [INFO] core.sap_client — hu_phase1_ok hu=2972632606
10:50:24 [INFO] core.sap_client — setup_phase2_start
10:50:27 [INFO] core.queue_model — hu_added hu=2972632599 pallet=6 origin=ITA
10:50:29 [INFO] core.sap_client — tx_opened code=/nZMMTIJSEP current_tx=ZMMTIJSEP
10:50:29 [INFO] core.sap_client — phase2_ready — txtGV_HU confirmed
10:50:31 [INFO] core.sap_client — hu_phase2_ok hu=2972632606 duration_ms=1390
10:50:31 [INFO] core.queue_model — pallet_boundary single_hu pallet=1 accumulated=[1]
10:50:31 [INFO] core.sap_client — setup_phase1_start
10:50:34 [INFO] core.queue_model — hu_added hu=2972636549 pallet=7 origin=ITA
10:50:35 [INFO] core.queue_model — hu_added hu=2972632608 pallet=8 origin=ITA
10:50:36 [INFO] core.queue_model — hu_added hu=2972632610 pallet=9 origin=ITA
10:50:36 [INFO] core.sap_client — tx_opened code=/nZMOVEINBHU current_tx=ZMOVEINBHU
10:50:36 [INFO] core.sap_client — phase1_ready — ctxtP_HU confirmed
10:50:37 [INFO] core.queue_model — hu_added hu=2972632612 pallet=10 origin=ITA
10:50:44 [INFO] core.queue_model — hu_added hu=2972632605 pallet=11 origin=ITA
10:50:45 [INFO] core.sap_client — hu_phase1_ok hu=2972632594
10:50:45 [WARNING] core.sap_client — phase2_wrong_screen hu=2972632594 — re-navigating
10:50:45 [INFO] core.sap_client — setup_phase2_start
10:50:45 [INFO] core.queue_model — hu_added hu=2972632591 pallet=12 origin=ITA
10:50:50 [INFO] core.sap_client — tx_opened code=/nZMMTIJSEP current_tx=ZMMTIJSEP
10:50:50 [INFO] core.sap_client — phase2_ready — txtGV_HU confirmed
10:50:51 [INFO] core.sap_client — hu_phase2_ok hu=2972632594 duration_ms=6174
10:50:51 [INFO] core.queue_model — pallet_boundary single_hu pallet=2 accumulated=[1, 2]
10:50:51 [WARNING] core.sap_client — phase1_wrong_screen hu=2972632589 — re-navigating
10:50:51 [INFO] core.sap_client — setup_phase1_start
10:50:56 [INFO] core.sap_client — tx_opened code=/nZMOVEINBHU current_tx=ZMOVEINBHU
10:50:56 [INFO] core.sap_client — phase1_ready — ctxtP_HU confirmed
10:51:02 [INFO] core.sap_client — hu_phase1_ok hu=2972632589
10:51:02 [WARNING] core.sap_client — phase2_wrong_screen hu=2972632589 — re-navigating
10:51:02 [INFO] core.sap_client — setup_phase2_start
10:51:08 [INFO] core.sap_client — tx_opened code=/nZMMTIJSEP current_tx=ZMMTIJSEP
10:51:08 [INFO] core.sap_client — phase2_ready — txtGV_HU confirmed
10:51:09 [INFO] core.sap_client — hu_phase2_ok hu=2972632589 duration_ms=6272
10:51:09 [INFO] core.queue_model — pallet_boundary single_hu pallet=3 accumulated=[1, 2, 3]
10:51:09 [WARNING] core.sap_client — phase1_wrong_screen hu=2972632604 — re-navigating
10:51:09 [INFO] core.sap_client — setup_phase1_start
10:51:14 [INFO] core.sap_client — tx_opened code=/nZMOVEINBHU current_tx=ZMOVEINBHU
10:51:14 [INFO] core.sap_client — phase1_ready — ctxtP_HU confirmed
10:51:23 [INFO] core.sap_client — hu_phase1_ok hu=2972632604
10:51:23 [WARNING] core.sap_client — phase2_wrong_screen hu=2972632604 — re-navigating
10:51:23 [INFO] core.sap_client — setup_phase2_start
10:51:28 [INFO] core.sap_client — tx_opened code=/nZMMTIJSEP current_tx=ZMMTIJSEP
10:51:28 [INFO] core.sap_client — phase2_ready — txtGV_HU confirmed
10:51:30 [INFO] core.sap_client — hu_phase2_ok hu=2972632604 duration_ms=6502
10:51:30 [INFO] core.queue_model — pallet_boundary single_hu pallet=4 accumulated=[1, 2, 3, 4]
10:51:30 [WARNING] core.sap_client — phase1_wrong_screen hu=2972632592 — re-navigating
10:51:30 [INFO] core.sap_client — setup_phase1_start
10:51:35 [INFO] core.sap_client — tx_opened code=/nZMOVEINBHU current_tx=ZMOVEINBHU
10:51:35 [INFO] core.sap_client — phase1_ready — ctxtP_HU confirmed
10:51:43 [INFO] core.sap_client — hu_phase1_ok hu=2972632592
10:51:43 [WARNING] core.sap_client — phase2_wrong_screen hu=2972632592 — re-navigating
10:51:43 [INFO] core.sap_client — setup_phase2_start
10:51:48 [INFO] core.sap_client — tx_opened code=/nZMMTIJSEP current_tx=ZMMTIJSEP
10:51:48 [INFO] core.sap_client — phase2_ready — txtGV_HU confirmed
10:51:49 [INFO] core.sap_client — hu_phase2_ok hu=2972632592 duration_ms=6185
10:51:49 [INFO] core.queue_model — pallet_boundary single_hu pallet=5 accumulated=[1, 2, 3, 4, 5]
10:51:49 [WARNING] core.sap_client — phase1_wrong_screen hu=2972632599 — re-navigating
10:51:49 [INFO] core.sap_client — setup_phase1_start
10:51:54 [INFO] core.sap_client — tx_opened code=/nZMOVEINBHU current_tx=ZMOVEINBHU
10:51:54 [INFO] core.sap_client — phase1_ready — ctxtP_HU confirmed
10:52:03 [INFO] core.sap_client — hu_phase1_ok hu=2972632599
10:52:03 [WARNING] core.sap_client — phase2_wrong_screen hu=2972632599 — re-navigating
10:52:03 [INFO] core.sap_client — setup_phase2_start
10:52:09 [INFO] core.sap_client — tx_opened code=/nZMMTIJSEP current_tx=ZMMTIJSEP
10:52:09 [INFO] core.sap_client — phase2_ready — txtGV_HU confirmed
10:52:09 [INFO] core.sap_client — hu_phase2_ok hu=2972632599 duration_ms=6250
10:52:09 [INFO] core.queue_model — pallet_boundary single_hu pallet=6 accumulated=[1, 2, 3, 4, 5, 6]
10:52:09 [WARNING] core.sap_client — phase1_wrong_screen hu=2972636549 — re-navigating
10:52:09 [INFO] core.sap_client — setup_phase1_start
10:52:15 [INFO] core.sap_client — tx_opened code=/nZMOVEINBHU current_tx=ZMOVEINBHU
10:52:15 [INFO] core.sap_client — phase1_ready — ctxtP_HU confirmed
10:52:21 [INFO] core.sap_client — hu_phase1_ok hu=2972636549
10:52:21 [WARNING] core.sap_client — phase2_wrong_screen hu=2972636549 — re-navigating
10:52:21 [INFO] core.sap_client — setup_phase2_start
10:52:26 [INFO] core.sap_client — tx_opened code=/nZMMTIJSEP current_tx=ZMMTIJSEP
10:52:26 [INFO] core.sap_client — phase2_ready — txtGV_HU confirmed
10:52:28 [INFO] core.sap_client — hu_phase2_ok hu=2972636549 duration_ms=6696
10:52:28 [INFO] core.queue_model — pallet_boundary single_hu pallet=7 accumulated=[1, 2, 3, 4, 5, 6, 7]
10:52:28 [WARNING] core.sap_client — phase1_wrong_screen hu=2972632608 — re-navigating
10:52:28 [INFO] core.sap_client — setup_phase1_start
10:52:33 [INFO] core.sap_client — tx_opened code=/nZMOVEINBHU current_tx=ZMOVEINBHU
10:52:33 [INFO] core.sap_client — phase1_ready — ctxtP_HU confirmed
10:52:41 [INFO] core.sap_client — hu_phase1_ok hu=2972632608
10:52:41 [WARNING] core.sap_client — phase2_wrong_screen hu=2972632608 — re-navigating
10:52:41 [INFO] core.sap_client — setup_phase2_start
10:52:46 [INFO] core.sap_client — tx_opened code=/nZMMTIJSEP current_tx=ZMMTIJSEP
10:52:46 [INFO] core.sap_client — phase2_ready — txtGV_HU confirmed
10:52:47 [INFO] core.sap_client — hu_phase2_ok hu=2972632608 duration_ms=6238
10:52:47 [INFO] core.queue_model — pallet_boundary single_hu pallet=8 accumulated=[1, 2, 3, 4, 5, 6, 7, 8]
10:52:47 [WARNING] core.sap_client — phase1_wrong_screen hu=2972632610 — re-navigating
10:52:47 [INFO] core.sap_client — setup_phase1_start
10:52:52 [INFO] core.sap_client — tx_opened code=/nZMOVEINBHU current_tx=ZMOVEINBHU
10:52:52 [INFO] core.sap_client — phase1_ready — ctxtP_HU confirmed
10:52:59 [INFO] core.sap_client — hu_phase1_ok hu=2972632610
10:52:59 [WARNING] core.sap_client — phase2_wrong_screen hu=2972632610 — re-navigating
10:52:59 [INFO] core.sap_client — setup_phase2_start
10:53:04 [INFO] core.sap_client — tx_opened code=/nZMMTIJSEP current_tx=ZMMTIJSEP
10:53:04 [INFO] core.sap_client — phase2_ready — txtGV_HU confirmed
10:53:05 [INFO] core.sap_client — hu_phase2_ok hu=2972632610 duration_ms=6219
10:53:05 [INFO] core.queue_model — pallet_boundary single_hu pallet=9 accumulated=[1, 2, 3, 4, 5, 6, 7, 8, 9]
10:53:05 [WARNING] core.sap_client — phase1_wrong_screen hu=2972632612 — re-navigating
10:53:05 [INFO] core.sap_client — setup_phase1_start
10:53:10 [INFO] core.sap_client — tx_opened code=/nZMOVEINBHU current_tx=ZMOVEINBHU
10:53:10 [INFO] core.sap_client — phase1_ready — ctxtP_HU confirmed
10:53:18 [INFO] core.sap_client — hu_phase1_ok hu=2972632612
10:53:18 [WARNING] core.sap_client — phase2_wrong_screen hu=2972632612 — re-navigating
10:53:18 [INFO] core.sap_client — setup_phase2_start
10:53:23 [INFO] core.sap_client — tx_opened code=/nZMMTIJSEP current_tx=ZMMTIJSEP
10:53:23 [INFO] core.sap_client — phase2_ready — txtGV_HU confirmed
10:53:24 [INFO] core.sap_client — hu_phase2_ok hu=2972632612 duration_ms=6162
10:53:24 [INFO] core.queue_model — pallet_boundary single_hu pallet=10 accumulated=[1, 2, 3, 4, 5, 6, 7, 8, 9, 10]
10:53:24 [WARNING] core.sap_client — phase1_wrong_screen hu=2972632605 — re-navigating
10:53:24 [INFO] core.sap_client — setup_phase1_start
10:53:30 [INFO] core.sap_client — tx_opened code=/nZMOVEINBHU current_tx=ZMOVEINBHU
10:53:30 [INFO] core.sap_client — phase1_ready — ctxtP_HU confirmed
10:53:38 [INFO] core.sap_client — hu_phase1_ok hu=2972632605
10:53:38 [WARNING] core.sap_client — phase2_wrong_screen hu=2972632605 — re-navigating
10:53:38 [INFO] core.sap_client — setup_phase2_start
10:53:43 [INFO] core.sap_client — tx_opened code=/nZMMTIJSEP current_tx=ZMMTIJSEP
10:53:43 [INFO] core.sap_client — phase2_ready — txtGV_HU confirmed
10:53:44 [INFO] core.sap_client — hu_phase2_ok hu=2972632605 duration_ms=6420
10:53:44 [INFO] core.queue_model — pallet_boundary single_hu pallet=11 accumulated=[1, 2, 3, 4, 5, 6, 7, 8, 9, 10, 11]
10:53:45 [WARNING] core.sap_client — phase1_wrong_screen hu=2972632591 — re-navigating
10:53:45 [INFO] core.sap_client — setup_phase1_start
10:53:50 [INFO] core.sap_client — tx_opened code=/nZMOVEINBHU current_tx=ZMOVEINBHU
10:53:50 [INFO] core.sap_client — phase1_ready — ctxtP_HU confirmed
10:53:57 [INFO] core.sap_client — hu_phase1_ok hu=2972632591
10:53:57 [WARNING] core.sap_client — phase2_wrong_screen hu=2972632591 — re-navigating
10:53:57 [INFO] core.sap_client — setup_phase2_start
10:54:03 [INFO] core.sap_client — tx_opened code=/nZMMTIJSEP current_tx=ZMMTIJSEP
10:54:03 [INFO] core.sap_client — phase2_ready — txtGV_HU confirmed
10:54:04 [INFO] core.sap_client — hu_phase2_ok hu=2972632591 duration_ms=6292
10:54:04 [INFO] core.queue_model — pallet_boundary single_hu pallet=12 accumulated=[1, 2, 3, 4, 5, 6, 7, 8, 9, 10, 11, 12]
10:54:04 [INFO] core.queue_model — flush_single_hu_pallets pallets=[1, 2, 3, 4, 5, 6, 7, 8, 9, 10, 11, 12] hu_codes=['2972632606', '2972632594', '2972632589', '2972632604', '2972632592', '2972632599', '2972636549', '2972632608', '2972632610', '2972632612', '2972632605', '2972632591']
10:54:09 [INFO] core.sap_client — tx_opened code=/nSP01 current_tx=SP01
10:54:14 [INFO] core.sap_client — sp01_row_marked row=4 title=CN-CON-003_00000000002972632612_20260327175324
10:54:14 [INFO] core.sap_client — sp01_row_marked row=6 title=CN-CON-003_00000000002972632610_20260327175305
10:54:14 [INFO] core.sap_client — sp01_row_marked row=8 title=CN-CON-003_00000000002972632608_20260327175246
10:54:14 [INFO] core.sap_client — sp01_row_marked row=10 title=CN-CON-003_00000000002972636549_20260327175227
10:54:14 [INFO] core.sap_client — sp01_row_marked row=12 title=CN-CON-003_00000000002972632599_20260327175209
10:54:14 [INFO] core.sap_client — sp01_row_marked row=14 title=CN-CON-003_00000000002972632592_20260327175149
10:54:14 [INFO] core.sap_client — sp01_row_marked row=16 title=CN-CON-003_00000000002972632604_20260327175129
10:54:14 [INFO] core.sap_client — sp01_row_marked row=18 title=CN-CON-003_00000000002972632589_20260327175108
10:54:14 [INFO] core.sap_client — sp01_row_marked row=20 title=CN-CON-003_00000000002972632606_20260327175030
10:54:14 [INFO] core.sap_client — sp01_row_marked row=22 title=CN-CON-003_00000000002972632594_20260327175051
10:54:17 [INFO] core.sap_client — sp01_print_confirmed via=btn[25] marked=10
10:54:19 [INFO] core.sap_client — sp01_global_done result={'status': 'ok', 'message': 'SP01 OK — 10 spool(s) impreso(s)', 'marked': 10}
10:54:19 [INFO] core.queue_model — queue_worker_stopped
10:54:19 [INFO] core.queue_model — queue_worker_stop_requested
11:20:38 [INFO] core.queue_model — hu_added hu=C1015537606 pallet=1 origin=ATL
11:20:41 [INFO] core.queue_model — hu_added hu=ELPS000083324 pallet=1 origin=UNK
11:20:58 [INFO] ui.queue_window — exported_queue_to_csv path=C:/Users/LOPEZHEJ/OneDrive - Luxottica Group S.p.A/Desktop/HUS EJE.csv
11:22:22 [INFO] core.queue_model — queue_worker_started dynamic_print_mode
11:22:22 [INFO] ui.queue_window — worker_started_from_ui
11:22:22 [INFO] core.sap_client — sap_connected system=LUP user=LOPEZHJC
11:22:22 [INFO] core.queue_model — queue_worker_sap_connected
11:22:22 [INFO] core.sap_client — setup_phase1_start
11:22:27 [INFO] core.sap_client — tx_opened code=/nZMOVEINBHU current_tx=ZMOVEINBHU
11:22:27 [INFO] core.sap_client — phase1_ready — ctxtP_HU confirmed
11:22:30 [INFO] core.sap_client — hu_phase1_duplicate hu=C1015537606
11:22:30 [INFO] core.sap_client — setup_phase2_start
11:22:36 [INFO] core.sap_client — tx_opened code=/nZMMTIJSEP current_tx=ZMMTIJSEP
11:22:36 [INFO] core.sap_client — phase2_ready — txtGV_HU confirmed
11:22:37 [INFO] core.sap_client — hu_phase2_ok hu=C1015537606 duration_ms=1000
11:22:37 [INFO] core.sap_client — setup_phase1_start
11:22:42 [INFO] core.sap_client — tx_opened code=/nZMOVEINBHU current_tx=ZMOVEINBHU
11:22:42 [INFO] core.sap_client — phase1_ready — ctxtP_HU confirmed
11:22:45 [INFO] core.sap_client — hu_phase1_duplicate hu=ELPS000083324
11:22:45 [WARNING] core.sap_client — phase2_wrong_screen hu=ELPS000083324 — re-navigating
11:22:45 [INFO] core.sap_client — setup_phase2_start
11:22:50 [INFO] core.sap_client — tx_opened code=/nZMMTIJSEP current_tx=ZMMTIJSEP
11:22:50 [INFO] core.sap_client — phase2_ready — txtGV_HU confirmed
11:22:51 [INFO] core.sap_client — hu_phase2_ok hu=ELPS000083324 duration_ms=6023
11:22:51 [INFO] core.queue_model — pallet_boundary multi_hu pallet=1 count=2 hu_codes=['C1015537606', 'ELPS000083324']
11:22:57 [INFO] core.sap_client — tx_opened code=/nSP01 current_tx=SP01
11:23:02 [INFO] core.sap_client — sp01_row_marked row=4 title=CN-CON-003_ELPS000083324_20260326185948
11:23:02 [INFO] core.sap_client — sp01_row_marked row=6 title=CN-CON-003_C1015537606_20260326183715
11:23:04 [INFO] core.sap_client — sp01_print_confirmed via=btn[25] marked=2
11:23:06 [INFO] core.sap_client — sp01_pallet_done result={'status': 'ok', 'message': 'SP01 OK — 2 spool(s) impreso(s)', 'marked': 2} hu_codes=['C1015537606', 'ELPS000083324']
11:23:06 [INFO] core.queue_model — sp01_pallet_result={'status': 'ok', 'message': 'SP01 OK — 2 spool(s) impreso(s)', 'marked': 2}
11:23:06 [INFO] core.queue_model — queue_worker_stopped
11:23:06 [INFO] core.queue_model — queue_worker_stop_requested
11:23:28 [INFO] ui.queue_window — exported_queue_to_csv path=C:/Users/LOPEZHEJ/OneDrive - Luxottica Group S.p.A/Desktop/HUs EJE2.csv
11:26:00 [INFO] core.queue_model — hu_added hu=C1015537606 pallet=1 origin=ATL
11:26:01 [INFO] core.queue_model — hu_added hu=ELPS000083324 pallet=1 origin=UNK
11:27:02 [INFO] ui.queue_window — exported_queue_to_csv path=C:/Users/LOPEZHEJ/OneDrive - Luxottica Group S.p.A/Desktop/HU SYSTEM/HU QUEUE/HUFlow_Export_20260327_112603.csv
11:27:11 [INFO] core.queue_model — hu_added hu=C1015537606 pallet=1 origin=ATL
11:27:12 [INFO] core.queue_model — hu_added hu=ELPS000083324 pallet=1 origin=UNK
11:27:47 [INFO] ui.queue_window — exported_queue_to_csv path=C:/Users/LOPEZHEJ/OneDrive - Luxottica Group S.p.A/Desktop/HU SYSTEM/HU QUEUE/HUFlow_Export_20260327_112714.csv
11:27:49 [INFO] core.queue_model — queue_worker_started dynamic_print_mode
11:27:49 [INFO] ui.queue_window — worker_started_from_ui
11:27:49 [INFO] core.sap_client — sap_connected system=LUP user=LOPEZHJC
11:27:49 [INFO] core.queue_model — queue_worker_sap_connected
11:27:49 [INFO] core.sap_client — setup_phase1_start
11:27:54 [INFO] core.sap_client — tx_opened code=/nZMOVEINBHU current_tx=ZMOVEINBHU
11:27:54 [INFO] core.sap_client — phase1_ready — ctxtP_HU confirmed
11:27:58 [INFO] core.sap_client — hu_phase1_duplicate hu=C1015537606
11:27:58 [INFO] core.sap_client — setup_phase2_start
11:28:03 [INFO] core.sap_client — tx_opened code=/nZMMTIJSEP current_tx=ZMMTIJSEP
11:28:03 [INFO] core.sap_client — phase2_ready — txtGV_HU confirmed
11:28:04 [INFO] core.sap_client — hu_phase2_ok hu=C1015537606 duration_ms=1001
11:28:04 [INFO] core.sap_client — setup_phase1_start
11:28:10 [INFO] core.sap_client — tx_opened code=/nZMOVEINBHU current_tx=ZMOVEINBHU
11:28:10 [INFO] core.sap_client — phase1_ready — ctxtP_HU confirmed
11:28:13 [INFO] core.sap_client — hu_phase1_duplicate hu=ELPS000083324
11:28:13 [WARNING] core.sap_client — phase2_wrong_screen hu=ELPS000083324 — re-navigating
11:28:13 [INFO] core.sap_client — setup_phase2_start
11:28:18 [INFO] core.sap_client — tx_opened code=/nZMMTIJSEP current_tx=ZMMTIJSEP
11:28:18 [INFO] core.sap_client — phase2_ready — txtGV_HU confirmed
11:28:18 [INFO] core.sap_client — hu_phase2_ok hu=ELPS000083324 duration_ms=5738
11:28:18 [INFO] core.queue_model — pallet_boundary multi_hu pallet=1 count=2 hu_codes=['C1015537606', 'ELPS000083324']
11:28:24 [INFO] core.sap_client — tx_opened code=/nSP01 current_tx=SP01
11:28:28 [INFO] core.sap_client — sp01_row_marked row=4 title=CN-CON-003_ELPS000083324_20260326185948
11:28:28 [INFO] core.sap_client — sp01_row_marked row=6 title=CN-CON-003_C1015537606_20260326183715
11:28:31 [INFO] core.sap_client — sp01_print_confirmed via=btn[25] marked=2
11:28:33 [INFO] core.sap_client — sp01_pallet_done result={'status': 'ok', 'message': 'SP01 OK — 2 spool(s) impreso(s)', 'marked': 2} hu_codes=['C1015537606', 'ELPS000083324']
11:28:33 [INFO] core.queue_model — sp01_pallet_result={'status': 'ok', 'message': 'SP01 OK — 2 spool(s) impreso(s)', 'marked': 2}
11:28:33 [INFO] core.queue_model — queue_worker_stopped
11:28:33 [INFO] core.queue_model — queue_worker_stop_requested
11:31:19 [INFO] ui.queue_window — exported_queue_to_csv path=C:/Users/LOPEZHEJ/OneDrive - Luxottica Group S.p.A/Desktop/HU SYSTEM/HU QUEUE/HUFlow_Export_20260327_112839.csv
11:32:03 [INFO] core.queue_model — new_pallet id=2
11:33:11 [INFO] core.queue_model — new_pallet id=1
11:33:23 [INFO] core.queue_model — hu_added hu=C1015537606 pallet=1 origin=ATL
11:33:38 [INFO] core.queue_model — new_pallet id=1
11:34:21 [INFO] core.queue_model — new_pallet id=1
11:34:52 [INFO] core.queue_model — new_pallet id=1
11:35:26 [INFO] core.queue_model — new_pallet id=1
11:37:02 [INFO] core.queue_model — new_pallet id=1
11:37:35 [INFO] core.queue_model — new_pallet id=1
11:39:43 [INFO] core.queue_model — new_pallet id=1
11:41:12 [INFO] core.queue_model — new_pallet id=1
11:43:12 [INFO] core.queue_model — new_pallet id=1
11:44:28 [INFO] core.queue_model — new_pallet id=1
11:50:17 [INFO] core.queue_model — hu_added hu=C1015935622 pallet=1 origin=ATL
11:50:21 [INFO] core.queue_model — new_pallet id=2
11:50:23 [INFO] core.queue_model — hu_added hu=C1015537606 pallet=2 origin=ATL
11:52:16 [INFO] core.queue_model — new_pallet id=1
11:52:29 [INFO] core.queue_model — new_pallet id=2
11:52:32 [INFO] core.queue_model — new_pallet id=1
11:52:35 [INFO] core.queue_model — hu_added hu=C1015537606 pallet=1 origin=ATL
11:52:40 [INFO] core.queue_model — hu_added hu=C1015935622 pallet=1 origin=ATL
11:52:43 [INFO] core.queue_model — new_pallet id=2
11:52:46 [WARNING] core.queue_model — hu_duplicate_scan hu=C1015935622
11:52:48 [WARNING] core.queue_model — hu_duplicate_scan hu=C1015537606
11:54:51 [INFO] core.queue_model — new_pallet id=1
11:55:01 [INFO] core.queue_model — hu_added hu=C1015537606 pallet=1 origin=ATL
11:55:03 [INFO] core.queue_model — hu_added hu=C1015935622 pallet=1 origin=ATL
11:55:06 [INFO] core.queue_model — new_pallet id=2
12:06:02 [INFO] core.queue_model — new_pallet id=1
12:06:07 [INFO] core.queue_model — hu_added hu=C1015537606 pallet=1 origin=ATL
12:07:54 [INFO] core.queue_model — new_pallet id=1
12:07:59 [INFO] core.queue_model — hu_added hu=C1015935622 pallet=1 origin=ATL
12:08:01 [INFO] core.queue_model — hu_added hu=C1015537606 pallet=1 origin=ATL
12:08:02 [INFO] core.queue_model — hu_added hu=ELPS000083324 pallet=1 origin=UNK
12:08:48 [INFO] core.queue_model — new_pallet id=1
12:08:52 [INFO] core.queue_model — hu_added hu=C1015537606 pallet=1 origin=ATL
12:09:35 [INFO] core.queue_model — new_pallet id=1
12:09:43 [INFO] core.queue_model — hu_added hu=C1015537606 pallet=1 origin=ATL
12:10:01 [INFO] core.queue_model — new_pallet id=1
12:10:19 [INFO] core.queue_model — hu_added hu=───────────────────────────────── PALLET 1 ───────────────────────────────── pallet=1 origin=UNK
12:10:24 [INFO] core.queue_model — new_pallet id=1
12:10:29 [INFO] core.queue_model — hu_added hu=C1015537606 pallet=1 origin=ATL
12:10:44 [INFO] core.queue_model — new_pallet id=1
12:11:08 [INFO] core.queue_model — new_pallet id=1
12:11:15 [INFO] core.queue_model — new_pallet id=1
12:11:19 [INFO] core.queue_model — hu_added hu=C1015537606 pallet=1 origin=ATL
12:11:22 [INFO] core.queue_model — hu_added hu=C1015935622 pallet=1 origin=ATL
12:14:16 [INFO] core.queue_model — new_pallet id=1
12:14:34 [INFO] core.queue_model — hu_added hu=T10045836129 pallet=1 origin=THA
12:14:36 [INFO] core.queue_model — hu_added hu=T10045869290 pallet=1 origin=THA
12:14:38 [INFO] core.queue_model — hu_added hu=T10045839870 pallet=1 origin=THA
12:14:38 [INFO] core.queue_model — hu_added hu=T10045862997 pallet=1 origin=THA
12:14:40 [INFO] core.queue_model — hu_added hu=T10045865355 pallet=1 origin=THA
12:14:42 [INFO] core.queue_model — hu_added hu=T10045865364 pallet=1 origin=THA
12:14:44 [INFO] core.queue_model — hu_added hu=T10045856625 pallet=1 origin=THA
12:14:50 [INFO] core.queue_model — hu_added hu=T10045864550 pallet=1 origin=THA
12:15:02 [INFO] core.queue_model — hu_added hu=TH0000255697 pallet=1 origin=UNK
12:15:04 [INFO] core.queue_model — hu_added hu=T10045839869 pallet=1 origin=THA
12:15:04 [INFO] core.queue_model — hu_added hu=T10045853642 pallet=1 origin=THA
12:15:06 [INFO] core.queue_model — hu_added hu=T10045837438 pallet=1 origin=THA
12:15:07 [INFO] core.queue_model — hu_added hu=T10045856623 pallet=1 origin=THA
12:15:08 [INFO] core.queue_model — hu_added hu=T10045850640 pallet=1 origin=THA
12:15:09 [INFO] core.queue_model — hu_added hu=T10045869378 pallet=1 origin=THA
12:15:10 [INFO] core.queue_model — hu_added hu=T10045835292 pallet=1 origin=THA
12:15:13 [INFO] core.queue_model — new_pallet id=2
12:15:45 [INFO] core.queue_model — hu_added hu=T10045831718 pallet=2 origin=THA
12:15:47 [INFO] core.queue_model — hu_added hu=T10045837389 pallet=2 origin=THA
12:15:48 [INFO] core.queue_model — hu_added hu=T10045839875 pallet=2 origin=THA
12:15:49 [INFO] core.queue_model — hu_added hu=T10045836138 pallet=2 origin=THA
12:15:50 [INFO] core.queue_model — hu_added hu=T10045864777 pallet=2 origin=THA
12:15:51 [INFO] core.queue_model — hu_added hu=T10045864548 pallet=2 origin=THA
12:15:51 [INFO] core.queue_model — hu_added hu=T10045839807 pallet=2 origin=THA
12:15:52 [INFO] core.queue_model — hu_added hu=T10045864558 pallet=2 origin=THA
12:16:00 [INFO] core.queue_model — hu_added hu=T10045864538 pallet=2 origin=THA
12:16:03 [INFO] core.queue_model — hu_added hu=T10045864507 pallet=2 origin=THA
12:16:04 [INFO] core.queue_model — hu_added hu=T10045835296 pallet=2 origin=THA
12:16:06 [INFO] core.queue_model — hu_added hu=T10045830314 pallet=2 origin=THA
12:16:06 [INFO] core.queue_model — hu_added hu=T10045836125 pallet=2 origin=THA
12:16:09 [INFO] core.queue_model — hu_added hu=T10045830346 pallet=2 origin=THA
12:16:10 [INFO] core.queue_model — hu_added hu=T10045830258 pallet=2 origin=THA
12:16:11 [INFO] core.queue_model — hu_added hu=T10045836193 pallet=2 origin=THA
12:16:16 [INFO] core.queue_model — queue_worker_started dynamic_print_mode
12:16:16 [INFO] ui.queue_window — worker_started_from_ui
12:16:16 [INFO] core.sap_client — sap_connected system=LUP user=LOPEZHJC
12:16:16 [INFO] core.queue_model — queue_worker_sap_connected
12:16:16 [INFO] core.sap_client — setup_phase1_start
12:16:22 [INFO] core.sap_client — tx_opened code=/nZMOVEINBHU current_tx=ZMOVEINBHU
12:16:22 [INFO] core.sap_client — phase1_ready — ctxtP_HU confirmed
12:16:28 [INFO] core.sap_client — hu_phase1_ok hu=T10045836129
12:16:28 [INFO] core.sap_client — setup_phase2_start
12:16:32 [INFO] core.queue_model — new_pallet id=3
12:16:34 [INFO] core.sap_client — tx_opened code=/nZMMTIJSEP current_tx=ZMMTIJSEP
12:16:34 [INFO] core.sap_client — phase2_ready — txtGV_HU confirmed
12:16:35 [INFO] core.sap_client — hu_phase2_ok hu=T10045836129 duration_ms=1384
12:16:35 [INFO] core.sap_client — setup_phase1_start
12:16:37 [INFO] core.queue_model — hu_added hu=T10045837437 pallet=3 origin=THA
12:16:38 [INFO] core.queue_model — hu_added hu=T10045856626 pallet=3 origin=THA
12:16:39 [INFO] core.queue_model — hu_added hu=T10045837366 pallet=3 origin=THA
12:16:40 [INFO] core.sap_client — tx_opened code=/nZMOVEINBHU current_tx=ZMOVEINBHU
12:16:40 [INFO] core.sap_client — phase1_ready — ctxtP_HU confirmed
12:16:41 [INFO] core.queue_model — hu_added hu=T10045835301 pallet=3 origin=THA
12:16:42 [INFO] core.queue_model — hu_added hu=T10045839871 pallet=3 origin=THA
12:16:44 [INFO] core.queue_model — hu_added hu=T10045831727 pallet=3 origin=THA
12:16:44 [INFO] core.queue_model — hu_added hu=T10045837380 pallet=3 origin=THA
12:16:44 [INFO] core.sap_client — hu_phase1_ok hu=T10045869290
12:16:45 [WARNING] core.sap_client — phase2_wrong_screen hu=T10045869290 — re-navigating
12:16:45 [INFO] core.sap_client — setup_phase2_start
12:16:50 [INFO] core.sap_client — tx_opened code=/nZMMTIJSEP current_tx=ZMMTIJSEP
12:16:50 [INFO] core.sap_client — phase2_ready — txtGV_HU confirmed
12:16:51 [INFO] core.sap_client — hu_phase2_ok hu=T10045869290 duration_ms=6249
12:16:51 [WARNING] core.sap_client — phase1_wrong_screen hu=T10045839870 — re-navigating
12:16:51 [INFO] core.sap_client — setup_phase1_start
12:16:53 [INFO] core.queue_model — hu_added hu=T10045864543 pallet=3 origin=THA
12:16:56 [INFO] core.sap_client — tx_opened code=/nZMOVEINBHU current_tx=ZMOVEINBHU
12:16:56 [INFO] core.sap_client — phase1_ready — ctxtP_HU confirmed
12:16:58 [INFO] core.queue_model — hu_added hu=T10045839856 pallet=3 origin=THA
12:17:00 [INFO] core.sap_client — hu_phase1_ok hu=T10045839870
12:17:00 [WARNING] core.sap_client — phase2_wrong_screen hu=T10045839870 — re-navigating
12:17:00 [INFO] core.sap_client — setup_phase2_start
12:17:00 [INFO] core.queue_model — hu_added hu=T10045836088 pallet=3 origin=THA
12:17:05 [INFO] core.queue_model — hu_added hu=T20000113869 pallet=3 origin=UNK
12:17:05 [INFO] core.sap_client — tx_opened code=/nZMMTIJSEP current_tx=ZMMTIJSEP
12:17:05 [INFO] core.sap_client — phase2_ready — txtGV_HU confirmed
12:17:06 [INFO] core.sap_client — hu_phase2_ok hu=T10045839870 duration_ms=6264
12:17:06 [WARNING] core.sap_client — phase1_wrong_screen hu=T10045862997 — re-navigating
12:17:06 [INFO] core.sap_client — setup_phase1_start
12:17:07 [INFO] core.queue_model — hu_added hu=T10045869289 pallet=3 origin=THA
12:17:08 [INFO] core.queue_model — hu_added hu=T10045839876 pallet=3 origin=THA
12:17:09 [INFO] core.queue_model — hu_added hu=T10045850659 pallet=3 origin=THA
12:17:10 [INFO] core.queue_model — hu_added hu=T10045853638 pallet=3 origin=THA
12:17:11 [INFO] core.sap_client — tx_opened code=/nZMOVEINBHU current_tx=ZMOVEINBHU
12:17:11 [INFO] core.sap_client — phase1_ready — ctxtP_HU confirmed
12:17:16 [INFO] core.sap_client — hu_phase1_ok hu=T10045862997
12:17:16 [WARNING] core.sap_client — phase2_wrong_screen hu=T10045862997 — re-navigating
12:17:16 [INFO] core.sap_client — setup_phase2_start
12:17:18 [INFO] core.queue_model — new_pallet id=4
12:17:20 [INFO] core.queue_model — hu_added hu=T10045836096 pallet=4 origin=THA
12:17:21 [INFO] core.sap_client — tx_opened code=/nZMMTIJSEP current_tx=ZMMTIJSEP
12:17:21 [INFO] core.sap_client — phase2_ready — txtGV_HU confirmed
12:17:22 [INFO] core.queue_model — hu_added hu=T10045869376 pallet=4 origin=THA
12:17:22 [INFO] core.sap_client — hu_phase2_ok hu=T10045862997 duration_ms=6204
12:17:22 [WARNING] core.sap_client — phase1_wrong_screen hu=T10045865355 — re-navigating
12:17:22 [INFO] core.sap_client — setup_phase1_start
12:17:22 [INFO] core.queue_model — hu_added hu=T10045836248 pallet=4 origin=THA
12:17:23 [INFO] core.queue_model — hu_added hu=T10045831720 pallet=4 origin=THA
12:17:24 [INFO] core.queue_model — hu_added hu=T10045835325 pallet=4 origin=THA
12:17:26 [INFO] core.queue_model — hu_added hu=T10045835328 pallet=4 origin=THA
12:17:26 [INFO] core.queue_model — hu_added hu=T10045836139 pallet=4 origin=THA
12:17:27 [INFO] core.queue_model — hu_added hu=T10045837387 pallet=4 origin=THA
12:17:27 [INFO] core.sap_client — tx_opened code=/nZMOVEINBHU current_tx=ZMOVEINBHU
12:17:27 [INFO] core.sap_client — phase1_ready — ctxtP_HU confirmed
12:17:32 [INFO] core.queue_model — hu_added hu=T20000147837 pallet=4 origin=UNK
12:17:32 [INFO] core.sap_client — hu_phase1_ok hu=T10045865355
12:17:32 [WARNING] core.sap_client — phase2_wrong_screen hu=T10045865355 — re-navigating
12:17:32 [INFO] core.sap_client — setup_phase2_start
12:17:32 [INFO] core.queue_model — hu_added hu=T10045831773 pallet=4 origin=THA
12:17:33 [INFO] core.queue_model — hu_added hu=T10045850657 pallet=4 origin=THA
12:17:35 [INFO] core.queue_model — hu_added hu=T10045850656 pallet=4 origin=THA
12:17:35 [INFO] core.queue_model — hu_added hu=T10045863013 pallet=4 origin=THA
12:17:36 [INFO] core.queue_model — hu_added hu=T10045865319 pallet=4 origin=THA
12:17:37 [INFO] core.sap_client — tx_opened code=/nZMMTIJSEP current_tx=ZMMTIJSEP
12:17:37 [INFO] core.sap_client — phase2_ready — txtGV_HU confirmed
12:17:38 [INFO] core.queue_model — hu_added hu=T10045865318 pallet=4 origin=THA
12:17:38 [INFO] core.sap_client — hu_phase2_ok hu=T10045865355 duration_ms=6121
12:17:38 [WARNING] core.sap_client — phase1_wrong_screen hu=T10045865364 — re-navigating
12:17:38 [INFO] core.sap_client — setup_phase1_start
12:17:39 [INFO] core.queue_model — new_pallet id=5
12:17:42 [INFO] core.queue_model — hu_added hu=T10045864805 pallet=5 origin=THA
12:17:43 [INFO] core.queue_model — hu_added hu=T10045830309 pallet=5 origin=THA
12:17:43 [INFO] core.sap_client — tx_opened code=/nZMOVEINBHU current_tx=ZMOVEINBHU
12:17:43 [INFO] core.sap_client — phase1_ready — ctxtP_HU confirmed
12:17:44 [INFO] core.queue_model — hu_added hu=T10045864505 pallet=5 origin=THA
12:17:46 [INFO] core.queue_model — hu_added hu=T10045864561 pallet=5 origin=THA
12:17:46 [INFO] core.queue_model — hu_added hu=T10045864842 pallet=5 origin=THA
12:17:47 [INFO] core.sap_client — hu_phase1_ok hu=T10045865364
12:17:47 [WARNING] core.sap_client — phase2_wrong_screen hu=T10045865364 — re-navigating
12:17:47 [INFO] core.sap_client — setup_phase2_start
12:17:47 [INFO] core.queue_model — hu_added hu=T10045864843 pallet=5 origin=THA
12:17:49 [INFO] core.queue_model — hu_added hu=T10045835293 pallet=5 origin=THA
12:17:50 [INFO] core.queue_model — hu_added hu=T10045831782 pallet=5 origin=THA
12:17:52 [INFO] core.sap_client — tx_opened code=/nZMMTIJSEP current_tx=ZMMTIJSEP
12:17:52 [INFO] core.sap_client — phase2_ready — txtGV_HU confirmed
12:17:53 [INFO] core.sap_client — hu_phase2_ok hu=T10045865364 duration_ms=6194
12:17:53 [WARNING] core.sap_client — phase1_wrong_screen hu=T10045856625 — re-navigating
12:17:53 [INFO] core.sap_client — setup_phase1_start
12:17:55 [INFO] core.queue_model — hu_added hu=T10045864560 pallet=5 origin=THA
12:17:58 [INFO] core.sap_client — tx_opened code=/nZMOVEINBHU current_tx=ZMOVEINBHU
12:17:58 [INFO] core.sap_client — phase1_ready — ctxtP_HU confirmed
12:18:02 [INFO] core.sap_client — hu_phase1_ok hu=T10045856625
12:18:02 [WARNING] core.sap_client — phase2_wrong_screen hu=T10045856625 — re-navigating
12:18:02 [INFO] core.sap_client — setup_phase2_start
12:18:07 [INFO] core.sap_client — tx_opened code=/nZMMTIJSEP current_tx=ZMMTIJSEP
12:18:07 [INFO] core.sap_client — phase2_ready — txtGV_HU confirmed
12:18:08 [INFO] core.sap_client — hu_phase2_ok hu=T10045856625 duration_ms=6105
12:18:08 [WARNING] core.sap_client — phase1_wrong_screen hu=T10045864550 — re-navigating
12:18:08 [INFO] core.sap_client — setup_phase1_start
12:18:13 [INFO] core.sap_client — tx_opened code=/nZMOVEINBHU current_tx=ZMOVEINBHU
12:18:13 [INFO] core.sap_client — phase1_ready — ctxtP_HU confirmed
12:18:18 [INFO] core.sap_client — hu_phase1_ok hu=T10045864550
12:18:18 [WARNING] core.sap_client — phase2_wrong_screen hu=T10045864550 — re-navigating
12:18:18 [INFO] core.sap_client — setup_phase2_start
12:18:23 [INFO] core.sap_client — tx_opened code=/nZMMTIJSEP current_tx=ZMMTIJSEP
12:18:23 [INFO] core.sap_client — phase2_ready — txtGV_HU confirmed
12:18:24 [INFO] core.sap_client — hu_phase2_ok hu=T10045864550 duration_ms=6160
12:18:24 [WARNING] core.sap_client — phase1_wrong_screen hu=TH0000255697 — re-navigating
12:18:24 [INFO] core.sap_client — setup_phase1_start
12:18:27 [INFO] core.queue_model — hu_added hu=T10045839808 pallet=5 origin=THA
12:18:29 [INFO] core.queue_model — hu_added hu=T10045864806 pallet=5 origin=THA
12:18:30 [INFO] core.sap_client — tx_opened code=/nZMOVEINBHU current_tx=ZMOVEINBHU
12:18:30 [INFO] core.sap_client — phase1_ready — ctxtP_HU confirmed
12:18:30 [INFO] core.queue_model — hu_added hu=T10045836091 pallet=5 origin=THA
12:18:31 [INFO] core.queue_model — hu_added hu=T10045865363 pallet=5 origin=THA
12:18:32 [WARNING] core.queue_model — hu_duplicate_scan hu=T10045864560
12:18:33 [INFO] core.sap_client — hu_phase1_ok hu=TH0000255697
12:18:33 [WARNING] core.sap_client — phase2_wrong_screen hu=TH0000255697 — re-navigating
12:18:33 [INFO] core.sap_client — setup_phase2_start
12:18:34 [INFO] core.queue_model — hu_added hu=T10045839855 pallet=5 origin=THA
12:18:35 [INFO] core.queue_model — hu_added hu=T10045837436 pallet=5 origin=THA
12:18:36 [INFO] core.queue_model — hu_added hu=T10045839857 pallet=5 origin=THA
12:18:38 [INFO] core.queue_model — new_pallet id=6
12:18:38 [INFO] core.sap_client — tx_opened code=/nZMMTIJSEP current_tx=ZMMTIJSEP
12:18:38 [INFO] core.sap_client — phase2_ready — txtGV_HU confirmed
12:18:39 [INFO] core.sap_client — hu_phase2_ok hu=TH0000255697 duration_ms=6007
12:18:39 [WARNING] core.sap_client — phase1_wrong_screen hu=T10045839869 — re-navigating
12:18:39 [INFO] core.sap_client — setup_phase1_start
12:18:44 [INFO] core.sap_client — tx_opened code=/nZMOVEINBHU current_tx=ZMOVEINBHU
12:18:44 [INFO] core.sap_client — phase1_ready — ctxtP_HU confirmed
12:18:45 [INFO] core.queue_model — hu_added hu=T10045850664 pallet=6 origin=THA
12:18:46 [INFO] core.queue_model — hu_added hu=T10045831725 pallet=6 origin=THA
12:18:46 [INFO] core.queue_model — hu_added hu=T10045850663 pallet=6 origin=THA
12:18:48 [INFO] core.queue_model — hu_added hu=T10045850660 pallet=6 origin=THA
12:18:48 [INFO] core.sap_client — hu_phase1_ok hu=T10045839869
12:18:48 [WARNING] core.sap_client — phase2_wrong_screen hu=T10045839869 — re-navigating
12:18:48 [INFO] core.sap_client — setup_phase2_start
12:18:49 [INFO] core.queue_model — hu_added hu=T10045830338 pallet=6 origin=THA
12:18:50 [INFO] core.queue_model — hu_added hu=T10045850662 pallet=6 origin=THA
12:18:50 [INFO] core.queue_model — hu_added hu=T10045869288 pallet=6 origin=THA
12:18:51 [INFO] core.queue_model — hu_added hu=T10045830339 pallet=6 origin=THA
12:18:53 [INFO] core.sap_client — tx_opened code=/nZMMTIJSEP current_tx=ZMMTIJSEP
12:18:53 [INFO] core.sap_client — phase2_ready — txtGV_HU confirmed
12:18:54 [INFO] core.sap_client — hu_phase2_ok hu=T10045839869 duration_ms=5818
12:18:54 [WARNING] core.sap_client — phase1_wrong_screen hu=T10045853642 — re-navigating
12:18:54 [INFO] core.sap_client — setup_phase1_start
12:18:55 [INFO] core.queue_model — hu_added hu=T10045836134 pallet=6 origin=THA
12:18:57 [INFO] core.queue_model — hu_added hu=T10045837388 pallet=6 origin=THA
12:18:57 [INFO] core.queue_model — hu_added hu=T10045850658 pallet=6 origin=THA
12:18:58 [INFO] core.queue_model — hu_added hu=T10045830340 pallet=6 origin=THA
12:18:59 [INFO] core.sap_client — tx_opened code=/nZMOVEINBHU current_tx=ZMOVEINBHU
12:18:59 [INFO] core.sap_client — phase1_ready — ctxtP_HU confirmed
12:18:59 [INFO] core.queue_model — hu_added hu=T10045830344 pallet=6 origin=THA
12:19:01 [INFO] core.queue_model — hu_added hu=T10045836253 pallet=6 origin=THA
12:19:02 [INFO] core.queue_model — hu_added hu=T10045835297 pallet=6 origin=THA
12:19:03 [INFO] core.sap_client — hu_phase1_ok hu=T10045853642
12:19:03 [WARNING] core.sap_client — phase2_wrong_screen hu=T10045853642 — re-navigating
12:19:03 [INFO] core.sap_client — setup_phase2_start
12:19:04 [INFO] core.queue_model — new_pallet id=7
12:19:08 [INFO] core.queue_model — hu_added hu=T10045839840 pallet=7 origin=THA
12:19:08 [INFO] core.sap_client — tx_opened code=/nZMMTIJSEP current_tx=ZMMTIJSEP
12:19:09 [INFO] core.sap_client — phase2_ready — txtGV_HU confirmed
12:19:09 [INFO] core.queue_model — hu_added hu=T10045856624 pallet=7 origin=THA
12:19:09 [INFO] core.sap_client — hu_phase2_ok hu=T10045853642 duration_ms=6213
12:19:09 [WARNING] core.sap_client — phase1_wrong_screen hu=T10045837438 — re-navigating
12:19:09 [INFO] core.sap_client — setup_phase1_start
12:19:10 [INFO] core.queue_model — hu_added hu=T10045863001 pallet=7 origin=THA
12:19:11 [INFO] core.queue_model — hu_added hu=T10045856627 pallet=7 origin=THA
12:19:12 [INFO] core.queue_model — hu_added hu=T10045865358 pallet=7 origin=THA
12:19:13 [INFO] core.queue_model — hu_added hu=T10045869263 pallet=7 origin=THA
12:19:14 [INFO] core.queue_model — hu_added hu=T10045836141 pallet=7 origin=THA
12:19:15 [INFO] core.sap_client — tx_opened code=/nZMOVEINBHU current_tx=ZMOVEINBHU
12:19:15 [INFO] core.sap_client — phase1_ready — ctxtP_HU confirmed
12:19:15 [INFO] core.queue_model — hu_added hu=T10045836117 pallet=7 origin=THA
12:19:18 [INFO] core.sap_client — hu_phase1_ok hu=T10045837438
12:19:18 [WARNING] core.sap_client — phase2_wrong_screen hu=T10045837438 — re-navigating
12:19:18 [INFO] core.sap_client — setup_phase2_start
12:19:20 [INFO] core.queue_model — hu_added hu=T10045830259 pallet=7 origin=THA
12:19:23 [INFO] core.queue_model — hu_added hu=T10045836241 pallet=7 origin=THA
12:19:24 [INFO] core.sap_client — tx_opened code=/nZMMTIJSEP current_tx=ZMMTIJSEP
12:19:24 [INFO] core.sap_client — phase2_ready — txtGV_HU confirmed
12:19:24 [INFO] core.queue_model — hu_added hu=T10045836083 pallet=7 origin=THA
12:19:24 [INFO] core.sap_client — hu_phase2_ok hu=T10045837438 duration_ms=6090
12:19:24 [WARNING] core.sap_client — phase1_wrong_screen hu=T10045856623 — re-navigating
12:19:24 [INFO] core.sap_client — setup_phase1_start
12:19:25 [INFO] core.queue_model — hu_added hu=T10045837435 pallet=7 origin=THA
12:19:26 [INFO] core.queue_model — hu_added hu=T10045865357 pallet=7 origin=THA
12:19:28 [INFO] core.queue_model — hu_added hu=T10045850642 pallet=7 origin=THA
12:19:29 [INFO] core.queue_model — hu_added hu=T10045850639 pallet=7 origin=THA
12:19:30 [INFO] core.sap_client — tx_opened code=/nZMOVEINBHU current_tx=ZMOVEINBHU
12:19:30 [INFO] core.sap_client — phase1_ready — ctxtP_HU confirmed
12:19:31 [INFO] core.queue_model — new_pallet id=8
12:19:33 [INFO] core.queue_model — hu_added hu=T10045837439 pallet=8 origin=THA
12:19:33 [INFO] core.sap_client — hu_phase1_ok hu=T10045856623
12:19:33 [WARNING] core.sap_client — phase2_wrong_screen hu=T10045856623 — re-navigating
12:19:33 [INFO] core.sap_client — setup_phase2_start
12:19:38 [INFO] core.queue_model — hu_added hu=T10045869372 pallet=8 origin=THA
12:19:39 [INFO] core.sap_client — tx_opened code=/nZMMTIJSEP current_tx=ZMMTIJSEP
12:19:39 [INFO] core.sap_client — phase2_ready — txtGV_HU confirmed
12:19:40 [INFO] core.sap_client — hu_phase2_ok hu=T10045856623 duration_ms=6111
12:19:40 [WARNING] core.sap_client — phase1_wrong_screen hu=T10045850640 — re-navigating
12:19:40 [INFO] core.sap_client — setup_phase1_start
12:19:45 [INFO] core.sap_client — tx_opened code=/nZMOVEINBHU current_tx=ZMOVEINBHU
12:19:45 [INFO] core.sap_client — phase1_ready — ctxtP_HU confirmed
12:19:49 [INFO] core.sap_client — hu_phase1_ok hu=T10045850640
12:19:49 [WARNING] core.sap_client — phase2_wrong_screen hu=T10045850640 — re-navigating
12:19:49 [INFO] core.sap_client — setup_phase2_start
12:19:54 [INFO] core.sap_client — tx_opened code=/nZMMTIJSEP current_tx=ZMMTIJSEP
12:19:54 [INFO] core.sap_client — phase2_ready — txtGV_HU confirmed
12:19:55 [INFO] core.sap_client — hu_phase2_ok hu=T10045850640 duration_ms=6365
12:19:55 [WARNING] core.sap_client — phase1_wrong_screen hu=T10045869378 — re-navigating
12:19:55 [INFO] core.sap_client — setup_phase1_start
12:20:01 [INFO] core.sap_client — tx_opened code=/nZMOVEINBHU current_tx=ZMOVEINBHU
12:20:01 [INFO] core.sap_client — phase1_ready — ctxtP_HU confirmed
12:20:05 [INFO] core.sap_client — hu_phase1_ok hu=T10045869378
12:20:05 [WARNING] core.sap_client — phase2_wrong_screen hu=T10045869378 — re-navigating
12:20:05 [INFO] core.sap_client — setup_phase2_start
12:20:10 [INFO] core.sap_client — tx_opened code=/nZMMTIJSEP current_tx=ZMMTIJSEP
12:20:10 [INFO] core.sap_client — phase2_ready — txtGV_HU confirmed
12:20:11 [INFO] core.sap_client — hu_phase2_ok hu=T10045869378 duration_ms=6177
12:20:11 [WARNING] core.sap_client — phase1_wrong_screen hu=T10045835292 — re-navigating
12:20:11 [INFO] core.sap_client — setup_phase1_start
12:20:16 [INFO] core.sap_client — tx_opened code=/nZMOVEINBHU current_tx=ZMOVEINBHU
12:20:16 [INFO] core.sap_client — phase1_ready — ctxtP_HU confirmed
12:20:20 [INFO] core.sap_client — hu_phase1_ok hu=T10045835292
12:20:20 [WARNING] core.sap_client — phase2_wrong_screen hu=T10045835292 — re-navigating
12:20:20 [INFO] core.sap_client — setup_phase2_start
12:20:25 [INFO] core.sap_client — tx_opened code=/nZMMTIJSEP current_tx=ZMMTIJSEP
12:20:25 [INFO] core.sap_client — phase2_ready — txtGV_HU confirmed
12:20:26 [INFO] core.sap_client — hu_phase2_ok hu=T10045835292 duration_ms=6052
12:20:26 [INFO] core.queue_model — pallet_boundary multi_hu pallet=1 count=16 hu_codes=['T10045836129', 'T10045869290', 'T10045839870', 'T10045862997', 'T10045865355', 'T10045865364', 'T10045856625', 'T10045864550', 'TH0000255697', 'T10045839869', 'T10045853642', 'T10045837438', 'T10045856623', 'T10045850640', 'T10045869378', 'T10045835292']
12:20:31 [INFO] core.sap_client — tx_opened code=/nSP01 current_tx=SP01
12:20:36 [INFO] core.sap_client — sp01_row_marked row=4 title=CN-CON-003_T10045869378_20260327192010
12:20:36 [INFO] core.sap_client — sp01_row_marked row=6 title=CN-CON-003_T10045850640_20260327191955
12:20:36 [INFO] core.sap_client — sp01_row_marked row=8 title=CN-CON-003_T10045856623_20260327191939
12:20:36 [INFO] core.sap_client — sp01_row_marked row=10 title=CN-CON-003_T10045837438_20260327191924
12:20:36 [INFO] core.sap_client — sp01_row_marked row=12 title=CN-CON-003_T10045853642_20260327191909
12:20:36 [INFO] core.sap_client — sp01_row_marked row=14 title=CN-CON-003_TH0000255697_20260327191839
12:20:36 [INFO] core.sap_client — sp01_row_marked row=16 title=CN-CON-003_T10045864550_20260327191824
12:20:36 [INFO] core.sap_client — sp01_row_marked row=18 title=CN-CON-003_T10045856625_20260327191808
12:20:36 [INFO] core.sap_client — sp01_row_marked row=20 title=CN-CON-003_T10045865364_20260327191753
12:20:36 [INFO] core.sap_client — sp01_row_marked row=22 title=CN-CON-003_T10045865355_20260327191738
12:20:36 [INFO] core.sap_client — sp01_row_marked row=24 title=CN-CON-003_T10045862997_20260327191721
12:20:36 [INFO] core.sap_client — sp01_row_marked row=26 title=CN-CON-003_T10045839870_20260327191706
12:20:36 [INFO] core.sap_client — sp01_row_marked row=28 title=CN-CON-003_T10045869290_20260327191650
12:20:36 [INFO] core.sap_client — sp01_row_marked row=30 title=CN-CON-003_T10045836129_20260327191635
12:20:38 [INFO] core.sap_client — sp01_print_confirmed via=btn[25] marked=14
12:20:41 [INFO] core.sap_client — sp01_pallet_done result={'status': 'ok', 'message': 'SP01 OK — 14 spool(s) impreso(s)', 'marked': 14} hu_codes=['T10045836129', 'T10045869290', 'T10045839870', 'T10045862997', 'T10045865355', 'T10045865364', 'T10045856625', 'T10045864550', 'TH0000255697', 'T10045839869', 'T10045853642', 'T10045837438', 'T10045856623', 'T10045850640', 'T10045869378', 'T10045835292']
12:20:41 [INFO] core.queue_model — sp01_pallet_result={'status': 'ok', 'message': 'SP01 OK — 14 spool(s) impreso(s)', 'marked': 14}
12:20:41 [INFO] ui.queue_window — ui_paused_after_pallet pallet_id=1
12:22:46 [INFO] core.queue_model — queue_worker_resumed_by_ui
12:22:46 [INFO] ui.queue_window — continue_pressed_by_user
12:22:46 [INFO] core.queue_model — queue_worker_resumed_processing
12:22:46 [INFO] core.sap_client — setup_phase1_start
12:22:52 [INFO] core.sap_client — tx_opened code=/nZMOVEINBHU current_tx=ZMOVEINBHU
12:22:52 [INFO] core.sap_client — phase1_ready — ctxtP_HU confirmed
12:22:56 [INFO] core.sap_client — hu_phase1_ok hu=T10045831718
12:22:56 [INFO] core.sap_client — setup_phase2_start
12:23:01 [INFO] core.sap_client — tx_opened code=/nZMMTIJSEP current_tx=ZMMTIJSEP
12:23:01 [INFO] core.sap_client — phase2_ready — txtGV_HU confirmed
12:23:02 [INFO] core.sap_client — hu_phase2_ok hu=T10045831718 duration_ms=1001
12:23:02 [INFO] core.sap_client — setup_phase1_start
12:23:07 [INFO] core.sap_client — tx_opened code=/nZMOVEINBHU current_tx=ZMOVEINBHU
12:23:07 [INFO] core.sap_client — phase1_ready — ctxtP_HU confirmed
12:23:11 [INFO] core.sap_client — hu_phase1_ok hu=T10045837389
12:23:11 [WARNING] core.sap_client — phase2_wrong_screen hu=T10045837389 — re-navigating
12:23:11 [INFO] core.sap_client — setup_phase2_start
12:23:16 [INFO] core.sap_client — tx_opened code=/nZMMTIJSEP current_tx=ZMMTIJSEP
12:23:16 [INFO] core.sap_client — phase2_ready — txtGV_HU confirmed
12:23:17 [INFO] core.sap_client — hu_phase2_ok hu=T10045837389 duration_ms=6083
12:23:17 [WARNING] core.sap_client — phase1_wrong_screen hu=T10045839875 — re-navigating
12:23:17 [INFO] core.sap_client — setup_phase1_start
12:23:22 [INFO] core.sap_client — tx_opened code=/nZMOVEINBHU current_tx=ZMOVEINBHU
12:23:22 [INFO] core.sap_client — phase1_ready — ctxtP_HU confirmed
12:23:26 [INFO] core.sap_client — hu_phase1_ok hu=T10045839875
12:23:26 [WARNING] core.sap_client — phase2_wrong_screen hu=T10045839875 — re-navigating
12:23:26 [INFO] core.sap_client — setup_phase2_start
12:23:31 [INFO] core.sap_client — tx_opened code=/nZMMTIJSEP current_tx=ZMMTIJSEP
12:23:31 [INFO] core.sap_client — phase2_ready — txtGV_HU confirmed
12:23:32 [INFO] core.sap_client — hu_phase2_ok hu=T10045839875 duration_ms=6176
12:23:32 [WARNING] core.sap_client — phase1_wrong_screen hu=T10045836138 — re-navigating
12:23:32 [INFO] core.sap_client — setup_phase1_start
12:23:37 [INFO] core.sap_client — tx_opened code=/nZMOVEINBHU current_tx=ZMOVEINBHU
12:23:37 [INFO] core.sap_client — phase1_ready — ctxtP_HU confirmed
12:23:43 [INFO] core.sap_client — hu_phase1_ok hu=T10045836138
12:23:43 [WARNING] core.sap_client — phase2_wrong_screen hu=T10045836138 — re-navigating
12:23:43 [INFO] core.sap_client — setup_phase2_start
12:23:48 [INFO] core.sap_client — tx_opened code=/nZMMTIJSEP current_tx=ZMMTIJSEP
12:23:48 [INFO] core.sap_client — phase2_ready — txtGV_HU confirmed
12:23:49 [INFO] core.sap_client — hu_phase2_ok hu=T10045836138 duration_ms=6173
12:23:49 [WARNING] core.sap_client — phase1_wrong_screen hu=T10045864777 — re-navigating
12:23:49 [INFO] core.sap_client — setup_phase1_start
12:23:54 [INFO] core.sap_client — tx_opened code=/nZMOVEINBHU current_tx=ZMOVEINBHU
12:23:54 [INFO] core.sap_client — phase1_ready — ctxtP_HU confirmed
12:23:57 [INFO] core.sap_client — hu_phase1_ok hu=T10045864777
12:23:57 [WARNING] core.sap_client — phase2_wrong_screen hu=T10045864777 — re-navigating
12:23:57 [INFO] core.sap_client — setup_phase2_start
12:24:03 [INFO] core.sap_client — tx_opened code=/nZMMTIJSEP current_tx=ZMMTIJSEP
12:24:03 [INFO] core.sap_client — phase2_ready — txtGV_HU confirmed
12:24:04 [INFO] core.sap_client — hu_phase2_ok hu=T10045864777 duration_ms=6168
12:24:04 [WARNING] core.sap_client — phase1_wrong_screen hu=T10045864548 — re-navigating
12:24:04 [INFO] core.sap_client — setup_phase1_start
12:24:09 [INFO] core.sap_client — tx_opened code=/nZMOVEINBHU current_tx=ZMOVEINBHU
12:24:09 [INFO] core.sap_client — phase1_ready — ctxtP_HU confirmed
12:24:14 [INFO] core.sap_client — hu_phase1_ok hu=T10045864548
12:24:14 [WARNING] core.sap_client — phase2_wrong_screen hu=T10045864548 — re-navigating
12:24:14 [INFO] core.sap_client — setup_phase2_start
12:24:20 [INFO] core.sap_client — tx_opened code=/nZMMTIJSEP current_tx=ZMMTIJSEP
12:24:20 [INFO] core.sap_client — phase2_ready — txtGV_HU confirmed
12:24:21 [INFO] core.sap_client — hu_phase2_ok hu=T10045864548 duration_ms=6308
12:24:21 [WARNING] core.sap_client — phase1_wrong_screen hu=T10045839807 — re-navigating
12:24:21 [INFO] core.sap_client — setup_phase1_start
12:24:21 [INFO] core.queue_model — new_pallet id=9
12:24:23 [INFO] core.queue_model — hu_added hu=TH0000257146 pallet=9 origin=UNK
12:24:24 [INFO] core.queue_model — hu_added hu=TH0000257123 pallet=9 origin=UNK
12:24:25 [INFO] core.queue_model — hu_added hu=TH0000257124 pallet=9 origin=UNK
12:24:26 [INFO] core.sap_client — tx_opened code=/nZMOVEINBHU current_tx=ZMOVEINBHU
12:24:26 [INFO] core.sap_client — phase1_ready — ctxtP_HU confirmed
12:24:30 [INFO] core.sap_client — hu_phase1_ok hu=T10045839807
12:24:30 [WARNING] core.sap_client — phase2_wrong_screen hu=T10045839807 — re-navigating
12:24:30 [INFO] core.sap_client — setup_phase2_start
12:24:35 [INFO] core.sap_client — tx_opened code=/nZMMTIJSEP current_tx=ZMMTIJSEP
12:24:35 [INFO] core.sap_client — phase2_ready — txtGV_HU confirmed
12:24:36 [INFO] core.sap_client — hu_phase2_ok hu=T10045839807 duration_ms=6297
12:24:36 [WARNING] core.sap_client — phase1_wrong_screen hu=T10045864558 — re-navigating
12:24:36 [INFO] core.sap_client — setup_phase1_start
12:24:41 [INFO] core.sap_client — tx_opened code=/nZMOVEINBHU current_tx=ZMOVEINBHU
12:24:41 [INFO] core.sap_client — phase1_ready — ctxtP_HU confirmed
12:24:46 [INFO] core.sap_client — hu_phase1_ok hu=T10045864558
12:24:46 [WARNING] core.sap_client — phase2_wrong_screen hu=T10045864558 — re-navigating
12:24:46 [INFO] core.sap_client — setup_phase2_start
12:24:51 [INFO] core.sap_client — tx_opened code=/nZMMTIJSEP current_tx=ZMMTIJSEP
12:24:51 [INFO] core.sap_client — phase2_ready — txtGV_HU confirmed
12:24:52 [INFO] core.sap_client — hu_phase2_ok hu=T10045864558 duration_ms=6168
12:24:52 [WARNING] core.sap_client — phase1_wrong_screen hu=T10045864538 — re-navigating
12:24:52 [INFO] core.sap_client — setup_phase1_start
12:24:57 [INFO] core.sap_client — tx_opened code=/nZMOVEINBHU current_tx=ZMOVEINBHU
12:24:58 [INFO] core.sap_client — phase1_ready — ctxtP_HU confirmed
12:25:01 [INFO] core.sap_client — hu_phase1_ok hu=T10045864538
12:25:01 [WARNING] core.sap_client — phase2_wrong_screen hu=T10045864538 — re-navigating
12:25:01 [INFO] core.sap_client — setup_phase2_start
12:25:06 [INFO] core.sap_client — tx_opened code=/nZMMTIJSEP current_tx=ZMMTIJSEP
12:25:06 [INFO] core.sap_client — phase2_ready — txtGV_HU confirmed
12:25:08 [INFO] core.sap_client — hu_phase2_ok hu=T10045864538 duration_ms=6980
12:25:08 [WARNING] core.sap_client — phase1_wrong_screen hu=T10045864507 — re-navigating
12:25:08 [INFO] core.sap_client — setup_phase1_start
12:25:13 [INFO] core.sap_client — tx_opened code=/nZMOVEINBHU current_tx=ZMOVEINBHU
12:25:13 [INFO] core.sap_client — phase1_ready — ctxtP_HU confirmed
12:25:17 [INFO] core.sap_client — hu_phase1_ok hu=T10045864507
12:25:17 [WARNING] core.sap_client — phase2_wrong_screen hu=T10045864507 — re-navigating
12:25:17 [INFO] core.sap_client — setup_phase2_start
12:25:22 [INFO] core.sap_client — tx_opened code=/nZMMTIJSEP current_tx=ZMMTIJSEP
12:25:22 [INFO] core.sap_client — phase2_ready — txtGV_HU confirmed
12:25:23 [INFO] core.sap_client — hu_phase2_ok hu=T10045864507 duration_ms=6098
12:25:23 [WARNING] core.sap_client — phase1_wrong_screen hu=T10045835296 — re-navigating
12:25:23 [INFO] core.sap_client — setup_phase1_start
12:25:29 [INFO] core.sap_client — tx_opened code=/nZMOVEINBHU current_tx=ZMOVEINBHU
12:25:29 [INFO] core.sap_client — phase1_ready — ctxtP_HU confirmed
12:25:33 [INFO] core.sap_client — hu_phase1_ok hu=T10045835296
12:25:33 [WARNING] core.sap_client — phase2_wrong_screen hu=T10045835296 — re-navigating
12:25:33 [INFO] core.sap_client — setup_phase2_start
12:25:38 [INFO] core.sap_client — tx_opened code=/nZMMTIJSEP current_tx=ZMMTIJSEP
12:25:38 [INFO] core.sap_client — phase2_ready — txtGV_HU confirmed
12:25:39 [INFO] core.sap_client — hu_phase2_ok hu=T10045835296 duration_ms=6280
12:25:39 [WARNING] core.sap_client — phase1_wrong_screen hu=T10045830314 — re-navigating
12:25:39 [INFO] core.sap_client — setup_phase1_start
12:25:45 [INFO] core.sap_client — tx_opened code=/nZMOVEINBHU current_tx=ZMOVEINBHU
12:25:45 [INFO] core.sap_client — phase1_ready — ctxtP_HU confirmed
12:25:49 [INFO] core.sap_client — hu_phase1_ok hu=T10045830314
12:25:49 [WARNING] core.sap_client — phase2_wrong_screen hu=T10045830314 — re-navigating
12:25:49 [INFO] core.sap_client — setup_phase2_start
12:25:54 [INFO] core.sap_client — tx_opened code=/nZMMTIJSEP current_tx=ZMMTIJSEP
12:25:54 [INFO] core.sap_client — phase2_ready — txtGV_HU confirmed
12:25:55 [INFO] core.sap_client — hu_phase2_ok hu=T10045830314 duration_ms=6165
12:25:55 [WARNING] core.sap_client — phase1_wrong_screen hu=T10045836125 — re-navigating
12:25:55 [INFO] core.sap_client — setup_phase1_start
12:26:00 [INFO] core.sap_client — tx_opened code=/nZMOVEINBHU current_tx=ZMOVEINBHU
12:26:00 [INFO] core.sap_client — phase1_ready — ctxtP_HU confirmed
12:26:04 [INFO] core.sap_client — hu_phase1_ok hu=T10045836125
12:26:04 [WARNING] core.sap_client — phase2_wrong_screen hu=T10045836125 — re-navigating
12:26:04 [INFO] core.sap_client — setup_phase2_start
12:26:10 [INFO] core.sap_client — tx_opened code=/nZMMTIJSEP current_tx=ZMMTIJSEP
12:26:10 [INFO] core.sap_client — phase2_ready — txtGV_HU confirmed
12:26:10 [INFO] core.sap_client — hu_phase2_ok hu=T10045836125 duration_ms=6071
12:26:10 [WARNING] core.sap_client — phase1_wrong_screen hu=T10045830346 — re-navigating
12:26:10 [INFO] core.sap_client — setup_phase1_start
12:26:16 [INFO] core.sap_client — tx_opened code=/nZMOVEINBHU current_tx=ZMOVEINBHU
12:26:16 [INFO] core.sap_client — phase1_ready — ctxtP_HU confirmed
12:26:20 [INFO] core.sap_client — hu_phase1_ok hu=T10045830346
12:26:20 [WARNING] core.sap_client — phase2_wrong_screen hu=T10045830346 — re-navigating
12:26:20 [INFO] core.sap_client — setup_phase2_start
12:26:25 [INFO] core.sap_client — tx_opened code=/nZMMTIJSEP current_tx=ZMMTIJSEP
12:26:25 [INFO] core.sap_client — phase2_ready — txtGV_HU confirmed
12:26:26 [INFO] core.sap_client — hu_phase2_ok hu=T10045830346 duration_ms=6171
12:26:26 [WARNING] core.sap_client — phase1_wrong_screen hu=T10045830258 — re-navigating
12:26:26 [INFO] core.sap_client — setup_phase1_start
12:26:31 [INFO] core.sap_client — tx_opened code=/nZMOVEINBHU current_tx=ZMOVEINBHU
12:26:31 [INFO] core.sap_client — phase1_ready — ctxtP_HU confirmed
12:26:36 [INFO] core.sap_client — hu_phase1_ok hu=T10045830258
12:26:36 [WARNING] core.sap_client — phase2_wrong_screen hu=T10045830258 — re-navigating
12:26:36 [INFO] core.sap_client — setup_phase2_start
12:26:41 [INFO] core.sap_client — tx_opened code=/nZMMTIJSEP current_tx=ZMMTIJSEP
12:26:41 [INFO] core.sap_client — phase2_ready — txtGV_HU confirmed
12:26:42 [INFO] core.sap_client — hu_phase2_ok hu=T10045830258 duration_ms=6163
12:26:42 [WARNING] core.sap_client — phase1_wrong_screen hu=T10045836193 — re-navigating
12:26:42 [INFO] core.sap_client — setup_phase1_start
12:26:47 [INFO] core.sap_client — tx_opened code=/nZMOVEINBHU current_tx=ZMOVEINBHU
12:26:47 [INFO] core.sap_client — phase1_ready — ctxtP_HU confirmed
12:26:51 [INFO] core.sap_client — hu_phase1_ok hu=T10045836193
12:26:51 [WARNING] core.sap_client — phase2_wrong_screen hu=T10045836193 — re-navigating
12:26:51 [INFO] core.sap_client — setup_phase2_start
12:26:57 [INFO] core.sap_client — tx_opened code=/nZMMTIJSEP current_tx=ZMMTIJSEP
12:26:57 [INFO] core.sap_client — phase2_ready — txtGV_HU confirmed
12:26:57 [INFO] core.sap_client — hu_phase2_ok hu=T10045836193 duration_ms=6102
12:26:57 [INFO] core.queue_model — pallet_boundary multi_hu pallet=2 count=16 hu_codes=['T10045831718', 'T10045837389', 'T10045839875', 'T10045836138', 'T10045864777', 'T10045864548', 'T10045839807', 'T10045864558', 'T10045864538', 'T10045864507', 'T10045835296', 'T10045830314', 'T10045836125', 'T10045830346', 'T10045830258', 'T10045836193']
12:27:03 [INFO] core.sap_client — tx_opened code=/nSP01 current_tx=SP01
12:27:07 [INFO] core.sap_client — sp01_row_marked row=4 title=CN-CON-003_T10045830258_20260327192641
12:27:07 [INFO] core.sap_client — sp01_row_marked row=6 title=CN-CON-003_T10045830346_20260327192626
12:27:08 [INFO] core.sap_client — sp01_row_marked row=14 title=CN-CON-003_T10045836125_20260327192610
12:27:08 [INFO] core.sap_client — sp01_row_marked row=16 title=CN-CON-003_T10045830314_20260327192555
12:27:08 [INFO] core.sap_client — sp01_row_marked row=18 title=CN-CON-003_T10045835296_20260327192539
12:27:08 [INFO] core.sap_client — sp01_row_marked row=20 title=CN-CON-003_T10045864507_20260327192523
12:27:08 [INFO] core.sap_client — sp01_row_marked row=22 title=CN-CON-003_T10045864538_20260327192507
12:27:08 [INFO] core.sap_client — sp01_row_marked row=24 title=CN-CON-003_T10045864558_20260327192452
12:27:08 [INFO] core.sap_client — sp01_row_marked row=26 title=CN-CON-003_T10045839807_20260327192436
12:27:08 [INFO] core.sap_client — sp01_row_marked row=28 title=CN-CON-003_T10045864548_20260327192420
12:27:08 [INFO] core.sap_client — sp01_row_marked row=30 title=CN-CON-003_T10045864777_20260327192403
12:27:08 [INFO] core.sap_client — sp01_row_marked row=32 title=CN-CON-003_T10045836138_20260327192348
12:27:08 [INFO] core.sap_client — sp01_row_marked row=34 title=CN-CON-003_T10045839875_20260327192332
12:27:08 [INFO] core.sap_client — sp01_row_marked row=36 title=CN-CON-003_T10045837389_20260327192316
12:27:08 [INFO] core.sap_client — sp01_row_marked row=38 title=CN-CON-003_T10045831718_20260327192301
12:27:10 [INFO] core.sap_client — sp01_print_confirmed via=btn[25] marked=15
12:27:12 [INFO] core.sap_client — sp01_pallet_done result={'status': 'ok', 'message': 'SP01 OK — 15 spool(s) impreso(s)', 'marked': 15} hu_codes=['T10045831718', 'T10045837389', 'T10045839875', 'T10045836138', 'T10045864777', 'T10045864548', 'T10045839807', 'T10045864558', 'T10045864538', 'T10045864507', 'T10045835296', 'T10045830314', 'T10045836125', 'T10045830346', 'T10045830258', 'T10045836193']
12:27:12 [INFO] core.queue_model — sp01_pallet_result={'status': 'ok', 'message': 'SP01 OK — 15 spool(s) impreso(s)', 'marked': 15}
12:27:12 [INFO] ui.queue_window — ui_paused_after_pallet pallet_id=2
12:32:19 [INFO] core.queue_model — queue_worker_resumed_by_ui
12:32:19 [INFO] ui.queue_window — continue_pressed_by_user
12:32:19 [INFO] core.queue_model — queue_worker_resumed_processing
12:32:19 [INFO] core.sap_client — setup_phase1_start
12:32:25 [INFO] core.sap_client — tx_opened code=/nZMOVEINBHU current_tx=ZMOVEINBHU
12:32:25 [INFO] core.sap_client — phase1_ready — ctxtP_HU confirmed
12:32:29 [INFO] core.sap_client — hu_phase1_ok hu=T10045837437
12:32:29 [INFO] core.sap_client — setup_phase2_start
12:32:34 [INFO] core.sap_client — tx_opened code=/nZMMTIJSEP current_tx=ZMMTIJSEP
12:32:34 [INFO] core.sap_client — phase2_ready — txtGV_HU confirmed
12:32:35 [INFO] core.sap_client — hu_phase2_ok hu=T10045837437 duration_ms=1001
12:32:35 [INFO] core.sap_client — setup_phase1_start
12:32:40 [INFO] core.sap_client — tx_opened code=/nZMOVEINBHU current_tx=ZMOVEINBHU
12:32:40 [INFO] core.sap_client — phase1_ready — ctxtP_HU confirmed
12:32:44 [INFO] core.sap_client — hu_phase1_ok hu=T10045856626
12:32:44 [WARNING] core.sap_client — phase2_wrong_screen hu=T10045856626 — re-navigating
12:32:44 [INFO] core.sap_client — setup_phase2_start
12:32:49 [INFO] core.sap_client — tx_opened code=/nZMMTIJSEP current_tx=ZMMTIJSEP
12:32:49 [INFO] core.sap_client — phase2_ready — txtGV_HU confirmed
12:32:50 [INFO] core.sap_client — hu_phase2_ok hu=T10045856626 duration_ms=6216
12:32:50 [WARNING] core.sap_client — phase1_wrong_screen hu=T10045837366 — re-navigating
12:32:50 [INFO] core.sap_client — setup_phase1_start
12:32:56 [INFO] core.sap_client — tx_opened code=/nZMOVEINBHU current_tx=ZMOVEINBHU
12:32:56 [INFO] core.sap_client — phase1_ready — ctxtP_HU confirmed
12:32:59 [INFO] core.sap_client — hu_phase1_ok hu=T10045837366
12:32:59 [WARNING] core.sap_client — phase2_wrong_screen hu=T10045837366 — re-navigating
12:32:59 [INFO] core.sap_client — setup_phase2_start
12:33:05 [INFO] core.sap_client — tx_opened code=/nZMMTIJSEP current_tx=ZMMTIJSEP
12:33:05 [INFO] core.sap_client — phase2_ready — txtGV_HU confirmed
12:33:06 [INFO] core.sap_client — hu_phase2_ok hu=T10045837366 duration_ms=6288
12:33:06 [WARNING] core.sap_client — phase1_wrong_screen hu=T10045835301 — re-navigating
12:33:06 [INFO] core.sap_client — setup_phase1_start
12:33:11 [INFO] core.sap_client — tx_opened code=/nZMOVEINBHU current_tx=ZMOVEINBHU
12:33:11 [INFO] core.sap_client — phase1_ready — ctxtP_HU confirmed
12:33:16 [INFO] core.sap_client — hu_phase1_ok hu=T10045835301
12:33:16 [WARNING] core.sap_client — phase2_wrong_screen hu=T10045835301 — re-navigating
12:33:16 [INFO] core.sap_client — setup_phase2_start
12:33:21 [INFO] core.sap_client — tx_opened code=/nZMMTIJSEP current_tx=ZMMTIJSEP
12:33:21 [INFO] core.sap_client — phase2_ready — txtGV_HU confirmed
12:33:22 [INFO] core.sap_client — hu_phase2_ok hu=T10045835301 duration_ms=6328
12:33:22 [WARNING] core.sap_client — phase1_wrong_screen hu=T10045839871 — re-navigating
12:33:22 [INFO] core.sap_client — setup_phase1_start
12:33:27 [INFO] core.sap_client — tx_opened code=/nZMOVEINBHU current_tx=ZMOVEINBHU
12:33:27 [INFO] core.sap_client — phase1_ready — ctxtP_HU confirmed
12:33:31 [INFO] core.sap_client — hu_phase1_ok hu=T10045839871
12:33:31 [WARNING] core.sap_client — phase2_wrong_screen hu=T10045839871 — re-navigating
12:33:31 [INFO] core.sap_client — setup_phase2_start
12:33:37 [INFO] core.sap_client — tx_opened code=/nZMMTIJSEP current_tx=ZMMTIJSEP
12:33:37 [INFO] core.sap_client — phase2_ready — txtGV_HU confirmed
12:33:38 [INFO] core.sap_client — hu_phase2_ok hu=T10045839871 duration_ms=6241
12:33:38 [WARNING] core.sap_client — phase1_wrong_screen hu=T10045831727 — re-navigating
12:33:38 [INFO] core.sap_client — setup_phase1_start
12:33:43 [INFO] core.sap_client — tx_opened code=/nZMOVEINBHU current_tx=ZMOVEINBHU
12:33:43 [INFO] core.sap_client — phase1_ready — ctxtP_HU confirmed
12:33:47 [INFO] core.sap_client — hu_phase1_ok hu=T10045831727
12:33:47 [WARNING] core.sap_client — phase2_wrong_screen hu=T10045831727 — re-navigating
12:33:47 [INFO] core.sap_client — setup_phase2_start
12:33:52 [INFO] core.sap_client — tx_opened code=/nZMMTIJSEP current_tx=ZMMTIJSEP
12:33:52 [INFO] core.sap_client — phase2_ready — txtGV_HU confirmed
12:33:53 [INFO] core.sap_client — hu_phase2_ok hu=T10045831727 duration_ms=6145
12:33:53 [WARNING] core.sap_client — phase1_wrong_screen hu=T10045837380 — re-navigating
12:33:53 [INFO] core.sap_client — setup_phase1_start
12:33:58 [INFO] core.sap_client — tx_opened code=/nZMOVEINBHU current_tx=ZMOVEINBHU
12:33:58 [INFO] core.sap_client — phase1_ready — ctxtP_HU confirmed
12:34:02 [INFO] core.sap_client — hu_phase1_ok hu=T10045837380
12:34:02 [WARNING] core.sap_client — phase2_wrong_screen hu=T10045837380 — re-navigating
12:34:02 [INFO] core.sap_client — setup_phase2_start
12:34:08 [INFO] core.sap_client — tx_opened code=/nZMMTIJSEP current_tx=ZMMTIJSEP
12:34:08 [INFO] core.sap_client — phase2_ready — txtGV_HU confirmed
12:34:09 [INFO] core.sap_client — hu_phase2_ok hu=T10045837380 duration_ms=6181
12:34:09 [WARNING] core.sap_client — phase1_wrong_screen hu=T10045864543 — re-navigating
12:34:09 [INFO] core.sap_client — setup_phase1_start
12:34:14 [INFO] core.sap_client — tx_opened code=/nZMOVEINBHU current_tx=ZMOVEINBHU
12:34:14 [INFO] core.sap_client — phase1_ready — ctxtP_HU confirmed
12:34:18 [INFO] core.sap_client — hu_phase1_ok hu=T10045864543
12:34:18 [WARNING] core.sap_client — phase2_wrong_screen hu=T10045864543 — re-navigating
12:34:18 [INFO] core.sap_client — setup_phase2_start
12:34:24 [INFO] core.sap_client — tx_opened code=/nZMMTIJSEP current_tx=ZMMTIJSEP
12:34:24 [INFO] core.sap_client — phase2_ready — txtGV_HU confirmed
12:34:25 [INFO] core.sap_client — hu_phase2_ok hu=T10045864543 duration_ms=6241
12:34:25 [WARNING] core.sap_client — phase1_wrong_screen hu=T10045839856 — re-navigating
12:34:25 [INFO] core.sap_client — setup_phase1_start
12:34:30 [INFO] core.sap_client — tx_opened code=/nZMOVEINBHU current_tx=ZMOVEINBHU
12:34:30 [INFO] core.sap_client — phase1_ready — ctxtP_HU confirmed
12:34:34 [INFO] core.sap_client — hu_phase1_ok hu=T10045839856
12:34:34 [WARNING] core.sap_client — phase2_wrong_screen hu=T10045839856 — re-navigating
12:34:34 [INFO] core.sap_client — setup_phase2_start
12:34:40 [INFO] core.sap_client — tx_opened code=/nZMMTIJSEP current_tx=ZMMTIJSEP
12:34:40 [INFO] core.sap_client — phase2_ready — txtGV_HU confirmed
12:34:41 [INFO] core.sap_client — hu_phase2_ok hu=T10045839856 duration_ms=6181
12:34:41 [WARNING] core.sap_client — phase1_wrong_screen hu=T10045836088 — re-navigating
12:34:41 [INFO] core.sap_client — setup_phase1_start
12:34:46 [INFO] core.sap_client — tx_opened code=/nZMOVEINBHU current_tx=ZMOVEINBHU
12:34:46 [INFO] core.sap_client — phase1_ready — ctxtP_HU confirmed
12:34:50 [INFO] core.sap_client — hu_phase1_ok hu=T10045836088
12:34:50 [WARNING] core.sap_client — phase2_wrong_screen hu=T10045836088 — re-navigating
12:34:50 [INFO] core.sap_client — setup_phase2_start
12:34:55 [INFO] core.sap_client — tx_opened code=/nZMMTIJSEP current_tx=ZMMTIJSEP
12:34:55 [INFO] core.sap_client — phase2_ready — txtGV_HU confirmed
12:34:56 [INFO] core.sap_client — hu_phase2_ok hu=T10045836088 duration_ms=6247
12:34:56 [WARNING] core.sap_client — phase1_wrong_screen hu=T20000113869 — re-navigating
12:34:56 [INFO] core.sap_client — setup_phase1_start
12:35:01 [INFO] core.sap_client — tx_opened code=/nZMOVEINBHU current_tx=ZMOVEINBHU
12:35:01 [INFO] core.sap_client — phase1_ready — ctxtP_HU confirmed
12:35:06 [INFO] core.sap_client — hu_phase1_ok hu=T20000113869
12:35:06 [WARNING] core.sap_client — phase2_wrong_screen hu=T20000113869 — re-navigating
12:35:06 [INFO] core.sap_client — setup_phase2_start
12:35:11 [INFO] core.sap_client — tx_opened code=/nZMMTIJSEP current_tx=ZMMTIJSEP
12:35:11 [INFO] core.sap_client — phase2_ready — txtGV_HU confirmed
12:35:12 [INFO] core.sap_client — hu_phase2_ok hu=T20000113869 duration_ms=6357
12:35:12 [WARNING] core.sap_client — phase1_wrong_screen hu=T10045869289 — re-navigating
12:35:12 [INFO] core.sap_client — setup_phase1_start
12:35:17 [INFO] core.sap_client — tx_opened code=/nZMOVEINBHU current_tx=ZMOVEINBHU
12:35:17 [INFO] core.sap_client — phase1_ready — ctxtP_HU confirmed
12:35:22 [INFO] core.sap_client — hu_phase1_ok hu=T10045869289
12:35:22 [WARNING] core.sap_client — phase2_wrong_screen hu=T10045869289 — re-navigating
12:35:22 [INFO] core.sap_client — setup_phase2_start
12:35:27 [INFO] core.sap_client — tx_opened code=/nZMMTIJSEP current_tx=ZMMTIJSEP
12:35:27 [INFO] core.sap_client — phase2_ready — txtGV_HU confirmed
12:35:28 [INFO] core.sap_client — hu_phase2_ok hu=T10045869289 duration_ms=6325
12:35:28 [WARNING] core.sap_client — phase1_wrong_screen hu=T10045839876 — re-navigating
12:35:28 [INFO] core.sap_client — setup_phase1_start
12:35:34 [INFO] core.sap_client — tx_opened code=/nZMOVEINBHU current_tx=ZMOVEINBHU
12:35:34 [INFO] core.sap_client — phase1_ready — ctxtP_HU confirmed
12:35:38 [INFO] core.sap_client — hu_phase1_ok hu=T10045839876
12:35:38 [WARNING] core.sap_client — phase2_wrong_screen hu=T10045839876 — re-navigating
12:35:38 [INFO] core.sap_client — setup_phase2_start
12:35:44 [INFO] core.sap_client — tx_opened code=/nZMMTIJSEP current_tx=ZMMTIJSEP
12:35:44 [INFO] core.sap_client — phase2_ready — txtGV_HU confirmed
12:35:45 [INFO] core.sap_client — hu_phase2_ok hu=T10045839876 duration_ms=6120
12:35:45 [WARNING] core.sap_client — phase1_wrong_screen hu=T10045850659 — re-navigating
12:35:45 [INFO] core.sap_client — setup_phase1_start
12:35:50 [INFO] core.sap_client — tx_opened code=/nZMOVEINBHU current_tx=ZMOVEINBHU
12:35:50 [INFO] core.sap_client — phase1_ready — ctxtP_HU confirmed
12:35:54 [INFO] core.sap_client — hu_phase1_ok hu=T10045850659
12:35:54 [WARNING] core.sap_client — phase2_wrong_screen hu=T10045850659 — re-navigating
12:35:54 [INFO] core.sap_client — setup_phase2_start
12:35:59 [INFO] core.sap_client — tx_opened code=/nZMMTIJSEP current_tx=ZMMTIJSEP
12:35:59 [INFO] core.sap_client — phase2_ready — txtGV_HU confirmed
12:36:00 [INFO] core.sap_client — hu_phase2_ok hu=T10045850659 duration_ms=6346
12:36:00 [WARNING] core.sap_client — phase1_wrong_screen hu=T10045853638 — re-navigating
12:36:00 [INFO] core.sap_client — setup_phase1_start
12:36:06 [INFO] core.sap_client — tx_opened code=/nZMOVEINBHU current_tx=ZMOVEINBHU
12:36:06 [INFO] core.sap_client — phase1_ready — ctxtP_HU confirmed
12:36:10 [INFO] core.sap_client — hu_phase1_ok hu=T10045853638
12:36:10 [WARNING] core.sap_client — phase2_wrong_screen hu=T10045853638 — re-navigating
12:36:10 [INFO] core.sap_client — setup_phase2_start
12:36:15 [INFO] core.sap_client — tx_opened code=/nZMMTIJSEP current_tx=ZMMTIJSEP
12:36:15 [INFO] core.sap_client — phase2_ready — txtGV_HU confirmed
12:36:16 [INFO] core.sap_client — hu_phase2_ok hu=T10045853638 duration_ms=6279
12:36:16 [INFO] core.queue_model — pallet_boundary multi_hu pallet=3 count=15 hu_codes=['T10045837437', 'T10045856626', 'T10045837366', 'T10045835301', 'T10045839871', 'T10045831727', 'T10045837380', 'T10045864543', 'T10045839856', 'T10045836088', 'T20000113869', 'T10045869289', 'T10045839876', 'T10045850659', 'T10045853638']
12:36:22 [INFO] core.sap_client — tx_opened code=/nSP01 current_tx=SP01
12:36:26 [INFO] core.sap_client — sp01_row_marked row=4 title=CN-CON-003_T10045850659_20260327193600
12:36:26 [INFO] core.sap_client — sp01_row_marked row=6 title=CN-CON-003_T10045839876_20260327193544
12:36:26 [INFO] core.sap_client — sp01_row_marked row=8 title=CN-CON-003_T10045869289_20260327193528
12:36:26 [INFO] core.sap_client — sp01_row_marked row=10 title=CN-CON-003_T20000113869_20260327193512
12:36:26 [INFO] core.sap_client — sp01_row_marked row=12 title=CN-CON-003_T10045836088_20260327193456
12:36:26 [INFO] core.sap_client — sp01_row_marked row=14 title=CN-CON-003_T10045839856_20260327193440
12:36:26 [INFO] core.sap_client — sp01_row_marked row=16 title=CN-CON-003_T10045864543_20260327193424
12:36:26 [INFO] core.sap_client — sp01_row_marked row=18 title=CN-CON-003_T10045837380_20260327193408
12:36:26 [INFO] core.sap_client — sp01_row_marked row=20 title=CN-CON-003_T10045831727_20260327193353
12:36:26 [INFO] core.sap_client — sp01_row_marked row=22 title=CN-CON-003_T10045839871_20260327193337
12:36:26 [INFO] core.sap_client — sp01_row_marked row=24 title=CN-CON-003_T10045835301_20260327193322
12:36:26 [INFO] core.sap_client — sp01_row_marked row=26 title=CN-CON-003_T10045837366_20260327193305
12:36:26 [INFO] core.sap_client — sp01_row_marked row=28 title=CN-CON-003_T10045856626_20260327193250
12:36:26 [INFO] core.sap_client — sp01_row_marked row=30 title=CN-CON-003_T10045837437_20260327193235
12:36:29 [INFO] core.sap_client — sp01_print_confirmed via=btn[25] marked=14
12:36:31 [INFO] core.sap_client — sp01_pallet_done result={'status': 'ok', 'message': 'SP01 OK — 14 spool(s) impreso(s)', 'marked': 14} hu_codes=['T10045837437', 'T10045856626', 'T10045837366', 'T10045835301', 'T10045839871', 'T10045831727', 'T10045837380', 'T10045864543', 'T10045839856', 'T10045836088', 'T20000113869', 'T10045869289', 'T10045839876', 'T10045850659', 'T10045853638']
12:36:31 [INFO] core.queue_model — sp01_pallet_result={'status': 'ok', 'message': 'SP01 OK — 14 spool(s) impreso(s)', 'marked': 14}
12:36:31 [INFO] ui.queue_window — ui_paused_after_pallet pallet_id=3
12:38:08 [INFO] core.queue_model — queue_worker_resumed_by_ui
12:38:08 [INFO] ui.queue_window — continue_pressed_by_user
12:38:08 [INFO] core.queue_model — queue_worker_resumed_processing
12:38:08 [INFO] core.sap_client — setup_phase1_start
12:38:13 [INFO] core.sap_client — tx_opened code=/nZMOVEINBHU current_tx=ZMOVEINBHU
12:38:13 [INFO] core.sap_client — phase1_ready — ctxtP_HU confirmed
12:38:17 [INFO] core.sap_client — hu_phase1_ok hu=T10045836096
12:38:17 [INFO] core.sap_client — setup_phase2_start
12:38:22 [INFO] core.sap_client — tx_opened code=/nZMMTIJSEP current_tx=ZMMTIJSEP
12:38:22 [INFO] core.sap_client — phase2_ready — txtGV_HU confirmed
12:38:23 [INFO] core.sap_client — hu_phase2_ok hu=T10045836096 duration_ms=1001
12:38:23 [INFO] core.sap_client — setup_phase1_start
12:38:29 [INFO] core.sap_client — tx_opened code=/nZMOVEINBHU current_tx=ZMOVEINBHU
12:38:29 [INFO] core.sap_client — phase1_ready — ctxtP_HU confirmed
12:38:32 [INFO] core.sap_client — hu_phase1_ok hu=T10045869376
12:38:32 [WARNING] core.sap_client — phase2_wrong_screen hu=T10045869376 — re-navigating
12:38:32 [INFO] core.sap_client — setup_phase2_start
12:38:38 [INFO] core.sap_client — tx_opened code=/nZMMTIJSEP current_tx=ZMMTIJSEP
12:38:38 [INFO] core.sap_client — phase2_ready — txtGV_HU confirmed
12:38:39 [INFO] core.sap_client — hu_phase2_ok hu=T10045869376 duration_ms=6189
12:38:39 [WARNING] core.sap_client — phase1_wrong_screen hu=T10045836248 — re-navigating
12:38:39 [INFO] core.sap_client — setup_phase1_start
12:38:44 [INFO] core.sap_client — tx_opened code=/nZMOVEINBHU current_tx=ZMOVEINBHU
12:38:44 [INFO] core.sap_client — phase1_ready — ctxtP_HU confirmed
12:38:48 [INFO] core.sap_client — hu_phase1_ok hu=T10045836248
12:38:48 [WARNING] core.sap_client — phase2_wrong_screen hu=T10045836248 — re-navigating
12:38:48 [INFO] core.sap_client — setup_phase2_start
12:38:53 [INFO] core.sap_client — tx_opened code=/nZMMTIJSEP current_tx=ZMMTIJSEP
12:38:53 [INFO] core.sap_client — phase2_ready — txtGV_HU confirmed
12:38:54 [INFO] core.sap_client — hu_phase2_ok hu=T10045836248 duration_ms=6163
12:38:54 [WARNING] core.sap_client — phase1_wrong_screen hu=T10045831720 — re-navigating
12:38:54 [INFO] core.sap_client — setup_phase1_start
12:38:59 [INFO] core.sap_client — tx_opened code=/nZMOVEINBHU current_tx=ZMOVEINBHU
12:38:59 [INFO] core.sap_client — phase1_ready — ctxtP_HU confirmed
12:39:03 [INFO] core.sap_client — hu_phase1_ok hu=T10045831720
12:39:03 [WARNING] core.sap_client — phase2_wrong_screen hu=T10045831720 — re-navigating
12:39:03 [INFO] core.sap_client — setup_phase2_start
12:39:09 [INFO] core.sap_client — tx_opened code=/nZMMTIJSEP current_tx=ZMMTIJSEP
12:39:09 [INFO] core.sap_client — phase2_ready — txtGV_HU confirmed
12:39:10 [INFO] core.sap_client — hu_phase2_ok hu=T10045831720 duration_ms=6227
12:39:10 [WARNING] core.sap_client — phase1_wrong_screen hu=T10045835325 — re-navigating
12:39:10 [INFO] core.sap_client — setup_phase1_start
12:39:15 [INFO] core.sap_client — tx_opened code=/nZMOVEINBHU current_tx=ZMOVEINBHU
12:39:15 [INFO] core.sap_client — phase1_ready — ctxtP_HU confirmed
12:39:20 [INFO] core.sap_client — hu_phase1_ok hu=T10045835325
12:39:20 [WARNING] core.sap_client — phase2_wrong_screen hu=T10045835325 — re-navigating
12:39:20 [INFO] core.sap_client — setup_phase2_start
12:39:25 [INFO] core.sap_client — tx_opened code=/nZMMTIJSEP current_tx=ZMMTIJSEP
12:39:25 [INFO] core.sap_client — phase2_ready — txtGV_HU confirmed
12:39:26 [INFO] core.sap_client — hu_phase2_ok hu=T10045835325 duration_ms=6168
12:39:26 [WARNING] core.sap_client — phase1_wrong_screen hu=T10045835328 — re-navigating
12:39:26 [INFO] core.sap_client — setup_phase1_start
12:39:32 [INFO] core.sap_client — tx_opened code=/nZMOVEINBHU current_tx=ZMOVEINBHU
12:39:32 [INFO] core.sap_client — phase1_ready — ctxtP_HU confirmed
12:39:37 [INFO] core.sap_client — hu_phase1_ok hu=T10045835328
12:39:37 [WARNING] core.sap_client — phase2_wrong_screen hu=T10045835328 — re-navigating
12:39:37 [INFO] core.sap_client — setup_phase2_start
12:39:43 [INFO] core.sap_client — tx_opened code=/nZMMTIJSEP current_tx=ZMMTIJSEP
12:39:43 [INFO] core.sap_client — phase2_ready — txtGV_HU confirmed
12:39:43 [INFO] core.sap_client — hu_phase2_ok hu=T10045835328 duration_ms=6277
12:39:43 [WARNING] core.sap_client — phase1_wrong_screen hu=T10045836139 — re-navigating
12:39:43 [INFO] core.sap_client — setup_phase1_start
12:39:49 [INFO] core.sap_client — tx_opened code=/nZMOVEINBHU current_tx=ZMOVEINBHU
12:39:49 [INFO] core.sap_client — phase1_ready — ctxtP_HU confirmed
12:39:56 [INFO] core.sap_client — hu_phase1_ok hu=T10045836139
12:39:56 [WARNING] core.sap_client — phase2_wrong_screen hu=T10045836139 — re-navigating
12:39:56 [INFO] core.sap_client — setup_phase2_start
12:40:01 [INFO] core.sap_client — tx_opened code=/nZMMTIJSEP current_tx=ZMMTIJSEP
12:40:01 [INFO] core.sap_client — phase2_ready — txtGV_HU confirmed
12:40:02 [INFO] core.sap_client — hu_phase2_ok hu=T10045836139 duration_ms=6174
12:40:02 [WARNING] core.sap_client — phase1_wrong_screen hu=T10045837387 — re-navigating
12:40:02 [INFO] core.sap_client — setup_phase1_start
12:40:07 [INFO] core.sap_client — tx_opened code=/nZMOVEINBHU current_tx=ZMOVEINBHU
12:40:07 [INFO] core.sap_client — phase1_ready — ctxtP_HU confirmed
12:40:14 [INFO] core.sap_client — hu_phase1_ok hu=T10045837387
12:40:14 [WARNING] core.sap_client — phase2_wrong_screen hu=T10045837387 — re-navigating
12:40:14 [INFO] core.sap_client — setup_phase2_start
12:40:19 [INFO] core.sap_client — tx_opened code=/nZMMTIJSEP current_tx=ZMMTIJSEP
12:40:19 [INFO] core.sap_client — phase2_ready — txtGV_HU confirmed
12:40:20 [INFO] core.sap_client — hu_phase2_ok hu=T10045837387 duration_ms=6083
12:40:20 [WARNING] core.sap_client — phase1_wrong_screen hu=T20000147837 — re-navigating
12:40:20 [INFO] core.sap_client — setup_phase1_start
12:40:26 [INFO] core.sap_client — tx_opened code=/nZMOVEINBHU current_tx=ZMOVEINBHU
12:40:26 [INFO] core.sap_client — phase1_ready — ctxtP_HU confirmed
12:40:30 [INFO] core.sap_client — hu_phase1_ok hu=T20000147837
12:40:30 [WARNING] core.sap_client — phase2_wrong_screen hu=T20000147837 — re-navigating
12:40:30 [INFO] core.sap_client — setup_phase2_start
12:40:35 [INFO] core.sap_client — tx_opened code=/nZMMTIJSEP current_tx=ZMMTIJSEP
12:40:35 [INFO] core.sap_client — phase2_ready — txtGV_HU confirmed
12:40:36 [INFO] core.sap_client — hu_phase2_ok hu=T20000147837 duration_ms=6234
12:40:36 [WARNING] core.sap_client — phase1_wrong_screen hu=T10045831773 — re-navigating
12:40:36 [INFO] core.sap_client — setup_phase1_start
12:40:41 [INFO] core.sap_client — tx_opened code=/nZMOVEINBHU current_tx=ZMOVEINBHU
12:40:41 [INFO] core.sap_client — phase1_ready — ctxtP_HU confirmed
12:40:45 [INFO] core.sap_client — hu_phase1_ok hu=T10045831773
12:40:45 [WARNING] core.sap_client — phase2_wrong_screen hu=T10045831773 — re-navigating
12:40:45 [INFO] core.sap_client — setup_phase2_start
12:40:51 [INFO] core.sap_client — tx_opened code=/nZMMTIJSEP current_tx=ZMMTIJSEP
12:40:51 [INFO] core.sap_client — phase2_ready — txtGV_HU confirmed
12:40:51 [INFO] core.sap_client — hu_phase2_ok hu=T10045831773 duration_ms=6197
12:40:51 [WARNING] core.sap_client — phase1_wrong_screen hu=T10045850657 — re-navigating
12:40:51 [INFO] core.sap_client — setup_phase1_start
12:40:57 [INFO] core.sap_client — tx_opened code=/nZMOVEINBHU current_tx=ZMOVEINBHU
12:40:57 [INFO] core.sap_client — phase1_ready — ctxtP_HU confirmed
12:41:00 [INFO] core.sap_client — hu_phase1_ok hu=T10045850657
12:41:00 [WARNING] core.sap_client — phase2_wrong_screen hu=T10045850657 — re-navigating
12:41:00 [INFO] core.sap_client — setup_phase2_start
12:41:06 [INFO] core.sap_client — tx_opened code=/nZMMTIJSEP current_tx=ZMMTIJSEP
12:41:06 [INFO] core.sap_client — phase2_ready — txtGV_HU confirmed
12:41:07 [INFO] core.sap_client — hu_phase2_ok hu=T10045850657 duration_ms=6226
12:41:07 [WARNING] core.sap_client — phase1_wrong_screen hu=T10045850656 — re-navigating
12:41:07 [INFO] core.sap_client — setup_phase1_start
12:41:12 [INFO] core.sap_client — tx_opened code=/nZMOVEINBHU current_tx=ZMOVEINBHU
12:41:12 [INFO] core.sap_client — phase1_ready — ctxtP_HU confirmed
12:41:15 [INFO] core.sap_client — hu_phase1_ok hu=T10045850656
12:41:15 [WARNING] core.sap_client — phase2_wrong_screen hu=T10045850656 — re-navigating
12:41:15 [INFO] core.sap_client — setup_phase2_start
12:41:21 [INFO] core.sap_client — tx_opened code=/nZMMTIJSEP current_tx=ZMMTIJSEP
12:41:21 [INFO] core.sap_client — phase2_ready — txtGV_HU confirmed
12:41:21 [INFO] core.sap_client — hu_phase2_ok hu=T10045850656 duration_ms=6120
12:41:21 [WARNING] core.sap_client — phase1_wrong_screen hu=T10045863013 — re-navigating
12:41:21 [INFO] core.sap_client — setup_phase1_start
12:41:27 [INFO] core.sap_client — tx_opened code=/nZMOVEINBHU current_tx=ZMOVEINBHU
12:41:27 [INFO] core.sap_client — phase1_ready — ctxtP_HU confirmed
12:41:31 [INFO] core.sap_client — hu_phase1_ok hu=T10045863013
12:41:31 [WARNING] core.sap_client — phase2_wrong_screen hu=T10045863013 — re-navigating
12:41:31 [INFO] core.sap_client — setup_phase2_start
12:41:36 [INFO] core.sap_client — tx_opened code=/nZMMTIJSEP current_tx=ZMMTIJSEP
12:41:36 [INFO] core.sap_client — phase2_ready — txtGV_HU confirmed
12:41:37 [INFO] core.sap_client — hu_phase2_ok hu=T10045863013 duration_ms=6221
12:41:37 [WARNING] core.sap_client — phase1_wrong_screen hu=T10045865319 — re-navigating
12:41:37 [INFO] core.sap_client — setup_phase1_start
12:41:43 [INFO] core.sap_client — tx_opened code=/nZMOVEINBHU current_tx=ZMOVEINBHU
12:41:43 [INFO] core.sap_client — phase1_ready — ctxtP_HU confirmed
12:41:46 [INFO] core.sap_client — hu_phase1_ok hu=T10045865319
12:41:46 [WARNING] core.sap_client — phase2_wrong_screen hu=T10045865319 — re-navigating
12:41:46 [INFO] core.sap_client — setup_phase2_start
12:41:52 [INFO] core.sap_client — tx_opened code=/nZMMTIJSEP current_tx=ZMMTIJSEP
12:41:52 [INFO] core.sap_client — phase2_ready — txtGV_HU confirmed
12:41:52 [INFO] core.sap_client — hu_phase2_ok hu=T10045865319 duration_ms=6061
12:41:52 [WARNING] core.sap_client — phase1_wrong_screen hu=T10045865318 — re-navigating
12:41:52 [INFO] core.sap_client — setup_phase1_start
12:41:58 [INFO] core.sap_client — tx_opened code=/nZMOVEINBHU current_tx=ZMOVEINBHU
12:41:58 [INFO] core.sap_client — phase1_ready — ctxtP_HU confirmed
12:42:02 [INFO] core.sap_client — hu_phase1_ok hu=T10045865318
12:42:02 [WARNING] core.sap_client — phase2_wrong_screen hu=T10045865318 — re-navigating
12:42:02 [INFO] core.sap_client — setup_phase2_start
12:42:07 [INFO] core.sap_client — tx_opened code=/nZMMTIJSEP current_tx=ZMMTIJSEP
12:42:07 [INFO] core.sap_client — phase2_ready — txtGV_HU confirmed
12:42:08 [INFO] core.sap_client — hu_phase2_ok hu=T10045865318 duration_ms=6263
12:42:08 [INFO] core.queue_model — pallet_boundary multi_hu pallet=4 count=15 hu_codes=['T10045836096', 'T10045869376', 'T10045836248', 'T10045831720', 'T10045835325', 'T10045835328', 'T10045836139', 'T10045837387', 'T20000147837', 'T10045831773', 'T10045850657', 'T10045850656', 'T10045863013', 'T10045865319', 'T10045865318']
12:42:13 [INFO] core.sap_client — tx_opened code=/nSP01 current_tx=SP01
12:42:18 [INFO] core.sap_client — sp01_row_marked row=4 title=CN-CON-003_T10045865319_20260327194152
12:42:18 [INFO] core.sap_client — sp01_row_marked row=6 title=CN-CON-003_T10045863013_20260327194137
12:42:18 [INFO] core.sap_client — sp01_row_marked row=8 title=CN-CON-003_T10045850656_20260327194121
12:42:18 [INFO] core.sap_client — sp01_row_marked row=10 title=CN-CON-003_T10045850657_20260327194106
12:42:18 [INFO] core.sap_client — sp01_row_marked row=12 title=CN-CON-003_T10045831773_20260327194051
12:42:18 [INFO] core.sap_client — sp01_row_marked row=14 title=CN-CON-003_T20000147837_20260327194036
12:42:18 [INFO] core.sap_client — sp01_row_marked row=18 title=CN-CON-003_T10045836139_20260327194001
12:42:18 [INFO] core.sap_client — sp01_row_marked row=20 title=CN-CON-003_T10045835328_20260327193943
12:42:18 [INFO] core.sap_client — sp01_row_marked row=22 title=CN-CON-003_T10045835325_20260327193926
12:42:18 [INFO] core.sap_client — sp01_row_marked row=24 title=CN-CON-003_T10045831720_20260327193909
12:42:18 [INFO] core.sap_client — sp01_row_marked row=26 title=CN-CON-003_T10045836248_20260327193854
12:42:18 [INFO] core.sap_client — sp01_row_marked row=28 title=CN-CON-003_T10045869376_20260327193838
12:42:18 [INFO] core.sap_client — sp01_row_marked row=30 title=CN-CON-003_T10045836096_20260327193823
12:42:20 [INFO] core.sap_client — sp01_print_confirmed via=btn[25] marked=13
12:42:22 [INFO] core.sap_client — sp01_pallet_done result={'status': 'ok', 'message': 'SP01 OK — 13 spool(s) impreso(s)', 'marked': 13} hu_codes=['T10045836096', 'T10045869376', 'T10045836248', 'T10045831720', 'T10045835325', 'T10045835328', 'T10045836139', 'T10045837387', 'T20000147837', 'T10045831773', 'T10045850657', 'T10045850656', 'T10045863013', 'T10045865319', 'T10045865318']
12:42:22 [INFO] core.queue_model — sp01_pallet_result={'status': 'ok', 'message': 'SP01 OK — 13 spool(s) impreso(s)', 'marked': 13}
12:42:22 [INFO] ui.queue_window — ui_paused_after_pallet pallet_id=4
12:49:56 [INFO] core.queue_model — queue_worker_resumed_by_ui
12:49:56 [INFO] ui.queue_window — continue_pressed_by_user
12:49:56 [INFO] core.queue_model — queue_worker_resumed_processing
12:49:56 [INFO] core.sap_client — setup_phase1_start
12:50:02 [INFO] core.sap_client — tx_opened code=/nZMOVEINBHU current_tx=ZMOVEINBHU
12:50:02 [INFO] core.sap_client — phase1_ready — ctxtP_HU confirmed
12:50:05 [INFO] core.sap_client — hu_phase1_ok hu=T10045864805
12:50:05 [INFO] core.sap_client — setup_phase2_start
12:50:11 [INFO] core.sap_client — tx_opened code=/nZMMTIJSEP current_tx=ZMMTIJSEP
12:50:11 [INFO] core.sap_client — phase2_ready — txtGV_HU confirmed
12:50:12 [INFO] core.sap_client — hu_phase2_ok hu=T10045864805 duration_ms=1000
12:50:12 [INFO] core.sap_client — setup_phase1_start
12:50:17 [INFO] core.sap_client — tx_opened code=/nZMOVEINBHU current_tx=ZMOVEINBHU
12:50:17 [INFO] core.sap_client — phase1_ready — ctxtP_HU confirmed
12:50:21 [INFO] core.sap_client — hu_phase1_ok hu=T10045830309
12:50:21 [WARNING] core.sap_client — phase2_wrong_screen hu=T10045830309 — re-navigating
12:50:21 [INFO] core.sap_client — setup_phase2_start
12:50:26 [INFO] core.sap_client — tx_opened code=/nZMMTIJSEP current_tx=ZMMTIJSEP
12:50:26 [INFO] core.sap_client — phase2_ready — txtGV_HU confirmed
12:50:27 [INFO] core.sap_client — hu_phase2_ok hu=T10045830309 duration_ms=6213
12:50:27 [WARNING] core.sap_client — phase1_wrong_screen hu=T10045864505 — re-navigating
12:50:27 [INFO] core.sap_client — setup_phase1_start
12:50:32 [INFO] core.sap_client — tx_opened code=/nZMOVEINBHU current_tx=ZMOVEINBHU
12:50:32 [INFO] core.sap_client — phase1_ready — ctxtP_HU confirmed
12:50:36 [INFO] core.sap_client — hu_phase1_ok hu=T10045864505
12:50:36 [WARNING] core.sap_client — phase2_wrong_screen hu=T10045864505 — re-navigating
12:50:36 [INFO] core.sap_client — setup_phase2_start
12:50:41 [INFO] core.sap_client — tx_opened code=/nZMMTIJSEP current_tx=ZMMTIJSEP
12:50:41 [INFO] core.sap_client — phase2_ready — txtGV_HU confirmed
12:50:42 [INFO] core.sap_client — hu_phase2_ok hu=T10045864505 duration_ms=6116
12:50:42 [WARNING] core.sap_client — phase1_wrong_screen hu=T10045864561 — re-navigating
12:50:42 [INFO] core.sap_client — setup_phase1_start
12:50:47 [INFO] core.sap_client — tx_opened code=/nZMOVEINBHU current_tx=ZMOVEINBHU
12:50:47 [INFO] core.sap_client — phase1_ready — ctxtP_HU confirmed
12:50:52 [INFO] core.sap_client — hu_phase1_ok hu=T10045864561
12:50:52 [WARNING] core.sap_client — phase2_wrong_screen hu=T10045864561 — re-navigating
12:50:52 [INFO] core.sap_client — setup_phase2_start
12:50:57 [INFO] core.sap_client — tx_opened code=/nZMMTIJSEP current_tx=ZMMTIJSEP
12:50:57 [INFO] core.sap_client — phase2_ready — txtGV_HU confirmed
12:50:58 [INFO] core.sap_client — hu_phase2_ok hu=T10045864561 duration_ms=6185
12:50:58 [WARNING] core.sap_client — phase1_wrong_screen hu=T10045864842 — re-navigating
12:50:58 [INFO] core.sap_client — setup_phase1_start
12:51:04 [INFO] core.sap_client — tx_opened code=/nZMOVEINBHU current_tx=ZMOVEINBHU
12:51:04 [INFO] core.sap_client — phase1_ready — ctxtP_HU confirmed
12:51:09 [INFO] core.sap_client — hu_phase1_ok hu=T10045864842
12:51:09 [WARNING] core.sap_client — phase2_wrong_screen hu=T10045864842 — re-navigating
12:51:09 [INFO] core.sap_client — setup_phase2_start
12:51:14 [INFO] core.sap_client — tx_opened code=/nZMMTIJSEP current_tx=ZMMTIJSEP
12:51:14 [INFO] core.sap_client — phase2_ready — txtGV_HU confirmed
12:51:15 [INFO] core.sap_client — hu_phase2_ok hu=T10045864842 duration_ms=6152
12:51:15 [WARNING] core.sap_client — phase1_wrong_screen hu=T10045864843 — re-navigating
12:51:15 [INFO] core.sap_client — setup_phase1_start
12:51:20 [INFO] core.sap_client — tx_opened code=/nZMOVEINBHU current_tx=ZMOVEINBHU
12:51:20 [INFO] core.sap_client — phase1_ready — ctxtP_HU confirmed
12:51:24 [INFO] core.sap_client — hu_phase1_ok hu=T10045864843
12:51:24 [WARNING] core.sap_client — phase2_wrong_screen hu=T10045864843 — re-navigating
12:51:24 [INFO] core.sap_client — setup_phase2_start
12:51:29 [INFO] core.sap_client — tx_opened code=/nZMMTIJSEP current_tx=ZMMTIJSEP
12:51:30 [INFO] core.sap_client — phase2_ready — txtGV_HU confirmed
12:51:30 [INFO] core.sap_client — hu_phase2_ok hu=T10045864843 duration_ms=6199
12:51:30 [WARNING] core.sap_client — phase1_wrong_screen hu=T10045835293 — re-navigating
12:51:30 [INFO] core.sap_client — setup_phase1_start
12:51:36 [INFO] core.sap_client — tx_opened code=/nZMOVEINBHU current_tx=ZMOVEINBHU
12:51:36 [INFO] core.sap_client — phase1_ready — ctxtP_HU confirmed
12:51:40 [INFO] core.sap_client — hu_phase1_ok hu=T10045835293
12:51:40 [WARNING] core.sap_client — phase2_wrong_screen hu=T10045835293 — re-navigating
12:51:40 [INFO] core.sap_client — setup_phase2_start
12:51:45 [INFO] core.sap_client — tx_opened code=/nZMMTIJSEP current_tx=ZMMTIJSEP
12:51:45 [INFO] core.sap_client — phase2_ready — txtGV_HU confirmed
12:51:46 [INFO] core.sap_client — hu_phase2_ok hu=T10045835293 duration_ms=6050
12:51:46 [WARNING] core.sap_client — phase1_wrong_screen hu=T10045831782 — re-navigating
12:51:46 [INFO] core.sap_client — setup_phase1_start
12:51:51 [INFO] core.sap_client — tx_opened code=/nZMOVEINBHU current_tx=ZMOVEINBHU
12:51:51 [INFO] core.sap_client — phase1_ready — ctxtP_HU confirmed
12:51:55 [INFO] core.sap_client — hu_phase1_ok hu=T10045831782
12:51:55 [WARNING] core.sap_client — phase2_wrong_screen hu=T10045831782 — re-navigating
12:51:55 [INFO] core.sap_client — setup_phase2_start
12:52:00 [INFO] core.sap_client — tx_opened code=/nZMMTIJSEP current_tx=ZMMTIJSEP
12:52:00 [INFO] core.sap_client — phase2_ready — txtGV_HU confirmed
12:52:01 [INFO] core.sap_client — hu_phase2_ok hu=T10045831782 duration_ms=6135
12:52:01 [WARNING] core.sap_client — phase1_wrong_screen hu=T10045864560 — re-navigating
12:52:01 [INFO] core.sap_client — setup_phase1_start
12:52:06 [INFO] core.sap_client — tx_opened code=/nZMOVEINBHU current_tx=ZMOVEINBHU
12:52:06 [INFO] core.sap_client — phase1_ready — ctxtP_HU confirmed
12:52:10 [INFO] core.sap_client — hu_phase1_ok hu=T10045864560
12:52:10 [WARNING] core.sap_client — phase2_wrong_screen hu=T10045864560 — re-navigating
12:52:10 [INFO] core.sap_client — setup_phase2_start
12:52:15 [INFO] core.sap_client — tx_opened code=/nZMMTIJSEP current_tx=ZMMTIJSEP
12:52:15 [INFO] core.sap_client — phase2_ready — txtGV_HU confirmed
12:52:16 [INFO] core.sap_client — hu_phase2_ok hu=T10045864560 duration_ms=6063
12:52:16 [WARNING] core.sap_client — phase1_wrong_screen hu=T10045839808 — re-navigating
12:52:16 [INFO] core.sap_client — setup_phase1_start
12:52:21 [INFO] core.sap_client — tx_opened code=/nZMOVEINBHU current_tx=ZMOVEINBHU
12:52:21 [INFO] core.sap_client — phase1_ready — ctxtP_HU confirmed
12:52:25 [INFO] core.sap_client — hu_phase1_ok hu=T10045839808
12:52:25 [WARNING] core.sap_client — phase2_wrong_screen hu=T10045839808 — re-navigating
12:52:25 [INFO] core.sap_client — setup_phase2_start
12:52:30 [INFO] core.sap_client — tx_opened code=/nZMMTIJSEP current_tx=ZMMTIJSEP
12:52:30 [INFO] core.sap_client — phase2_ready — txtGV_HU confirmed
12:52:31 [INFO] core.sap_client — hu_phase2_ok hu=T10045839808 duration_ms=6124
12:52:31 [WARNING] core.sap_client — phase1_wrong_screen hu=T10045864806 — re-navigating
12:52:31 [INFO] core.sap_client — setup_phase1_start
12:52:36 [INFO] core.sap_client — tx_opened code=/nZMOVEINBHU current_tx=ZMOVEINBHU
12:52:36 [INFO] core.sap_client — phase1_ready — ctxtP_HU confirmed
12:52:40 [INFO] core.sap_client — hu_phase1_ok hu=T10045864806
12:52:40 [WARNING] core.sap_client — phase2_wrong_screen hu=T10045864806 — re-navigating
12:52:40 [INFO] core.sap_client — setup_phase2_start
12:52:46 [INFO] core.sap_client — tx_opened code=/nZMMTIJSEP current_tx=ZMMTIJSEP
12:52:46 [INFO] core.sap_client — phase2_ready — txtGV_HU confirmed
12:52:46 [INFO] core.sap_client — hu_phase2_ok hu=T10045864806 duration_ms=6120
12:52:46 [WARNING] core.sap_client — phase1_wrong_screen hu=T10045836091 — re-navigating
12:52:46 [INFO] core.sap_client — setup_phase1_start
12:52:52 [INFO] core.sap_client — tx_opened code=/nZMOVEINBHU current_tx=ZMOVEINBHU
12:52:52 [INFO] core.sap_client — phase1_ready — ctxtP_HU confirmed
12:52:55 [INFO] core.sap_client — hu_phase1_ok hu=T10045836091
12:52:55 [WARNING] core.sap_client — phase2_wrong_screen hu=T10045836091 — re-navigating
12:52:55 [INFO] core.sap_client — setup_phase2_start
12:53:01 [INFO] core.sap_client — tx_opened code=/nZMMTIJSEP current_tx=ZMMTIJSEP
12:53:01 [INFO] core.sap_client — phase2_ready — txtGV_HU confirmed
12:53:01 [INFO] core.sap_client — hu_phase2_ok hu=T10045836091 duration_ms=6198
12:53:01 [WARNING] core.sap_client — phase1_wrong_screen hu=T10045865363 — re-navigating
12:53:01 [INFO] core.sap_client — setup_phase1_start
12:53:07 [INFO] core.sap_client — tx_opened code=/nZMOVEINBHU current_tx=ZMOVEINBHU
12:53:07 [INFO] core.sap_client — phase1_ready — ctxtP_HU confirmed
12:53:10 [INFO] core.sap_client — hu_phase1_ok hu=T10045865363
12:53:10 [WARNING] core.sap_client — phase2_wrong_screen hu=T10045865363 — re-navigating
12:53:10 [INFO] core.sap_client — setup_phase2_start
12:53:15 [INFO] core.sap_client — tx_opened code=/nZMMTIJSEP current_tx=ZMMTIJSEP
12:53:15 [INFO] core.sap_client — phase2_ready — txtGV_HU confirmed
12:53:16 [INFO] core.sap_client — hu_phase2_ok hu=T10045865363 duration_ms=6087
12:53:16 [WARNING] core.sap_client — phase1_wrong_screen hu=T10045839855 — re-navigating
12:53:16 [INFO] core.sap_client — setup_phase1_start
12:53:22 [INFO] core.sap_client — tx_opened code=/nZMOVEINBHU current_tx=ZMOVEINBHU
12:53:22 [INFO] core.sap_client — phase1_ready — ctxtP_HU confirmed
12:53:25 [INFO] core.sap_client — hu_phase1_ok hu=T10045839855
12:53:25 [WARNING] core.sap_client — phase2_wrong_screen hu=T10045839855 — re-navigating
12:53:25 [INFO] core.sap_client — setup_phase2_start
12:53:30 [INFO] core.sap_client — tx_opened code=/nZMMTIJSEP current_tx=ZMMTIJSEP
12:53:30 [INFO] core.sap_client — phase2_ready — txtGV_HU confirmed
12:53:31 [INFO] core.sap_client — hu_phase2_ok hu=T10045839855 duration_ms=6160
12:53:31 [WARNING] core.sap_client — phase1_wrong_screen hu=T10045837436 — re-navigating
12:53:31 [INFO] core.sap_client — setup_phase1_start
12:53:37 [INFO] core.sap_client — tx_opened code=/nZMOVEINBHU current_tx=ZMOVEINBHU
12:53:37 [INFO] core.sap_client — phase1_ready — ctxtP_HU confirmed
12:53:40 [INFO] core.sap_client — hu_phase1_ok hu=T10045837436
12:53:40 [WARNING] core.sap_client — phase2_wrong_screen hu=T10045837436 — re-navigating
12:53:40 [INFO] core.sap_client — setup_phase2_start
12:53:45 [INFO] core.sap_client — tx_opened code=/nZMMTIJSEP current_tx=ZMMTIJSEP
12:53:45 [INFO] core.sap_client — phase2_ready — txtGV_HU confirmed
12:53:46 [INFO] core.sap_client — hu_phase2_ok hu=T10045837436 duration_ms=6104
12:53:46 [WARNING] core.sap_client — phase1_wrong_screen hu=T10045839857 — re-navigating
12:53:46 [INFO] core.sap_client — setup_phase1_start
12:53:51 [INFO] core.sap_client — tx_opened code=/nZMOVEINBHU current_tx=ZMOVEINBHU
12:53:51 [INFO] core.sap_client — phase1_ready — ctxtP_HU confirmed
12:53:55 [INFO] core.sap_client — hu_phase1_ok hu=T10045839857
12:53:55 [WARNING] core.sap_client — phase2_wrong_screen hu=T10045839857 — re-navigating
12:53:55 [INFO] core.sap_client — setup_phase2_start
12:54:00 [INFO] core.sap_client — tx_opened code=/nZMMTIJSEP current_tx=ZMMTIJSEP
12:54:00 [INFO] core.sap_client — phase2_ready — txtGV_HU confirmed
12:54:01 [INFO] core.sap_client — hu_phase2_ok hu=T10045839857 duration_ms=6073
12:54:01 [INFO] core.queue_model — pallet_boundary multi_hu pallet=5 count=16 hu_codes=['T10045864805', 'T10045830309', 'T10045864505', 'T10045864561', 'T10045864842', 'T10045864843', 'T10045835293', 'T10045831782', 'T10045864560', 'T10045839808', 'T10045864806', 'T10045836091', 'T10045865363', 'T10045839855', 'T10045837436', 'T10045839857']
12:54:06 [INFO] core.sap_client — tx_opened code=/nSP01 current_tx=SP01
12:54:11 [INFO] core.sap_client — sp01_row_marked row=4 title=CN-CON-003_T10045839857_20260327195401
12:54:11 [INFO] core.sap_client — sp01_row_marked row=6 title=CN-CON-003_T10045837436_20260327195346
12:54:11 [INFO] core.sap_client — sp01_row_marked row=8 title=CN-CON-003_T10045839855_20260327195331
12:54:11 [INFO] core.sap_client — sp01_row_marked row=10 title=CN-CON-003_T10045865363_20260327195316
12:54:11 [INFO] core.sap_client — sp01_row_marked row=12 title=CN-CON-003_T10045836091_20260327195301
12:54:11 [INFO] core.sap_client — sp01_row_marked row=14 title=CN-CON-003_T10045864806_20260327195246
12:54:11 [INFO] core.sap_client — sp01_row_marked row=16 title=CN-CON-003_T10045839808_20260327195231
12:54:11 [INFO] core.sap_client — sp01_row_marked row=18 title=CN-CON-003_T10045864560_20260327195215
12:54:11 [INFO] core.sap_client — sp01_row_marked row=20 title=CN-CON-003_T10045831782_20260327195200
12:54:11 [INFO] core.sap_client — sp01_row_marked row=22 title=CN-CON-003_T10045835293_20260327195146
12:54:11 [INFO] core.sap_client — sp01_row_marked row=24 title=CN-CON-003_T10045864843_20260327195130
12:54:11 [INFO] core.sap_client — sp01_row_marked row=26 title=CN-CON-003_T10045864842_20260327195115
12:54:11 [INFO] core.sap_client — sp01_row_marked row=28 title=CN-CON-003_T10045864561_20260327195058
12:54:11 [INFO] core.sap_client — sp01_row_marked row=30 title=CN-CON-003_T10045864505_20260327195042
12:54:11 [INFO] core.sap_client — sp01_row_marked row=32 title=CN-CON-003_T10045830309_20260327195027
12:54:11 [INFO] core.sap_client — sp01_row_marked row=34 title=CN-CON-003_T10045864805_20260327195011
12:54:13 [INFO] core.sap_client — sp01_print_confirmed via=btn[25] marked=16
12:54:15 [INFO] core.sap_client — sp01_pallet_done result={'status': 'ok', 'message': 'SP01 OK — 16 spool(s) impreso(s)', 'marked': 16} hu_codes=['T10045864805', 'T10045830309', 'T10045864505', 'T10045864561', 'T10045864842', 'T10045864843', 'T10045835293', 'T10045831782', 'T10045864560', 'T10045839808', 'T10045864806', 'T10045836091', 'T10045865363', 'T10045839855', 'T10045837436', 'T10045839857']
12:54:15 [INFO] core.queue_model — sp01_pallet_result={'status': 'ok', 'message': 'SP01 OK — 16 spool(s) impreso(s)', 'marked': 16}
12:54:15 [INFO] ui.queue_window — ui_paused_after_pallet pallet_id=5
12:56:53 [INFO] core.queue_model — queue_worker_resumed_by_ui
12:56:53 [INFO] ui.queue_window — continue_pressed_by_user
12:56:53 [INFO] core.queue_model — queue_worker_resumed_processing
12:56:53 [INFO] core.sap_client — setup_phase1_start
12:56:58 [INFO] core.sap_client — tx_opened code=/nZMOVEINBHU current_tx=ZMOVEINBHU
12:56:58 [INFO] core.sap_client — phase1_ready — ctxtP_HU confirmed
12:57:01 [INFO] core.sap_client — hu_phase1_ok hu=T10045850664
12:57:01 [INFO] core.sap_client — setup_phase2_start
12:57:07 [INFO] core.sap_client — tx_opened code=/nZMMTIJSEP current_tx=ZMMTIJSEP
12:57:07 [INFO] core.sap_client — phase2_ready — txtGV_HU confirmed
12:57:08 [INFO] core.sap_client — hu_phase2_ok hu=T10045850664 duration_ms=1001
12:57:08 [INFO] core.sap_client — setup_phase1_start
12:57:13 [INFO] core.sap_client — tx_opened code=/nZMOVEINBHU current_tx=ZMOVEINBHU
12:57:13 [INFO] core.sap_client — phase1_ready — ctxtP_HU confirmed
12:57:17 [INFO] core.sap_client — hu_phase1_ok hu=T10045831725
12:57:17 [WARNING] core.sap_client — phase2_wrong_screen hu=T10045831725 — re-navigating
12:57:17 [INFO] core.sap_client — setup_phase2_start
12:57:22 [INFO] core.sap_client — tx_opened code=/nZMMTIJSEP current_tx=ZMMTIJSEP
12:57:22 [INFO] core.sap_client — phase2_ready — txtGV_HU confirmed
12:57:23 [INFO] core.sap_client — hu_phase2_ok hu=T10045831725 duration_ms=6132
12:57:23 [WARNING] core.sap_client — phase1_wrong_screen hu=T10045850663 — re-navigating
12:57:23 [INFO] core.sap_client — setup_phase1_start
12:57:28 [INFO] core.sap_client — tx_opened code=/nZMOVEINBHU current_tx=ZMOVEINBHU
12:57:28 [INFO] core.sap_client — phase1_ready — ctxtP_HU confirmed
12:57:32 [INFO] core.sap_client — hu_phase1_ok hu=T10045850663
12:57:32 [WARNING] core.sap_client — phase2_wrong_screen hu=T10045850663 — re-navigating
12:57:32 [INFO] core.sap_client — setup_phase2_start
12:57:37 [INFO] core.sap_client — tx_opened code=/nZMMTIJSEP current_tx=ZMMTIJSEP
12:57:37 [INFO] core.sap_client — phase2_ready — txtGV_HU confirmed
12:57:38 [INFO] core.sap_client — hu_phase2_ok hu=T10045850663 duration_ms=6139
12:57:38 [WARNING] core.sap_client — phase1_wrong_screen hu=T10045850660 — re-navigating
12:57:38 [INFO] core.sap_client — setup_phase1_start
12:57:43 [INFO] core.sap_client — tx_opened code=/nZMOVEINBHU current_tx=ZMOVEINBHU
12:57:43 [INFO] core.sap_client — phase1_ready — ctxtP_HU confirmed
12:57:47 [INFO] core.sap_client — hu_phase1_ok hu=T10045850660
12:57:47 [WARNING] core.sap_client — phase2_wrong_screen hu=T10045850660 — re-navigating
12:57:47 [INFO] core.sap_client — setup_phase2_start
12:57:52 [INFO] core.sap_client — tx_opened code=/nZMMTIJSEP current_tx=ZMMTIJSEP
12:57:52 [INFO] core.sap_client — phase2_ready — txtGV_HU confirmed
12:57:53 [INFO] core.sap_client — hu_phase2_ok hu=T10045850660 duration_ms=6054
12:57:53 [WARNING] core.sap_client — phase1_wrong_screen hu=T10045830338 — re-navigating
12:57:53 [INFO] core.sap_client — setup_phase1_start
12:57:58 [INFO] core.sap_client — tx_opened code=/nZMOVEINBHU current_tx=ZMOVEINBHU
12:57:58 [INFO] core.sap_client — phase1_ready — ctxtP_HU confirmed
12:58:05 [INFO] core.sap_client — hu_phase1_ok hu=T10045830338
12:58:05 [WARNING] core.sap_client — phase2_wrong_screen hu=T10045830338 — re-navigating
12:58:05 [INFO] core.sap_client — setup_phase2_start
12:58:10 [INFO] core.sap_client — tx_opened code=/nZMMTIJSEP current_tx=ZMMTIJSEP
12:58:10 [INFO] core.sap_client — phase2_ready — txtGV_HU confirmed
12:58:11 [INFO] core.sap_client — hu_phase2_ok hu=T10045830338 duration_ms=6103
12:58:11 [WARNING] core.sap_client — phase1_wrong_screen hu=T10045850662 — re-navigating
12:58:11 [INFO] core.sap_client — setup_phase1_start
12:58:16 [INFO] core.sap_client — tx_opened code=/nZMOVEINBHU current_tx=ZMOVEINBHU
12:58:16 [INFO] core.sap_client — phase1_ready — ctxtP_HU confirmed
12:58:19 [INFO] core.sap_client — hu_phase1_ok hu=T10045850662
12:58:19 [WARNING] core.sap_client — phase2_wrong_screen hu=T10045850662 — re-navigating
12:58:19 [INFO] core.sap_client — setup_phase2_start
12:58:25 [INFO] core.sap_client — tx_opened code=/nZMMTIJSEP current_tx=ZMMTIJSEP
12:58:25 [INFO] core.sap_client — phase2_ready — txtGV_HU confirmed
12:58:26 [INFO] core.sap_client — hu_phase2_ok hu=T10045850662 duration_ms=6184
12:58:26 [WARNING] core.sap_client — phase1_wrong_screen hu=T10045869288 — re-navigating
12:58:26 [INFO] core.sap_client — setup_phase1_start
12:58:31 [INFO] core.sap_client — tx_opened code=/nZMOVEINBHU current_tx=ZMOVEINBHU
12:58:31 [INFO] core.sap_client — phase1_ready — ctxtP_HU confirmed
12:58:35 [INFO] core.sap_client — hu_phase1_ok hu=T10045869288
12:58:35 [WARNING] core.sap_client — phase2_wrong_screen hu=T10045869288 — re-navigating
12:58:35 [INFO] core.sap_client — setup_phase2_start
12:58:40 [INFO] core.sap_client — tx_opened code=/nZMMTIJSEP current_tx=ZMMTIJSEP
12:58:40 [INFO] core.sap_client — phase2_ready — txtGV_HU confirmed
12:58:41 [INFO] core.sap_client — hu_phase2_ok hu=T10045869288 duration_ms=6026
12:58:41 [WARNING] core.sap_client — phase1_wrong_screen hu=T10045830339 — re-navigating
12:58:41 [INFO] core.sap_client — setup_phase1_start
12:58:46 [INFO] core.sap_client — tx_opened code=/nZMOVEINBHU current_tx=ZMOVEINBHU
12:58:46 [INFO] core.sap_client — phase1_ready — ctxtP_HU confirmed
12:58:50 [INFO] core.sap_client — hu_phase1_ok hu=T10045830339
12:58:50 [WARNING] core.sap_client — phase2_wrong_screen hu=T10045830339 — re-navigating
12:58:50 [INFO] core.sap_client — setup_phase2_start
12:58:56 [INFO] core.sap_client — tx_opened code=/nZMMTIJSEP current_tx=ZMMTIJSEP
12:58:56 [INFO] core.sap_client — phase2_ready — txtGV_HU confirmed
12:58:56 [INFO] core.sap_client — hu_phase2_ok hu=T10045830339 duration_ms=6084
12:58:56 [WARNING] core.sap_client — phase1_wrong_screen hu=T10045836134 — re-navigating
12:58:56 [INFO] core.sap_client — setup_phase1_start
12:59:02 [INFO] core.sap_client — tx_opened code=/nZMOVEINBHU current_tx=ZMOVEINBHU
12:59:02 [INFO] core.sap_client — phase1_ready — ctxtP_HU confirmed
12:59:08 [INFO] core.sap_client — hu_phase1_ok hu=T10045836134
12:59:08 [WARNING] core.sap_client — phase2_wrong_screen hu=T10045836134 — re-navigating
12:59:08 [INFO] core.sap_client — setup_phase2_start
12:59:13 [INFO] core.sap_client — tx_opened code=/nZMMTIJSEP current_tx=ZMMTIJSEP
12:59:13 [INFO] core.sap_client — phase2_ready — txtGV_HU confirmed
12:59:14 [INFO] core.sap_client — hu_phase2_ok hu=T10045836134 duration_ms=6110
12:59:14 [WARNING] core.sap_client — phase1_wrong_screen hu=T10045837388 — re-navigating
12:59:14 [INFO] core.sap_client — setup_phase1_start
12:59:19 [INFO] core.sap_client — tx_opened code=/nZMOVEINBHU current_tx=ZMOVEINBHU
12:59:19 [INFO] core.sap_client — phase1_ready — ctxtP_HU confirmed
12:59:23 [INFO] core.sap_client — hu_phase1_ok hu=T10045837388
12:59:23 [WARNING] core.sap_client — phase2_wrong_screen hu=T10045837388 — re-navigating
12:59:23 [INFO] core.sap_client — setup_phase2_start
12:59:28 [INFO] core.sap_client — tx_opened code=/nZMMTIJSEP current_tx=ZMMTIJSEP
12:59:28 [INFO] core.sap_client — phase2_ready — txtGV_HU confirmed
12:59:29 [INFO] core.sap_client — hu_phase2_ok hu=T10045837388 duration_ms=6050
12:59:29 [WARNING] core.sap_client — phase1_wrong_screen hu=T10045850658 — re-navigating
12:59:29 [INFO] core.sap_client — setup_phase1_start
12:59:34 [INFO] core.sap_client — tx_opened code=/nZMOVEINBHU current_tx=ZMOVEINBHU
12:59:34 [INFO] core.sap_client — phase1_ready — ctxtP_HU confirmed
12:59:38 [INFO] core.sap_client — hu_phase1_ok hu=T10045850658
12:59:38 [WARNING] core.sap_client — phase2_wrong_screen hu=T10045850658 — re-navigating
12:59:38 [INFO] core.sap_client — setup_phase2_start
12:59:43 [INFO] core.sap_client — tx_opened code=/nZMMTIJSEP current_tx=ZMMTIJSEP
12:59:43 [INFO] core.sap_client — phase2_ready — txtGV_HU confirmed
12:59:44 [INFO] core.sap_client — hu_phase2_ok hu=T10045850658 duration_ms=6000
12:59:44 [WARNING] core.sap_client — phase1_wrong_screen hu=T10045830340 — re-navigating
12:59:44 [INFO] core.sap_client — setup_phase1_start
12:59:49 [INFO] core.sap_client — tx_opened code=/nZMOVEINBHU current_tx=ZMOVEINBHU
12:59:49 [INFO] core.sap_client — phase1_ready — ctxtP_HU confirmed
12:59:53 [INFO] core.sap_client — hu_phase1_ok hu=T10045830340
12:59:53 [WARNING] core.sap_client — phase2_wrong_screen hu=T10045830340 — re-navigating
12:59:53 [INFO] core.sap_client — setup_phase2_start
12:59:59 [INFO] core.sap_client — tx_opened code=/nZMMTIJSEP current_tx=ZMMTIJSEP
12:59:59 [INFO] core.sap_client — phase2_ready — txtGV_HU confirmed
12:59:59 [INFO] core.sap_client — hu_phase2_ok hu=T10045830340 duration_ms=6071
13:00:00 [WARNING] core.sap_client — phase1_wrong_screen hu=T10045830344 — re-navigating
13:00:00 [INFO] core.sap_client — setup_phase1_start
13:00:05 [INFO] core.sap_client — tx_opened code=/nZMOVEINBHU current_tx=ZMOVEINBHU
13:00:05 [INFO] core.sap_client — phase1_ready — ctxtP_HU confirmed
13:00:09 [INFO] core.sap_client — hu_phase1_ok hu=T10045830344
13:00:09 [WARNING] core.sap_client — phase2_wrong_screen hu=T10045830344 — re-navigating
13:00:09 [INFO] core.sap_client — setup_phase2_start
13:00:14 [INFO] core.sap_client — tx_opened code=/nZMMTIJSEP current_tx=ZMMTIJSEP
13:00:14 [INFO] core.sap_client — phase2_ready — txtGV_HU confirmed
13:00:15 [INFO] core.sap_client — hu_phase2_ok hu=T10045830344 duration_ms=6066
13:00:15 [WARNING] core.sap_client — phase1_wrong_screen hu=T10045836253 — re-navigating
13:00:15 [INFO] core.sap_client — setup_phase1_start
13:00:20 [INFO] core.sap_client — tx_opened code=/nZMOVEINBHU current_tx=ZMOVEINBHU
13:00:20 [INFO] core.sap_client — phase1_ready — ctxtP_HU confirmed
13:00:24 [INFO] core.sap_client — hu_phase1_ok hu=T10045836253
13:00:24 [WARNING] core.sap_client — phase2_wrong_screen hu=T10045836253 — re-navigating
13:00:24 [INFO] core.sap_client — setup_phase2_start
13:00:30 [INFO] core.sap_client — tx_opened code=/nZMMTIJSEP current_tx=ZMMTIJSEP
13:00:30 [INFO] core.sap_client — phase2_ready — txtGV_HU confirmed
13:00:31 [INFO] core.sap_client — hu_phase2_ok hu=T10045836253 duration_ms=6117
13:00:31 [WARNING] core.sap_client — phase1_wrong_screen hu=T10045835297 — re-navigating
13:00:31 [INFO] core.sap_client — setup_phase1_start
13:00:36 [INFO] core.sap_client — tx_opened code=/nZMOVEINBHU current_tx=ZMOVEINBHU
13:00:36 [INFO] core.sap_client — phase1_ready — ctxtP_HU confirmed
13:00:40 [INFO] core.sap_client — hu_phase1_ok hu=T10045835297
13:00:40 [WARNING] core.sap_client — phase2_wrong_screen hu=T10045835297 — re-navigating
13:00:40 [INFO] core.sap_client — setup_phase2_start
13:00:45 [INFO] core.sap_client — tx_opened code=/nZMMTIJSEP current_tx=ZMMTIJSEP
13:00:45 [INFO] core.sap_client — phase2_ready — txtGV_HU confirmed
13:00:46 [INFO] core.sap_client — hu_phase2_ok hu=T10045835297 duration_ms=6155
13:00:46 [INFO] core.queue_model — pallet_boundary multi_hu pallet=6 count=15 hu_codes=['T10045850664', 'T10045831725', 'T10045850663', 'T10045850660', 'T10045830338', 'T10045850662', 'T10045869288', 'T10045830339', 'T10045836134', 'T10045837388', 'T10045850658', 'T10045830340', 'T10045830344', 'T10045836253', 'T10045835297']
13:00:51 [INFO] core.sap_client — tx_opened code=/nSP01 current_tx=SP01
13:00:56 [INFO] core.sap_client — sp01_row_marked row=4 title=CN-CON-003_T10045836253_20260327200030
13:00:56 [INFO] core.sap_client — sp01_row_marked row=6 title=CN-CON-003_T10045830344_20260327200015
13:00:56 [INFO] core.sap_client — sp01_row_marked row=8 title=CN-CON-003_T10045830340_20260327195959
13:00:56 [INFO] core.sap_client — sp01_row_marked row=10 title=CN-CON-003_T10045850658_20260327195943
13:00:56 [INFO] core.sap_client — sp01_row_marked row=12 title=CN-CON-003_T10045837388_20260327195929
13:00:56 [INFO] core.sap_client — sp01_row_marked row=14 title=CN-CON-003_T10045836134_20260327195914
13:00:56 [INFO] core.sap_client — sp01_row_marked row=16 title=CN-CON-003_T10045830339_20260327195856
13:00:56 [INFO] core.sap_client — sp01_row_marked row=18 title=CN-CON-003_T10045869288_20260327195841
13:00:56 [INFO] core.sap_client — sp01_row_marked row=20 title=CN-CON-003_T10045830338_20260327195810
13:00:56 [INFO] core.sap_client — sp01_row_marked row=22 title=CN-CON-003_T10045850662_20260327195825
13:00:56 [INFO] core.sap_client — sp01_row_marked row=24 title=CN-CON-003_T10045850660_20260327195753
13:00:56 [INFO] core.sap_client — sp01_row_marked row=26 title=CN-CON-003_T10045850663_20260327195738
13:00:56 [INFO] core.sap_client — sp01_row_marked row=28 title=CN-CON-003_T10045831725_20260327195723
13:00:56 [INFO] core.sap_client — sp01_row_marked row=30 title=CN-CON-003_T10045850664_20260327195707
13:00:58 [INFO] core.sap_client — sp01_print_confirmed via=btn[25] marked=14
13:01:00 [INFO] core.sap_client — sp01_pallet_done result={'status': 'ok', 'message': 'SP01 OK — 14 spool(s) impreso(s)', 'marked': 14} hu_codes=['T10045850664', 'T10045831725', 'T10045850663', 'T10045850660', 'T10045830338', 'T10045850662', 'T10045869288', 'T10045830339', 'T10045836134', 'T10045837388', 'T10045850658', 'T10045830340', 'T10045830344', 'T10045836253', 'T10045835297']
13:01:00 [INFO] core.queue_model — sp01_pallet_result={'status': 'ok', 'message': 'SP01 OK — 14 spool(s) impreso(s)', 'marked': 14}
13:01:00 [INFO] ui.queue_window — ui_paused_after_pallet pallet_id=6
13:02:05 [INFO] core.queue_model — queue_worker_resumed_by_ui
13:02:05 [INFO] ui.queue_window — continue_pressed_by_user
13:02:05 [INFO] core.queue_model — queue_worker_resumed_processing
13:02:05 [INFO] core.sap_client — setup_phase1_start
13:02:10 [INFO] core.sap_client — tx_opened code=/nZMOVEINBHU current_tx=ZMOVEINBHU
13:02:10 [INFO] core.sap_client — phase1_ready — ctxtP_HU confirmed
13:02:15 [INFO] core.sap_client — hu_phase1_ok hu=T10045839840
13:02:15 [INFO] core.sap_client — setup_phase2_start
13:02:20 [INFO] core.sap_client — tx_opened code=/nZMMTIJSEP current_tx=ZMMTIJSEP
13:02:20 [INFO] core.sap_client — phase2_ready — txtGV_HU confirmed
13:02:21 [INFO] core.sap_client — hu_phase2_ok hu=T10045839840 duration_ms=1001
13:02:21 [INFO] core.sap_client — setup_phase1_start
13:02:26 [INFO] core.sap_client — tx_opened code=/nZMOVEINBHU current_tx=ZMOVEINBHU
13:02:26 [INFO] core.sap_client — phase1_ready — ctxtP_HU confirmed
13:02:30 [INFO] core.sap_client — hu_phase1_ok hu=T10045856624
13:02:30 [WARNING] core.sap_client — phase2_wrong_screen hu=T10045856624 — re-navigating
13:02:30 [INFO] core.sap_client — setup_phase2_start
13:02:35 [INFO] core.sap_client — tx_opened code=/nZMMTIJSEP current_tx=ZMMTIJSEP
13:02:35 [INFO] core.sap_client — phase2_ready — txtGV_HU confirmed
13:02:36 [INFO] core.sap_client — hu_phase2_ok hu=T10045856624 duration_ms=6111
13:02:36 [WARNING] core.sap_client — phase1_wrong_screen hu=T10045863001 — re-navigating
13:02:36 [INFO] core.sap_client — setup_phase1_start
13:02:41 [INFO] core.sap_client — tx_opened code=/nZMOVEINBHU current_tx=ZMOVEINBHU
13:02:42 [INFO] core.sap_client — phase1_ready — ctxtP_HU confirmed
13:02:47 [INFO] core.sap_client — hu_phase1_ok hu=T10045863001
13:02:47 [WARNING] core.sap_client — phase2_wrong_screen hu=T10045863001 — re-navigating
13:02:47 [INFO] core.sap_client — setup_phase2_start
13:02:52 [INFO] core.sap_client — tx_opened code=/nZMMTIJSEP current_tx=ZMMTIJSEP
13:02:52 [INFO] core.sap_client — phase2_ready — txtGV_HU confirmed
13:02:53 [INFO] core.sap_client — hu_phase2_ok hu=T10045863001 duration_ms=6210
13:02:53 [WARNING] core.sap_client — phase1_wrong_screen hu=T10045856627 — re-navigating
13:02:53 [INFO] core.sap_client — setup_phase1_start
13:02:58 [INFO] core.sap_client — tx_opened code=/nZMOVEINBHU current_tx=ZMOVEINBHU
13:02:58 [INFO] core.sap_client — phase1_ready — ctxtP_HU confirmed
13:03:02 [INFO] core.sap_client — hu_phase1_ok hu=T10045856627
13:03:02 [WARNING] core.sap_client — phase2_wrong_screen hu=T10045856627 — re-navigating
13:03:02 [INFO] core.sap_client — setup_phase2_start
13:03:07 [INFO] core.sap_client — tx_opened code=/nZMMTIJSEP current_tx=ZMMTIJSEP
13:03:07 [INFO] core.sap_client — phase2_ready — txtGV_HU confirmed
13:03:08 [INFO] core.sap_client — hu_phase2_ok hu=T10045856627 duration_ms=6133
13:03:08 [WARNING] core.sap_client — phase1_wrong_screen hu=T10045865358 — re-navigating
13:03:08 [INFO] core.sap_client — setup_phase1_start
13:03:14 [INFO] core.sap_client — tx_opened code=/nZMOVEINBHU current_tx=ZMOVEINBHU
13:03:14 [INFO] core.sap_client — phase1_ready — ctxtP_HU confirmed
13:03:17 [INFO] core.sap_client — hu_phase1_ok hu=T10045865358
13:03:17 [WARNING] core.sap_client — phase2_wrong_screen hu=T10045865358 — re-navigating
13:03:17 [INFO] core.sap_client — setup_phase2_start
13:03:22 [INFO] core.sap_client — tx_opened code=/nZMMTIJSEP current_tx=ZMMTIJSEP
13:03:22 [INFO] core.sap_client — phase2_ready — txtGV_HU confirmed
13:03:23 [INFO] core.sap_client — hu_phase2_ok hu=T10045865358 duration_ms=6088
13:03:23 [WARNING] core.sap_client — phase1_wrong_screen hu=T10045869263 — re-navigating
13:03:23 [INFO] core.sap_client — setup_phase1_start
13:03:29 [INFO] core.sap_client — tx_opened code=/nZMOVEINBHU current_tx=ZMOVEINBHU
13:03:29 [INFO] core.sap_client — phase1_ready — ctxtP_HU confirmed
13:03:32 [INFO] core.sap_client — hu_phase1_ok hu=T10045869263
13:03:32 [WARNING] core.sap_client — phase2_wrong_screen hu=T10045869263 — re-navigating
13:03:32 [INFO] core.sap_client — setup_phase2_start
13:03:38 [INFO] core.sap_client — tx_opened code=/nZMMTIJSEP current_tx=ZMMTIJSEP
13:03:38 [INFO] core.sap_client — phase2_ready — txtGV_HU confirmed
13:03:38 [INFO] core.sap_client — hu_phase2_ok hu=T10045869263 duration_ms=6166
13:03:38 [WARNING] core.sap_client — phase1_wrong_screen hu=T10045836141 — re-navigating
13:03:38 [INFO] core.sap_client — setup_phase1_start
13:03:44 [INFO] core.sap_client — tx_opened code=/nZMOVEINBHU current_tx=ZMOVEINBHU
13:03:44 [INFO] core.sap_client — phase1_ready — ctxtP_HU confirmed
13:03:48 [INFO] core.sap_client — hu_phase1_ok hu=T10045836141
13:03:48 [WARNING] core.sap_client — phase2_wrong_screen hu=T10045836141 — re-navigating
13:03:48 [INFO] core.sap_client — setup_phase2_start
13:03:53 [INFO] core.sap_client — tx_opened code=/nZMMTIJSEP current_tx=ZMMTIJSEP
13:03:53 [INFO] core.sap_client — phase2_ready — txtGV_HU confirmed
13:03:54 [INFO] core.sap_client — hu_phase2_ok hu=T10045836141 duration_ms=6087
13:03:54 [WARNING] core.sap_client — phase1_wrong_screen hu=T10045836117 — re-navigating
13:03:54 [INFO] core.sap_client — setup_phase1_start
13:04:00 [INFO] core.sap_client — tx_opened code=/nZMOVEINBHU current_tx=ZMOVEINBHU
13:04:00 [INFO] core.sap_client — phase1_ready — ctxtP_HU confirmed
13:04:04 [INFO] core.sap_client — hu_phase1_ok hu=T10045836117
13:04:04 [WARNING] core.sap_client — phase2_wrong_screen hu=T10045836117 — re-navigating
13:04:04 [INFO] core.sap_client — setup_phase2_start
13:04:09 [INFO] core.sap_client — tx_opened code=/nZMMTIJSEP current_tx=ZMMTIJSEP
13:04:09 [INFO] core.sap_client — phase2_ready — txtGV_HU confirmed
13:04:10 [INFO] core.sap_client — hu_phase2_ok hu=T10045836117 duration_ms=6122
13:04:10 [WARNING] core.sap_client — phase1_wrong_screen hu=T10045830259 — re-navigating
13:04:10 [INFO] core.sap_client — setup_phase1_start
13:04:16 [INFO] core.sap_client — tx_opened code=/nZMOVEINBHU current_tx=ZMOVEINBHU
13:04:16 [INFO] core.sap_client — phase1_ready — ctxtP_HU confirmed
13:04:19 [INFO] core.sap_client — hu_phase1_ok hu=T10045830259
13:04:19 [WARNING] core.sap_client — phase2_wrong_screen hu=T10045830259 — re-navigating
13:04:19 [INFO] core.sap_client — setup_phase2_start
13:04:25 [INFO] core.sap_client — tx_opened code=/nZMMTIJSEP current_tx=ZMMTIJSEP
13:04:25 [INFO] core.sap_client — phase2_ready — txtGV_HU confirmed
13:04:25 [INFO] core.sap_client — hu_phase2_ok hu=T10045830259 duration_ms=6121
13:04:25 [WARNING] core.sap_client — phase1_wrong_screen hu=T10045836241 — re-navigating
13:04:25 [INFO] core.sap_client — setup_phase1_start
13:04:31 [INFO] core.sap_client — tx_opened code=/nZMOVEINBHU current_tx=ZMOVEINBHU
13:04:31 [INFO] core.sap_client — phase1_ready — ctxtP_HU confirmed
13:04:35 [INFO] core.sap_client — hu_phase1_ok hu=T10045836241
13:04:35 [WARNING] core.sap_client — phase2_wrong_screen hu=T10045836241 — re-navigating
13:04:35 [INFO] core.sap_client — setup_phase2_start
13:04:41 [INFO] core.sap_client — tx_opened code=/nZMMTIJSEP current_tx=ZMMTIJSEP
13:04:41 [INFO] core.sap_client — phase2_ready — txtGV_HU confirmed
13:04:42 [INFO] core.sap_client — hu_phase2_ok hu=T10045836241 duration_ms=6222
13:04:42 [WARNING] core.sap_client — phase1_wrong_screen hu=T10045836083 — re-navigating
13:04:42 [INFO] core.sap_client — setup_phase1_start
13:04:47 [INFO] core.sap_client — tx_opened code=/nZMOVEINBHU current_tx=ZMOVEINBHU
13:04:47 [INFO] core.sap_client — phase1_ready — ctxtP_HU confirmed
13:04:51 [INFO] core.sap_client — hu_phase1_ok hu=T10045836083
13:04:51 [WARNING] core.sap_client — phase2_wrong_screen hu=T10045836083 — re-navigating
13:04:51 [INFO] core.sap_client — setup_phase2_start
13:04:56 [INFO] core.sap_client — tx_opened code=/nZMMTIJSEP current_tx=ZMMTIJSEP
13:04:56 [INFO] core.sap_client — phase2_ready — txtGV_HU confirmed
13:04:57 [INFO] core.sap_client — hu_phase2_ok hu=T10045836083 duration_ms=6025
13:04:57 [WARNING] core.sap_client — phase1_wrong_screen hu=T10045837435 — re-navigating
13:04:57 [INFO] core.sap_client — setup_phase1_start
13:05:02 [INFO] core.sap_client — tx_opened code=/nZMOVEINBHU current_tx=ZMOVEINBHU
13:05:02 [INFO] core.sap_client — phase1_ready — ctxtP_HU confirmed
13:05:06 [INFO] core.sap_client — hu_phase1_ok hu=T10045837435
13:05:06 [WARNING] core.sap_client — phase2_wrong_screen hu=T10045837435 — re-navigating
13:05:06 [INFO] core.sap_client — setup_phase2_start
13:05:11 [INFO] core.sap_client — tx_opened code=/nZMMTIJSEP current_tx=ZMMTIJSEP
13:05:11 [INFO] core.sap_client — phase2_ready — txtGV_HU confirmed
13:05:13 [INFO] core.sap_client — hu_phase2_ok hu=T10045837435 duration_ms=6711
13:05:13 [WARNING] core.sap_client — phase1_wrong_screen hu=T10045865357 — re-navigating
13:05:13 [INFO] core.sap_client — setup_phase1_start
13:05:18 [INFO] core.sap_client — tx_opened code=/nZMOVEINBHU current_tx=ZMOVEINBHU
13:05:18 [INFO] core.sap_client — phase1_ready — ctxtP_HU confirmed
13:05:21 [INFO] core.sap_client — hu_phase1_ok hu=T10045865357
13:05:21 [WARNING] core.sap_client — phase2_wrong_screen hu=T10045865357 — re-navigating
13:05:21 [INFO] core.sap_client — setup_phase2_start
13:05:27 [INFO] core.sap_client — tx_opened code=/nZMMTIJSEP current_tx=ZMMTIJSEP
13:05:27 [INFO] core.sap_client — phase2_ready — txtGV_HU confirmed
13:05:27 [INFO] core.sap_client — hu_phase2_ok hu=T10045865357 duration_ms=6068
13:05:27 [WARNING] core.sap_client — phase1_wrong_screen hu=T10045850642 — re-navigating
13:05:27 [INFO] core.sap_client — setup_phase1_start
13:05:33 [INFO] core.sap_client — tx_opened code=/nZMOVEINBHU current_tx=ZMOVEINBHU
13:05:33 [INFO] core.sap_client — phase1_ready — ctxtP_HU confirmed
13:05:37 [INFO] core.sap_client — hu_phase1_ok hu=T10045850642
13:05:37 [WARNING] core.sap_client — phase2_wrong_screen hu=T10045850642 — re-navigating
13:05:37 [INFO] core.sap_client — setup_phase2_start
13:05:42 [INFO] core.sap_client — tx_opened code=/nZMMTIJSEP current_tx=ZMMTIJSEP
13:05:42 [INFO] core.sap_client — phase2_ready — txtGV_HU confirmed
13:05:43 [INFO] core.sap_client — hu_phase2_ok hu=T10045850642 duration_ms=6158
13:05:43 [WARNING] core.sap_client — phase1_wrong_screen hu=T10045850639 — re-navigating
13:05:43 [INFO] core.sap_client — setup_phase1_start
13:05:48 [INFO] core.sap_client — tx_opened code=/nZMOVEINBHU current_tx=ZMOVEINBHU
13:05:48 [INFO] core.sap_client — phase1_ready — ctxtP_HU confirmed
13:05:52 [INFO] core.sap_client — hu_phase1_ok hu=T10045850639
13:05:52 [WARNING] core.sap_client — phase2_wrong_screen hu=T10045850639 — re-navigating
13:05:52 [INFO] core.sap_client — setup_phase2_start
13:05:57 [INFO] core.sap_client — tx_opened code=/nZMMTIJSEP current_tx=ZMMTIJSEP
13:05:57 [INFO] core.sap_client — phase2_ready — txtGV_HU confirmed
13:05:58 [INFO] core.sap_client — hu_phase2_ok hu=T10045850639 duration_ms=6080
13:05:58 [INFO] core.queue_model — pallet_boundary multi_hu pallet=7 count=15 hu_codes=['T10045839840', 'T10045856624', 'T10045863001', 'T10045856627', 'T10045865358', 'T10045869263', 'T10045836141', 'T10045836117', 'T10045830259', 'T10045836241', 'T10045836083', 'T10045837435', 'T10045865357', 'T10045850642', 'T10045850639']
13:06:03 [INFO] core.sap_client — tx_opened code=/nSP01 current_tx=SP01
13:06:08 [INFO] core.sap_client — sp01_row_marked row=4 title=CN-CON-003_T10045850639_20260327200557
13:06:08 [INFO] core.sap_client — sp01_row_marked row=6 title=CN-CON-003_T10045850642_20260327200542
13:06:08 [INFO] core.sap_client — sp01_row_marked row=8 title=CN-CON-003_T10045865357_20260327200527
13:06:08 [INFO] core.sap_client — sp01_row_marked row=10 title=CN-CON-003_T10045837435_20260327200512
13:06:08 [INFO] core.sap_client — sp01_row_marked row=12 title=CN-CON-003_T10045836083_20260327200457
13:06:08 [INFO] core.sap_client — sp01_row_marked row=14 title=CN-CON-003_T10045836241_20260327200441
13:06:08 [INFO] core.sap_client — sp01_row_marked row=16 title=CN-CON-003_T10045830259_20260327200425
13:06:08 [INFO] core.sap_client — sp01_row_marked row=18 title=CN-CON-003_T10045836117_20260327200410
13:06:08 [INFO] core.sap_client — sp01_row_marked row=20 title=CN-CON-003_T10045836141_20260327200354
13:06:08 [INFO] core.sap_client — sp01_row_marked row=22 title=CN-CON-003_T10045869263_20260327200338
13:06:08 [INFO] core.sap_client — sp01_row_marked row=24 title=CN-CON-003_T10045865358_20260327200323
13:06:08 [INFO] core.sap_client — sp01_row_marked row=26 title=CN-CON-003_T10045856627_20260327200308
13:06:08 [INFO] core.sap_client — sp01_row_marked row=28 title=CN-CON-003_T10045863001_20260327200253
13:06:08 [INFO] core.sap_client — sp01_row_marked row=30 title=CN-CON-003_T10045856624_20260327200236
13:06:08 [INFO] core.sap_client — sp01_row_marked row=32 title=CN-CON-003_T10045839840_20260327200220
13:06:10 [INFO] core.sap_client — sp01_print_confirmed via=btn[25] marked=15
13:06:12 [INFO] core.sap_client — sp01_pallet_done result={'status': 'ok', 'message': 'SP01 OK — 15 spool(s) impreso(s)', 'marked': 15} hu_codes=['T10045839840', 'T10045856624', 'T10045863001', 'T10045856627', 'T10045865358', 'T10045869263', 'T10045836141', 'T10045836117', 'T10045830259', 'T10045836241', 'T10045836083', 'T10045837435', 'T10045865357', 'T10045850642', 'T10045850639']
13:06:12 [INFO] core.queue_model — sp01_pallet_result={'status': 'ok', 'message': 'SP01 OK — 15 spool(s) impreso(s)', 'marked': 15}
13:06:12 [INFO] ui.queue_window — ui_paused_after_pallet pallet_id=7
13:06:46 [INFO] core.queue_model — queue_worker_resumed_by_ui
13:06:46 [INFO] ui.queue_window — continue_pressed_by_user
13:06:46 [INFO] core.queue_model — queue_worker_resumed_processing
13:06:46 [INFO] core.sap_client — setup_phase1_start
13:06:51 [INFO] core.sap_client — tx_opened code=/nZMOVEINBHU current_tx=ZMOVEINBHU
13:06:51 [INFO] core.sap_client — phase1_ready — ctxtP_HU confirmed
13:06:55 [INFO] core.sap_client — hu_phase1_ok hu=T10045837439
13:06:55 [INFO] core.sap_client — setup_phase2_start
13:07:00 [INFO] core.sap_client — tx_opened code=/nZMMTIJSEP current_tx=ZMMTIJSEP
13:07:00 [INFO] core.sap_client — phase2_ready — txtGV_HU confirmed
13:07:01 [INFO] core.sap_client — hu_phase2_ok hu=T10045837439 duration_ms=1000
13:07:01 [INFO] core.sap_client — setup_phase1_start
13:07:06 [INFO] core.sap_client — tx_opened code=/nZMOVEINBHU current_tx=ZMOVEINBHU
13:07:06 [INFO] core.sap_client — phase1_ready — ctxtP_HU confirmed
13:07:10 [INFO] core.sap_client — hu_phase1_ok hu=T10045869372
13:07:10 [WARNING] core.sap_client — phase2_wrong_screen hu=T10045869372 — re-navigating
13:07:10 [INFO] core.sap_client — setup_phase2_start
13:07:15 [INFO] core.sap_client — tx_opened code=/nZMMTIJSEP current_tx=ZMMTIJSEP
13:07:15 [INFO] core.sap_client — phase2_ready — txtGV_HU confirmed
13:07:16 [INFO] core.sap_client — hu_phase2_ok hu=T10045869372 duration_ms=6053
13:07:16 [INFO] core.queue_model — pallet_boundary multi_hu pallet=8 count=2 hu_codes=['T10045837439', 'T10045869372']
13:07:21 [INFO] core.sap_client — tx_opened code=/nSP01 current_tx=SP01
13:07:26 [INFO] core.sap_client — sp01_row_marked row=4 title=CN-CON-003_T10045869372_20260327200716
13:07:26 [INFO] core.sap_client — sp01_row_marked row=6 title=CN-CON-003_T10045837439_20260327200701
13:07:28 [INFO] core.sap_client — sp01_print_confirmed via=btn[25] marked=2
13:07:30 [INFO] core.sap_client — sp01_pallet_done result={'status': 'ok', 'message': 'SP01 OK — 2 spool(s) impreso(s)', 'marked': 2} hu_codes=['T10045837439', 'T10045869372']
13:07:30 [INFO] core.queue_model — sp01_pallet_result={'status': 'ok', 'message': 'SP01 OK — 2 spool(s) impreso(s)', 'marked': 2}
13:07:30 [INFO] ui.queue_window — ui_paused_after_pallet pallet_id=8
13:07:37 [INFO] core.queue_model — queue_worker_resumed_by_ui
13:07:37 [INFO] ui.queue_window — continue_pressed_by_user
13:07:37 [INFO] core.queue_model — queue_worker_resumed_processing
13:07:37 [INFO] core.sap_client — setup_phase1_start
13:07:43 [INFO] core.sap_client — tx_opened code=/nZMOVEINBHU current_tx=ZMOVEINBHU
13:07:43 [INFO] core.sap_client — phase1_ready — ctxtP_HU confirmed
13:07:45 [INFO] core.sap_client — hu_phase1_duplicate hu=TH0000257146
13:07:46 [INFO] core.sap_client — setup_phase2_start
13:07:51 [INFO] core.sap_client — tx_opened code=/nZMMTIJSEP current_tx=ZMMTIJSEP
13:07:51 [INFO] core.sap_client — phase2_ready — txtGV_HU confirmed
13:07:52 [INFO] core.sap_client — hu_phase2_ok hu=TH0000257146 duration_ms=1001
13:07:52 [INFO] core.sap_client — setup_phase1_start
13:07:57 [INFO] core.sap_client — tx_opened code=/nZMOVEINBHU current_tx=ZMOVEINBHU
13:07:57 [INFO] core.sap_client — phase1_ready — ctxtP_HU confirmed
13:08:00 [INFO] core.sap_client — hu_phase1_duplicate hu=TH0000257123
13:08:00 [WARNING] core.sap_client — phase2_wrong_screen hu=TH0000257123 — re-navigating
13:08:00 [INFO] core.sap_client — setup_phase2_start
13:08:05 [INFO] core.sap_client — tx_opened code=/nZMMTIJSEP current_tx=ZMMTIJSEP
13:08:05 [INFO] core.sap_client — phase2_ready — txtGV_HU confirmed
13:08:06 [INFO] core.sap_client — hu_phase2_ok hu=TH0000257123 duration_ms=5709
13:08:06 [WARNING] core.sap_client — phase1_wrong_screen hu=TH0000257124 — re-navigating
13:08:06 [INFO] core.sap_client — setup_phase1_start
13:08:11 [INFO] core.sap_client — tx_opened code=/nZMOVEINBHU current_tx=ZMOVEINBHU
13:08:11 [INFO] core.sap_client — phase1_ready — ctxtP_HU confirmed
13:08:14 [INFO] core.sap_client — hu_phase1_duplicate hu=TH0000257124
13:08:14 [WARNING] core.sap_client — phase2_wrong_screen hu=TH0000257124 — re-navigating
13:08:14 [INFO] core.sap_client — setup_phase2_start
13:08:19 [INFO] core.sap_client — tx_opened code=/nZMMTIJSEP current_tx=ZMMTIJSEP
13:08:19 [INFO] core.sap_client — phase2_ready — txtGV_HU confirmed
13:08:19 [INFO] core.sap_client — hu_phase2_ok hu=TH0000257124 duration_ms=5703
13:08:19 [INFO] core.queue_model — pallet_boundary multi_hu pallet=9 count=3 hu_codes=['TH0000257146', 'TH0000257123', 'TH0000257124']
13:08:25 [INFO] core.sap_client — tx_opened code=/nSP01 current_tx=SP01
13:08:30 [INFO] core.sap_client — sp01_row_marked row=4 title=CN-CON-003_TH0000257124_20260327192616
13:08:30 [INFO] core.sap_client — sp01_row_marked row=6 title=CN-CON-003_TH0000257123_20260327192620
13:08:30 [INFO] core.sap_client — sp01_row_marked row=8 title=CN-CON-003_TH0000257146_20260327192618
13:08:31 [INFO] core.sap_client — sp01_print_confirmed via=btn[25] marked=3
13:08:33 [INFO] core.sap_client — sp01_pallet_done result={'status': 'ok', 'message': 'SP01 OK — 3 spool(s) impreso(s)', 'marked': 3} hu_codes=['TH0000257146', 'TH0000257123', 'TH0000257124']
13:08:33 [INFO] core.queue_model — sp01_pallet_result={'status': 'ok', 'message': 'SP01 OK — 3 spool(s) impreso(s)', 'marked': 3}
13:08:33 [INFO] core.queue_model — queue_worker_stopped
13:08:33 [INFO] core.queue_model — queue_worker_stop_requested
13:10:20 [INFO] core.queue_model — new_pallet id=10
13:10:38 [INFO] core.queue_model — hu_added hu=T10045836121 pallet=10 origin=THA
13:10:39 [INFO] core.queue_model — hu_added hu=T10045835330 pallet=10 origin=THA
13:10:40 [INFO] core.queue_model — hu_added hu=T10045835327 pallet=10 origin=THA
13:10:41 [INFO] core.queue_model — hu_added hu=T10045831719 pallet=10 origin=THA
13:10:42 [INFO] core.queue_model — hu_added hu=T10045869285 pallet=10 origin=THA
13:10:43 [INFO] core.queue_model — hu_added hu=T10045856568 pallet=10 origin=THA
13:10:44 [WARNING] core.queue_model — hu_duplicate_scan hu=T10045869372
13:10:45 [WARNING] core.queue_model — hu_duplicate_scan hu=T10045837439
13:10:51 [INFO] core.queue_model — hu_added hu=T10045837378 pallet=10 origin=THA
13:10:51 [INFO] core.queue_model — hu_added hu=T10045831721 pallet=10 origin=THA
13:10:53 [INFO] core.queue_model — hu_added hu=T10045850673 pallet=10 origin=THA
13:10:53 [INFO] core.queue_model — hu_added hu=T10045835315 pallet=10 origin=THA
13:10:54 [INFO] core.queue_model — hu_added hu=T10045835329 pallet=10 origin=THA
13:10:56 [INFO] core.queue_model — hu_added hu=T10045836140 pallet=10 origin=THA
13:10:57 [INFO] core.queue_model — hu_added hu=T10045831724 pallet=10 origin=THA
13:11:21 [INFO] core.queue_model — new_pallet id=11
13:11:25 [INFO] core.queue_model — queue_worker_started dynamic_print_mode
13:11:25 [INFO] ui.queue_window — worker_started_from_ui
13:11:25 [INFO] core.sap_client — sap_connected system=LUP user=LOPEZHJC
13:11:25 [INFO] core.queue_model — queue_worker_sap_connected
13:11:25 [INFO] core.sap_client — setup_phase1_start
13:11:30 [INFO] core.sap_client — tx_opened code=/nZMOVEINBHU current_tx=ZMOVEINBHU
13:11:30 [INFO] core.sap_client — phase1_ready — ctxtP_HU confirmed
13:11:34 [INFO] core.sap_client — hu_phase1_ok hu=T10045836121
13:11:35 [INFO] core.sap_client — setup_phase2_start
13:11:40 [INFO] core.sap_client — tx_opened code=/nZMMTIJSEP current_tx=ZMMTIJSEP
13:11:40 [INFO] core.sap_client — phase2_ready — txtGV_HU confirmed
13:11:41 [INFO] core.sap_client — hu_phase2_ok hu=T10045836121 duration_ms=1001
13:11:41 [INFO] core.sap_client — setup_phase1_start
13:11:41 [INFO] core.queue_model — hu_added hu=T10045856566 pallet=11 origin=THA
13:11:43 [INFO] core.queue_model — hu_added hu=T10045835322 pallet=11 origin=THA
13:11:44 [INFO] core.queue_model — hu_added hu=T10045836127 pallet=11 origin=THA
13:11:44 [INFO] core.queue_model — hu_added hu=T10045850674 pallet=11 origin=THA
13:11:45 [INFO] core.queue_model — hu_added hu=T10045836136 pallet=11 origin=THA
13:11:46 [INFO] core.sap_client — tx_opened code=/nZMOVEINBHU current_tx=ZMOVEINBHU
13:11:46 [INFO] core.sap_client — phase1_ready — ctxtP_HU confirmed
13:11:47 [INFO] core.queue_model — hu_added hu=T10045830352 pallet=11 origin=THA
13:11:48 [INFO] core.queue_model — hu_added hu=T10045836110 pallet=11 origin=THA
13:11:52 [INFO] core.sap_client — hu_phase1_ok hu=T10045835330
13:11:52 [WARNING] core.sap_client — phase2_wrong_screen hu=T10045835330 — re-navigating
13:11:52 [INFO] core.sap_client — setup_phase2_start
13:11:52 [INFO] core.queue_model — hu_added hu=T10045831726 pallet=11 origin=THA
13:11:53 [INFO] core.queue_model — hu_added hu=T10045830342 pallet=11 origin=THA
13:11:54 [INFO] core.queue_model — hu_added hu=T10045837377 pallet=11 origin=THA
13:11:55 [INFO] core.queue_model — hu_added hu=T10045869286 pallet=11 origin=THA
13:11:56 [INFO] core.queue_model — hu_added hu=T10045835324 pallet=11 origin=THA
13:11:57 [INFO] core.sap_client — tx_opened code=/nZMMTIJSEP current_tx=ZMMTIJSEP
13:11:57 [INFO] core.sap_client — phase2_ready — txtGV_HU confirmed
13:11:58 [INFO] core.queue_model — hu_added hu=T10045869287 pallet=11 origin=THA
13:11:58 [INFO] core.sap_client — hu_phase2_ok hu=T10045835330 duration_ms=6177
13:11:58 [WARNING] core.sap_client — phase1_wrong_screen hu=T10045835327 — re-navigating
13:11:58 [INFO] core.sap_client — setup_phase1_start
13:11:58 [INFO] core.queue_model — hu_added hu=T10045850661 pallet=11 origin=THA
13:11:59 [INFO] core.queue_model — hu_added hu=T20000112127 pallet=11 origin=UNK
13:12:02 [INFO] core.queue_model — new_pallet id=12
13:12:03 [INFO] core.sap_client — tx_opened code=/nZMOVEINBHU current_tx=ZMOVEINBHU
13:12:03 [INFO] core.sap_client — phase1_ready — ctxtP_HU confirmed
13:12:05 [INFO] core.queue_model — hu_added hu=T10045856570 pallet=12 origin=THA
13:12:06 [INFO] core.queue_model — hu_added hu=T10045853641 pallet=12 origin=THA
13:12:07 [INFO] core.queue_model — hu_added hu=T10045831722 pallet=12 origin=THA
13:12:08 [INFO] core.sap_client — hu_phase1_ok hu=T10045835327
13:12:08 [WARNING] core.sap_client — phase2_wrong_screen hu=T10045835327 — re-navigating
13:12:08 [INFO] core.sap_client — setup_phase2_start
13:12:08 [INFO] core.queue_model — hu_added hu=T10045865317 pallet=12 origin=THA
13:12:09 [INFO] core.queue_model — hu_added hu=T10045835314 pallet=12 origin=THA
13:12:11 [INFO] core.queue_model — hu_added hu=T10045856567 pallet=12 origin=THA
13:12:12 [INFO] core.queue_model — hu_added hu=T10045837386 pallet=12 origin=THA
13:12:13 [INFO] core.sap_client — tx_opened code=/nZMMTIJSEP current_tx=ZMMTIJSEP
13:12:13 [INFO] core.sap_client — phase2_ready — txtGV_HU confirmed
13:12:14 [INFO] core.sap_client — hu_phase2_ok hu=T10045835327 duration_ms=6158
13:12:14 [WARNING] core.sap_client — phase1_wrong_screen hu=T10045831719 — re-navigating
13:12:14 [INFO] core.sap_client — setup_phase1_start
13:12:16 [INFO] core.queue_model — hu_added hu=T10045853640 pallet=12 origin=THA
13:12:18 [INFO] core.queue_model — hu_added hu=T10045850672 pallet=12 origin=THA
13:12:19 [INFO] core.queue_model — hu_added hu=T10045837384 pallet=12 origin=THA
13:12:20 [INFO] core.sap_client — tx_opened code=/nZMOVEINBHU current_tx=ZMOVEINBHU
13:12:20 [INFO] core.sap_client — phase1_ready — ctxtP_HU confirmed
13:12:21 [INFO] core.queue_model — hu_added hu=T10045835326 pallet=12 origin=THA
13:12:22 [INFO] core.queue_model — hu_added hu=T10045831723 pallet=12 origin=THA
13:12:23 [INFO] core.queue_model — hu_added hu=T10045853639 pallet=12 origin=THA
13:12:23 [INFO] core.sap_client — hu_phase1_ok hu=T10045831719
13:12:23 [WARNING] core.sap_client — phase2_wrong_screen hu=T10045831719 — re-navigating
13:12:23 [INFO] core.sap_client — setup_phase2_start
13:12:23 [INFO] core.queue_model — hu_added hu=T10045836126 pallet=12 origin=THA
13:12:24 [INFO] core.queue_model — hu_added hu=T10045835310 pallet=12 origin=THA
13:12:26 [INFO] core.queue_model — new_pallet id=13
13:12:29 [INFO] core.sap_client — tx_opened code=/nZMMTIJSEP current_tx=ZMMTIJSEP
13:12:29 [INFO] core.sap_client — phase2_ready — txtGV_HU confirmed
13:12:29 [INFO] core.queue_model — hu_added hu=T10045835377 pallet=13 origin=THA
13:12:29 [INFO] core.sap_client — hu_phase2_ok hu=T10045831719 duration_ms=6177
13:12:29 [WARNING] core.sap_client — phase1_wrong_screen hu=T10045869285 — re-navigating
13:12:30 [INFO] core.sap_client — setup_phase1_start
13:12:33 [INFO] core.queue_model — hu_added hu=T10045839854 pallet=13 origin=THA
13:12:34 [INFO] core.queue_model — hu_added hu=T10045836077 pallet=13 origin=THA
13:12:35 [INFO] core.queue_model — hu_added hu=T10045830250 pallet=13 origin=THA
13:12:35 [INFO] core.sap_client — tx_opened code=/nZMOVEINBHU current_tx=ZMOVEINBHU
13:12:35 [INFO] core.sap_client — phase1_ready — ctxtP_HU confirmed
13:12:37 [INFO] core.queue_model — hu_added hu=T10045837367 pallet=13 origin=THA
13:12:38 [INFO] core.queue_model — hu_added hu=T10045850641 pallet=13 origin=THA
13:12:38 [INFO] core.sap_client — hu_phase1_ok hu=T10045869285
13:12:38 [WARNING] core.sap_client — phase2_wrong_screen hu=T10045869285 — re-navigating
13:12:38 [INFO] core.sap_client — setup_phase2_start
13:12:39 [INFO] core.queue_model — hu_added hu=T10045869377 pallet=13 origin=THA
13:12:41 [INFO] core.queue_model — hu_added hu=T10045850643 pallet=13 origin=THA
13:12:44 [INFO] core.sap_client — tx_opened code=/nZMMTIJSEP current_tx=ZMMTIJSEP
13:12:44 [INFO] core.sap_client — phase2_ready — txtGV_HU confirmed
13:12:45 [INFO] core.sap_client — hu_phase2_ok hu=T10045869285 duration_ms=6533
13:12:45 [WARNING] core.sap_client — phase1_wrong_screen hu=T10045856568 — re-navigating
13:12:45 [INFO] core.sap_client — setup_phase1_start
13:12:45 [INFO] core.queue_model — hu_added hu=T10045831772 pallet=13 origin=THA
13:12:47 [INFO] core.queue_model — hu_added hu=T10045864501 pallet=13 origin=THA
13:12:49 [INFO] core.queue_model — hu_added hu=T10045831679 pallet=13 origin=THA
13:12:50 [INFO] core.queue_model — hu_added hu=T10045835384 pallet=13 origin=THA
13:12:50 [INFO] core.queue_model — hu_added hu=T10045850638 pallet=13 origin=THA
13:12:50 [INFO] core.sap_client — tx_opened code=/nZMOVEINBHU current_tx=ZMOVEINBHU
13:12:50 [INFO] core.sap_client — phase1_ready — ctxtP_HU confirmed
13:12:52 [INFO] core.queue_model — hu_added hu=T10045864841 pallet=13 origin=THA
13:12:53 [INFO] core.queue_model — hu_added hu=T10045865359 pallet=13 origin=THA
13:12:54 [INFO] core.sap_client — hu_phase1_ok hu=T10045856568
13:12:54 [WARNING] core.sap_client — phase2_wrong_screen hu=T10045856568 — re-navigating
13:12:54 [INFO] core.sap_client — setup_phase2_start
13:12:59 [INFO] core.sap_client — tx_opened code=/nZMMTIJSEP current_tx=ZMMTIJSEP
13:12:59 [INFO] core.sap_client — phase2_ready — txtGV_HU confirmed
13:13:00 [INFO] core.sap_client — hu_phase2_ok hu=T10045856568 duration_ms=6145
13:13:00 [WARNING] core.sap_client — phase1_wrong_screen hu=T10045837378 — re-navigating
13:13:00 [INFO] core.sap_client — setup_phase1_start
13:13:06 [INFO] core.sap_client — tx_opened code=/nZMOVEINBHU current_tx=ZMOVEINBHU
13:13:06 [INFO] core.sap_client — phase1_ready — ctxtP_HU confirmed
13:13:10 [INFO] core.sap_client — hu_phase1_ok hu=T10045837378
13:13:10 [WARNING] core.sap_client — phase2_wrong_screen hu=T10045837378 — re-navigating
13:13:10 [INFO] core.sap_client — setup_phase2_start
13:13:15 [INFO] core.sap_client — tx_opened code=/nZMMTIJSEP current_tx=ZMMTIJSEP
13:13:15 [INFO] core.sap_client — phase2_ready — txtGV_HU confirmed
13:13:16 [INFO] core.sap_client — hu_phase2_ok hu=T10045837378 duration_ms=6195
13:13:16 [WARNING] core.sap_client — phase1_wrong_screen hu=T10045831721 — re-navigating
13:13:16 [INFO] core.sap_client — setup_phase1_start
13:13:21 [INFO] core.sap_client — tx_opened code=/nZMOVEINBHU current_tx=ZMOVEINBHU
13:13:21 [INFO] core.sap_client — phase1_ready — ctxtP_HU confirmed
13:13:26 [INFO] core.sap_client — hu_phase1_ok hu=T10045831721
13:13:26 [WARNING] core.sap_client — phase2_wrong_screen hu=T10045831721 — re-navigating
13:13:26 [INFO] core.sap_client — setup_phase2_start
13:13:32 [INFO] core.sap_client — tx_opened code=/nZMMTIJSEP current_tx=ZMMTIJSEP
13:13:32 [INFO] core.sap_client — phase2_ready — txtGV_HU confirmed
13:13:32 [INFO] core.sap_client — hu_phase2_ok hu=T10045831721 duration_ms=6424
13:13:33 [WARNING] core.sap_client — phase1_wrong_screen hu=T10045850673 — re-navigating
13:13:33 [INFO] core.sap_client — setup_phase1_start
13:13:38 [INFO] core.sap_client — tx_opened code=/nZMOVEINBHU current_tx=ZMOVEINBHU
13:13:38 [INFO] core.sap_client — phase1_ready — ctxtP_HU confirmed
13:13:42 [INFO] core.sap_client — hu_phase1_ok hu=T10045850673
13:13:42 [WARNING] core.sap_client — phase2_wrong_screen hu=T10045850673 — re-navigating
13:13:42 [INFO] core.sap_client — setup_phase2_start
13:13:47 [INFO] core.sap_client — tx_opened code=/nZMMTIJSEP current_tx=ZMMTIJSEP
13:13:47 [INFO] core.sap_client — phase2_ready — txtGV_HU confirmed
13:13:48 [INFO] core.sap_client — hu_phase2_ok hu=T10045850673 duration_ms=6125
13:13:48 [WARNING] core.sap_client — phase1_wrong_screen hu=T10045835315 — re-navigating
13:13:48 [INFO] core.sap_client — setup_phase1_start
13:13:54 [INFO] core.sap_client — tx_opened code=/nZMOVEINBHU current_tx=ZMOVEINBHU
13:13:54 [INFO] core.sap_client — phase1_ready — ctxtP_HU confirmed
13:13:59 [INFO] core.sap_client — hu_phase1_ok hu=T10045835315
13:13:59 [WARNING] core.sap_client — phase2_wrong_screen hu=T10045835315 — re-navigating
13:13:59 [INFO] core.sap_client — setup_phase2_start
13:14:04 [INFO] core.sap_client — tx_opened code=/nZMMTIJSEP current_tx=ZMMTIJSEP
13:14:04 [INFO] core.sap_client — phase2_ready — txtGV_HU confirmed
13:14:05 [INFO] core.sap_client — hu_phase2_ok hu=T10045835315 duration_ms=6225
13:14:05 [WARNING] core.sap_client — phase1_wrong_screen hu=T10045835329 — re-navigating
13:14:05 [INFO] core.sap_client — setup_phase1_start
13:14:11 [INFO] core.sap_client — tx_opened code=/nZMOVEINBHU current_tx=ZMOVEINBHU
13:14:11 [INFO] core.sap_client — phase1_ready — ctxtP_HU confirmed
13:14:15 [INFO] core.sap_client — hu_phase1_ok hu=T10045835329
13:14:15 [WARNING] core.sap_client — phase2_wrong_screen hu=T10045835329 — re-navigating
13:14:15 [INFO] core.sap_client — setup_phase2_start
13:14:21 [INFO] core.sap_client — tx_opened code=/nZMMTIJSEP current_tx=ZMMTIJSEP
13:14:21 [INFO] core.sap_client — phase2_ready — txtGV_HU confirmed
13:14:22 [INFO] core.sap_client — hu_phase2_ok hu=T10045835329 duration_ms=6366
13:14:22 [WARNING] core.sap_client — phase1_wrong_screen hu=T10045836140 — re-navigating
13:14:22 [INFO] core.sap_client — setup_phase1_start
13:14:27 [INFO] core.sap_client — tx_opened code=/nZMOVEINBHU current_tx=ZMOVEINBHU
13:14:27 [INFO] core.sap_client — phase1_ready — ctxtP_HU confirmed
13:14:33 [INFO] core.sap_client — hu_phase1_ok hu=T10045836140
13:14:33 [WARNING] core.sap_client — phase2_wrong_screen hu=T10045836140 — re-navigating
13:14:33 [INFO] core.sap_client — setup_phase2_start
13:14:39 [INFO] core.sap_client — tx_opened code=/nZMMTIJSEP current_tx=ZMMTIJSEP
13:14:39 [INFO] core.sap_client — phase2_ready — txtGV_HU confirmed
13:14:39 [INFO] core.sap_client — hu_phase2_ok hu=T10045836140 duration_ms=6109
13:14:39 [WARNING] core.sap_client — phase1_wrong_screen hu=T10045831724 — re-navigating
13:14:39 [INFO] core.sap_client — setup_phase1_start
13:14:45 [INFO] core.sap_client — tx_opened code=/nZMOVEINBHU current_tx=ZMOVEINBHU
13:14:45 [INFO] core.sap_client — phase1_ready — ctxtP_HU confirmed
13:14:49 [INFO] core.sap_client — hu_phase1_ok hu=T10045831724
13:14:49 [WARNING] core.sap_client — phase2_wrong_screen hu=T10045831724 — re-navigating
13:14:49 [INFO] core.sap_client — setup_phase2_start
13:14:54 [INFO] core.sap_client — tx_opened code=/nZMMTIJSEP current_tx=ZMMTIJSEP
13:14:54 [INFO] core.sap_client — phase2_ready — txtGV_HU confirmed
13:14:55 [INFO] core.sap_client — hu_phase2_ok hu=T10045831724 duration_ms=6158
13:14:55 [INFO] core.queue_model — pallet_boundary multi_hu pallet=10 count=13 hu_codes=['T10045836121', 'T10045835330', 'T10045835327', 'T10045831719', 'T10045869285', 'T10045856568', 'T10045837378', 'T10045831721', 'T10045850673', 'T10045835315', 'T10045835329', 'T10045836140', 'T10045831724']
13:15:00 [INFO] core.sap_client — tx_opened code=/nSP01 current_tx=SP01
13:15:05 [INFO] core.sap_client — sp01_row_marked row=4 title=CN-CON-003_T10045831724_20260327201455
13:15:05 [INFO] core.sap_client — sp01_row_marked row=6 title=CN-CON-003_T10045836140_20260327201439
13:15:05 [INFO] core.sap_client — sp01_row_marked row=8 title=CN-CON-003_T10045835329_20260327201422
13:15:05 [INFO] core.sap_client — sp01_row_marked row=10 title=CN-CON-003_T10045835315_20260327201405
13:15:05 [INFO] core.sap_client — sp01_row_marked row=12 title=CN-CON-003_T10045850673_20260327201348
13:15:05 [INFO] core.sap_client — sp01_row_marked row=14 title=CN-CON-003_T10045831721_20260327201332
13:15:05 [INFO] core.sap_client — sp01_row_marked row=16 title=CN-CON-003_T10045837378_20260327201315
13:15:05 [INFO] core.sap_client — sp01_row_marked row=18 title=CN-CON-003_T10045856568_20260327201300
13:15:05 [INFO] core.sap_client — sp01_row_marked row=20 title=CN-CON-003_T10045869285_20260327201244
13:15:05 [INFO] core.sap_client — sp01_row_marked row=22 title=CN-CON-003_T10045831719_20260327201229
13:15:05 [INFO] core.sap_client — sp01_row_marked row=24 title=CN-CON-003_T10045835327_20260327201214
13:15:05 [INFO] core.sap_client — sp01_row_marked row=26 title=CN-CON-003_T10045835330_20260327201158
13:15:06 [INFO] core.sap_client — sp01_row_marked row=28 title=CN-CON-003_T10045836121_20260327201140
13:15:08 [INFO] core.sap_client — sp01_print_confirmed via=btn[25] marked=13
13:15:10 [INFO] core.sap_client — sp01_pallet_done result={'status': 'ok', 'message': 'SP01 OK — 13 spool(s) impreso(s)', 'marked': 13} hu_codes=['T10045836121', 'T10045835330', 'T10045835327', 'T10045831719', 'T10045869285', 'T10045856568', 'T10045837378', 'T10045831721', 'T10045850673', 'T10045835315', 'T10045835329', 'T10045836140', 'T10045831724']
13:15:10 [INFO] core.queue_model — sp01_pallet_result={'status': 'ok', 'message': 'SP01 OK — 13 spool(s) impreso(s)', 'marked': 13}
13:15:10 [INFO] ui.queue_window — ui_paused_after_pallet pallet_id=10
13:15:55 [INFO] core.queue_model — queue_worker_resumed_by_ui
13:15:55 [INFO] ui.queue_window — continue_pressed_by_user
13:15:55 [INFO] core.queue_model — queue_worker_resumed_processing
13:15:55 [INFO] core.sap_client — setup_phase1_start
13:16:00 [INFO] core.sap_client — tx_opened code=/nZMOVEINBHU current_tx=ZMOVEINBHU
13:16:00 [INFO] core.sap_client — phase1_ready — ctxtP_HU confirmed
13:16:04 [INFO] core.sap_client — hu_phase1_ok hu=T10045856566
13:16:04 [INFO] core.sap_client — setup_phase2_start
13:16:09 [INFO] core.sap_client — tx_opened code=/nZMMTIJSEP current_tx=ZMMTIJSEP
13:16:09 [INFO] core.sap_client — phase2_ready — txtGV_HU confirmed
13:16:10 [INFO] core.sap_client — hu_phase2_ok hu=T10045856566 duration_ms=1001
13:16:10 [INFO] core.sap_client — setup_phase1_start
13:16:15 [INFO] core.sap_client — tx_opened code=/nZMOVEINBHU current_tx=ZMOVEINBHU
13:16:15 [INFO] core.sap_client — phase1_ready — ctxtP_HU confirmed
13:16:20 [INFO] core.sap_client — hu_phase1_ok hu=T10045835322
13:16:20 [WARNING] core.sap_client — phase2_wrong_screen hu=T10045835322 — re-navigating
13:16:20 [INFO] core.sap_client — setup_phase2_start
13:16:25 [INFO] core.sap_client — tx_opened code=/nZMMTIJSEP current_tx=ZMMTIJSEP
13:16:25 [INFO] core.sap_client — phase2_ready — txtGV_HU confirmed
13:16:26 [INFO] core.sap_client — hu_phase2_ok hu=T10045835322 duration_ms=6058
13:16:26 [WARNING] core.sap_client — phase1_wrong_screen hu=T10045836127 — re-navigating
13:16:26 [INFO] core.sap_client — setup_phase1_start
13:16:31 [INFO] core.sap_client — tx_opened code=/nZMOVEINBHU current_tx=ZMOVEINBHU
13:16:31 [INFO] core.sap_client — phase1_ready — ctxtP_HU confirmed
13:16:37 [INFO] core.sap_client — hu_phase1_ok hu=T10045836127
13:16:37 [WARNING] core.sap_client — phase2_wrong_screen hu=T10045836127 — re-navigating
13:16:37 [INFO] core.sap_client — setup_phase2_start
13:16:42 [INFO] core.sap_client — tx_opened code=/nZMMTIJSEP current_tx=ZMMTIJSEP
13:16:42 [INFO] core.sap_client — phase2_ready — txtGV_HU confirmed
13:16:43 [INFO] core.sap_client — hu_phase2_ok hu=T10045836127 duration_ms=6118
13:16:43 [WARNING] core.sap_client — phase1_wrong_screen hu=T10045850674 — re-navigating
13:16:43 [INFO] core.sap_client — setup_phase1_start
13:16:48 [INFO] core.sap_client — tx_opened code=/nZMOVEINBHU current_tx=ZMOVEINBHU
13:16:48 [INFO] core.sap_client — phase1_ready — ctxtP_HU confirmed
13:16:52 [INFO] core.sap_client — hu_phase1_ok hu=T10045850674
13:16:52 [WARNING] core.sap_client — phase2_wrong_screen hu=T10045850674 — re-navigating
13:16:52 [INFO] core.sap_client — setup_phase2_start
13:16:58 [INFO] core.sap_client — tx_opened code=/nZMMTIJSEP current_tx=ZMMTIJSEP
13:16:58 [INFO] core.sap_client — phase2_ready — txtGV_HU confirmed
13:16:58 [INFO] core.sap_client — hu_phase2_ok hu=T10045850674 duration_ms=6093
13:16:58 [WARNING] core.sap_client — phase1_wrong_screen hu=T10045836136 — re-navigating
13:16:58 [INFO] core.sap_client — setup_phase1_start
13:17:04 [INFO] core.sap_client — tx_opened code=/nZMOVEINBHU current_tx=ZMOVEINBHU
13:17:04 [INFO] core.sap_client — phase1_ready — ctxtP_HU confirmed
13:17:10 [INFO] core.sap_client — hu_phase1_ok hu=T10045836136
13:17:10 [WARNING] core.sap_client — phase2_wrong_screen hu=T10045836136 — re-navigating
13:17:10 [INFO] core.sap_client — setup_phase2_start
13:17:15 [INFO] core.sap_client — tx_opened code=/nZMMTIJSEP current_tx=ZMMTIJSEP
13:17:15 [INFO] core.sap_client — phase2_ready — txtGV_HU confirmed
13:17:16 [INFO] core.sap_client — hu_phase2_ok hu=T10045836136 duration_ms=6158
13:17:16 [WARNING] core.sap_client — phase1_wrong_screen hu=T10045830352 — re-navigating
13:17:16 [INFO] core.sap_client — setup_phase1_start
13:17:21 [INFO] core.sap_client — tx_opened code=/nZMOVEINBHU current_tx=ZMOVEINBHU
13:17:21 [INFO] core.sap_client — phase1_ready — ctxtP_HU confirmed
13:17:25 [INFO] core.sap_client — hu_phase1_ok hu=T10045830352
13:17:25 [WARNING] core.sap_client — phase2_wrong_screen hu=T10045830352 — re-navigating
13:17:25 [INFO] core.sap_client — setup_phase2_start
13:17:30 [INFO] core.sap_client — tx_opened code=/nZMMTIJSEP current_tx=ZMMTIJSEP
13:17:30 [INFO] core.sap_client — phase2_ready — txtGV_HU confirmed
13:17:31 [INFO] core.sap_client — hu_phase2_ok hu=T10045830352 duration_ms=6009
13:17:31 [WARNING] core.sap_client — phase1_wrong_screen hu=T10045836110 — re-navigating
13:17:31 [INFO] core.sap_client — setup_phase1_start
13:17:36 [INFO] core.sap_client — tx_opened code=/nZMOVEINBHU current_tx=ZMOVEINBHU
13:17:36 [INFO] core.sap_client — phase1_ready — ctxtP_HU confirmed
13:17:40 [INFO] core.sap_client — hu_phase1_ok hu=T10045836110
13:17:40 [WARNING] core.sap_client — phase2_wrong_screen hu=T10045836110 — re-navigating
13:17:40 [INFO] core.sap_client — setup_phase2_start
13:17:45 [INFO] core.sap_client — tx_opened code=/nZMMTIJSEP current_tx=ZMMTIJSEP
13:17:45 [INFO] core.sap_client — phase2_ready — txtGV_HU confirmed
13:17:46 [INFO] core.sap_client — hu_phase2_ok hu=T10045836110 duration_ms=6091
13:17:46 [WARNING] core.sap_client — phase1_wrong_screen hu=T10045831726 — re-navigating
13:17:46 [INFO] core.sap_client — setup_phase1_start
13:17:52 [INFO] core.sap_client — tx_opened code=/nZMOVEINBHU current_tx=ZMOVEINBHU
13:17:52 [INFO] core.sap_client — phase1_ready — ctxtP_HU confirmed
13:17:55 [INFO] core.sap_client — hu_phase1_ok hu=T10045831726
13:17:55 [WARNING] core.sap_client — phase2_wrong_screen hu=T10045831726 — re-navigating
13:17:55 [INFO] core.sap_client — setup_phase2_start
13:18:01 [INFO] core.sap_client — tx_opened code=/nZMMTIJSEP current_tx=ZMMTIJSEP
13:18:01 [INFO] core.sap_client — phase2_ready — txtGV_HU confirmed
13:18:02 [INFO] core.sap_client — hu_phase2_ok hu=T10045831726 duration_ms=6141
13:18:02 [WARNING] core.sap_client — phase1_wrong_screen hu=T10045830342 — re-navigating
13:18:02 [INFO] core.sap_client — setup_phase1_start
13:18:07 [INFO] core.sap_client — tx_opened code=/nZMOVEINBHU current_tx=ZMOVEINBHU
13:18:07 [INFO] core.sap_client — phase1_ready — ctxtP_HU confirmed
13:18:11 [INFO] core.sap_client — hu_phase1_ok hu=T10045830342
13:18:11 [WARNING] core.sap_client — phase2_wrong_screen hu=T10045830342 — re-navigating
13:18:11 [INFO] core.sap_client — setup_phase2_start
13:18:17 [INFO] core.sap_client — tx_opened code=/nZMMTIJSEP current_tx=ZMMTIJSEP
13:18:17 [INFO] core.sap_client — phase2_ready — txtGV_HU confirmed
13:18:17 [INFO] core.sap_client — hu_phase2_ok hu=T10045830342 duration_ms=6116
13:18:17 [WARNING] core.sap_client — phase1_wrong_screen hu=T10045837377 — re-navigating
13:18:17 [INFO] core.sap_client — setup_phase1_start
13:18:23 [INFO] core.sap_client — tx_opened code=/nZMOVEINBHU current_tx=ZMOVEINBHU
13:18:23 [INFO] core.sap_client — phase1_ready — ctxtP_HU confirmed
13:18:26 [INFO] core.sap_client — hu_phase1_ok hu=T10045837377
13:18:27 [WARNING] core.sap_client — phase2_wrong_screen hu=T10045837377 — re-navigating
13:18:27 [INFO] core.sap_client — setup_phase2_start
13:18:32 [INFO] core.sap_client — tx_opened code=/nZMMTIJSEP current_tx=ZMMTIJSEP
13:18:32 [INFO] core.sap_client — phase2_ready — txtGV_HU confirmed
13:18:32 [INFO] core.sap_client — hu_phase2_ok hu=T10045837377 duration_ms=5975
13:18:32 [WARNING] core.sap_client — phase1_wrong_screen hu=T10045869286 — re-navigating
13:18:32 [INFO] core.sap_client — setup_phase1_start
13:18:38 [INFO] core.sap_client — tx_opened code=/nZMOVEINBHU current_tx=ZMOVEINBHU
13:18:38 [INFO] core.sap_client — phase1_ready — ctxtP_HU confirmed
13:18:41 [INFO] core.sap_client — hu_phase1_ok hu=T10045869286
13:18:41 [WARNING] core.sap_client — phase2_wrong_screen hu=T10045869286 — re-navigating
13:18:41 [INFO] core.sap_client — setup_phase2_start
13:18:47 [INFO] core.sap_client — tx_opened code=/nZMMTIJSEP current_tx=ZMMTIJSEP
13:18:47 [INFO] core.sap_client — phase2_ready — txtGV_HU confirmed
13:18:47 [INFO] core.sap_client — hu_phase2_ok hu=T10045869286 duration_ms=6093
13:18:47 [WARNING] core.sap_client — phase1_wrong_screen hu=T10045835324 — re-navigating
13:18:47 [INFO] core.sap_client — setup_phase1_start
13:18:53 [INFO] core.sap_client — tx_opened code=/nZMOVEINBHU current_tx=ZMOVEINBHU
13:18:53 [INFO] core.sap_client — phase1_ready — ctxtP_HU confirmed
13:18:58 [INFO] core.sap_client — hu_phase1_ok hu=T10045835324
13:18:58 [WARNING] core.sap_client — phase2_wrong_screen hu=T10045835324 — re-navigating
13:18:58 [INFO] core.sap_client — setup_phase2_start
13:19:03 [INFO] core.sap_client — tx_opened code=/nZMMTIJSEP current_tx=ZMMTIJSEP
13:19:03 [INFO] core.sap_client — phase2_ready — txtGV_HU confirmed
13:19:04 [INFO] core.sap_client — hu_phase2_ok hu=T10045835324 duration_ms=6200
13:19:04 [WARNING] core.sap_client — phase1_wrong_screen hu=T10045869287 — re-navigating
13:19:04 [INFO] core.sap_client — setup_phase1_start
13:19:10 [INFO] core.sap_client — tx_opened code=/nZMOVEINBHU current_tx=ZMOVEINBHU
13:19:10 [INFO] core.sap_client — phase1_ready — ctxtP_HU confirmed
13:19:13 [INFO] core.sap_client — hu_phase1_ok hu=T10045869287
13:19:13 [WARNING] core.sap_client — phase2_wrong_screen hu=T10045869287 — re-navigating
13:19:13 [INFO] core.sap_client — setup_phase2_start
13:19:18 [INFO] core.sap_client — tx_opened code=/nZMMTIJSEP current_tx=ZMMTIJSEP
13:19:18 [INFO] core.sap_client — phase2_ready — txtGV_HU confirmed
13:19:19 [INFO] core.sap_client — hu_phase2_ok hu=T10045869287 duration_ms=6065
13:19:19 [WARNING] core.sap_client — phase1_wrong_screen hu=T10045850661 — re-navigating
13:19:19 [INFO] core.sap_client — setup_phase1_start
13:19:25 [INFO] core.sap_client — tx_opened code=/nZMOVEINBHU current_tx=ZMOVEINBHU
13:19:25 [INFO] core.sap_client — phase1_ready — ctxtP_HU confirmed
13:19:28 [INFO] core.sap_client — hu_phase1_ok hu=T10045850661
13:19:28 [WARNING] core.sap_client — phase2_wrong_screen hu=T10045850661 — re-navigating
13:19:28 [INFO] core.sap_client — setup_phase2_start
13:19:33 [INFO] core.sap_client — tx_opened code=/nZMMTIJSEP current_tx=ZMMTIJSEP
13:19:33 [INFO] core.sap_client — phase2_ready — txtGV_HU confirmed
13:19:34 [INFO] core.sap_client — hu_phase2_ok hu=T10045850661 duration_ms=6015
13:19:34 [WARNING] core.sap_client — phase1_wrong_screen hu=T20000112127 — re-navigating
13:19:34 [INFO] core.sap_client — setup_phase1_start
13:19:39 [INFO] core.sap_client — tx_opened code=/nZMOVEINBHU current_tx=ZMOVEINBHU
13:19:39 [INFO] core.sap_client — phase1_ready — ctxtP_HU confirmed
13:19:43 [INFO] core.sap_client — hu_phase1_ok hu=T20000112127
13:19:43 [WARNING] core.sap_client — phase2_wrong_screen hu=T20000112127 — re-navigating
13:19:43 [INFO] core.sap_client — setup_phase2_start
13:19:48 [INFO] core.sap_client — tx_opened code=/nZMMTIJSEP current_tx=ZMMTIJSEP
13:19:48 [INFO] core.sap_client — phase2_ready — txtGV_HU confirmed
13:19:49 [INFO] core.sap_client — hu_phase2_ok hu=T20000112127 duration_ms=6034
13:19:49 [INFO] core.queue_model — pallet_boundary multi_hu pallet=11 count=15 hu_codes=['T10045856566', 'T10045835322', 'T10045836127', 'T10045850674', 'T10045836136', 'T10045830352', 'T10045836110', 'T10045831726', 'T10045830342', 'T10045837377', 'T10045869286', 'T10045835324', 'T10045869287', 'T10045850661', 'T20000112127']
13:19:54 [INFO] core.sap_client — tx_opened code=/nSP01 current_tx=SP01
13:19:59 [INFO] core.sap_client — sp01_row_marked row=4 title=CN-CON-003_T20000112127_20260327201948
13:19:59 [INFO] core.sap_client — sp01_row_marked row=6 title=CN-CON-003_T10045850661_20260327201934
13:19:59 [INFO] core.sap_client — sp01_row_marked row=8 title=CN-CON-003_T10045869287_20260327201919
13:19:59 [INFO] core.sap_client — sp01_row_marked row=10 title=CN-CON-003_T10045835324_20260327201904
13:19:59 [INFO] core.sap_client — sp01_row_marked row=12 title=CN-CON-003_T10045869286_20260327201847
13:19:59 [INFO] core.sap_client — sp01_row_marked row=14 title=CN-CON-003_T10045837377_20260327201832
13:19:59 [INFO] core.sap_client — sp01_row_marked row=16 title=CN-CON-003_T10045830342_20260327201817
13:19:59 [INFO] core.sap_client — sp01_row_marked row=18 title=CN-CON-003_T10045831726_20260327201801
13:19:59 [INFO] core.sap_client — sp01_row_marked row=20 title=CN-CON-003_T10045836110_20260327201746
13:19:59 [INFO] core.sap_client — sp01_row_marked row=22 title=CN-CON-003_T10045830352_20260327201731
13:19:59 [INFO] core.sap_client — sp01_row_marked row=24 title=CN-CON-003_T10045836136_20260327201716
13:19:59 [INFO] core.sap_client — sp01_row_marked row=26 title=CN-CON-003_T10045850674_20260327201658
13:19:59 [INFO] core.sap_client — sp01_row_marked row=28 title=CN-CON-003_T10045836127_20260327201643
13:19:59 [INFO] core.sap_client — sp01_row_marked row=30 title=CN-CON-003_T10045835322_20260327201626
13:19:59 [INFO] core.sap_client — sp01_row_marked row=32 title=CN-CON-003_T10045856566_20260327201610
13:20:01 [INFO] core.sap_client — sp01_print_confirmed via=btn[25] marked=15
13:20:03 [INFO] core.sap_client — sp01_pallet_done result={'status': 'ok', 'message': 'SP01 OK — 15 spool(s) impreso(s)', 'marked': 15} hu_codes=['T10045856566', 'T10045835322', 'T10045836127', 'T10045850674', 'T10045836136', 'T10045830352', 'T10045836110', 'T10045831726', 'T10045830342', 'T10045837377', 'T10045869286', 'T10045835324', 'T10045869287', 'T10045850661', 'T20000112127']
13:20:03 [INFO] core.queue_model — sp01_pallet_result={'status': 'ok', 'message': 'SP01 OK — 15 spool(s) impreso(s)', 'marked': 15}
13:20:03 [INFO] ui.queue_window — ui_paused_after_pallet pallet_id=11
13:20:42 [INFO] core.queue_model — queue_worker_resumed_by_ui
13:20:42 [INFO] ui.queue_window — continue_pressed_by_user
13:20:42 [INFO] core.queue_model — queue_worker_resumed_processing
13:20:42 [INFO] core.sap_client — setup_phase1_start
13:20:47 [INFO] core.sap_client — tx_opened code=/nZMOVEINBHU current_tx=ZMOVEINBHU
13:20:47 [INFO] core.sap_client — phase1_ready — ctxtP_HU confirmed
13:20:50 [INFO] core.sap_client — hu_phase1_ok hu=T10045856570
13:20:50 [INFO] core.sap_client — setup_phase2_start
13:20:56 [INFO] core.sap_client — tx_opened code=/nZMMTIJSEP current_tx=ZMMTIJSEP
13:20:56 [INFO] core.sap_client — phase2_ready — txtGV_HU confirmed
13:20:57 [INFO] core.sap_client — hu_phase2_ok hu=T10045856570 duration_ms=1002
13:20:57 [INFO] core.sap_client — setup_phase1_start
13:21:02 [INFO] core.sap_client — tx_opened code=/nZMOVEINBHU current_tx=ZMOVEINBHU
13:21:02 [INFO] core.sap_client — phase1_ready — ctxtP_HU confirmed
13:21:06 [INFO] core.sap_client — hu_phase1_ok hu=T10045853641
13:21:06 [WARNING] core.sap_client — phase2_wrong_screen hu=T10045853641 — re-navigating
13:21:06 [INFO] core.sap_client — setup_phase2_start
13:21:11 [INFO] core.sap_client — tx_opened code=/nZMMTIJSEP current_tx=ZMMTIJSEP
13:21:11 [INFO] core.sap_client — phase2_ready — txtGV_HU confirmed
13:21:12 [INFO] core.sap_client — hu_phase2_ok hu=T10045853641 duration_ms=6093
13:21:12 [WARNING] core.sap_client — phase1_wrong_screen hu=T10045831722 — re-navigating
13:21:12 [INFO] core.sap_client — setup_phase1_start
13:21:17 [INFO] core.sap_client — tx_opened code=/nZMOVEINBHU current_tx=ZMOVEINBHU
13:21:17 [INFO] core.sap_client — phase1_ready — ctxtP_HU confirmed
13:21:21 [INFO] core.sap_client — hu_phase1_ok hu=T10045831722
13:21:21 [WARNING] core.sap_client — phase2_wrong_screen hu=T10045831722 — re-navigating
13:21:21 [INFO] core.sap_client — setup_phase2_start
13:21:26 [INFO] core.sap_client — tx_opened code=/nZMMTIJSEP current_tx=ZMMTIJSEP
13:21:26 [INFO] core.sap_client — phase2_ready — txtGV_HU confirmed
13:21:27 [INFO] core.sap_client — hu_phase2_ok hu=T10045831722 duration_ms=6081
13:21:27 [WARNING] core.sap_client — phase1_wrong_screen hu=T10045865317 — re-navigating
13:21:27 [INFO] core.sap_client — setup_phase1_start
13:21:32 [INFO] core.sap_client — tx_opened code=/nZMOVEINBHU current_tx=ZMOVEINBHU
13:21:32 [INFO] core.sap_client — phase1_ready — ctxtP_HU confirmed
13:21:36 [INFO] core.sap_client — hu_phase1_ok hu=T10045865317
13:21:36 [WARNING] core.sap_client — phase2_wrong_screen hu=T10045865317 — re-navigating
13:21:36 [INFO] core.sap_client — setup_phase2_start
13:21:41 [INFO] core.sap_client — tx_opened code=/nZMMTIJSEP current_tx=ZMMTIJSEP
13:21:41 [INFO] core.sap_client — phase2_ready — txtGV_HU confirmed
13:21:42 [INFO] core.sap_client — hu_phase2_ok hu=T10045865317 duration_ms=6071
13:21:42 [WARNING] core.sap_client — phase1_wrong_screen hu=T10045835314 — re-navigating
13:21:42 [INFO] core.sap_client — setup_phase1_start
13:21:47 [INFO] core.sap_client — tx_opened code=/nZMOVEINBHU current_tx=ZMOVEINBHU
13:21:47 [INFO] core.sap_client — phase1_ready — ctxtP_HU confirmed
13:21:52 [INFO] core.sap_client — hu_phase1_ok hu=T10045835314
13:21:52 [WARNING] core.sap_client — phase2_wrong_screen hu=T10045835314 — re-navigating
13:21:52 [INFO] core.sap_client — setup_phase2_start
13:21:57 [INFO] core.sap_client — tx_opened code=/nZMMTIJSEP current_tx=ZMMTIJSEP
13:21:57 [INFO] core.sap_client — phase2_ready — txtGV_HU confirmed
13:21:58 [INFO] core.sap_client — hu_phase2_ok hu=T10045835314 duration_ms=6025
13:21:58 [WARNING] core.sap_client — phase1_wrong_screen hu=T10045856567 — re-navigating
13:21:58 [INFO] core.sap_client — setup_phase1_start
13:22:03 [INFO] core.sap_client — tx_opened code=/nZMOVEINBHU current_tx=ZMOVEINBHU
13:22:03 [INFO] core.sap_client — phase1_ready — ctxtP_HU confirmed
13:22:07 [INFO] core.sap_client — hu_phase1_ok hu=T10045856567
13:22:07 [WARNING] core.sap_client — phase2_wrong_screen hu=T10045856567 — re-navigating
13:22:07 [INFO] core.sap_client — setup_phase2_start
13:22:12 [INFO] core.sap_client — tx_opened code=/nZMMTIJSEP current_tx=ZMMTIJSEP
13:22:12 [INFO] core.sap_client — phase2_ready — txtGV_HU confirmed
13:22:13 [INFO] core.sap_client — hu_phase2_ok hu=T10045856567 duration_ms=6133
13:22:13 [WARNING] core.sap_client — phase1_wrong_screen hu=T10045837386 — re-navigating
13:22:13 [INFO] core.sap_client — setup_phase1_start
13:22:18 [INFO] core.sap_client — tx_opened code=/nZMOVEINBHU current_tx=ZMOVEINBHU
13:22:18 [INFO] core.sap_client — phase1_ready — ctxtP_HU confirmed
13:22:22 [INFO] core.sap_client — hu_phase1_ok hu=T10045837386
13:22:22 [WARNING] core.sap_client — phase2_wrong_screen hu=T10045837386 — re-navigating
13:22:22 [INFO] core.sap_client — setup_phase2_start
13:22:27 [INFO] core.sap_client — tx_opened code=/nZMMTIJSEP current_tx=ZMMTIJSEP
13:22:27 [INFO] core.sap_client — phase2_ready — txtGV_HU confirmed
13:22:28 [INFO] core.sap_client — hu_phase2_ok hu=T10045837386 duration_ms=6160
13:22:28 [WARNING] core.sap_client — phase1_wrong_screen hu=T10045853640 — re-navigating
13:22:28 [INFO] core.sap_client — setup_phase1_start
13:22:33 [INFO] core.sap_client — tx_opened code=/nZMOVEINBHU current_tx=ZMOVEINBHU
13:22:33 [INFO] core.sap_client — phase1_ready — ctxtP_HU confirmed
13:22:37 [INFO] core.sap_client — hu_phase1_ok hu=T10045853640
13:22:37 [WARNING] core.sap_client — phase2_wrong_screen hu=T10045853640 — re-navigating
13:22:37 [INFO] core.sap_client — setup_phase2_start
13:22:42 [INFO] core.sap_client — tx_opened code=/nZMMTIJSEP current_tx=ZMMTIJSEP
13:22:42 [INFO] core.sap_client — phase2_ready — txtGV_HU confirmed
13:22:43 [INFO] core.sap_client — hu_phase2_ok hu=T10045853640 duration_ms=6133
13:22:43 [WARNING] core.sap_client — phase1_wrong_screen hu=T10045850672 — re-navigating
13:22:43 [INFO] core.sap_client — setup_phase1_start
13:22:48 [INFO] core.sap_client — tx_opened code=/nZMOVEINBHU current_tx=ZMOVEINBHU
13:22:48 [INFO] core.sap_client — phase1_ready — ctxtP_HU confirmed
13:22:52 [INFO] core.sap_client — hu_phase1_ok hu=T10045850672
13:22:52 [WARNING] core.sap_client — phase2_wrong_screen hu=T10045850672 — re-navigating
13:22:52 [INFO] core.sap_client — setup_phase2_start
13:22:57 [INFO] core.sap_client — tx_opened code=/nZMMTIJSEP current_tx=ZMMTIJSEP
13:22:57 [INFO] core.sap_client — phase2_ready — txtGV_HU confirmed
13:22:58 [INFO] core.sap_client — hu_phase2_ok hu=T10045850672 duration_ms=6106
13:22:58 [WARNING] core.sap_client — phase1_wrong_screen hu=T10045837384 — re-navigating
13:22:58 [INFO] core.sap_client — setup_phase1_start
13:23:03 [INFO] core.sap_client — tx_opened code=/nZMOVEINBHU current_tx=ZMOVEINBHU
13:23:03 [INFO] core.sap_client — phase1_ready — ctxtP_HU confirmed
13:23:07 [INFO] core.sap_client — hu_phase1_ok hu=T10045837384
13:23:07 [WARNING] core.sap_client — phase2_wrong_screen hu=T10045837384 — re-navigating
13:23:07 [INFO] core.sap_client — setup_phase2_start
13:23:12 [INFO] core.sap_client — tx_opened code=/nZMMTIJSEP current_tx=ZMMTIJSEP
13:23:12 [INFO] core.sap_client — phase2_ready — txtGV_HU confirmed
13:23:13 [INFO] core.sap_client — hu_phase2_ok hu=T10045837384 duration_ms=6142
13:23:13 [WARNING] core.sap_client — phase1_wrong_screen hu=T10045835326 — re-navigating
13:23:13 [INFO] core.sap_client — setup_phase1_start
13:23:19 [INFO] core.sap_client — tx_opened code=/nZMOVEINBHU current_tx=ZMOVEINBHU
13:23:19 [INFO] core.sap_client — phase1_ready — ctxtP_HU confirmed
13:23:24 [INFO] core.sap_client — hu_phase1_ok hu=T10045835326
13:23:24 [WARNING] core.sap_client — phase2_wrong_screen hu=T10045835326 — re-navigating
13:23:24 [INFO] core.sap_client — setup_phase2_start
13:23:29 [INFO] core.sap_client — tx_opened code=/nZMMTIJSEP current_tx=ZMMTIJSEP
13:23:29 [INFO] core.sap_client — phase2_ready — txtGV_HU confirmed
13:23:30 [INFO] core.sap_client — hu_phase2_ok hu=T10045835326 duration_ms=6125
13:23:30 [WARNING] core.sap_client — phase1_wrong_screen hu=T10045831723 — re-navigating
13:23:30 [INFO] core.sap_client — setup_phase1_start
13:23:35 [INFO] core.sap_client — tx_opened code=/nZMOVEINBHU current_tx=ZMOVEINBHU
13:23:35 [INFO] core.sap_client — phase1_ready — ctxtP_HU confirmed
13:23:39 [INFO] core.sap_client — hu_phase1_ok hu=T10045831723
13:23:39 [WARNING] core.sap_client — phase2_wrong_screen hu=T10045831723 — re-navigating
13:23:39 [INFO] core.sap_client — setup_phase2_start
13:23:44 [INFO] core.sap_client — tx_opened code=/nZMMTIJSEP current_tx=ZMMTIJSEP
13:23:44 [INFO] core.sap_client — phase2_ready — txtGV_HU confirmed
13:23:45 [INFO] core.sap_client — hu_phase2_ok hu=T10045831723 duration_ms=6056
13:23:45 [WARNING] core.sap_client — phase1_wrong_screen hu=T10045853639 — re-navigating
13:23:45 [INFO] core.sap_client — setup_phase1_start
13:23:50 [INFO] core.sap_client — tx_opened code=/nZMOVEINBHU current_tx=ZMOVEINBHU
13:23:50 [INFO] core.sap_client — phase1_ready — ctxtP_HU confirmed
13:23:54 [INFO] core.sap_client — hu_phase1_ok hu=T10045853639
13:23:54 [WARNING] core.sap_client — phase2_wrong_screen hu=T10045853639 — re-navigating
13:23:54 [INFO] core.sap_client — setup_phase2_start
13:23:59 [INFO] core.sap_client — tx_opened code=/nZMMTIJSEP current_tx=ZMMTIJSEP
13:23:59 [INFO] core.sap_client — phase2_ready — txtGV_HU confirmed
13:24:00 [INFO] core.sap_client — hu_phase2_ok hu=T10045853639 duration_ms=6064
13:24:00 [WARNING] core.sap_client — phase1_wrong_screen hu=T10045836126 — re-navigating
13:24:00 [INFO] core.sap_client — setup_phase1_start
13:24:06 [INFO] core.sap_client — tx_opened code=/nZMOVEINBHU current_tx=ZMOVEINBHU
13:24:06 [INFO] core.sap_client — phase1_ready — ctxtP_HU confirmed
13:24:10 [INFO] core.sap_client — hu_phase1_ok hu=T10045836126
13:24:10 [WARNING] core.sap_client — phase2_wrong_screen hu=T10045836126 — re-navigating
13:24:10 [INFO] core.sap_client — setup_phase2_start
13:24:16 [INFO] core.sap_client — tx_opened code=/nZMMTIJSEP current_tx=ZMMTIJSEP
13:24:16 [INFO] core.sap_client — phase2_ready — txtGV_HU confirmed
13:24:16 [INFO] core.sap_client — hu_phase2_ok hu=T10045836126 duration_ms=6092
13:24:16 [WARNING] core.sap_client — phase1_wrong_screen hu=T10045835310 — re-navigating
13:24:16 [INFO] core.sap_client — setup_phase1_start
13:24:22 [INFO] core.sap_client — tx_opened code=/nZMOVEINBHU current_tx=ZMOVEINBHU
13:24:22 [INFO] core.sap_client — phase1_ready — ctxtP_HU confirmed
13:24:25 [INFO] core.sap_client — hu_phase1_ok hu=T10045835310
13:24:25 [WARNING] core.sap_client — phase2_wrong_screen hu=T10045835310 — re-navigating
13:24:25 [INFO] core.sap_client — setup_phase2_start
13:24:31 [INFO] core.sap_client — tx_opened code=/nZMMTIJSEP current_tx=ZMMTIJSEP
13:24:31 [INFO] core.sap_client — phase2_ready — txtGV_HU confirmed
13:24:31 [INFO] core.sap_client — hu_phase2_ok hu=T10045835310 duration_ms=6054
13:24:31 [INFO] core.queue_model — pallet_boundary multi_hu pallet=12 count=15 hu_codes=['T10045856570', 'T10045853641', 'T10045831722', 'T10045865317', 'T10045835314', 'T10045856567', 'T10045837386', 'T10045853640', 'T10045850672', 'T10045837384', 'T10045835326', 'T10045831723', 'T10045853639', 'T10045836126', 'T10045835310']
13:24:37 [INFO] core.sap_client — tx_opened code=/nSP01 current_tx=SP01
13:24:42 [INFO] core.sap_client — sp01_row_marked row=4 title=CN-CON-003_T10045835310_20260327202431
13:24:42 [INFO] core.sap_client — sp01_row_marked row=6 title=CN-CON-003_T10045836126_20260327202416
13:24:42 [INFO] core.sap_client — sp01_row_marked row=8 title=CN-CON-003_T10045853639_20260327202400
13:24:42 [INFO] core.sap_client — sp01_row_marked row=10 title=CN-CON-003_T10045831723_20260327202345
13:24:42 [INFO] core.sap_client — sp01_row_marked row=12 title=CN-CON-003_T10045835326_20260327202329
13:24:42 [INFO] core.sap_client — sp01_row_marked row=14 title=CN-CON-003_T10045837384_20260327202313
13:24:42 [INFO] core.sap_client — sp01_row_marked row=16 title=CN-CON-003_T10045850672_20260327202258
13:24:42 [INFO] core.sap_client — sp01_row_marked row=18 title=CN-CON-003_T10045853640_20260327202242
13:24:42 [INFO] core.sap_client — sp01_row_marked row=20 title=CN-CON-003_T10045837386_20260327202228
13:24:42 [INFO] core.sap_client — sp01_row_marked row=22 title=CN-CON-003_T10045856567_20260327202213
13:24:42 [INFO] core.sap_client — sp01_row_marked row=24 title=CN-CON-003_T10045835314_20260327202158
13:24:42 [INFO] core.sap_client — sp01_row_marked row=26 title=CN-CON-003_T10045865317_20260327202142
13:24:42 [INFO] core.sap_client — sp01_row_marked row=28 title=CN-CON-003_T10045831722_20260327202127
13:24:42 [INFO] core.sap_client — sp01_row_marked row=30 title=CN-CON-003_T10045853641_20260327202112
13:24:42 [INFO] core.sap_client — sp01_row_marked row=32 title=CN-CON-003_T10045856570_20260327202056
13:24:44 [INFO] core.sap_client — sp01_print_confirmed via=btn[25] marked=15
13:24:46 [INFO] core.sap_client — sp01_pallet_done result={'status': 'ok', 'message': 'SP01 OK — 15 spool(s) impreso(s)', 'marked': 15} hu_codes=['T10045856570', 'T10045853641', 'T10045831722', 'T10045865317', 'T10045835314', 'T10045856567', 'T10045837386', 'T10045853640', 'T10045850672', 'T10045837384', 'T10045835326', 'T10045831723', 'T10045853639', 'T10045836126', 'T10045835310']
13:24:46 [INFO] core.queue_model — sp01_pallet_result={'status': 'ok', 'message': 'SP01 OK — 15 spool(s) impreso(s)', 'marked': 15}
13:24:46 [INFO] ui.queue_window — ui_paused_after_pallet pallet_id=12
13:25:39 [INFO] core.queue_model — queue_worker_resumed_by_ui
13:25:39 [INFO] ui.queue_window — continue_pressed_by_user
13:25:39 [INFO] core.queue_model — queue_worker_resumed_processing
13:25:39 [INFO] core.sap_client — setup_phase1_start
13:25:44 [INFO] core.sap_client — tx_opened code=/nZMOVEINBHU current_tx=ZMOVEINBHU
13:25:44 [INFO] core.sap_client — phase1_ready — ctxtP_HU confirmed
13:25:48 [INFO] core.sap_client — hu_phase1_ok hu=T10045835377
13:25:48 [INFO] core.sap_client — setup_phase2_start
13:25:54 [INFO] core.sap_client — tx_opened code=/nZMMTIJSEP current_tx=ZMMTIJSEP
13:25:54 [INFO] core.sap_client — phase2_ready — txtGV_HU confirmed
13:25:55 [INFO] core.sap_client — hu_phase2_ok hu=T10045835377 duration_ms=1004
13:25:55 [INFO] core.sap_client — setup_phase1_start
13:26:00 [INFO] core.sap_client — tx_opened code=/nZMOVEINBHU current_tx=ZMOVEINBHU
13:26:00 [INFO] core.sap_client — phase1_ready — ctxtP_HU confirmed
13:26:03 [INFO] core.sap_client — hu_phase1_ok hu=T10045839854
13:26:03 [WARNING] core.sap_client — phase2_wrong_screen hu=T10045839854 — re-navigating
13:26:03 [INFO] core.sap_client — setup_phase2_start
13:26:09 [INFO] core.sap_client — tx_opened code=/nZMMTIJSEP current_tx=ZMMTIJSEP
13:26:09 [INFO] core.sap_client — phase2_ready — txtGV_HU confirmed
13:26:10 [INFO] core.sap_client — hu_phase2_ok hu=T10045839854 duration_ms=6058
13:26:10 [WARNING] core.sap_client — phase1_wrong_screen hu=T10045836077 — re-navigating
13:26:10 [INFO] core.sap_client — setup_phase1_start
13:26:15 [INFO] core.sap_client — tx_opened code=/nZMOVEINBHU current_tx=ZMOVEINBHU
13:26:15 [INFO] core.sap_client — phase1_ready — ctxtP_HU confirmed
13:26:19 [INFO] core.sap_client — hu_phase1_ok hu=T10045836077
13:26:19 [WARNING] core.sap_client — phase2_wrong_screen hu=T10045836077 — re-navigating
13:26:19 [INFO] core.sap_client — setup_phase2_start
13:26:24 [INFO] core.sap_client — tx_opened code=/nZMMTIJSEP current_tx=ZMMTIJSEP
13:26:24 [INFO] core.sap_client — phase2_ready — txtGV_HU confirmed
13:26:25 [INFO] core.sap_client — hu_phase2_ok hu=T10045836077 duration_ms=6049
13:26:25 [WARNING] core.sap_client — phase1_wrong_screen hu=T10045830250 — re-navigating
13:26:25 [INFO] core.sap_client — setup_phase1_start
13:26:30 [INFO] core.sap_client — tx_opened code=/nZMOVEINBHU current_tx=ZMOVEINBHU
13:26:30 [INFO] core.sap_client — phase1_ready — ctxtP_HU confirmed
13:26:35 [INFO] core.sap_client — hu_phase1_ok hu=T10045830250
13:26:35 [WARNING] core.sap_client — phase2_wrong_screen hu=T10045830250 — re-navigating
13:26:35 [INFO] core.sap_client — setup_phase2_start
13:26:40 [INFO] core.sap_client — tx_opened code=/nZMMTIJSEP current_tx=ZMMTIJSEP
13:26:40 [INFO] core.sap_client — phase2_ready — txtGV_HU confirmed
13:26:41 [INFO] core.sap_client — hu_phase2_ok hu=T10045830250 duration_ms=6054
13:26:41 [WARNING] core.sap_client — phase1_wrong_screen hu=T10045837367 — re-navigating
13:26:41 [INFO] core.sap_client — setup_phase1_start
13:26:46 [INFO] core.sap_client — tx_opened code=/nZMOVEINBHU current_tx=ZMOVEINBHU
13:26:46 [INFO] core.sap_client — phase1_ready — ctxtP_HU confirmed
13:26:50 [INFO] core.sap_client — hu_phase1_ok hu=T10045837367
13:26:50 [WARNING] core.sap_client — phase2_wrong_screen hu=T10045837367 — re-navigating
13:26:50 [INFO] core.sap_client — setup_phase2_start
13:26:55 [INFO] core.sap_client — tx_opened code=/nZMMTIJSEP current_tx=ZMMTIJSEP
13:26:55 [INFO] core.sap_client — phase2_ready — txtGV_HU confirmed
13:26:56 [INFO] core.sap_client — hu_phase2_ok hu=T10045837367 duration_ms=6294
13:26:56 [WARNING] core.sap_client — phase1_wrong_screen hu=T10045850641 — re-navigating
13:26:56 [INFO] core.sap_client — setup_phase1_start
13:27:02 [INFO] core.sap_client — tx_opened code=/nZMOVEINBHU current_tx=ZMOVEINBHU
13:27:02 [INFO] core.sap_client — phase1_ready — ctxtP_HU confirmed
13:27:05 [INFO] core.sap_client — hu_phase1_ok hu=T10045850641
13:27:05 [WARNING] core.sap_client — phase2_wrong_screen hu=T10045850641 — re-navigating
13:27:05 [INFO] core.sap_client — setup_phase2_start
13:27:10 [INFO] core.sap_client — tx_opened code=/nZMMTIJSEP current_tx=ZMMTIJSEP
13:27:10 [INFO] core.sap_client — phase2_ready — txtGV_HU confirmed
13:27:11 [INFO] core.sap_client — hu_phase2_ok hu=T10045850641 duration_ms=6119
13:27:11 [WARNING] core.sap_client — phase1_wrong_screen hu=T10045869377 — re-navigating
13:27:11 [INFO] core.sap_client — setup_phase1_start
13:27:16 [INFO] core.sap_client — tx_opened code=/nZMOVEINBHU current_tx=ZMOVEINBHU
13:27:16 [INFO] core.sap_client — phase1_ready — ctxtP_HU confirmed
13:27:20 [INFO] core.sap_client — hu_phase1_ok hu=T10045869377
13:27:20 [WARNING] core.sap_client — phase2_wrong_screen hu=T10045869377 — re-navigating
13:27:20 [INFO] core.sap_client — setup_phase2_start
13:27:25 [INFO] core.sap_client — tx_opened code=/nZMMTIJSEP current_tx=ZMMTIJSEP
13:27:25 [INFO] core.sap_client — phase2_ready — txtGV_HU confirmed
13:27:26 [INFO] core.sap_client — hu_phase2_ok hu=T10045869377 duration_ms=6034
13:27:26 [WARNING] core.sap_client — phase1_wrong_screen hu=T10045850643 — re-navigating
13:27:26 [INFO] core.sap_client — setup_phase1_start
13:27:31 [INFO] core.sap_client — tx_opened code=/nZMOVEINBHU current_tx=ZMOVEINBHU
13:27:31 [INFO] core.sap_client — phase1_ready — ctxtP_HU confirmed
13:27:34 [INFO] core.sap_client — hu_phase1_ok hu=T10045850643
13:27:34 [WARNING] core.sap_client — phase2_wrong_screen hu=T10045850643 — re-navigating
13:27:34 [INFO] core.sap_client — setup_phase2_start
13:27:40 [INFO] core.sap_client — tx_opened code=/nZMMTIJSEP current_tx=ZMMTIJSEP
13:27:40 [INFO] core.sap_client — phase2_ready — txtGV_HU confirmed
13:27:41 [INFO] core.sap_client — hu_phase2_ok hu=T10045850643 duration_ms=6151
13:27:41 [WARNING] core.sap_client — phase1_wrong_screen hu=T10045831772 — re-navigating
13:27:41 [INFO] core.sap_client — setup_phase1_start
13:27:46 [INFO] core.sap_client — tx_opened code=/nZMOVEINBHU current_tx=ZMOVEINBHU
13:27:46 [INFO] core.sap_client — phase1_ready — ctxtP_HU confirmed
13:27:49 [INFO] core.sap_client — hu_phase1_ok hu=T10045831772
13:27:49 [WARNING] core.sap_client — phase2_wrong_screen hu=T10045831772 — re-navigating
13:27:49 [INFO] core.sap_client — setup_phase2_start
13:27:55 [INFO] core.sap_client — tx_opened code=/nZMMTIJSEP current_tx=ZMMTIJSEP
13:27:55 [INFO] core.sap_client — phase2_ready — txtGV_HU confirmed
13:27:56 [INFO] core.sap_client — hu_phase2_ok hu=T10045831772 duration_ms=6065
13:27:56 [WARNING] core.sap_client — phase1_wrong_screen hu=T10045864501 — re-navigating
13:27:56 [INFO] core.sap_client — setup_phase1_start
13:28:01 [INFO] core.sap_client — tx_opened code=/nZMOVEINBHU current_tx=ZMOVEINBHU
13:28:01 [INFO] core.sap_client — phase1_ready — ctxtP_HU confirmed
13:28:05 [INFO] core.sap_client — hu_phase1_ok hu=T10045864501
13:28:05 [WARNING] core.sap_client — phase2_wrong_screen hu=T10045864501 — re-navigating
13:28:05 [INFO] core.sap_client — setup_phase2_start
13:28:11 [INFO] core.sap_client — tx_opened code=/nZMMTIJSEP current_tx=ZMMTIJSEP
13:28:11 [INFO] core.sap_client — phase2_ready — txtGV_HU confirmed
13:28:11 [INFO] core.sap_client — hu_phase2_ok hu=T10045864501 duration_ms=6151
13:28:11 [WARNING] core.sap_client — phase1_wrong_screen hu=T10045831679 — re-navigating
13:28:11 [INFO] core.sap_client — setup_phase1_start
13:28:17 [INFO] core.sap_client — tx_opened code=/nZMOVEINBHU current_tx=ZMOVEINBHU
13:28:17 [INFO] core.sap_client — phase1_ready — ctxtP_HU confirmed
13:28:20 [INFO] core.sap_client — hu_phase1_ok hu=T10045831679
13:28:20 [WARNING] core.sap_client — phase2_wrong_screen hu=T10045831679 — re-navigating
13:28:20 [INFO] core.sap_client — setup_phase2_start
13:28:26 [INFO] core.sap_client — tx_opened code=/nZMMTIJSEP current_tx=ZMMTIJSEP
13:28:26 [INFO] core.sap_client — phase2_ready — txtGV_HU confirmed
13:28:27 [INFO] core.sap_client — hu_phase2_ok hu=T10045831679 duration_ms=6123
13:28:27 [WARNING] core.sap_client — phase1_wrong_screen hu=T10045835384 — re-navigating
13:28:27 [INFO] core.sap_client — setup_phase1_start
13:28:32 [INFO] core.sap_client — tx_opened code=/nZMOVEINBHU current_tx=ZMOVEINBHU
13:28:32 [INFO] core.sap_client — phase1_ready — ctxtP_HU confirmed
13:28:37 [INFO] core.sap_client — hu_phase1_ok hu=T10045835384
13:28:37 [WARNING] core.sap_client — phase2_wrong_screen hu=T10045835384 — re-navigating
13:28:37 [INFO] core.sap_client — setup_phase2_start
13:28:42 [INFO] core.sap_client — tx_opened code=/nZMMTIJSEP current_tx=ZMMTIJSEP
13:28:42 [INFO] core.sap_client — phase2_ready — txtGV_HU confirmed
13:28:43 [INFO] core.sap_client — hu_phase2_ok hu=T10045835384 duration_ms=6043
13:28:43 [WARNING] core.sap_client — phase1_wrong_screen hu=T10045850638 — re-navigating
13:28:43 [INFO] core.sap_client — setup_phase1_start
13:28:48 [INFO] core.sap_client — tx_opened code=/nZMOVEINBHU current_tx=ZMOVEINBHU
13:28:48 [INFO] core.sap_client — phase1_ready — ctxtP_HU confirmed
13:28:51 [INFO] core.sap_client — hu_phase1_ok hu=T10045850638
13:28:51 [WARNING] core.sap_client — phase2_wrong_screen hu=T10045850638 — re-navigating
13:28:51 [INFO] core.sap_client — setup_phase2_start
13:28:57 [INFO] core.sap_client — tx_opened code=/nZMMTIJSEP current_tx=ZMMTIJSEP
13:28:57 [INFO] core.sap_client — phase2_ready — txtGV_HU confirmed
13:28:57 [INFO] core.sap_client — hu_phase2_ok hu=T10045850638 duration_ms=6009
13:28:58 [WARNING] core.sap_client — phase1_wrong_screen hu=T10045864841 — re-navigating
13:28:58 [INFO] core.sap_client — setup_phase1_start
13:29:03 [INFO] core.sap_client — tx_opened code=/nZMOVEINBHU current_tx=ZMOVEINBHU
13:29:03 [INFO] core.sap_client — phase1_ready — ctxtP_HU confirmed
13:29:07 [INFO] core.sap_client — hu_phase1_ok hu=T10045864841
13:29:07 [WARNING] core.sap_client — phase2_wrong_screen hu=T10045864841 — re-navigating
13:29:07 [INFO] core.sap_client — setup_phase2_start
13:29:13 [INFO] core.sap_client — tx_opened code=/nZMMTIJSEP current_tx=ZMMTIJSEP
13:29:13 [INFO] core.sap_client — phase2_ready — txtGV_HU confirmed
13:29:13 [INFO] core.sap_client — hu_phase2_ok hu=T10045864841 duration_ms=6174
13:29:13 [WARNING] core.sap_client — phase1_wrong_screen hu=T10045865359 — re-navigating
13:29:13 [INFO] core.sap_client — setup_phase1_start
13:29:19 [INFO] core.sap_client — tx_opened code=/nZMOVEINBHU current_tx=ZMOVEINBHU
13:29:19 [INFO] core.sap_client — phase1_ready — ctxtP_HU confirmed
13:29:23 [INFO] core.sap_client — hu_phase1_ok hu=T10045865359
13:29:23 [WARNING] core.sap_client — phase2_wrong_screen hu=T10045865359 — re-navigating
13:29:23 [INFO] core.sap_client — setup_phase2_start
13:29:28 [INFO] core.sap_client — tx_opened code=/nZMMTIJSEP current_tx=ZMMTIJSEP
13:29:28 [INFO] core.sap_client — phase2_ready — txtGV_HU confirmed
13:29:29 [INFO] core.sap_client — hu_phase2_ok hu=T10045865359 duration_ms=6073
13:29:29 [INFO] core.queue_model — pallet_boundary multi_hu pallet=13 count=15 hu_codes=['T10045835377', 'T10045839854', 'T10045836077', 'T10045830250', 'T10045837367', 'T10045850641', 'T10045869377', 'T10045850643', 'T10045831772', 'T10045864501', 'T10045831679', 'T10045835384', 'T10045850638', 'T10045864841', 'T10045865359']
13:29:34 [INFO] core.sap_client — tx_opened code=/nSP01 current_tx=SP01
13:29:39 [INFO] core.sap_client — sp01_row_marked row=4 title=CN-CON-003_T10045864841_20260327202913
13:29:39 [INFO] core.sap_client — sp01_row_marked row=6 title=CN-CON-003_T10045850638_20260327202857
13:29:39 [INFO] core.sap_client — sp01_row_marked row=8 title=CN-CON-003_T10045835384_20260327202842
13:29:39 [INFO] core.sap_client — sp01_row_marked row=10 title=CN-CON-003_T10045831679_20260327202826
13:29:39 [INFO] core.sap_client — sp01_row_marked row=12 title=CN-CON-003_T10045864501_20260327202811
13:29:39 [INFO] core.sap_client — sp01_row_marked row=14 title=CN-CON-003_T10045831772_20260327202755
13:29:39 [INFO] core.sap_client — sp01_row_marked row=16 title=CN-CON-003_T10045850643_20260327202740
13:29:39 [INFO] core.sap_client — sp01_row_marked row=18 title=CN-CON-003_T10045869377_20260327202725
13:29:39 [INFO] core.sap_client — sp01_row_marked row=20 title=CN-CON-003_T10045850641_20260327202711
13:29:39 [INFO] core.sap_client — sp01_row_marked row=22 title=CN-CON-003_T10045837367_20260327202656
13:29:39 [INFO] core.sap_client — sp01_row_marked row=24 title=CN-CON-003_T10045830250_20260327202640
13:29:39 [INFO] core.sap_client — sp01_row_marked row=26 title=CN-CON-003_T10045836077_20260327202624
13:29:39 [INFO] core.sap_client — sp01_row_marked row=28 title=CN-CON-003_T10045839854_20260327202609
13:29:39 [INFO] core.sap_client — sp01_row_marked row=30 title=CN-CON-003_T10045835377_20260327202554
13:29:41 [INFO] core.sap_client — sp01_print_confirmed via=btn[25] marked=14
13:29:43 [INFO] core.sap_client — sp01_pallet_done result={'status': 'ok', 'message': 'SP01 OK — 14 spool(s) impreso(s)', 'marked': 14} hu_codes=['T10045835377', 'T10045839854', 'T10045836077', 'T10045830250', 'T10045837367', 'T10045850641', 'T10045869377', 'T10045850643', 'T10045831772', 'T10045864501', 'T10045831679', 'T10045835384', 'T10045850638', 'T10045864841', 'T10045865359']
13:29:43 [INFO] core.queue_model — sp01_pallet_result={'status': 'ok', 'message': 'SP01 OK — 14 spool(s) impreso(s)', 'marked': 14}
13:29:43 [INFO] core.queue_model — queue_worker_stopped
13:29:43 [INFO] core.queue_model — queue_worker_stop_requested
13:35:04 [INFO] ui.queue_window — exported_queue_to_csv path=C:/Users/LOPEZHEJ/OneDrive - Luxottica Group S.p.A/Desktop/HU SYSTEM/HU QUEUE/HUFlow_Export_20260327_133209.csv
15:05:16 [INFO] ui.queue_window — exported_queue_to_csv path=C:/Users/LOPEZHEJ/OneDrive - Luxottica Group S.p.A/Desktop/HU SYSTEM/HU QUEUE/HUFlow_Export_20260327_133505.csv
17:30:44 [INFO] core.queue_model — new_pallet id=1
